mtllib engrenagem LEGO.mtl
v -169.91 1.648179E-05 -128.69
v -169.91 1.639851E-05 -131.31
v -173 1.680851E-05 -130
v -169.91 20.00002 -131.31
v -169.91 20.00002 -128.69
v -173 20.00002 -130
v -174.4 14.72002 -128
v -169.91 20.00002 -128.69
v -169.91 1.648179E-05 -128.69
v -174.4 5.280017 -128
v -176 13.00002 -128.3
v -176 7.000017 -128.3
v -169.91 20.00002 -128.69
v -176 18.00002 -130
v -173 20.00002 -130
v -176 13.00002 -128.3
v -176 13.00002 -131.7
v -176 18.00002 -130
v -176.2588 13.00002 -131.6659
v -176.1305 13.00002 -131.6914
v -176 13.00002 -131.7
v -176 13.00002 -130.7
v -176.5 13.00002 -131.566
v -176.3827 13.00002 -131.6239
v -176.7071 13.00002 -131.4071
v -176.6088 13.00002 -131.4934
v -176.866 13.00002 -131.2
v -176.7934 13.00002 -131.3088
v -176.9659 13.00002 -130.9588
v -176.9239 13.00002 -131.0827
v -177 13.00002 -130.7
v -176.9914 13.00002 -130.8305
v -176.1305 7.000017 -131.6914
v -176 7.000017 -131.7
v -176 13.00002 -131.7
v -176.1305 13.00002 -131.6914
v -176.2588 7.000017 -131.6659
v -176.2588 13.00002 -131.6659
v -176.3827 7.000017 -131.6239
v -176.3827 13.00002 -131.6239
v -176.5 7.000017 -131.566
v -176.5 13.00002 -131.566
v -176.6088 7.000017 -131.4934
v -176.6088 13.00002 -131.4934
v -176.7071 7.000017 -131.4071
v -176.7071 13.00002 -131.4071
v -176.7934 7.000017 -131.3088
v -176.7934 13.00002 -131.3088
v -176.866 7.000017 -131.2
v -176.866 13.00002 -131.2
v -176.9239 7.000017 -131.0827
v -176.9239 13.00002 -131.0827
v -176.9659 7.000017 -130.9588
v -176.9659 13.00002 -130.9588
v -176.9914 7.000017 -130.8305
v -176.9914 13.00002 -130.8305
v -177 7.000017 -130.7
v -177 13.00002 -130.7
v -176.2588 7.000017 -131.6659
v -176.1305 7.000017 -131.6914
v -176 7.000017 -131.7
v -176 7.000017 -130.7
v -176.5 7.000017 -131.566
v -176.3827 7.000017 -131.6239
v -176.7071 7.000017 -131.4071
v -176.6088 7.000017 -131.4934
v -176.866 7.000017 -131.2
v -176.7934 7.000017 -131.3088
v -176.9659 7.000017 -130.9588
v -176.9239 7.000017 -131.0827
v -177 7.000017 -130.7
v -176.9914 7.000017 -130.8305
v -177 13.00002 -129.3
v -177 7.000017 -129.3
v -177 13.00002 -129.3
v -176 13.00002 -129.3
v -176 7.000017 -129.3
v -177 7.000017 -129.3
v -176.2588 7.000017 -128.3341
v -176.1305 7.000017 -128.3086
v -176 7.000017 -128.3
v -176.5 7.000017 -128.434
v -176.3827 7.000017 -128.3761
v -176.7071 7.000017 -128.5929
v -176.6088 7.000017 -128.5066
v -176.866 7.000017 -128.8
v -176.7934 7.000017 -128.6912
v -176.9659 7.000017 -129.0412
v -176.9239 7.000017 -128.9173
v -176.9914 7.000017 -129.1695
v -176.1305 7.000017 -128.3086
v -176.1305 13.00002 -128.3086
v -176.2588 7.000017 -128.3341
v -176.2588 13.00002 -128.3341
v -176.3827 7.000017 -128.3761
v -176.3827 13.00002 -128.3761
v -176.5 7.000017 -128.434
v -176.5 13.00002 -128.434
v -176.6088 7.000017 -128.5066
v -176.6088 13.00002 -128.5066
v -176.7071 7.000017 -128.5929
v -176.7071 13.00002 -128.5929
v -176.7934 7.000017 -128.6912
v -176.7934 13.00002 -128.6912
v -176.866 7.000017 -128.8
v -176.866 13.00002 -128.8
v -176.9239 7.000017 -128.9173
v -176.9239 13.00002 -128.9173
v -176.9659 7.000017 -129.0412
v -176.9659 13.00002 -129.0412
v -176.9914 7.000017 -129.1695
v -176.9914 13.00002 -129.1695
v -176.2588 13.00002 -128.3341
v -176.1305 13.00002 -128.3086
v -176 13.00002 -128.3
v -176.5 13.00002 -128.434
v -176.3827 13.00002 -128.3761
v -176.7071 13.00002 -128.5929
v -176.6088 13.00002 -128.5066
v -176.866 13.00002 -128.8
v -176.7934 13.00002 -128.6912
v -176.9659 13.00002 -129.0412
v -176.9239 13.00002 -128.9173
v -176.9914 13.00002 -129.1695
v -174.4 14.72002 -132
v -174.4 5.280017 -132
v -169.91 1.639851E-05 -131.31
v -169.91 20.00002 -131.31
v -176 7.000017 -131.7
v -176 7.000017 -128.3
v -176 2.000017 -130
v -169.91 1.648179E-05 -128.69
v -173 1.680851E-05 -130
v -176 2.000017 -130
v -176 2.000017 -130
v -173 1.680851E-05 -130
v -169.91 1.639851E-05 -131.31
v -169.91 20.00002 -131.31
v -173 20.00002 -130
v -176 18.00002 -130
v -169.2371 1.623849E-05 -133.8205
v -167.9271 1.601021E-05 -136.0895
v -171.258 1.639423E-05 -136.5
v -167.9271 20.00002 -136.0895
v -169.2371 20.00002 -133.8205
v -171.258 20.00002 -136.5
v -173.4704 14.72002 -135.468
v -169.2371 20.00002 -133.8205
v -169.2371 1.623849E-05 -133.8205
v -173.4704 5.280017 -135.468
v -174.706 13.00002 -136.5278
v -174.706 7.000017 -136.5278
v -169.2371 20.00002 -133.8205
v -173.856 18.00002 -138
v -171.258 20.00002 -136.5
v -174.706 13.00002 -136.5278
v -173.006 13.00002 -139.4722
v -173.856 18.00002 -138
v -173.2472 13.00002 -139.5721
v -173.1233 13.00002 -139.53
v -173.006 13.00002 -139.4722
v -173.506 13.00002 -138.6062
v -173.506 13.00002 -139.6062
v -173.3755 13.00002 -139.5976
v -173.7648 13.00002 -139.5721
v -173.6365 13.00002 -139.5977
v -174.006 13.00002 -139.4722
v -173.8887 13.00002 -139.5301
v -174.2131 13.00002 -139.3133
v -174.1147 13.00002 -139.3996
v -174.372 13.00002 -139.1062
v -174.2993 13.00002 -139.2149
v -173.1233 7.000017 -139.53
v -173.006 7.000017 -139.4722
v -173.006 13.00002 -139.4722
v -173.1233 13.00002 -139.53
v -173.2472 7.000017 -139.5721
v -173.2472 13.00002 -139.5721
v -173.3755 7.000017 -139.5976
v -173.3755 13.00002 -139.5976
v -173.506 7.000017 -139.6062
v -173.506 13.00002 -139.6062
v -173.6365 7.000017 -139.5977
v -173.6365 13.00002 -139.5977
v -173.7648 7.000017 -139.5721
v -173.7648 13.00002 -139.5721
v -173.8887 7.000017 -139.5301
v -173.8887 13.00002 -139.5301
v -174.006 7.000017 -139.4722
v -174.006 13.00002 -139.4722
v -174.1147 7.000017 -139.3996
v -174.1147 13.00002 -139.3996
v -174.2131 7.000017 -139.3133
v -174.2131 13.00002 -139.3133
v -174.2993 7.000017 -139.2149
v -174.2993 13.00002 -139.2149
v -174.372 7.000017 -139.1062
v -174.372 13.00002 -139.1062
v -173.2472 7.000017 -139.5721
v -173.1233 7.000017 -139.53
v -173.006 7.000017 -139.4722
v -173.506 7.000017 -138.6062
v -173.506 7.000017 -139.6062
v -173.3755 7.000017 -139.5976
v -173.7648 7.000017 -139.5721
v -173.6365 7.000017 -139.5977
v -174.006 7.000017 -139.4722
v -173.8887 7.000017 -139.5301
v -174.2131 7.000017 -139.3133
v -174.1147 7.000017 -139.3996
v -174.372 7.000017 -139.1062
v -174.2993 7.000017 -139.2149
v -175.072 13.00002 -137.8938
v -175.072 7.000017 -137.8938
v -175.072 13.00002 -137.8938
v -174.206 13.00002 -137.3938
v -174.206 7.000017 -137.3938
v -175.072 7.000017 -137.8938
v -174.9131 7.000017 -136.6867
v -174.8147 7.000017 -136.6005
v -174.706 7.000017 -136.5278
v -175.072 7.000017 -136.8938
v -174.9994 7.000017 -136.785
v -175.1719 7.000017 -137.135
v -175.1299 7.000017 -137.0111
v -175.206 7.000017 -137.3938
v -175.1975 7.000017 -137.2633
v -175.1719 7.000017 -137.6526
v -175.1974 7.000017 -137.5243
v -175.1298 7.000017 -137.7765
v -174.8147 7.000017 -136.6005
v -174.8147 13.00002 -136.6005
v -174.9131 7.000017 -136.6867
v -174.9131 13.00002 -136.6867
v -174.9994 7.000017 -136.785
v -174.9994 13.00002 -136.785
v -175.072 7.000017 -136.8938
v -175.072 13.00002 -136.8938
v -175.1299 7.000017 -137.0111
v -175.1299 13.00002 -137.0111
v -175.1719 7.000017 -137.135
v -175.1719 13.00002 -137.135
v -175.1975 7.000017 -137.2633
v -175.1975 13.00002 -137.2633
v -175.206 7.000017 -137.3938
v -175.2059 13.00002 -137.3938
v -175.1974 7.000017 -137.5243
v -175.1974 13.00002 -137.5243
v -175.1719 7.000017 -137.6526
v -175.1719 13.00002 -137.6526
v -175.1298 7.000017 -137.7765
v -175.1298 13.00002 -137.7765
v -174.9131 13.00002 -136.6867
v -174.8147 13.00002 -136.6005
v -174.706 13.00002 -136.5278
v -175.072 13.00002 -136.8938
v -174.9994 13.00002 -136.785
v -175.1719 13.00002 -137.135
v -175.1299 13.00002 -137.0111
v -175.2059 13.00002 -137.3938
v -175.1975 13.00002 -137.2633
v -175.1719 13.00002 -137.6526
v -175.1974 13.00002 -137.5243
v -175.1298 13.00002 -137.7765
v -171.4704 14.72002 -138.932
v -171.4704 5.280016 -138.932
v -167.9271 1.601021E-05 -136.0895
v -167.9271 20.00002 -136.0895
v -173.006 7.000017 -139.4722
v -174.706 7.000017 -136.5278
v -173.856 2.000017 -138
v -169.2371 1.623849E-05 -133.8205
v -171.258 1.639423E-05 -136.5
v -173.856 2.000017 -138
v -173.856 2.000017 -138
v -171.258 1.639423E-05 -136.5
v -167.9271 1.601021E-05 -136.0895
v -167.9271 20.00002 -136.0895
v -171.258 20.00002 -136.5
v -173.856 18.00002 -138
v -166.0895 1.573274E-05 -137.9271
v -163.8205 1.542062E-05 -139.2371
v -166.5 1.56758E-05 -141.258
v -163.8205 20.00002 -139.2371
v -166.0895 20.00002 -137.9271
v -166.5 20.00002 -141.258
v -168.932 14.72002 -141.4704
v -166.0895 20.00002 -137.9271
v -166.0895 1.573274E-05 -137.9271
v -168.932 5.280016 -141.4704
v -169.4722 13.00002 -143.006
v -169.4722 7.000016 -143.006
v -166.0895 20.00002 -137.9271
v -168 18.00002 -143.856
v -166.5 20.00002 -141.258
v -169.4722 13.00002 -143.006
v -166.5278 13.00002 -144.706
v -168 18.00002 -143.856
v -166.6867 13.00002 -144.9131
v -166.6005 13.00002 -144.8147
v -166.5278 13.00002 -144.706
v -167.3938 13.00002 -144.206
v -166.8938 13.00002 -145.072
v -166.785 13.00002 -144.9994
v -167.135 13.00002 -145.1719
v -167.0111 13.00002 -145.1299
v -167.3938 13.00002 -145.206
v -167.2633 13.00002 -145.1975
v -167.6526 13.00002 -145.1719
v -167.5243 13.00002 -145.1974
v -167.8938 13.00002 -145.072
v -167.7765 13.00002 -145.1298
v -166.6005 7.000016 -144.8147
v -166.5278 7.000016 -144.706
v -166.5278 13.00002 -144.706
v -166.6005 13.00002 -144.8147
v -166.6867 7.000016 -144.9131
v -166.6867 13.00002 -144.9131
v -166.785 7.000016 -144.9994
v -166.785 13.00002 -144.9994
v -166.8938 7.000016 -145.072
v -166.8938 13.00002 -145.072
v -167.0111 7.000016 -145.1299
v -167.0111 13.00002 -145.1299
v -167.135 7.000016 -145.1719
v -167.135 13.00002 -145.1719
v -167.2633 7.000016 -145.1975
v -167.2633 13.00002 -145.1975
v -167.3938 7.000016 -145.2059
v -167.3938 13.00002 -145.206
v -167.5243 7.000016 -145.1974
v -167.5243 13.00002 -145.1974
v -167.6526 7.000016 -145.1719
v -167.6526 13.00002 -145.1719
v -167.7765 7.000016 -145.1298
v -167.7765 13.00002 -145.1298
v -167.8938 7.000016 -145.072
v -167.8938 13.00002 -145.072
v -166.6867 7.000016 -144.9131
v -166.6005 7.000016 -144.8147
v -166.5278 7.000016 -144.706
v -167.3938 7.000016 -144.206
v -166.8938 7.000016 -145.072
v -166.785 7.000016 -144.9994
v -167.135 7.000016 -145.1719
v -167.0111 7.000016 -145.1299
v -167.3938 7.000016 -145.2059
v -167.2633 7.000016 -145.1975
v -167.6526 7.000016 -145.1719
v -167.5243 7.000016 -145.1974
v -167.8938 7.000016 -145.072
v -167.7765 7.000016 -145.1298
v -169.1062 13.00002 -144.372
v -169.1062 7.000016 -144.372
v -169.1062 13.00002 -144.372
v -168.6062 13.00002 -143.506
v -168.6062 7.000016 -143.506
v -169.1062 7.000016 -144.372
v -169.5721 7.000016 -143.2472
v -169.53 7.000016 -143.1233
v -169.4722 7.000016 -143.006
v -169.6062 7.000016 -143.506
v -169.5976 7.000016 -143.3755
v -169.5721 7.000016 -143.7648
v -169.5977 7.000016 -143.6365
v -169.4722 7.000016 -144.006
v -169.5301 7.000016 -143.8887
v -169.3133 7.000016 -144.2131
v -169.3996 7.000016 -144.1147
v -169.2149 7.000016 -144.2993
v -169.53 7.000016 -143.1233
v -169.53 13.00002 -143.1233
v -169.5721 7.000016 -143.2472
v -169.5721 13.00002 -143.2472
v -169.5976 7.000016 -143.3755
v -169.5976 13.00002 -143.3755
v -169.6062 7.000016 -143.506
v -169.6062 13.00002 -143.506
v -169.5977 7.000016 -143.6365
v -169.5977 13.00002 -143.6365
v -169.5721 7.000016 -143.7648
v -169.5721 13.00002 -143.7648
v -169.5301 7.000016 -143.8887
v -169.5301 13.00002 -143.8887
v -169.4722 7.000016 -144.006
v -169.4722 13.00002 -144.006
v -169.3996 7.000016 -144.1147
v -169.3996 13.00002 -144.1147
v -169.3133 7.000016 -144.2131
v -169.3133 13.00002 -144.2131
v -169.2149 7.000016 -144.2993
v -169.2149 13.00002 -144.2993
v -169.5721 13.00002 -143.2472
v -169.53 13.00002 -143.1233
v -169.4722 13.00002 -143.006
v -169.6062 13.00002 -143.506
v -169.5976 13.00002 -143.3755
v -169.5721 13.00002 -143.7648
v -169.5977 13.00002 -143.6365
v -169.4722 13.00002 -144.006
v -169.5301 13.00002 -143.8887
v -169.3133 13.00002 -144.2131
v -169.3996 13.00002 -144.1147
v -169.2149 13.00002 -144.2993
v -165.468 14.72002 -143.4704
v -165.468 5.280015 -143.4704
v -163.8205 1.542062E-05 -139.2371
v -163.8205 20.00002 -139.2371
v -166.5278 7.000016 -144.706
v -169.4722 7.000016 -143.006
v -168 2.000016 -143.856
v -166.0895 1.573274E-05 -137.9271
v -166.5 1.56758E-05 -141.258
v -168 2.000016 -143.856
v -168 2.000016 -143.856
v -166.5 1.56758E-05 -141.258
v -163.8205 1.542062E-05 -139.2371
v -163.8205 20.00002 -139.2371
v -166.5 20.00002 -141.258
v -168 18.00002 -143.856
v -161.31 1.509995E-05 -139.91
v -158.69 1.478762E-05 -139.91
v -160 1.484556E-05 -143
v -158.69 20.00002 -139.91
v -161.31 20.00002 -139.91
v -160 20.00002 -143
v -162 14.72001 -144.4
v -161.31 20.00002 -139.91
v -161.31 1.509995E-05 -139.91
v -162 5.280015 -144.4
v -161.7 13.00002 -146
v -161.7 7.000015 -146
v -161.31 20.00002 -139.91
v -160 18.00002 -146
v -160 20.00002 -143
v -161.7 13.00002 -146
v -158.3 13.00001 -146
v -160 18.00002 -146
v -158.3341 13.00001 -146.2588
v -158.3086 13.00001 -146.1305
v -158.3 13.00001 -146
v -159.3 13.00001 -146
v -158.434 13.00001 -146.5
v -158.3761 13.00001 -146.3827
v -158.5929 13.00001 -146.7071
v -158.5066 13.00001 -146.6088
v -158.8 13.00001 -146.866
v -158.6912 13.00001 -146.7934
v -159.0412 13.00001 -146.9659
v -158.9173 13.00001 -146.9239
v -159.3 13.00001 -147
v -159.1695 13.00001 -146.9914
v -158.3086 7.000015 -146.1305
v -158.3 7.000015 -146
v -158.3 13.00001 -146
v -158.3086 13.00001 -146.1305
v -158.3341 7.000014 -146.2588
v -158.3341 13.00001 -146.2588
v -158.3761 7.000015 -146.3827
v -158.3761 13.00001 -146.3827
v -158.434 7.000015 -146.5
v -158.434 13.00001 -146.5
v -158.5066 7.000015 -146.6088
v -158.5066 13.00001 -146.6088
v -158.5929 7.000015 -146.7071
v -158.5929 13.00001 -146.7071
v -158.6912 7.000015 -146.7934
v -158.6912 13.00001 -146.7934
v -158.8 7.000015 -146.866
v -158.8 13.00001 -146.866
v -158.9173 7.000015 -146.9239
v -158.9173 13.00001 -146.9239
v -159.0412 7.000015 -146.9659
v -159.0412 13.00001 -146.9659
v -159.1695 7.000015 -146.9914
v -159.1695 13.00001 -146.9914
v -159.3 7.000015 -147
v -159.3 13.00001 -147
v -158.3341 7.000014 -146.2588
v -158.3086 7.000015 -146.1305
v -158.3 7.000015 -146
v -159.3 7.000015 -146
v -158.434 7.000015 -146.5
v -158.3761 7.000015 -146.3827
v -158.5929 7.000015 -146.7071
v -158.5066 7.000015 -146.6088
v -158.8 7.000015 -146.866
v -158.6912 7.000015 -146.7934
v -159.0412 7.000015 -146.9659
v -158.9173 7.000015 -146.9239
v -159.3 7.000015 -147
v -159.1695 7.000015 -146.9914
v -160.7 13.00002 -147
v -160.7 7.000015 -147
v -160.7 13.00002 -147
v -160.7 13.00002 -146
v -160.7 7.000015 -146
v -160.7 7.000015 -147
v -161.6659 7.000015 -146.2588
v -161.6914 7.000015 -146.1305
v -161.7 7.000015 -146
v -161.566 7.000015 -146.5
v -161.6239 7.000015 -146.3827
v -161.4071 7.000015 -146.7071
v -161.4934 7.000015 -146.6088
v -161.2 7.000015 -146.866
v -161.3088 7.000015 -146.7934
v -160.9588 7.000015 -146.9659
v -161.0827 7.000015 -146.9239
v -160.8305 7.000015 -146.9914
v -161.6914 7.000015 -146.1305
v -161.6914 13.00002 -146.1305
v -161.6659 7.000015 -146.2588
v -161.6659 13.00002 -146.2588
v -161.6239 7.000015 -146.3827
v -161.6239 13.00002 -146.3827
v -161.566 7.000015 -146.5
v -161.566 13.00002 -146.5
v -161.4934 7.000015 -146.6088
v -161.4934 13.00002 -146.6088
v -161.4071 7.000015 -146.7071
v -161.4071 13.00002 -146.7071
v -161.3088 7.000015 -146.7934
v -161.3088 13.00002 -146.7934
v -161.2 7.000015 -146.866
v -161.2 13.00002 -146.866
v -161.0827 7.000015 -146.9239
v -161.0827 13.00002 -146.9239
v -160.9588 7.000015 -146.9659
v -160.9588 13.00002 -146.9659
v -160.8305 7.000015 -146.9914
v -160.8305 13.00002 -146.9914
v -161.6659 13.00002 -146.2588
v -161.6914 13.00002 -146.1305
v -161.7 13.00002 -146
v -161.566 13.00002 -146.5
v -161.6239 13.00002 -146.3827
v -161.4071 13.00002 -146.7071
v -161.4934 13.00002 -146.6088
v -161.2 13.00002 -146.866
v -161.3088 13.00002 -146.7934
v -160.9588 13.00002 -146.9659
v -161.0827 13.00002 -146.9239
v -160.8305 13.00002 -146.9914
v -158 14.72001 -144.4
v -158 5.280015 -144.4
v -158.69 1.478762E-05 -139.91
v -158.69 20.00002 -139.91
v -158.3 7.000015 -146
v -161.7 7.000015 -146
v -160 2.000015 -146
v -161.31 1.509995E-05 -139.91
v -160 1.484556E-05 -143
v -160 2.000015 -146
v -160 2.000015 -146
v -160 1.484556E-05 -143
v -158.69 1.478762E-05 -139.91
v -158.69 20.00002 -139.91
v -160 20.00002 -143
v -160 18.00002 -146
v -156.1795 1.450973E-05 -139.2371
v -153.9105 1.428089E-05 -137.9271
v -153.5 1.412608E-05 -141.258
v -153.9105 20.00001 -137.9271
v -156.1795 20.00002 -139.2371
v -153.5 20.00001 -141.258
v -154.532 14.72001 -143.4704
v -156.1795 20.00002 -139.2371
v -156.1795 1.450973E-05 -139.2371
v -154.532 5.280015 -143.4704
v -153.4722 13.00001 -144.706
v -153.4722 7.000014 -144.706
v -156.1795 20.00002 -139.2371
v -152 18.00001 -143.856
v -153.5 20.00001 -141.258
v -153.4722 13.00001 -144.706
v -150.5278 13.00001 -143.006
v -152 18.00001 -143.856
v -150.4279 13.00001 -143.2472
v -150.47 13.00001 -143.1233
v -150.5278 13.00001 -143.006
v -151.3938 13.00001 -143.506
v -150.3938 13.00001 -143.506
v -150.4024 13.00001 -143.3755
v -150.4279 13.00001 -143.7648
v -150.4023 13.00001 -143.6365
v -150.5278 13.00001 -144.006
v -150.4699 13.00001 -143.8887
v -150.6867 13.00001 -144.2131
v -150.6004 13.00001 -144.1147
v -150.8938 13.00001 -144.372
v -150.7851 13.00001 -144.2993
v -150.47 7.000014 -143.1233
v -150.5278 7.000014 -143.006
v -150.5278 13.00001 -143.006
v -150.47 13.00001 -143.1233
v -150.4279 7.000014 -143.2472
v -150.4279 13.00001 -143.2472
v -150.4024 7.000014 -143.3755
v -150.4024 13.00001 -143.3755
v -150.3938 7.000014 -143.506
v -150.3938 13.00001 -143.506
v -150.4023 7.000014 -143.6365
v -150.4023 13.00001 -143.6365
v -150.4279 7.000014 -143.7648
v -150.4279 13.00001 -143.7648
v -150.4699 7.000014 -143.8887
v -150.4699 13.00001 -143.8887
v -150.5278 7.000014 -144.006
v -150.5278 13.00001 -144.006
v -150.6004 7.000014 -144.1147
v -150.6004 13.00001 -144.1147
v -150.6867 7.000014 -144.2131
v -150.6867 13.00001 -144.2131
v -150.7851 7.000014 -144.2993
v -150.7851 13.00001 -144.2993
v -150.8938 7.000014 -144.372
v -150.8938 13.00001 -144.372
v -150.4279 7.000014 -143.2472
v -150.47 7.000014 -143.1233
v -150.5278 7.000014 -143.006
v -151.3938 7.000014 -143.506
v -150.3938 7.000014 -143.506
v -150.4024 7.000014 -143.3755
v -150.4279 7.000014 -143.7648
v -150.4023 7.000014 -143.6365
v -150.5278 7.000014 -144.006
v -150.4699 7.000014 -143.8887
v -150.6867 7.000014 -144.2131
v -150.6004 7.000014 -144.1147
v -150.8938 7.000014 -144.372
v -150.7851 7.000014 -144.2993
v -152.1062 13.00001 -145.072
v -152.1062 7.000014 -145.072
v -152.1062 13.00001 -145.072
v -152.6062 13.00001 -144.206
v -152.6062 7.000014 -144.206
v -152.1062 7.000014 -145.072
v -153.3133 7.000014 -144.9131
v -153.3995 7.000014 -144.8147
v -153.4722 7.000014 -144.706
v -153.1062 7.000014 -145.072
v -153.215 7.000014 -144.9994
v -152.865 7.000014 -145.1719
v -152.9889 7.000014 -145.1299
v -152.6062 7.000014 -145.2059
v -152.7367 7.000014 -145.1975
v -152.3474 7.000014 -145.1719
v -152.4757 7.000014 -145.1974
v -152.2235 7.000014 -145.1298
v -153.3995 7.000014 -144.8147
v -153.3995 13.00001 -144.8147
v -153.3133 7.000014 -144.9131
v -153.3133 13.00001 -144.9131
v -153.215 7.000014 -144.9994
v -153.215 13.00001 -144.9994
v -153.1062 7.000014 -145.072
v -153.1062 13.00001 -145.072
v -152.9889 7.000014 -145.1299
v -152.9889 13.00001 -145.1299
v -152.865 7.000014 -145.1719
v -152.865 13.00001 -145.1719
v -152.7367 7.000014 -145.1975
v -152.7367 13.00001 -145.1975
v -152.6062 7.000014 -145.2059
v -152.6062 13.00001 -145.206
v -152.4757 7.000014 -145.1974
v -152.4757 13.00001 -145.1974
v -152.3474 7.000014 -145.1719
v -152.3474 13.00001 -145.1719
v -152.2235 7.000014 -145.1298
v -152.2235 13.00001 -145.1298
v -153.3133 13.00001 -144.9131
v -153.3995 13.00001 -144.8147
v -153.4722 13.00001 -144.706
v -153.1062 13.00001 -145.072
v -153.215 13.00001 -144.9994
v -152.865 13.00001 -145.1719
v -152.9889 13.00001 -145.1299
v -152.6062 13.00001 -145.206
v -152.7367 13.00001 -145.1975
v -152.3474 13.00001 -145.1719
v -152.4757 13.00001 -145.1974
v -152.2235 13.00001 -145.1298
v -151.068 14.72001 -141.4704
v -151.068 5.280014 -141.4704
v -153.9105 1.428089E-05 -137.9271
v -153.9105 20.00001 -137.9271
v -150.5278 7.000014 -143.006
v -153.4722 7.000014 -144.706
v -152 2.000014 -143.856
v -156.1795 1.450973E-05 -139.2371
v -153.5 1.412608E-05 -141.258
v -152 2.000014 -143.856
v -152 2.000014 -143.856
v -153.5 1.412608E-05 -141.258
v -153.9105 1.428089E-05 -137.9271
v -153.9105 20.00001 -137.9271
v -153.5 20.00001 -141.258
v -152 18.00001 -143.856
v -152.0729 1.412025E-05 -136.0895
v -150.7629 1.40362E-05 -133.8205
v -148.742 1.371012E-05 -136.5
v -150.7629 20.00001 -133.8205
v -152.0729 20.00001 -136.0895
v -148.742 20.00001 -136.5
v -148.5296 14.72001 -138.932
v -152.0729 20.00001 -136.0895
v -152.0729 1.412025E-05 -136.0895
v -148.5296 5.280014 -138.932
v -146.994 13.00001 -139.4722
v -146.994 7.000013 -139.4722
v -152.0729 20.00001 -136.0895
v -146.144 18.00001 -138
v -148.742 20.00001 -136.5
v -146.994 13.00001 -139.4722
v -145.294 13.00001 -136.5278
v -146.144 18.00001 -138
v -145.0869 13.00001 -136.6867
v -145.1853 13.00001 -136.6005
v -145.294 13.00001 -136.5278
v -145.794 13.00001 -137.3938
v -144.928 13.00001 -136.8938
v -145.0006 13.00001 -136.785
v -144.8281 13.00001 -137.135
v -144.8701 13.00001 -137.0111
v -144.794 13.00001 -137.3938
v -144.8025 13.00001 -137.2633
v -144.8281 13.00001 -137.6526
v -144.8026 13.00001 -137.5243
v -144.928 13.00001 -137.8938
v -144.8702 13.00001 -137.7765
v -145.1853 7.000013 -136.6005
v -145.294 7.000013 -136.5278
v -145.294 13.00001 -136.5278
v -145.1853 13.00001 -136.6005
v -145.0869 7.000013 -136.6867
v -145.0869 13.00001 -136.6867
v -145.0006 7.000013 -136.785
v -145.0006 13.00001 -136.785
v -144.928 7.000013 -136.8938
v -144.928 13.00001 -136.8938
v -144.8701 7.000013 -137.0111
v -144.8701 13.00001 -137.0111
v -144.8281 7.000013 -137.135
v -144.8281 13.00001 -137.135
v -144.8025 7.000013 -137.2633
v -144.8025 13.00001 -137.2633
v -144.7941 7.000013 -137.3938
v -144.794 13.00001 -137.3938
v -144.8026 7.000013 -137.5243
v -144.8026 13.00001 -137.5243
v -144.8281 7.000013 -137.6526
v -144.8281 13.00001 -137.6526
v -144.8702 7.000013 -137.7765
v -144.8702 13.00001 -137.7765
v -144.928 7.000013 -137.8938
v -144.928 13.00001 -137.8938
v -145.0869 7.000013 -136.6867
v -145.1853 7.000013 -136.6005
v -145.294 7.000013 -136.5278
v -145.794 7.000013 -137.3938
v -144.928 7.000013 -136.8938
v -145.0006 7.000013 -136.785
v -144.8281 7.000013 -137.135
v -144.8701 7.000013 -137.0111
v -144.7941 7.000013 -137.3938
v -144.8025 7.000013 -137.2633
v -144.8281 7.000013 -137.6526
v -144.8026 7.000013 -137.5243
v -144.928 7.000013 -137.8938
v -144.8702 7.000013 -137.7765
v -145.628 13.00001 -139.1062
v -145.628 7.000013 -139.1062
v -145.628 13.00001 -139.1062
v -146.494 13.00001 -138.6062
v -146.494 7.000013 -138.6062
v -145.628 7.000013 -139.1062
v -146.7528 7.000013 -139.5721
v -146.8767 7.000013 -139.53
v -146.994 7.000013 -139.4722
v -146.494 7.000013 -139.6062
v -146.6245 7.000013 -139.5976
v -146.2352 7.000013 -139.5721
v -146.3635 7.000013 -139.5977
v -145.994 7.000013 -139.4722
v -146.1113 7.000013 -139.5301
v -145.7869 7.000013 -139.3133
v -145.8853 7.000013 -139.3996
v -145.7007 7.000013 -139.2149
v -146.8767 7.000013 -139.53
v -146.8767 13.00001 -139.53
v -146.7528 7.000013 -139.5721
v -146.7528 13.00001 -139.5721
v -146.6245 7.000013 -139.5976
v -146.6245 13.00001 -139.5976
v -146.494 7.000013 -139.6062
v -146.494 13.00001 -139.6062
v -146.3635 7.000013 -139.5977
v -146.3635 13.00001 -139.5977
v -146.2352 7.000013 -139.5721
v -146.2352 13.00001 -139.5721
v -146.1113 7.000013 -139.5301
v -146.1113 13.00001 -139.5301
v -145.994 7.000013 -139.4722
v -145.994 13.00001 -139.4722
v -145.8853 7.000013 -139.3996
v -145.8853 13.00001 -139.3996
v -145.7869 7.000013 -139.3133
v -145.7869 13.00001 -139.3133
v -145.7007 7.000013 -139.2149
v -145.7007 13.00001 -139.2149
v -146.7528 13.00001 -139.5721
v -146.8767 13.00001 -139.53
v -146.994 13.00001 -139.4722
v -146.494 13.00001 -139.6062
v -146.6245 13.00001 -139.5976
v -146.2352 13.00001 -139.5721
v -146.3635 13.00001 -139.5977
v -145.994 13.00001 -139.4722
v -146.1113 13.00001 -139.5301
v -145.7869 13.00001 -139.3133
v -145.8853 13.00001 -139.3996
v -145.7007 13.00001 -139.2149
v -146.5296 14.72001 -135.468
v -146.5296 5.280014 -135.468
v -150.7629 1.40362E-05 -133.8205
v -150.7629 20.00001 -133.8205
v -145.294 7.000013 -136.5278
v -146.994 7.000013 -139.4722
v -146.144 2.000013 -138
v -152.0729 1.412025E-05 -136.0895
v -148.742 1.371012E-05 -136.5
v -146.144 2.000013 -138
v -146.144 2.000013 -138
v -148.742 1.371012E-05 -136.5
v -150.7629 1.40362E-05 -133.8205
v -150.7629 20.00001 -133.8205
v -148.742 20.00001 -136.5
v -146.144 18.00001 -138
v -150.09 1.403578E-05 -131.31
v -150.09 1.411907E-05 -128.69
v -147 1.370907E-05 -130
v -150.09 20.00001 -128.69
v -150.09 20.00001 -131.31
v -147 20.00001 -130
v -145.6 14.72001 -132
v -150.09 20.00001 -131.31
v -150.09 1.403578E-05 -131.31
v -145.6 5.280014 -132
v -144 13.00001 -131.7
v -144 7.000013 -131.7
v -150.09 20.00001 -131.31
v -144 18.00001 -130
v -147 20.00001 -130
v -144 13.00001 -131.7
v -144 13.00001 -128.3
v -144 18.00001 -130
v -143.7412 13.00001 -128.3341
v -143.8695 13.00001 -128.3086
v -144 13.00001 -128.3
v -144 13.00001 -129.3
v -143.5 13.00001 -128.434
v -143.6173 13.00001 -128.3761
v -143.2929 13.00001 -128.5929
v -143.3912 13.00001 -128.5066
v -143.134 13.00001 -128.8
v -143.2066 13.00001 -128.6912
v -143.0341 13.00001 -129.0412
v -143.0761 13.00001 -128.9173
v -143 13.00001 -129.3
v -143.0086 13.00001 -129.1695
v -143.8695 7.000013 -128.3086
v -144 7.000013 -128.3
v -144 13.00001 -128.3
v -143.8695 13.00001 -128.3086
v -143.7412 7.000013 -128.3341
v -143.7412 13.00001 -128.3341
v -143.6173 7.000013 -128.3761
v -143.6173 13.00001 -128.3761
v -143.5 7.000013 -128.434
v -143.5 13.00001 -128.434
v -143.3912 7.000013 -128.5066
v -143.3912 13.00001 -128.5066
v -143.2929 7.000013 -128.5929
v -143.2929 13.00001 -128.5929
v -143.2066 7.000013 -128.6912
v -143.2066 13.00001 -128.6912
v -143.134 7.000013 -128.8
v -143.134 13.00001 -128.8
v -143.0761 7.000013 -128.9173
v -143.0761 13.00001 -128.9173
v -143.0341 7.000013 -129.0412
v -143.0341 13.00001 -129.0412
v -143.0086 7.000013 -129.1695
v -143.0086 13.00001 -129.1695
v -143 7.000013 -129.3
v -143 13.00001 -129.3
v -143.7412 7.000013 -128.3341
v -143.8695 7.000013 -128.3086
v -144 7.000013 -128.3
v -144 7.000013 -129.3
v -143.5 7.000013 -128.434
v -143.6173 7.000013 -128.3761
v -143.2929 7.000013 -128.5929
v -143.3912 7.000013 -128.5066
v -143.134 7.000013 -128.8
v -143.2066 7.000013 -128.6912
v -143.0341 7.000013 -129.0412
v -143.0761 7.000013 -128.9173
v -143 7.000013 -129.3
v -143.0086 7.000013 -129.1695
v -143 13.00001 -130.7
v -143 7.000013 -130.7
v -143 13.00001 -130.7
v -144 13.00001 -130.7
v -144 7.000013 -130.7
v -143 7.000013 -130.7
v -143.7412 7.000013 -131.6659
v -143.8695 7.000013 -131.6914
v -144 7.000013 -131.7
v -143.5 7.000013 -131.566
v -143.6173 7.000013 -131.6239
v -143.2929 7.000013 -131.4071
v -143.3912 7.000013 -131.4934
v -143.134 7.000013 -131.2
v -143.2066 7.000013 -131.3088
v -143.0341 7.000013 -130.9588
v -143.0761 7.000013 -131.0827
v -143.0086 7.000013 -130.8305
v -143.8695 7.000013 -131.6914
v -143.8695 13.00001 -131.6914
v -143.7412 7.000013 -131.6659
v -143.7412 13.00001 -131.6659
v -143.6173 7.000013 -131.6239
v -143.6173 13.00001 -131.6239
v -143.5 7.000013 -131.566
v -143.5 13.00001 -131.566
v -143.3912 7.000013 -131.4934
v -143.3912 13.00001 -131.4934
v -143.2929 7.000013 -131.4071
v -143.2929 13.00001 -131.4071
v -143.2066 7.000013 -131.3088
v -143.2066 13.00001 -131.3088
v -143.134 7.000013 -131.2
v -143.134 13.00001 -131.2
v -143.0761 7.000013 -131.0827
v -143.0761 13.00001 -131.0827
v -143.0341 7.000013 -130.9588
v -143.0341 13.00001 -130.9588
v -143.0086 7.000013 -130.8305
v -143.0086 13.00001 -130.8305
v -143.7412 13.00001 -131.6659
v -143.8695 13.00001 -131.6914
v -144 13.00001 -131.7
v -143.5 13.00001 -131.566
v -143.6173 13.00001 -131.6239
v -143.2929 13.00001 -131.4071
v -143.3912 13.00001 -131.4934
v -143.134 13.00001 -131.2
v -143.2066 13.00001 -131.3088
v -143.0341 13.00001 -130.9588
v -143.0761 13.00001 -131.0827
v -143.0086 13.00001 -130.8305
v -145.6 14.72001 -128
v -145.6 5.280014 -128
v -150.09 1.411907E-05 -128.69
v -150.09 20.00001 -128.69
v -144 7.000013 -128.3
v -144 7.000013 -131.7
v -144 2.000013 -130
v -150.09 1.403578E-05 -131.31
v -147 1.370907E-05 -130
v -144 2.000013 -130
v -144 2.000013 -130
v -147 1.370907E-05 -130
v -150.09 1.411907E-05 -128.69
v -150.09 20.00001 -128.69
v -147 20.00001 -130
v -144 18.00001 -130
v -150.7629 1.427909E-05 -126.1795
v -152.0729 1.450737E-05 -123.9105
v -148.742 1.412334E-05 -123.5
v -152.0729 20.00002 -123.9105
v -150.7629 20.00001 -126.1795
v -148.742 20.00001 -123.5
v -146.5296 14.72001 -124.532
v -150.7629 20.00001 -126.1795
v -150.7629 1.427909E-05 -126.1795
v -146.5296 5.280014 -124.532
v -145.294 13.00001 -123.4722
v -145.294 7.000014 -123.4722
v -150.7629 20.00001 -126.1795
v -146.144 18.00001 -122
v -148.742 20.00001 -123.5
v -145.294 13.00001 -123.4722
v -146.994 13.00001 -120.5278
v -146.144 18.00001 -122
v -146.7528 13.00001 -120.4279
v -146.8767 13.00001 -120.47
v -146.994 13.00001 -120.5278
v -146.494 13.00001 -121.3938
v -146.494 13.00001 -120.3938
v -146.6245 13.00001 -120.4024
v -146.2352 13.00001 -120.4279
v -146.3635 13.00001 -120.4023
v -145.994 13.00001 -120.5278
v -146.1113 13.00001 -120.4699
v -145.7869 13.00001 -120.6867
v -145.8853 13.00001 -120.6004
v -145.628 13.00001 -120.8938
v -145.7007 13.00001 -120.7851
v -146.8767 7.000014 -120.47
v -146.994 7.000014 -120.5278
v -146.994 13.00001 -120.5278
v -146.8767 13.00001 -120.47
v -146.7528 7.000014 -120.4279
v -146.7528 13.00001 -120.4279
v -146.6245 7.000014 -120.4024
v -146.6245 13.00001 -120.4024
v -146.494 7.000014 -120.3938
v -146.494 13.00001 -120.3938
v -146.3635 7.000014 -120.4023
v -146.3635 13.00001 -120.4023
v -146.2352 7.000014 -120.4279
v -146.2352 13.00001 -120.4279
v -146.1113 7.000014 -120.4699
v -146.1113 13.00001 -120.4699
v -145.994 7.000014 -120.5278
v -145.994 13.00001 -120.5278
v -145.8853 7.000014 -120.6004
v -145.8853 13.00001 -120.6004
v -145.7869 7.000014 -120.6867
v -145.7869 13.00001 -120.6867
v -145.7007 7.000014 -120.7851
v -145.7007 13.00001 -120.7851
v -145.628 7.000014 -120.8938
v -145.628 13.00001 -120.8938
v -146.7528 7.000014 -120.4279
v -146.8767 7.000014 -120.47
v -146.994 7.000014 -120.5278
v -146.494 7.000014 -121.3938
v -146.494 7.000014 -120.3938
v -146.6245 7.000014 -120.4024
v -146.2352 7.000014 -120.4279
v -146.3635 7.000014 -120.4023
v -145.994 7.000014 -120.5278
v -146.1113 7.000014 -120.4699
v -145.7869 7.000014 -120.6867
v -145.8853 7.000014 -120.6004
v -145.628 7.000014 -120.8938
v -145.7007 7.000014 -120.7851
v -144.928 13.00001 -122.1062
v -144.928 7.000014 -122.1062
v -144.928 13.00001 -122.1062
v -145.794 13.00001 -122.6062
v -145.794 7.000014 -122.6062
v -144.928 7.000014 -122.1062
v -145.0869 7.000014 -123.3133
v -145.1853 7.000014 -123.3995
v -145.294 7.000014 -123.4722
v -144.928 7.000014 -123.1062
v -145.0006 7.000014 -123.215
v -144.8281 7.000014 -122.865
v -144.8701 7.000014 -122.9889
v -144.7941 7.000014 -122.6062
v -144.8025 7.000014 -122.7367
v -144.8281 7.000014 -122.3474
v -144.8026 7.000014 -122.4757
v -144.8702 7.000014 -122.2235
v -145.1853 7.000014 -123.3995
v -145.1853 13.00001 -123.3995
v -145.0869 7.000014 -123.3133
v -145.0869 13.00001 -123.3133
v -145.0006 7.000014 -123.215
v -145.0006 13.00001 -123.215
v -144.928 7.000014 -123.1062
v -144.928 13.00001 -123.1062
v -144.8701 7.000014 -122.9889
v -144.8701 13.00001 -122.9889
v -144.8281 7.000014 -122.865
v -144.8281 13.00001 -122.865
v -144.8025 7.000014 -122.7367
v -144.8025 13.00001 -122.7367
v -144.7941 7.000014 -122.6062
v -144.794 13.00001 -122.6062
v -144.8026 7.000014 -122.4757
v -144.8026 13.00001 -122.4757
v -144.8281 7.000014 -122.3474
v -144.8281 13.00001 -122.3474
v -144.8702 7.000014 -122.2235
v -144.8702 13.00001 -122.2235
v -145.0869 13.00001 -123.3133
v -145.1853 13.00001 -123.3995
v -145.294 13.00001 -123.4722
v -144.928 13.00001 -123.1062
v -145.0006 13.00001 -123.215
v -144.8281 13.00001 -122.865
v -144.8701 13.00001 -122.9889
v -144.794 13.00001 -122.6062
v -144.8025 13.00001 -122.7367
v -144.8281 13.00001 -122.3474
v -144.8026 13.00001 -122.4757
v -144.8702 13.00001 -122.2235
v -148.5296 14.72001 -121.068
v -148.5296 5.280015 -121.068
v -152.0729 1.450737E-05 -123.9105
v -152.0729 20.00002 -123.9105
v -146.994 7.000014 -120.5278
v -145.294 7.000014 -123.4722
v -146.144 2.000014 -122
v -150.7629 1.427909E-05 -126.1795
v -148.742 1.412334E-05 -123.5
v -146.144 2.000014 -122
v -146.144 2.000014 -122
v -148.742 1.412334E-05 -123.5
v -152.0729 1.450737E-05 -123.9105
v -152.0729 20.00002 -123.9105
v -148.742 20.00001 -123.5
v -146.144 18.00001 -122
v -153.9105 1.478484E-05 -122.0729
v -156.1795 1.509696E-05 -120.7629
v -153.5 1.484178E-05 -118.742
v -156.1795 20.00002 -120.7629
v -153.9105 20.00002 -122.0729
v -153.5 20.00002 -118.742
v -151.068 14.72001 -118.5296
v -153.9105 20.00002 -122.0729
v -153.9105 1.478484E-05 -122.0729
v -151.068 5.280015 -118.5296
v -150.5278 13.00001 -116.994
v -150.5278 7.000014 -116.994
v -153.9105 20.00002 -122.0729
v -152 18.00002 -116.144
v -153.5 20.00002 -118.742
v -150.5278 13.00001 -116.994
v -153.4722 13.00002 -115.294
v -152 18.00002 -116.144
v -153.3133 13.00002 -115.0869
v -153.3995 13.00002 -115.1853
v -153.4722 13.00002 -115.294
v -152.6062 13.00002 -115.794
v -153.1062 13.00002 -114.928
v -153.215 13.00002 -115.0006
v -152.865 13.00002 -114.8281
v -152.9889 13.00002 -114.8701
v -152.6062 13.00002 -114.794
v -152.7367 13.00002 -114.8025
v -152.3474 13.00002 -114.8281
v -152.4757 13.00002 -114.8026
v -152.1062 13.00002 -114.928
v -152.2235 13.00002 -114.8702
v -153.3995 7.000015 -115.1853
v -153.4722 7.000015 -115.294
v -153.4722 13.00002 -115.294
v -153.3995 13.00002 -115.1853
v -153.3133 7.000015 -115.0869
v -153.3133 13.00002 -115.0869
v -153.215 7.000015 -115.0006
v -153.215 13.00002 -115.0006
v -153.1062 7.000015 -114.928
v -153.1062 13.00002 -114.928
v -152.9889 7.000015 -114.8701
v -152.9889 13.00002 -114.8701
v -152.865 7.000015 -114.8281
v -152.865 13.00002 -114.8281
v -152.7367 7.000015 -114.8025
v -152.7367 13.00002 -114.8025
v -152.6062 7.000015 -114.794
v -152.6062 13.00002 -114.794
v -152.4757 7.000015 -114.8026
v -152.4757 13.00002 -114.8026
v -152.3474 7.000015 -114.8281
v -152.3474 13.00002 -114.8281
v -152.2235 7.000015 -114.8702
v -152.2235 13.00002 -114.8702
v -152.1062 7.000015 -114.928
v -152.1062 13.00002 -114.928
v -153.3133 7.000015 -115.0869
v -153.3995 7.000015 -115.1853
v -153.4722 7.000015 -115.294
v -152.6062 7.000015 -115.794
v -153.1062 7.000015 -114.928
v -153.215 7.000015 -115.0006
v -152.865 7.000015 -114.8281
v -152.9889 7.000015 -114.8701
v -152.6062 7.000015 -114.794
v -152.7367 7.000015 -114.8025
v -152.3474 7.000015 -114.8281
v -152.4757 7.000015 -114.8026
v -152.1062 7.000015 -114.928
v -152.2235 7.000015 -114.8702
v -150.8938 13.00001 -115.628
v -150.8938 7.000015 -115.628
v -150.8938 13.00001 -115.628
v -151.3938 13.00001 -116.494
v -151.3938 7.000015 -116.494
v -150.8938 7.000015 -115.628
v -150.4279 7.000014 -116.7528
v -150.47 7.000014 -116.8767
v -150.5278 7.000014 -116.994
v -150.3938 7.000014 -116.494
v -150.4024 7.000014 -116.6245
v -150.4279 7.000015 -116.2352
v -150.4023 7.000015 -116.3635
v -150.5278 7.000015 -115.994
v -150.4699 7.000015 -116.1113
v -150.6867 7.000015 -115.7869
v -150.6004 7.000015 -115.8853
v -150.7851 7.000015 -115.7007
v -150.47 7.000014 -116.8767
v -150.47 13.00001 -116.8767
v -150.4279 7.000014 -116.7528
v -150.4279 13.00001 -116.7528
v -150.4024 7.000014 -116.6245
v -150.4024 13.00001 -116.6245
v -150.3938 7.000014 -116.494
v -150.3938 13.00001 -116.494
v -150.4023 7.000015 -116.3635
v -150.4023 13.00001 -116.3635
v -150.4279 7.000015 -116.2352
v -150.4279 13.00001 -116.2352
v -150.4699 7.000015 -116.1113
v -150.4699 13.00001 -116.1113
v -150.5278 7.000015 -115.994
v -150.5278 13.00001 -115.994
v -150.6004 7.000015 -115.8853
v -150.6004 13.00001 -115.8853
v -150.6867 7.000015 -115.7869
v -150.6867 13.00001 -115.7869
v -150.7851 7.000015 -115.7007
v -150.7851 13.00001 -115.7007
v -150.4279 13.00001 -116.7528
v -150.47 13.00001 -116.8767
v -150.5278 13.00001 -116.994
v -150.3938 13.00001 -116.494
v -150.4024 13.00001 -116.6245
v -150.4279 13.00001 -116.2352
v -150.4023 13.00001 -116.3635
v -150.5278 13.00001 -115.994
v -150.4699 13.00001 -116.1113
v -150.6867 13.00001 -115.7869
v -150.6004 13.00001 -115.8853
v -150.7851 13.00001 -115.7007
v -154.532 14.72001 -116.5296
v -154.532 5.280015 -116.5296
v -156.1795 1.509696E-05 -120.7629
v -156.1795 20.00002 -120.7629
v -153.4722 7.000015 -115.294
v -150.5278 7.000014 -116.994
v -152 2.000015 -116.144
v -153.9105 1.478484E-05 -122.0729
v -153.5 1.484178E-05 -118.742
v -152 2.000015 -116.144
v -152 2.000015 -116.144
v -153.5 1.484178E-05 -118.742
v -156.1795 1.509696E-05 -120.7629
v -156.1795 20.00002 -120.7629
v -153.5 20.00002 -118.742
v -152 18.00002 -116.144
v -158.69 1.541763E-05 -120.09
v -161.31 1.572996E-05 -120.09
v -160 1.567201E-05 -117
v -161.31 20.00002 -120.09
v -158.69 20.00002 -120.09
v -160 20.00002 -117
v -158 14.72002 -115.6
v -158.69 20.00002 -120.09
v -158.69 1.541763E-05 -120.09
v -158 5.280015 -115.6
v -158.3 13.00002 -114
v -158.3 7.000016 -114
v -158.69 20.00002 -120.09
v -160 18.00002 -114
v -160 20.00002 -117
v -158.3 13.00002 -114
v -161.7 13.00002 -114
v -160 18.00002 -114
v -161.6659 13.00002 -113.7412
v -161.6914 13.00002 -113.8695
v -161.7 13.00002 -114
v -160.7 13.00002 -114
v -161.566 13.00002 -113.5
v -161.6239 13.00002 -113.6173
v -161.4071 13.00002 -113.2929
v -161.4934 13.00002 -113.3912
v -161.2 13.00002 -113.134
v -161.3088 13.00002 -113.2066
v -160.9588 13.00002 -113.0341
v -161.0827 13.00002 -113.0761
v -160.7 13.00002 -113
v -160.8305 13.00002 -113.0086
v -161.6914 7.000016 -113.8695
v -161.7 7.000016 -114
v -161.7 13.00002 -114
v -161.6914 13.00002 -113.8695
v -161.6659 7.000016 -113.7412
v -161.6659 13.00002 -113.7412
v -161.6239 7.000016 -113.6173
v -161.6239 13.00002 -113.6173
v -161.566 7.000016 -113.5
v -161.566 13.00002 -113.5
v -161.4934 7.000016 -113.3912
v -161.4934 13.00002 -113.3912
v -161.4071 7.000016 -113.2929
v -161.4071 13.00002 -113.2929
v -161.3088 7.000016 -113.2066
v -161.3088 13.00002 -113.2066
v -161.2 7.000016 -113.134
v -161.2 13.00002 -113.134
v -161.0827 7.000016 -113.0761
v -161.0827 13.00002 -113.0761
v -160.9588 7.000016 -113.0341
v -160.9588 13.00002 -113.0341
v -160.8305 7.000016 -113.0086
v -160.8305 13.00002 -113.0086
v -160.7 7.000016 -113
v -160.7 13.00002 -113
v -161.6659 7.000016 -113.7412
v -161.6914 7.000016 -113.8695
v -161.7 7.000016 -114
v -160.7 7.000016 -114
v -161.566 7.000016 -113.5
v -161.6239 7.000016 -113.6173
v -161.4071 7.000016 -113.2929
v -161.4934 7.000016 -113.3912
v -161.2 7.000016 -113.134
v -161.3088 7.000016 -113.2066
v -160.9588 7.000016 -113.0341
v -161.0827 7.000016 -113.0761
v -160.7 7.000016 -113
v -160.8305 7.000016 -113.0086
v -159.3 13.00002 -113
v -159.3 7.000016 -113
v -159.3 13.00002 -113
v -159.3 13.00002 -114
v -159.3 7.000016 -114
v -159.3 7.000016 -113
v -158.3341 7.000016 -113.7412
v -158.3086 7.000016 -113.8695
v -158.3 7.000016 -114
v -158.434 7.000016 -113.5
v -158.3761 7.000016 -113.6173
v -158.5929 7.000016 -113.2929
v -158.5066 7.000016 -113.3912
v -158.8 7.000016 -113.134
v -158.6912 7.000016 -113.2066
v -159.0412 7.000016 -113.0341
v -158.9173 7.000016 -113.0761
v -159.1695 7.000016 -113.0086
v -158.3086 7.000016 -113.8695
v -158.3086 13.00002 -113.8695
v -158.3341 7.000016 -113.7412
v -158.3341 13.00002 -113.7412
v -158.3761 7.000016 -113.6173
v -158.3761 13.00002 -113.6173
v -158.434 7.000016 -113.5
v -158.434 13.00002 -113.5
v -158.5066 7.000016 -113.3912
v -158.5066 13.00002 -113.3912
v -158.5929 7.000016 -113.2929
v -158.5929 13.00002 -113.2929
v -158.6912 7.000016 -113.2066
v -158.6912 13.00002 -113.2066
v -158.8 7.000016 -113.134
v -158.8 13.00002 -113.134
v -158.9173 7.000016 -113.0761
v -158.9173 13.00002 -113.0761
v -159.0412 7.000016 -113.0341
v -159.0412 13.00002 -113.0341
v -159.1695 7.000016 -113.0086
v -159.1695 13.00002 -113.0086
v -158.3341 13.00002 -113.7412
v -158.3086 13.00002 -113.8695
v -158.3 13.00002 -114
v -158.434 13.00002 -113.5
v -158.3761 13.00002 -113.6173
v -158.5929 13.00002 -113.2929
v -158.5066 13.00002 -113.3912
v -158.8 13.00002 -113.134
v -158.6912 13.00002 -113.2066
v -159.0412 13.00002 -113.0341
v -158.9173 13.00002 -113.0761
v -159.1695 13.00002 -113.0086
v -162 14.72002 -115.6
v -162 5.280016 -115.6
v -161.31 1.572996E-05 -120.09
v -161.31 20.00002 -120.09
v -161.7 7.000016 -114
v -158.3 7.000016 -114
v -160 2.000016 -114
v -158.69 1.541763E-05 -120.09
v -160 1.567201E-05 -117
v -160 2.000016 -114
v -160 2.000016 -114
v -160 1.567201E-05 -117
v -161.31 1.572996E-05 -120.09
v -161.31 20.00002 -120.09
v -160 20.00002 -117
v -160 18.00002 -114
v -163.8205 1.600785E-05 -120.7629
v -166.0895 1.623668E-05 -122.0729
v -166.5 1.63915E-05 -118.742
v -166.0895 20.00002 -122.0729
v -163.8205 20.00002 -120.7629
v -166.5 20.00002 -118.742
v -165.468 14.72002 -116.5296
v -163.8205 20.00002 -120.7629
v -163.8205 1.600785E-05 -120.7629
v -165.468 5.280016 -116.5296
v -166.5278 13.00002 -115.294
v -166.5278 7.000017 -115.294
v -163.8205 20.00002 -120.7629
v -168 18.00002 -116.144
v -166.5 20.00002 -118.742
v -166.5278 13.00002 -115.294
v -169.4722 13.00002 -116.994
v -168 18.00002 -116.144
v -169.5721 13.00002 -116.7528
v -169.53 13.00002 -116.8767
v -169.4722 13.00002 -116.994
v -168.6062 13.00002 -116.494
v -169.6062 13.00002 -116.494
v -169.5976 13.00002 -116.6245
v -169.5721 13.00002 -116.2352
v -169.5977 13.00002 -116.3635
v -169.4722 13.00002 -115.994
v -169.5301 13.00002 -116.1113
v -169.3133 13.00002 -115.7869
v -169.3996 13.00002 -115.8853
v -169.1062 13.00002 -115.628
v -169.2149 13.00002 -115.7007
v -169.53 7.000017 -116.8767
v -169.4722 7.000017 -116.994
v -169.4722 13.00002 -116.994
v -169.53 13.00002 -116.8767
v -169.5721 7.000017 -116.7528
v -169.5721 13.00002 -116.7528
v -169.5976 7.000017 -116.6245
v -169.5976 13.00002 -116.6245
v -169.6062 7.000017 -116.494
v -169.6062 13.00002 -116.494
v -169.5977 7.000017 -116.3635
v -169.5977 13.00002 -116.3635
v -169.5721 7.000017 -116.2352
v -169.5721 13.00002 -116.2352
v -169.5301 7.000017 -116.1113
v -169.5301 13.00002 -116.1113
v -169.4722 7.000017 -115.994
v -169.4722 13.00002 -115.994
v -169.3996 7.000017 -115.8853
v -169.3996 13.00002 -115.8853
v -169.3133 7.000017 -115.7869
v -169.3133 13.00002 -115.7869
v -169.2149 7.000017 -115.7007
v -169.2149 13.00002 -115.7007
v -169.1062 7.000017 -115.628
v -169.1062 13.00002 -115.628
v -169.5721 7.000017 -116.7528
v -169.53 7.000017 -116.8767
v -169.4722 7.000017 -116.994
v -168.6062 7.000017 -116.494
v -169.6062 7.000017 -116.494
v -169.5976 7.000017 -116.6245
v -169.5721 7.000017 -116.2352
v -169.5977 7.000017 -116.3635
v -169.4722 7.000017 -115.994
v -169.5301 7.000017 -116.1113
v -169.3133 7.000017 -115.7869
v -169.3996 7.000017 -115.8853
v -169.1062 7.000017 -115.628
v -169.2149 7.000017 -115.7007
v -167.8938 13.00002 -114.928
v -167.8938 7.000017 -114.928
v -167.8938 13.00002 -114.928
v -167.3938 13.00002 -115.794
v -167.3938 7.000017 -115.794
v -167.8938 7.000017 -114.928
v -166.6867 7.000017 -115.0869
v -166.6005 7.000017 -115.1853
v -166.5278 7.000017 -115.294
v -166.8938 7.000017 -114.928
v -166.785 7.000017 -115.0006
v -167.135 7.000017 -114.8281
v -167.0111 7.000017 -114.8701
v -167.3938 7.000017 -114.794
v -167.2633 7.000017 -114.8025
v -167.6526 7.000017 -114.8281
v -167.5243 7.000017 -114.8026
v -167.7765 7.000017 -114.8702
v -166.6005 7.000017 -115.1853
v -166.6005 13.00002 -115.1853
v -166.6867 7.000017 -115.0869
v -166.6867 13.00002 -115.0869
v -166.785 7.000017 -115.0006
v -166.785 13.00002 -115.0006
v -166.8938 7.000017 -114.928
v -166.8938 13.00002 -114.928
v -167.0111 7.000017 -114.8701
v -167.0111 13.00002 -114.8701
v -167.135 7.000017 -114.8281
v -167.135 13.00002 -114.8281
v -167.2633 7.000017 -114.8025
v -167.2633 13.00002 -114.8025
v -167.3938 7.000017 -114.794
v -167.3938 13.00002 -114.794
v -167.5243 7.000017 -114.8026
v -167.5243 13.00002 -114.8026
v -167.6526 7.000017 -114.8281
v -167.6526 13.00002 -114.8281
v -167.7765 7.000017 -114.8702
v -167.7765 13.00002 -114.8702
v -166.6867 13.00002 -115.0869
v -166.6005 13.00002 -115.1853
v -166.5278 13.00002 -115.294
v -166.8938 13.00002 -114.928
v -166.785 13.00002 -115.0006
v -167.135 13.00002 -114.8281
v -167.0111 13.00002 -114.8701
v -167.3938 13.00002 -114.794
v -167.2633 13.00002 -114.8025
v -167.6526 13.00002 -114.8281
v -167.5243 13.00002 -114.8026
v -167.7765 13.00002 -114.8702
v -168.932 14.72002 -118.5296
v -168.932 5.280017 -118.5296
v -166.0895 1.623668E-05 -122.0729
v -166.0895 20.00002 -122.0729
v -169.4722 7.000017 -116.994
v -166.5278 7.000017 -115.294
v -168 2.000017 -116.144
v -163.8205 1.600785E-05 -120.7629
v -166.5 1.63915E-05 -118.742
v -168 2.000017 -116.144
v -168 2.000017 -116.144
v -166.5 1.63915E-05 -118.742
v -166.0895 1.623668E-05 -122.0729
v -166.0895 20.00002 -122.0729
v -166.5 20.00002 -118.742
v -168 18.00002 -116.144
v -167.9271 1.639733E-05 -123.9105
v -169.2371 1.648137E-05 -126.1795
v -171.258 1.680746E-05 -123.5
v -169.2371 20.00002 -126.1795
v -167.9271 20.00002 -123.9105
v -171.258 20.00002 -123.5
v -171.4704 14.72002 -121.068
v -167.9271 20.00002 -123.9105
v -167.9271 1.639733E-05 -123.9105
v -171.4704 5.280017 -121.068
v -173.006 13.00002 -120.5278
v -173.006 7.000017 -120.5278
v -167.9271 20.00002 -123.9105
v -173.856 18.00002 -122
v -171.258 20.00002 -123.5
v -173.006 13.00002 -120.5278
v -174.706 13.00002 -123.4722
v -173.856 18.00002 -122
v -174.9131 13.00002 -123.3133
v -174.8147 13.00002 -123.3995
v -174.706 13.00002 -123.4722
v -174.206 13.00002 -122.6062
v -175.072 13.00002 -123.1062
v -174.9994 13.00002 -123.215
v -175.1719 13.00002 -122.865
v -175.1299 13.00002 -122.9889
v -175.2059 13.00002 -122.6062
v -175.1975 13.00002 -122.7367
v -175.1719 13.00002 -122.3474
v -175.1974 13.00002 -122.4757
v -175.072 13.00002 -122.1062
v -175.1298 13.00002 -122.2235
v -174.8147 7.000017 -123.3995
v -174.706 7.000017 -123.4722
v -174.706 13.00002 -123.4722
v -174.8147 13.00002 -123.3995
v -174.9131 7.000017 -123.3133
v -174.9131 13.00002 -123.3133
v -174.9994 7.000017 -123.215
v -174.9994 13.00002 -123.215
v -175.072 7.000017 -123.1062
v -175.072 13.00002 -123.1062
v -175.1299 7.000017 -122.9889
v -175.1299 13.00002 -122.9889
v -175.1719 7.000017 -122.865
v -175.1719 13.00002 -122.865
v -175.1975 7.000017 -122.7367
v -175.1975 13.00002 -122.7367
v -175.206 7.000017 -122.6062
v -175.2059 13.00002 -122.6062
v -175.1974 7.000017 -122.4757
v -175.1974 13.00002 -122.4757
v -175.1719 7.000017 -122.3474
v -175.1719 13.00002 -122.3474
v -175.1298 7.000017 -122.2235
v -175.1298 13.00002 -122.2235
v -175.072 7.000017 -122.1062
v -175.072 13.00002 -122.1062
v -174.9131 7.000017 -123.3133
v -174.8147 7.000017 -123.3995
v -174.706 7.000017 -123.4722
v -174.206 7.000017 -122.6062
v -175.072 7.000017 -123.1062
v -174.9994 7.000017 -123.215
v -175.1719 7.000017 -122.865
v -175.1299 7.000017 -122.9889
v -175.206 7.000017 -122.6062
v -175.1975 7.000017 -122.7367
v -175.1719 7.000017 -122.3474
v -175.1974 7.000017 -122.4757
v -175.072 7.000017 -122.1062
v -175.1298 7.000017 -122.2235
v -174.372 13.00002 -120.8938
v -174.372 7.000017 -120.8938
v -174.372 13.00002 -120.8938
v -173.506 13.00002 -121.3938
v -173.506 7.000017 -121.3938
v -174.372 7.000017 -120.8938
v -173.2472 7.000017 -120.4279
v -173.1233 7.000017 -120.47
v -173.006 7.000017 -120.5278
v -173.506 7.000017 -120.3938
v -173.3755 7.000017 -120.4024
v -173.7648 7.000017 -120.4279
v -173.6365 7.000017 -120.4023
v -174.006 7.000017 -120.5278
v -173.8887 7.000017 -120.4699
v -174.2131 7.000017 -120.6867
v -174.1147 7.000017 -120.6004
v -174.2993 7.000017 -120.7851
v -173.1233 7.000017 -120.47
v -173.1233 13.00002 -120.47
v -173.2472 7.000017 -120.4279
v -173.2472 13.00002 -120.4279
v -173.3755 7.000017 -120.4024
v -173.3755 13.00002 -120.4024
v -173.506 7.000017 -120.3938
v -173.506 13.00002 -120.3938
v -173.6365 7.000017 -120.4023
v -173.6365 13.00002 -120.4023
v -173.7648 7.000017 -120.4279
v -173.7648 13.00002 -120.4279
v -173.8887 7.000017 -120.4699
v -173.8887 13.00002 -120.4699
v -174.006 7.000017 -120.5278
v -174.006 13.00002 -120.5278
v -174.1147 7.000017 -120.6004
v -174.1147 13.00002 -120.6004
v -174.2131 7.000017 -120.6867
v -174.2131 13.00002 -120.6867
v -174.2993 7.000017 -120.7851
v -174.2993 13.00002 -120.7851
v -173.2472 13.00002 -120.4279
v -173.1233 13.00002 -120.47
v -173.006 13.00002 -120.5278
v -173.506 13.00002 -120.3938
v -173.3755 13.00002 -120.4024
v -173.7648 13.00002 -120.4279
v -173.6365 13.00002 -120.4023
v -174.006 13.00002 -120.5278
v -173.8887 13.00002 -120.4699
v -174.2131 13.00002 -120.6867
v -174.1147 13.00002 -120.6004
v -174.2993 13.00002 -120.7851
v -173.4704 14.72002 -124.532
v -173.4704 5.280017 -124.532
v -169.2371 1.648137E-05 -126.1795
v -169.2371 20.00002 -126.1795
v -174.706 7.000017 -123.4722
v -173.006 7.000017 -120.5278
v -173.856 2.000017 -122
v -167.9271 1.639733E-05 -123.9105
v -171.258 1.680746E-05 -123.5
v -173.856 2.000017 -122
v -173.856 2.000017 -122
v -171.258 1.680746E-05 -123.5
v -169.2371 1.648137E-05 -126.1795
v -169.2371 20.00002 -126.1795
v -171.258 20.00002 -123.5
v -173.856 18.00002 -122
v -161.305 20.00002 -139.914
v -160 20.00002 -140
v -160 1.494092E-05 -140
v -161.305 1.509923E-05 -139.914
v -162.588 20.00002 -139.659
v -162.588 1.526028E-05 -139.659
v -163.827 20.00002 -139.239
v -163.827 1.542133E-05 -139.239
v -165 20.00002 -138.66
v -165 1.557956E-05 -138.66
v -166.088 20.00002 -137.934
v -166.088 1.573234E-05 -137.934
v -167.071 20.00002 -137.071
v -167.071 1.587696E-05 -137.071
v -167.934 20.00002 -136.088
v -167.934 1.601108E-05 -136.088
v -168.66 20.00002 -135
v -168.66 1.613221E-05 -135
v -169.239 20.00002 -133.827
v -169.239 1.623852E-05 -133.827
v -169.659 20.00002 -132.588
v -169.659 1.632797E-05 -132.588
v -169.914 20.00002 -131.305
v -169.914 1.639915E-05 -131.305
v -170 20.00002 -130
v -170 1.645088E-05 -130
v -169.914 20.00002 -128.695
v -169.914 1.648211E-05 -128.695
v -169.659 20.00002 -127.412
v -169.659 1.649249E-05 -127.412
v -169.239 20.00002 -126.173
v -169.239 1.648181E-05 -126.173
v -168.66 20.00002 -125
v -168.66 1.645007E-05 -125
v -167.934 20.00002 -123.912
v -167.934 1.639811E-05 -123.912
v -167.071 20.00002 -122.929
v -167.071 1.632648E-05 -122.929
v -166.088 20.00002 -122.066
v -166.088 1.623673E-05 -122.066
v -165 20.00002 -121.34
v -165 1.613011E-05 -121.34
v -163.827 20.00002 -120.761
v -163.827 1.600868E-05 -120.761
v -162.588 20.00002 -120.341
v -162.588 1.587433E-05 -120.341
v -161.305 20.00002 -120.086
v -161.305 1.572949E-05 -120.086
v -160 20.00002 -120
v -160 1.557665E-05 -120
v -158.695 20.00002 -120.086
v -158.695 1.541835E-05 -120.086
v -157.412 20.00002 -120.341
v -157.412 1.52573E-05 -120.341
v -156.173 20.00002 -120.761
v -156.173 1.509625E-05 -120.761
v -155 20.00002 -121.34
v -155 1.493801E-05 -121.34
v -153.912 20.00002 -122.066
v -153.912 1.478524E-05 -122.066
v -152.929 20.00002 -122.929
v -152.929 1.464062E-05 -122.929
v -152.066 20.00002 -123.912
v -152.066 1.45065E-05 -123.912
v -151.34 20.00002 -125
v -151.34 1.438537E-05 -125
v -150.761 20.00001 -126.173
v -150.761 1.427906E-05 -126.173
v -150.341 20.00001 -127.412
v -150.341 1.418961E-05 -127.412
v -150.086 20.00001 -128.695
v -150.086 1.411843E-05 -128.695
v -150 20.00001 -130
v -150 1.40667E-05 -130
v -150.086 20.00001 -131.305
v -150.086 1.403547E-05 -131.305
v -150.341 20.00001 -132.588
v -150.341 1.402508E-05 -132.588
v -150.761 20.00001 -133.827
v -150.761 1.403577E-05 -133.827
v -151.34 20.00001 -135
v -151.34 1.40675E-05 -135
v -152.066 20.00001 -136.088
v -152.066 1.411947E-05 -136.088
v -152.929 20.00001 -137.071
v -152.929 1.41911E-05 -137.071
v -153.912 20.00001 -137.934
v -153.912 1.428085E-05 -137.934
v -155 20.00002 -138.66
v -155 1.438747E-05 -138.66
v -156.173 20.00002 -139.239
v -156.173 1.45089E-05 -139.239
v -157.412 20.00002 -139.659
v -157.412 1.464325E-05 -139.659
v -158.695 20.00002 -139.914
v -158.695 1.478809E-05 -139.914
v -160 20.00002 -138
v -161.044 20.00002 -137.9312
v -161.305 20.00002 -139.914
v -160 20.00002 -140
v -162.0704 20.00002 -137.7272
v -162.588 20.00002 -139.659
v -163.0616 20.00002 -137.3912
v -163.827 20.00002 -139.239
v -164 20.00002 -136.928
v -165 20.00002 -138.66
v -164.8704 20.00002 -136.3472
v -166.088 20.00002 -137.934
v -165.6568 20.00002 -135.6568
v -167.071 20.00002 -137.071
v -166.3472 20.00002 -134.8704
v -167.934 20.00002 -136.088
v -166.928 20.00002 -134
v -168.66 20.00002 -135
v -167.3912 20.00002 -133.0616
v -169.239 20.00002 -133.827
v -167.7272 20.00002 -132.0704
v -169.659 20.00002 -132.588
v -167.9312 20.00002 -131.044
v -169.914 20.00002 -131.305
v -168 20.00002 -130
v -170 20.00002 -130
v -167.9312 20.00002 -128.956
v -169.914 20.00002 -128.695
v -167.7272 20.00002 -127.9296
v -169.659 20.00002 -127.412
v -167.3912 20.00002 -126.9384
v -169.239 20.00002 -126.173
v -166.928 20.00002 -126
v -168.66 20.00002 -125
v -166.3472 20.00002 -125.1296
v -167.934 20.00002 -123.912
v -165.6568 20.00002 -124.3432
v -167.071 20.00002 -122.929
v -164.8704 20.00002 -123.6528
v -166.088 20.00002 -122.066
v -164 20.00002 -123.072
v -165 20.00002 -121.34
v -163.0616 20.00002 -122.6088
v -163.827 20.00002 -120.761
v -162.0704 20.00002 -122.2728
v -162.588 20.00002 -120.341
v -161.044 20.00002 -122.0688
v -161.305 20.00002 -120.086
v -160 20.00002 -122
v -160 20.00002 -120
v -158.956 20.00002 -122.0688
v -158.695 20.00002 -120.086
v -157.9296 20.00002 -122.2728
v -157.412 20.00002 -120.341
v -156.9384 20.00002 -122.6088
v -156.173 20.00002 -120.761
v -156 20.00002 -123.072
v -155 20.00002 -121.34
v -155.1296 20.00002 -123.6528
v -153.912 20.00002 -122.066
v -154.3432 20.00002 -124.3432
v -152.929 20.00002 -122.929
v -153.6528 20.00002 -125.1296
v -152.066 20.00002 -123.912
v -153.072 20.00002 -126
v -151.34 20.00002 -125
v -152.6088 20.00002 -126.9384
v -150.761 20.00001 -126.173
v -152.2728 20.00002 -127.9296
v -150.341 20.00001 -127.412
v -152.0688 20.00002 -128.956
v -150.086 20.00001 -128.695
v -152 20.00002 -130
v -150 20.00001 -130
v -152.0688 20.00001 -131.044
v -150.086 20.00001 -131.305
v -152.2728 20.00001 -132.0704
v -150.341 20.00001 -132.588
v -152.6088 20.00001 -133.0616
v -150.761 20.00001 -133.827
v -153.072 20.00002 -134
v -151.34 20.00001 -135
v -153.6528 20.00002 -134.8704
v -152.066 20.00001 -136.088
v -154.3432 20.00002 -135.6568
v -152.929 20.00001 -137.071
v -155.1296 20.00002 -136.3472
v -153.912 20.00001 -137.934
v -156 20.00002 -136.928
v -155 20.00002 -138.66
v -156.9384 20.00002 -137.3912
v -156.173 20.00002 -139.239
v -157.9296 20.00002 -137.7272
v -157.412 20.00002 -139.659
v -158.956 20.00002 -137.9312
v -158.695 20.00002 -139.914
v -160 1.551308E-05 -122
v -161.044 1.563535E-05 -122.0688
v -161.305 1.572949E-05 -120.086
v -160 1.557665E-05 -120
v -162.0704 1.575122E-05 -122.2728
v -162.588 1.587433E-05 -120.341
v -163.0616 1.58587E-05 -122.6088
v -163.827 1.600868E-05 -120.761
v -164 1.595584E-05 -123.072
v -165 1.613011E-05 -121.34
v -164.8704 1.604114E-05 -123.6528
v -166.088 1.623673E-05 -122.066
v -165.6568 1.611294E-05 -124.3432
v -167.071 1.632648E-05 -122.929
v -166.3472 1.617025E-05 -125.1296
v -167.934 1.639811E-05 -123.912
v -166.928 1.621182E-05 -126
v -168.66 1.645007E-05 -125
v -167.3912 1.623721E-05 -126.9384
v -169.239 1.648181E-05 -126.173
v -167.7272 1.624575E-05 -127.9296
v -169.659 1.649249E-05 -127.412
v -167.9312 1.623745E-05 -128.956
v -169.914 1.648211E-05 -128.695
v -168 1.621246E-05 -130
v -170 1.645088E-05 -130
v -167.9312 1.617108E-05 -131.044
v -169.914 1.639915E-05 -131.305
v -167.7272 1.611413E-05 -132.0704
v -169.659 1.632797E-05 -132.588
v -167.3912 1.604257E-05 -133.0616
v -169.239 1.623852E-05 -133.827
v -166.928 1.595752E-05 -134
v -168.66 1.613221E-05 -135
v -166.3472 1.586062E-05 -134.8704
v -167.934 1.601108E-05 -136.088
v -165.6568 1.575332E-05 -135.6568
v -167.071 1.587696E-05 -137.071
v -164.8704 1.563763E-05 -136.3472
v -166.088 1.573234E-05 -137.934
v -164 1.551541E-05 -136.928
v -165 1.557956E-05 -138.66
v -163.0616 1.538882E-05 -137.3912
v -163.827 1.542133E-05 -139.239
v -162.0704 1.525998E-05 -137.7272
v -162.588 1.526028E-05 -139.659
v -161.044 1.513114E-05 -137.9312
v -161.305 1.509923E-05 -139.914
v -160 1.50045E-05 -138
v -160 1.494092E-05 -140
v -158.956 1.488223E-05 -137.9312
v -158.695 1.478809E-05 -139.914
v -157.9296 1.476636E-05 -137.7272
v -157.412 1.464325E-05 -139.659
v -156.9384 1.465888E-05 -137.3912
v -156.173 1.45089E-05 -139.239
v -156 1.456174E-05 -136.928
v -155 1.438747E-05 -138.66
v -155.1296 1.447644E-05 -136.3472
v -153.912 1.428085E-05 -137.934
v -154.3432 1.440464E-05 -135.6568
v -152.929 1.41911E-05 -137.071
v -153.6528 1.434733E-05 -134.8704
v -152.066 1.411947E-05 -136.088
v -153.072 1.430576E-05 -134
v -151.34 1.40675E-05 -135
v -152.6088 1.428037E-05 -133.0616
v -150.761 1.403577E-05 -133.827
v -152.2728 1.427182E-05 -132.0704
v -150.341 1.402508E-05 -132.588
v -152.0688 1.428013E-05 -131.044
v -150.086 1.403547E-05 -131.305
v -152 1.430511E-05 -130
v -150 1.40667E-05 -130
v -152.0688 1.43465E-05 -128.956
v -150.086 1.411843E-05 -128.695
v -152.2728 1.440345E-05 -127.9296
v -150.341 1.418961E-05 -127.412
v -152.6088 1.447501E-05 -126.9384
v -150.761 1.427906E-05 -126.173
v -153.072 1.456005E-05 -126
v -151.34 1.438537E-05 -125
v -153.6528 1.465696E-05 -125.1296
v -152.066 1.45065E-05 -123.912
v -154.3432 1.476426E-05 -124.3432
v -152.929 1.464062E-05 -122.929
v -155.1296 1.487995E-05 -123.6528
v -153.912 1.478524E-05 -122.066
v -156 1.500217E-05 -123.072
v -155 1.493801E-05 -121.34
v -156.9384 1.512876E-05 -122.6088
v -156.173 1.509625E-05 -120.761
v -157.9296 1.52576E-05 -122.2728
v -157.412 1.52573E-05 -120.341
v -158.956 1.538644E-05 -122.0688
v -158.695 1.541835E-05 -120.086
v -160 20.00002 -136
v -160.783 20.00002 -135.9484
v -161.1745 20.00002 -138.9226
v -160 20.00002 -139
v -161.5528 20.00002 -135.7954
v -162.3292 20.00002 -138.6931
v -162.2962 20.00002 -135.5434
v -163.4443 20.00002 -138.3151
v -163 20.00002 -135.196
v -164.5 20.00002 -137.794
v -163.6528 20.00002 -134.7604
v -165.4792 20.00002 -137.1406
v -164.2426 20.00002 -134.2426
v -166.3639 20.00002 -136.3639
v -164.7604 20.00002 -133.6528
v -167.1406 20.00002 -135.4792
v -165.196 20.00002 -133
v -167.794 20.00002 -134.5
v -165.5434 20.00002 -132.2962
v -168.3151 20.00002 -133.4443
v -165.7954 20.00002 -131.5528
v -168.6931 20.00002 -132.3292
v -165.9484 20.00002 -130.783
v -168.9226 20.00002 -131.1745
v -166 20.00002 -130
v -169 20.00002 -130
v -165.9484 20.00002 -129.217
v -168.9226 20.00002 -128.8255
v -165.7954 20.00002 -128.4472
v -168.6931 20.00002 -127.6708
v -165.5434 20.00002 -127.7038
v -168.3151 20.00002 -126.5557
v -165.196 20.00002 -127
v -167.794 20.00002 -125.5
v -164.7604 20.00002 -126.3472
v -167.1406 20.00002 -124.5208
v -164.2426 20.00002 -125.7574
v -166.3639 20.00002 -123.6361
v -163.6528 20.00002 -125.2396
v -165.4792 20.00002 -122.8594
v -163 20.00002 -124.804
v -164.5 20.00002 -122.206
v -162.2962 20.00002 -124.4566
v -163.4443 20.00002 -121.6849
v -161.5528 20.00002 -124.2046
v -162.3292 20.00002 -121.3069
v -160.783 20.00002 -124.0516
v -161.1745 20.00002 -121.0774
v -160 20.00002 -124
v -160 20.00002 -121
v -159.217 20.00002 -124.0516
v -158.8255 20.00002 -121.0774
v -158.4472 20.00002 -124.2046
v -157.6708 20.00002 -121.3069
v -157.7038 20.00002 -124.4566
v -156.5557 20.00002 -121.6849
v -157 20.00002 -124.804
v -155.5 20.00002 -122.206
v -156.3472 20.00002 -125.2396
v -154.5208 20.00002 -122.8594
v -155.7574 20.00002 -125.7574
v -153.6361 20.00002 -123.6361
v -155.2396 20.00002 -126.3472
v -152.8594 20.00002 -124.5208
v -154.804 20.00002 -127
v -152.206 20.00002 -125.5
v -154.4566 20.00002 -127.7038
v -151.6849 20.00002 -126.5557
v -154.2046 20.00002 -128.4472
v -151.3069 20.00001 -127.6708
v -154.0516 20.00002 -129.217
v -151.0774 20.00001 -128.8255
v -154 20.00002 -130
v -151 20.00001 -130
v -154.0516 20.00002 -130.783
v -151.0774 20.00001 -131.1745
v -154.2046 20.00002 -131.5528
v -151.3069 20.00001 -132.3292
v -154.4566 20.00002 -132.2962
v -151.6849 20.00001 -133.4443
v -154.804 20.00002 -133
v -152.206 20.00001 -134.5
v -155.2396 20.00002 -133.6528
v -152.8594 20.00001 -135.4792
v -155.7574 20.00002 -134.2426
v -153.6361 20.00001 -136.3639
v -156.3472 20.00002 -134.7604
v -154.5208 20.00002 -137.1406
v -157 20.00002 -135.196
v -155.5 20.00002 -137.794
v -157.7038 20.00002 -135.5434
v -156.5557 20.00002 -138.3151
v -158.4472 20.00002 -135.7954
v -157.6708 20.00002 -138.6931
v -159.217 20.00002 -135.9484
v -158.8255 20.00002 -138.9226
v -160 1.544951E-05 -124
v -160.783 1.554121E-05 -124.0516
v -161.1745 1.568242E-05 -121.0774
v -160 1.554487E-05 -121
v -161.5528 1.562811E-05 -124.2046
v -162.3292 1.581278E-05 -121.3069
v -162.2962 1.570872E-05 -124.4566
v -163.4443 1.593369E-05 -121.6849
v -163 1.578158E-05 -124.804
v -164.5 1.604298E-05 -122.206
v -163.6528 1.584555E-05 -125.2396
v -165.4792 1.613894E-05 -122.8594
v -164.2426 1.58994E-05 -125.7574
v -166.3639 1.621971E-05 -123.6361
v -164.7604 1.594238E-05 -126.3472
v -167.1406 1.628418E-05 -124.5208
v -165.196 1.597356E-05 -127
v -167.794 1.633095E-05 -125.5
v -165.5434 1.59926E-05 -127.7038
v -168.3151 1.635951E-05 -126.5557
v -165.7954 1.599901E-05 -128.4472
v -168.6931 1.636912E-05 -127.6708
v -165.9484 1.599278E-05 -129.217
v -168.9226 1.635978E-05 -128.8255
v -166 1.597404E-05 -130
v -169 1.633167E-05 -130
v -165.9484 1.594301E-05 -130.783
v -168.9226 1.628511E-05 -131.1745
v -165.7954 1.59003E-05 -131.5528
v -168.6931 1.622105E-05 -132.3292
v -165.5434 1.584663E-05 -132.2962
v -168.3151 1.614054E-05 -133.4443
v -165.196 1.578284E-05 -133
v -167.794 1.604487E-05 -134.5
v -164.7604 1.571016E-05 -133.6528
v -167.1406 1.593585E-05 -135.4792
v -164.2426 1.562969E-05 -134.2426
v -166.3639 1.581514E-05 -136.3639
v -163.6528 1.554292E-05 -134.7604
v -165.4792 1.568499E-05 -137.1406
v -163 1.545125E-05 -135.196
v -164.5 1.554749E-05 -137.794
v -162.2962 1.535631E-05 -135.5434
v -163.4443 1.540507E-05 -138.3151
v -161.5528 1.525968E-05 -135.7954
v -162.3292 1.526013E-05 -138.6931
v -160.783 1.516305E-05 -135.9484
v -161.1745 1.511518E-05 -138.9226
v -160 1.506807E-05 -136
v -160 1.497271E-05 -139
v -159.217 1.497637E-05 -135.9484
v -158.8255 1.483516E-05 -138.9226
v -158.4472 1.488947E-05 -135.7954
v -157.6708 1.47048E-05 -138.6931
v -157.7038 1.480886E-05 -135.5434
v -156.5557 1.458389E-05 -138.3151
v -157 1.4736E-05 -135.196
v -155.5 1.44746E-05 -137.794
v -156.3472 1.467202E-05 -134.7604
v -154.5208 1.437864E-05 -137.1406
v -155.7574 1.461817E-05 -134.2426
v -153.6361 1.429787E-05 -136.3639
v -155.2396 1.45752E-05 -133.6528
v -152.8594 1.42334E-05 -135.4792
v -154.804 1.454402E-05 -133
v -152.206 1.418663E-05 -134.5
v -154.4566 1.452498E-05 -132.2962
v -151.6849 1.415807E-05 -133.4443
v -154.2046 1.451857E-05 -131.5528
v -151.3069 1.414845E-05 -132.3292
v -154.0516 1.45248E-05 -130.783
v -151.0774 1.41578E-05 -131.1745
v -154 1.454353E-05 -130
v -151 1.418591E-05 -130
v -154.0516 1.457457E-05 -129.217
v -151.0774 1.423247E-05 -128.8255
v -154.2046 1.461728E-05 -128.4472
v -151.3069 1.429653E-05 -127.6708
v -154.4566 1.467095E-05 -127.7038
v -151.6849 1.437703E-05 -126.5557
v -154.804 1.473474E-05 -127
v -152.206 1.447271E-05 -125.5
v -155.2396 1.480742E-05 -126.3472
v -152.8594 1.458173E-05 -124.5208
v -155.7574 1.488789E-05 -125.7574
v -153.6361 1.470244E-05 -123.6361
v -156.3472 1.497466E-05 -125.2396
v -154.5208 1.483259E-05 -122.8594
v -157 1.506632E-05 -124.804
v -155.5 1.497009E-05 -122.206
v -157.7038 1.516127E-05 -124.4566
v -156.5557 1.51125E-05 -121.6849
v -158.4472 1.52579E-05 -124.2046
v -157.6708 1.525745E-05 -121.3069
v -159.217 1.535453E-05 -124.0516
v -158.8255 1.54024E-05 -121.0774
v -162 1.537006E-05 -134
v -162 1.53178E-05 -135.644
v -162 20.00002 -135.644
v -162 20.00002 -134
v -162.5 20.00002 -132.5
v -162.5 1.547735E-05 -132.5
v -164 20.00002 -132
v -164 1.567205E-05 -132
v -162.5 1.547735E-05 -132.5
v -162.5 20.00002 -132.5
v -165.644 20.00002 -132
v -165.644 1.586803E-05 -132
v -162 20.00002 -134
v -162 20.00002 -135.644
v -162.5 20.00002 -132.5
v -164 20.00002 -132
v -165.644 20.00002 -132
v -162 1.537006E-05 -134
v -162 1.531777E-05 -135.645
v -162.5 1.547735E-05 -132.5
v -164 1.567205E-05 -132
v -165.644 1.586803E-05 -132
v -162.5 20.00002 -127.5
v -162.5 1.563628E-05 -127.5
v -164.64 1.593207E-05 -126.22
v -164.64 20.00002 -126.22
v -163.78 20.00002 -125.36
v -163.78 1.585689E-05 -125.36
v -162.5 1.563628E-05 -127.5
v -162.5 20.00002 -127.5
v -157.5 20.00002 -132.5
v -157.5 1.48813E-05 -132.5
v -155.36 1.45855E-05 -133.78
v -155.36 20.00002 -133.78
v -156.22 20.00002 -134.64
v -156.22 1.466069E-05 -134.64
v -157.5 1.48813E-05 -132.5
v -157.5 20.00002 -132.5
v -158 20.00002 -126
v -158 1.514752E-05 -126
v -158 1.519977E-05 -124.356
v -158 20.00002 -124.356
v -157.5 20.00002 -127.5
v -157.5 1.504023E-05 -127.5
v -156 20.00002 -128
v -156 1.484552E-05 -128
v -157.5 1.504023E-05 -127.5
v -157.5 20.00002 -127.5
v -154.356 20.00002 -128
v -154.356 1.464954E-05 -128
v -158 20.00002 -126
v -158 20.00002 -124.356
v -157.5 20.00002 -127.5
v -156 20.00002 -128
v -154.356 20.00002 -128
v -158 1.514752E-05 -126
v -158 1.519977E-05 -124.356
v -157.5 1.504023E-05 -127.5
v -156 1.484552E-05 -128
v -154.356 1.464954E-05 -128
v -157.5 1.48813E-05 -132.5
v -156.22 1.466069E-05 -134.64
v -155.36 1.45855E-05 -133.78
v -157.5 20.00002 -132.5
v -155.36 20.00002 -133.78
v -156.22 20.00002 -134.64
v -162.5 20.00002 -127.5
v -164.64 20.00002 -126.22
v -163.78 20.00002 -125.36
v -162.5 1.563628E-05 -127.5
v -163.78 1.585689E-05 -125.36
v -164.64 1.593207E-05 -126.22
v -155.2402 1.480748E-05 -126.3475
v -156.3475 1.497467E-05 -125.2402
v -164.7598 1.57101E-05 -133.6525
v -163.6525 1.55429E-05 -134.7598
v -164.7598 20.00002 -133.6525
v -163.6525 20.00002 -134.7598
v -155.2402 20.00002 -126.3475
v -156.3475 20.00002 -125.2402
v -154.356 1.464954E-05 -128
v -154.356 20.00002 -128
v -154.2046 20.00002 -128.4472
v -154.2046 1.461728E-05 -128.4472
v -154.051 20.00002 -129.2168
v -154.051 1.457451E-05 -129.2168
v -154.0001 20.00002 -130
v -154.0001 1.454355E-05 -130
v -154.051 1.452472E-05 -130.7832
v -154.051 20.00002 -130.7832
v -154.2046 20.00002 -131.5528
v -154.2046 1.451857E-05 -131.5528
v -154.4566 20.00002 -132.2961
v -154.4566 1.452498E-05 -132.2961
v -154.804 20.00002 -133
v -154.804 1.454402E-05 -133
v -155.2402 20.00002 -133.6525
v -155.2402 1.457528E-05 -133.6525
v -155.36 20.00002 -133.78
v -155.36 1.45855E-05 -133.78
v -156.22 1.466069E-05 -134.64
v -156.22 20.00002 -134.64
v -156.3475 20.00002 -134.7598
v -156.3475 1.467208E-05 -134.7598
v -157 20.00002 -135.196
v -157 1.4736E-05 -135.196
v -157.704 20.00002 -135.543
v -157.704 1.480889E-05 -135.543
v -158.4472 20.00002 -135.7954
v -158.4472 1.488947E-05 -135.7954
v -159.2168 20.00002 -135.949
v -159.2168 1.497633E-05 -135.949
v -160 20.00002 -135.9999
v -160 1.506807E-05 -136
v -160.7832 20.00002 -135.949
v -160.7832 1.516306E-05 -135.949
v -161.5528 20.00002 -135.7954
v -161.5528 1.525968E-05 -135.7954
v -162 20.00002 -135.644
v -162 1.53178E-05 -135.644
v -165.644 1.586803E-05 -132
v -165.644 20.00002 -132
v -165.7954 20.00002 -131.5528
v -165.7954 1.59003E-05 -131.5528
v -165.949 20.00002 -130.7832
v -165.949 1.594307E-05 -130.7832
v -165.9999 20.00002 -130
v -166 1.597404E-05 -130
v -165.949 20.00002 -129.2168
v -165.949 1.599286E-05 -129.2168
v -165.7954 20.00002 -128.4472
v -165.7954 1.599901E-05 -128.4472
v -165.5434 20.00002 -127.7039
v -165.5434 1.59926E-05 -127.7039
v -165.196 20.00002 -127
v -165.196 1.597356E-05 -127
v -164.7598 20.00002 -126.3475
v -164.7598 1.59423E-05 -126.3475
v -164.64 20.00002 -126.22
v -164.64 1.593207E-05 -126.22
v -163.78 1.585689E-05 -125.36
v -163.78 20.00002 -125.36
v -163.6525 20.00002 -125.2402
v -163.6525 1.58455E-05 -125.2402
v -163 20.00002 -124.804
v -163 1.578158E-05 -124.804
v -162.296 20.00002 -124.457
v -162.296 1.570869E-05 -124.457
v -161.5528 20.00002 -124.2046
v -161.5528 1.562811E-05 -124.2046
v -160.7832 20.00002 -124.051
v -160.7832 1.554125E-05 -124.051
v -160 20.00002 -124.0001
v -160 1.54495E-05 -124.0001
v -159.2168 20.00002 -124.051
v -159.2168 1.535452E-05 -124.051
v -158.4472 20.00002 -124.2046
v -158.4472 1.52579E-05 -124.2046
v -158 20.00002 -124.356
v -158 1.519977E-05 -124.356
v -158.69 2.576874E-05 -50.09
v -161.31 2.623724E-05 -50.09
v -160 2.683792E-05 -47
v -161.31 20.00002 -50.09
v -158.69 20.00002 -50.09
v -160 20.00002 -47
v -158 14.72003 -45.6
v -158.69 20.00002 -50.09
v -158.69 2.576874E-05 -50.09
v -158 5.280027 -45.6
v -158.3 13.00003 -44
v -158.3 7.000027 -44
v -158.69 20.00002 -50.09
v -160 18.00003 -44
v -160 20.00002 -47
v -158.3 13.00003 -44
v -161.7 13.00003 -44
v -160 18.00003 -44
v -161.6659 13.00003 -43.7412
v -161.6914 13.00003 -43.8695
v -161.7 13.00003 -44
v -160.7 13.00003 -44
v -161.566 13.00003 -43.5
v -161.6239 13.00003 -43.6173
v -161.4071 13.00003 -43.2929
v -161.4934 13.00003 -43.3912
v -161.2 13.00003 -43.134
v -161.3088 13.00003 -43.2066
v -160.9588 13.00003 -43.0341
v -161.0827 13.00003 -43.0761
v -160.7 13.00003 -43
v -160.8305 13.00003 -43.0086
v -161.6914 7.000028 -43.8695
v -161.7 7.000028 -44
v -161.7 13.00003 -44
v -161.6914 13.00003 -43.8695
v -161.6659 7.000028 -43.7412
v -161.6659 13.00003 -43.7412
v -161.6239 7.000028 -43.6173
v -161.6239 13.00003 -43.6173
v -161.566 7.000028 -43.5
v -161.566 13.00003 -43.5
v -161.4934 7.000028 -43.3912
v -161.4934 13.00003 -43.3912
v -161.4071 7.000028 -43.2929
v -161.4071 13.00003 -43.2929
v -161.3088 7.000028 -43.2066
v -161.3088 13.00003 -43.2066
v -161.2 7.000028 -43.134
v -161.2 13.00003 -43.134
v -161.0827 7.000028 -43.0761
v -161.0827 13.00003 -43.0761
v -160.9588 7.000028 -43.0341
v -160.9588 13.00003 -43.0341
v -160.8305 7.000028 -43.0086
v -160.8305 13.00003 -43.0086
v -160.7 7.000028 -43
v -160.7 13.00003 -43
v -161.6659 7.000028 -43.7412
v -161.6914 7.000028 -43.8695
v -161.7 7.000028 -44
v -160.7 7.000027 -44
v -161.566 7.000028 -43.5
v -161.6239 7.000028 -43.6173
v -161.4071 7.000028 -43.2929
v -161.4934 7.000028 -43.3912
v -161.2 7.000028 -43.134
v -161.3088 7.000028 -43.2066
v -160.9588 7.000028 -43.0341
v -161.0827 7.000028 -43.0761
v -160.7 7.000028 -43
v -160.8305 7.000028 -43.0086
v -159.3 13.00003 -43
v -159.3 7.000027 -43
v -159.3 13.00003 -43
v -159.3 13.00003 -44
v -159.3 7.000027 -44
v -159.3 7.000027 -43
v -158.3341 7.000027 -43.7412
v -158.3086 7.000027 -43.8695
v -158.3 7.000027 -44
v -158.434 7.000027 -43.5
v -158.3761 7.000027 -43.6173
v -158.5929 7.000027 -43.2929
v -158.5066 7.000027 -43.3912
v -158.8 7.000027 -43.134
v -158.6912 7.000027 -43.2066
v -159.0412 7.000027 -43.0341
v -158.9173 7.000027 -43.0761
v -159.1695 7.000027 -43.0086
v -158.3086 7.000027 -43.8695
v -158.3086 13.00003 -43.8695
v -158.3341 7.000027 -43.7412
v -158.3341 13.00003 -43.7412
v -158.3761 7.000027 -43.6173
v -158.3761 13.00003 -43.6173
v -158.434 7.000027 -43.5
v -158.434 13.00003 -43.5
v -158.5066 7.000027 -43.3912
v -158.5066 13.00003 -43.3912
v -158.5929 7.000027 -43.2929
v -158.5929 13.00003 -43.2929
v -158.6912 7.000027 -43.2066
v -158.6912 13.00003 -43.2066
v -158.8 7.000027 -43.134
v -158.8 13.00003 -43.134
v -158.9173 7.000027 -43.0761
v -158.9173 13.00003 -43.0761
v -159.0412 7.000027 -43.0341
v -159.0412 13.00003 -43.0341
v -159.1695 7.000027 -43.0086
v -159.1695 13.00003 -43.0086
v -158.3341 13.00003 -43.7412
v -158.3086 13.00003 -43.8695
v -158.3 13.00003 -44
v -158.434 13.00003 -43.5
v -158.3761 13.00003 -43.6173
v -158.5929 13.00003 -43.2929
v -158.5066 13.00003 -43.3912
v -158.8 13.00003 -43.134
v -158.6912 13.00003 -43.2066
v -159.0412 13.00003 -43.0341
v -158.9173 13.00003 -43.0761
v -159.1695 13.00003 -43.0086
v -162 14.72003 -45.6
v -162 5.280027 -45.6
v -161.31 2.623724E-05 -50.09
v -161.31 20.00002 -50.09
v -161.7 7.000028 -44
v -158.3 7.000027 -44
v -160 2.000027 -44
v -158.69 2.576874E-05 -50.09
v -160 2.683792E-05 -47
v -160 2.000027 -44
v -160 2.000027 -44
v -160 2.683792E-05 -47
v -161.31 2.623724E-05 -50.09
v -161.31 20.00002 -50.09
v -160 20.00002 -47
v -160 18.00003 -44
v -158.512 7.000026 -49.035
v -158.512 13.00002 -49.035
v -154.892 13.00002 -49.605
v -154.892 7.000025 -49.605
v -158.512 13.00002 -49.035
v -158.693 13.00002 -50.035
v -155.073 13.00002 -50.605
v -154.892 13.00002 -49.605
v -154.892 7.000025 -49.605
v -155.073 7.000025 -50.605
v -158.693 7.000025 -50.035
v -158.512 7.000026 -49.035
v -152.597 2.43076E-05 -51.46538
v -155.0886 2.497189E-05 -50.6558
v -152.888 2.526303E-05 -48.122
v -155.0886 20.00002 -50.6558
v -152.597 20.00002 -51.46538
v -152.888 20.00002 -48.122
v -150.5534 14.72002 -47.4086
v -152.597 20.00002 -51.46538
v -152.597 2.43076E-05 -51.46538
v -150.5534 5.280025 -47.4086
v -150.3443 13.00002 -45.7943
v -150.3443 7.000025 -45.7943
v -152.597 20.00002 -51.46538
v -151.961 18.00002 -45.269
v -152.888 20.00002 -48.122
v -150.3443 13.00002 -45.7943
v -153.5777 13.00003 -44.7437
v -151.961 18.00002 -45.269
v -153.4653 13.00003 -44.50812
v -153.5292 13.00003 -44.62225
v -153.5777 13.00003 -44.7437
v -152.6267 13.00002 -45.0527
v -153.2958 13.00003 -44.30961
v -153.3871 13.00003 -44.40327
v -153.0807 13.00003 -44.16175
v -153.1931 13.00003 -44.22857
v -152.8346 13.00003 -44.07463
v -152.9605 13.00003 -44.11006
v -152.5744 13.00003 -44.05416
v -152.7052 13.00003 -44.05582
v -152.3177 13.00003 -44.1017
v -152.4445 13.00003 -44.06956
v -153.5292 7.000026 -44.62225
v -153.5777 7.000026 -44.7437
v -153.5777 13.00003 -44.7437
v -153.5292 13.00003 -44.62225
v -153.4653 7.000026 -44.50812
v -153.4653 13.00003 -44.50812
v -153.3871 7.000026 -44.40327
v -153.3871 13.00003 -44.40327
v -153.2958 7.000026 -44.3096
v -153.2958 13.00003 -44.30961
v -153.1931 7.000026 -44.22857
v -153.1931 13.00003 -44.22857
v -153.0807 7.000026 -44.16175
v -153.0807 13.00003 -44.16175
v -152.9605 7.000026 -44.11006
v -152.9605 13.00003 -44.11006
v -152.8346 7.000026 -44.07463
v -152.8346 13.00003 -44.07463
v -152.7052 7.000026 -44.05582
v -152.7052 13.00003 -44.05582
v -152.5744 7.000026 -44.05416
v -152.5744 13.00003 -44.05416
v -152.4445 7.000026 -44.06955
v -152.4445 13.00003 -44.06956
v -152.3177 7.000026 -44.1017
v -152.3177 13.00003 -44.1017
v -153.4653 7.000026 -44.50812
v -153.5292 7.000026 -44.62225
v -153.5777 7.000026 -44.7437
v -152.6267 7.000026 -45.0527
v -153.2958 7.000026 -44.3096
v -153.3871 7.000026 -44.40327
v -153.0807 7.000026 -44.16175
v -153.1931 7.000026 -44.22857
v -152.8346 7.000026 -44.07463
v -152.9605 7.000026 -44.11006
v -152.5744 7.000026 -44.05416
v -152.7052 7.000026 -44.05582
v -152.3177 7.000026 -44.1017
v -152.4445 7.000026 -44.06955
v -150.9863 13.00002 -44.5343
v -150.9863 7.000025 -44.5343
v -150.9863 13.00002 -44.5343
v -151.2953 13.00002 -45.4853
v -151.2953 7.000025 -45.4853
v -150.9863 7.000025 -44.5343
v -150.2968 7.000025 -45.53764
v -150.3122 7.000025 -45.66754
v -150.3443 7.000025 -45.7943
v -150.3172 7.000025 -45.27739
v -150.2984 7.000025 -45.40684
v -150.4044 7.000025 -45.03134
v -150.3527 7.000025 -45.15149
v -150.5522 7.000025 -44.81623
v -150.4712 7.000025 -44.9189
v -150.7507 7.000025 -44.6467
v -150.6459 7.000025 -44.72493
v -150.8649 7.000025 -44.5828
v -150.3122 7.000025 -45.66754
v -150.3122 13.00002 -45.66754
v -150.2968 7.000025 -45.53764
v -150.2968 13.00002 -45.53764
v -150.2984 7.000025 -45.40684
v -150.2984 13.00002 -45.40684
v -150.3172 7.000025 -45.27739
v -150.3172 13.00002 -45.27739
v -150.3527 7.000025 -45.15149
v -150.3527 13.00002 -45.15149
v -150.4044 7.000025 -45.03134
v -150.4044 13.00002 -45.03134
v -150.4712 7.000025 -44.9189
v -150.4712 13.00002 -44.9189
v -150.5522 7.000025 -44.81623
v -150.5522 13.00002 -44.81623
v -150.6459 7.000025 -44.72493
v -150.6459 13.00002 -44.72493
v -150.7507 7.000025 -44.6467
v -150.7507 13.00002 -44.6467
v -150.8649 7.000025 -44.5828
v -150.8649 13.00002 -44.58281
v -150.2968 13.00002 -45.53764
v -150.3122 13.00002 -45.66754
v -150.3443 13.00002 -45.7943
v -150.3172 13.00002 -45.27739
v -150.2984 13.00002 -45.40684
v -150.4044 13.00002 -45.03134
v -150.3527 13.00002 -45.15149
v -150.5522 13.00002 -44.81623
v -150.4712 13.00002 -44.9189
v -150.7507 13.00002 -44.6467
v -150.6459 13.00002 -44.72493
v -150.8649 13.00002 -44.58281
v -154.3574 14.72003 -46.1726
v -154.3574 5.280026 -46.1726
v -155.0886 2.497189E-05 -50.6558
v -155.0886 20.00002 -50.6558
v -153.5777 7.000026 -44.7437
v -150.3443 7.000025 -45.7943
v -151.961 2.000026 -45.269
v -152.597 2.43076E-05 -51.46538
v -152.888 2.526303E-05 -48.122
v -151.961 2.000026 -45.269
v -151.961 2.000026 -45.269
v -152.888 2.526303E-05 -48.122
v -155.0886 2.497189E-05 -50.6558
v -155.0886 20.00002 -50.6558
v -152.888 20.00002 -48.122
v -151.961 18.00002 -45.269
v -152.1253 7.000024 -50.509
v -152.1253 13.00002 -50.509
v -148.8603 13.00002 -52.1726
v -148.8603 7.000023 -52.1726
v -152.1253 13.00002 -50.509
v -152.5865 13.00002 -51.4142
v -149.3215 13.00002 -53.0778
v -148.8603 13.00002 -52.1726
v -148.8603 7.000023 -52.1726
v -149.3215 7.000023 -53.0778
v -152.5865 7.000024 -51.4142
v -152.1253 7.000024 -50.509
v -147.2331 2.248584E-05 -54.65783
v -149.3527 2.328098E-05 -53.11779
v -146.4766 2.323409E-05 -51.388
v -149.3527 20.00002 -53.11779
v -147.2331 20.00002 -54.65783
v -146.4766 20.00002 -51.388
v -144.0357 14.72002 -51.431
v -147.2331 20.00002 -54.65783
v -147.2331 2.248584E-05 -54.65783
v -144.0357 5.280023 -51.431
v -143.3379 13.00002 -49.96026
v -143.3379 7.000022 -49.96026
v -147.2331 20.00002 -54.65783
v -144.7132 18.00002 -48.961
v -146.4766 20.00002 -51.388
v -143.3379 13.00002 -49.96026
v -146.0885 13.00002 -47.96174
v -144.7132 18.00002 -48.961
v -145.9088 13.00002 -47.77242
v -146.0048 13.00002 -47.86122
v -146.0885 13.00002 -47.96174
v -145.2795 13.00002 -48.54954
v -145.6862 13.00002 -47.63601
v -145.802 13.00002 -47.69687
v -145.4359 13.00002 -47.56186
v -145.5635 13.00002 -47.59066
v -145.175 13.00002 -47.55505
v -145.3057 13.00002 -47.54983
v -144.9211 13.00002 -47.616
v -145.046 13.00002 -47.57716
v -144.6917 13.00002 -47.74054
v -144.8023 13.00002 -47.67079
v -146.0048 7.000024 -47.86122
v -146.0885 7.000024 -47.96174
v -146.0885 13.00002 -47.96174
v -146.0048 13.00002 -47.86122
v -145.9088 7.000024 -47.77242
v -145.9088 13.00002 -47.77242
v -145.802 7.000024 -47.69687
v -145.802 13.00002 -47.69687
v -145.6862 7.000024 -47.63601
v -145.6862 13.00002 -47.63601
v -145.5635 7.000024 -47.59066
v -145.5635 13.00002 -47.59066
v -145.4359 7.000024 -47.56186
v -145.4359 13.00002 -47.56186
v -145.3057 7.000024 -47.54983
v -145.3057 13.00002 -47.54983
v -145.175 7.000024 -47.55505
v -145.175 13.00002 -47.55505
v -145.046 7.000023 -47.57715
v -145.046 13.00002 -47.57716
v -144.9211 7.000023 -47.616
v -144.9211 13.00002 -47.616
v -144.8023 7.000023 -47.67079
v -144.8023 13.00002 -47.67079
v -144.6917 7.000023 -47.74054
v -144.6917 13.00002 -47.74054
v -145.9088 7.000024 -47.77242
v -146.0048 7.000024 -47.86122
v -146.0885 7.000024 -47.96174
v -145.2795 7.000023 -48.54954
v -145.6862 7.000024 -47.63601
v -145.802 7.000024 -47.69687
v -145.4359 7.000024 -47.56186
v -145.5635 7.000024 -47.59066
v -145.175 7.000024 -47.55505
v -145.3057 7.000024 -47.54983
v -144.9211 7.000023 -47.616
v -145.046 7.000023 -47.57715
v -144.6917 7.000023 -47.74054
v -144.8023 7.000023 -47.67079
v -143.5591 13.00002 -48.56346
v -143.5591 7.000023 -48.56346
v -143.5591 13.00002 -48.56346
v -144.1469 13.00002 -49.37246
v -144.1469 7.000023 -49.37246
v -143.5591 7.000023 -48.56346
v -143.2134 7.000023 -49.73085
v -143.2682 7.000023 -49.84963
v -143.3379 7.000022 -49.96026
v -143.1524 7.000023 -49.47699
v -143.1745 7.000023 -49.60592
v -143.1592 7.000023 -49.21605
v -143.1472 7.000023 -49.3463
v -143.2334 7.000023 -48.96577
v -143.188 7.000023 -49.08845
v -143.3698 7.000023 -48.74317
v -143.2942 7.000023 -48.84998
v -143.4586 7.000023 -48.64713
v -143.2682 7.000023 -49.84963
v -143.2682 13.00002 -49.84963
v -143.2134 7.000023 -49.73085
v -143.2134 13.00002 -49.73085
v -143.1745 7.000023 -49.60592
v -143.1745 13.00002 -49.60593
v -143.1524 7.000023 -49.47699
v -143.1524 13.00002 -49.477
v -143.1472 7.000023 -49.3463
v -143.1472 13.00002 -49.3463
v -143.1592 7.000023 -49.21605
v -143.1592 13.00002 -49.21605
v -143.188 7.000023 -49.08845
v -143.188 13.00002 -49.08846
v -143.2334 7.000023 -48.96577
v -143.2334 13.00002 -48.96577
v -143.2942 7.000023 -48.84998
v -143.2942 13.00002 -48.84998
v -143.3698 7.000023 -48.74317
v -143.3698 13.00002 -48.74317
v -143.4586 7.000023 -48.64713
v -143.4586 13.00002 -48.64713
v -143.2134 13.00002 -49.73085
v -143.2682 13.00002 -49.84963
v -143.3379 13.00002 -49.96026
v -143.1524 13.00002 -49.477
v -143.1745 13.00002 -49.60593
v -143.1592 13.00002 -49.21605
v -143.1472 13.00002 -49.3463
v -143.2334 13.00002 -48.96577
v -143.188 13.00002 -49.08846
v -143.3698 13.00002 -48.74317
v -143.2942 13.00002 -48.84998
v -143.4586 13.00002 -48.64713
v -147.2717 14.72002 -49.0798
v -147.2717 5.280024 -49.0798
v -149.3527 2.328098E-05 -53.11779
v -149.3527 20.00002 -53.11779
v -146.0885 7.000024 -47.96174
v -143.3379 7.000022 -49.96026
v -144.7132 2.000023 -48.961
v -147.2331 2.248584E-05 -54.65783
v -146.4766 2.323409E-05 -51.388
v -144.7132 2.000023 -48.961
v -144.7132 2.000023 -48.961
v -146.4766 2.323409E-05 -51.388
v -149.3527 2.328098E-05 -53.11779
v -149.3527 20.00002 -53.11779
v -146.4766 20.00002 -51.388
v -144.7132 18.00002 -48.961
v -146.4872 7.000022 -53.896
v -146.4872 13.00002 -53.896
v -143.896 13.00002 -56.4872
v -143.896 7.000021 -56.4872
v -146.4872 13.00002 -53.896
v -147.2056 13.00002 -54.6144
v -144.6144 13.00002 -57.2056
v -143.896 13.00002 -56.4872
v -143.896 7.000021 -56.4872
v -144.6144 7.000021 -57.2056
v -147.2056 7.000022 -54.6144
v -146.4872 7.000022 -53.896
v -143.1178 2.048139E-05 -59.35269
v -144.6578 2.132949E-05 -57.23311
v -141.388 2.094922E-05 -56.4766
v -144.6578 20.00002 -57.23311
v -143.1178 20.00002 -59.35269
v -141.388 20.00002 -56.4766
v -139.0798 14.72002 -57.27168
v -143.1178 20.00002 -59.35269
v -143.1178 2.048139E-05 -59.35269
v -139.0798 5.28002 -57.27168
v -137.9617 13.00002 -56.0885
v -137.9617 7.00002 -56.0885
v -143.1178 20.00002 -59.35269
v -138.961 18.00002 -54.7132
v -141.388 20.00002 -56.4766
v -137.9617 13.00002 -56.0885
v -139.9603 13.00002 -53.3379
v -138.961 18.00002 -54.7132
v -139.7309 13.00002 -53.21336
v -139.8496 13.00002 -53.26815
v -139.9603 13.00002 -53.3379
v -139.3725 13.00002 -54.1469
v -139.477 13.00002 -53.1524
v -139.6059 13.00002 -53.17451
v -139.216 13.00002 -53.15922
v -139.3463 13.00002 -53.14719
v -138.9658 13.00002 -53.23336
v -139.0885 13.00002 -53.18802
v -138.7432 13.00002 -53.36977
v -138.85 13.00002 -53.29423
v -138.5635 13.00002 -53.5591
v -138.6471 13.00002 -53.45858
v -139.8496 7.000021 -53.26815
v -139.9603 7.000021 -53.3379
v -139.9603 13.00002 -53.3379
v -139.8496 13.00002 -53.26815
v -139.7309 7.000021 -53.21336
v -139.7309 13.00002 -53.21336
v -139.6059 7.000021 -53.17451
v -139.6059 13.00002 -53.17451
v -139.477 7.000021 -53.1524
v -139.477 13.00002 -53.1524
v -139.3463 7.000021 -53.14718
v -139.3463 13.00002 -53.14719
v -139.216 7.000021 -53.15922
v -139.216 13.00002 -53.15922
v -139.0885 7.000021 -53.18802
v -139.0885 13.00002 -53.18802
v -138.9658 7.000021 -53.23336
v -138.9658 13.00002 -53.23336
v -138.85 7.000021 -53.29422
v -138.85 13.00002 -53.29423
v -138.7432 7.000021 -53.36977
v -138.7432 13.00002 -53.36977
v -138.6471 7.000021 -53.45858
v -138.6471 13.00002 -53.45858
v -138.5635 7.000021 -53.5591
v -138.5635 13.00002 -53.5591
v -139.7309 7.000021 -53.21336
v -139.8496 7.000021 -53.26815
v -139.9603 7.000021 -53.3379
v -139.3725 7.000021 -54.1469
v -139.477 7.000021 -53.1524
v -139.6059 7.000021 -53.17451
v -139.216 7.000021 -53.15922
v -139.3463 7.000021 -53.14718
v -138.9658 7.000021 -53.23336
v -139.0885 7.000021 -53.18802
v -138.7432 7.000021 -53.36977
v -138.85 7.000021 -53.29422
v -138.5635 7.000021 -53.5591
v -138.6471 7.000021 -53.45858
v -137.7405 13.00002 -54.6917
v -137.7405 7.000021 -54.6917
v -137.7405 13.00002 -54.6917
v -138.5495 13.00002 -55.2795
v -138.5495 7.000021 -55.2795
v -137.7405 7.000021 -54.6917
v -137.7724 7.00002 -55.90879
v -137.8612 7.00002 -56.00483
v -137.9617 7.00002 -56.0885
v -137.636 7.00002 -55.68619
v -137.6969 7.00002 -55.80198
v -137.5619 7.00002 -55.43591
v -137.5907 7.00002 -55.5635
v -137.5551 7.00002 -55.17496
v -137.5498 7.00002 -55.30566
v -137.616 7.000021 -54.92111
v -137.5772 7.00002 -55.04603
v -137.6708 7.000021 -54.80233
v -137.8612 7.00002 -56.00483
v -137.8612 13.00002 -56.00483
v -137.7724 7.00002 -55.90879
v -137.7724 13.00002 -55.90879
v -137.6969 7.00002 -55.80198
v -137.6969 13.00002 -55.80198
v -137.636 7.00002 -55.68619
v -137.636 13.00002 -55.68619
v -137.5907 7.00002 -55.5635
v -137.5907 13.00002 -55.56351
v -137.5619 7.00002 -55.43591
v -137.5619 13.00002 -55.43591
v -137.5498 7.00002 -55.30566
v -137.5498 13.00002 -55.30566
v -137.5551 7.00002 -55.17496
v -137.5551 13.00002 -55.17496
v -137.5772 7.00002 -55.04603
v -137.5771 13.00002 -55.04604
v -137.616 7.000021 -54.92111
v -137.616 13.00002 -54.92111
v -137.6708 7.000021 -54.80233
v -137.6708 13.00002 -54.80233
v -137.7724 13.00002 -55.90879
v -137.8612 13.00002 -56.00483
v -137.9617 13.00002 -56.0885
v -137.636 13.00002 -55.68619
v -137.6969 13.00002 -55.80198
v -137.5619 13.00002 -55.43591
v -137.5907 13.00002 -55.56351
v -137.5551 13.00002 -55.17496
v -137.5498 13.00002 -55.30566
v -137.616 13.00002 -54.92111
v -137.5771 13.00002 -55.04604
v -137.6708 13.00002 -54.80233
v -141.431 14.72002 -54.03568
v -141.431 5.280022 -54.03568
v -144.6578 2.132949E-05 -57.23311
v -144.6578 20.00002 -57.23311
v -139.9603 7.000021 -53.3379
v -137.9617 7.00002 -56.0885
v -138.961 2.000021 -54.7132
v -143.1178 2.048139E-05 -59.35269
v -141.388 2.094922E-05 -56.4766
v -138.961 2.000021 -54.7132
v -138.961 2.000021 -54.7132
v -141.388 2.094922E-05 -56.4766
v -144.6578 2.132949E-05 -57.23311
v -144.6578 20.00002 -57.23311
v -141.388 20.00002 -56.4766
v -138.961 18.00002 -54.7132
v -142.1726 7.00002 -58.8603
v -142.1726 13.00002 -58.8603
v -140.509 13.00002 -62.1253
v -140.509 7.000019 -62.1253
v -142.1726 13.00002 -58.8603
v -143.0778 13.00002 -59.3215
v -141.4142 13.00002 -62.5865
v -140.509 13.00002 -62.1253
v -140.509 7.000019 -62.1253
v -141.4142 7.000019 -62.5865
v -143.0778 7.00002 -59.3215
v -142.1726 7.00002 -58.8603
v -140.6558 1.849128E-05 -65.08862
v -141.4654 1.930929E-05 -62.597
v -138.122 1.863281E-05 -62.888
v -141.4654 20.00002 -62.597
v -140.6558 20.00002 -65.08862
v -138.122 20.00002 -62.888
v -136.1726 14.72002 -64.3574
v -140.6558 20.00002 -65.08862
v -140.6558 1.849128E-05 -65.08862
v -136.1726 5.280018 -64.3574
v -134.7437 13.00002 -63.5777
v -134.7437 7.000018 -63.5777
v -140.6558 20.00002 -65.08862
v -135.269 18.00002 -61.961
v -138.122 20.00002 -62.888
v -134.7437 13.00002 -63.5777
v -135.7943 13.00002 -60.3443
v -135.269 18.00002 -61.961
v -135.5376 13.00002 -60.29676
v -135.6675 13.00002 -60.31215
v -135.7943 13.00002 -60.3443
v -135.4853 13.00002 -61.2953
v -135.2774 13.00002 -60.31723
v -135.4068 13.00002 -60.29842
v -135.0313 13.00002 -60.40435
v -135.1515 13.00002 -60.35266
v -134.8162 13.00002 -60.5522
v -134.9189 13.00002 -60.47117
v -134.6467 13.00002 -60.75072
v -134.7249 13.00002 -60.64587
v -134.5343 13.00002 -60.9863
v -134.5828 13.00002 -60.86485
v -135.6675 7.000019 -60.31215
v -135.7943 7.000019 -60.3443
v -135.7943 13.00002 -60.3443
v -135.6675 13.00002 -60.31215
v -135.5376 7.000019 -60.29676
v -135.5376 13.00002 -60.29676
v -135.4068 7.000019 -60.29841
v -135.4068 13.00002 -60.29842
v -135.2774 7.000019 -60.31723
v -135.2774 13.00002 -60.31723
v -135.1515 7.000019 -60.35265
v -135.1515 13.00002 -60.35266
v -135.0313 7.000018 -60.40435
v -135.0313 13.00002 -60.40435
v -134.9189 7.000018 -60.47117
v -134.9189 13.00002 -60.47117
v -134.8162 7.000018 -60.5522
v -134.8162 13.00002 -60.5522
v -134.7249 7.000018 -60.64586
v -134.7249 13.00002 -60.64587
v -134.6467 7.000018 -60.75071
v -134.6467 13.00002 -60.75072
v -134.5828 7.000018 -60.86485
v -134.5828 13.00002 -60.86485
v -134.5343 7.000018 -60.9863
v -134.5343 13.00002 -60.9863
v -135.5376 7.000019 -60.29676
v -135.6675 7.000019 -60.31215
v -135.7943 7.000019 -60.3443
v -135.4853 7.000018 -61.2953
v -135.2774 7.000019 -60.31723
v -135.4068 7.000019 -60.29841
v -135.0313 7.000018 -60.40435
v -135.1515 7.000019 -60.35265
v -134.8162 7.000018 -60.5522
v -134.9189 7.000018 -60.47117
v -134.6467 7.000018 -60.75071
v -134.7249 7.000018 -60.64586
v -134.5343 7.000018 -60.9863
v -134.5828 7.000018 -60.86485
v -134.1017 13.00002 -62.3177
v -134.1017 7.000018 -62.3177
v -134.1017 13.00002 -62.3177
v -135.0527 13.00002 -62.6267
v -135.0527 7.000018 -62.6267
v -134.1017 7.000018 -62.3177
v -134.5081 7.000018 -63.4653
v -134.6223 7.000018 -63.52919
v -134.7437 7.000018 -63.5777
v -134.3096 7.000018 -63.29576
v -134.4033 7.000018 -63.38707
v -134.1618 7.000018 -63.08065
v -134.2286 7.000018 -63.1931
v -134.0746 7.000018 -62.8346
v -134.1101 7.000018 -62.96051
v -134.0542 7.000018 -62.57435
v -134.0558 7.000018 -62.70516
v -134.0695 7.000018 -62.44446
v -134.6223 7.000018 -63.52919
v -134.6223 13.00002 -63.52919
v -134.5081 7.000018 -63.4653
v -134.5081 13.00002 -63.4653
v -134.4033 7.000018 -63.38707
v -134.4033 13.00002 -63.38707
v -134.3096 7.000018 -63.29576
v -134.3096 13.00002 -63.29576
v -134.2286 7.000018 -63.1931
v -134.2286 13.00002 -63.1931
v -134.1618 7.000018 -63.08065
v -134.1618 13.00002 -63.08066
v -134.1101 7.000018 -62.96051
v -134.1101 13.00002 -62.96051
v -134.0746 7.000018 -62.8346
v -134.0746 13.00002 -62.83461
v -134.0558 7.000018 -62.70516
v -134.0558 13.00002 -62.70516
v -134.0542 7.000018 -62.57435
v -134.0542 13.00002 -62.57436
v -134.0695 7.000018 -62.44446
v -134.0695 13.00002 -62.44446
v -134.5081 13.00002 -63.4653
v -134.6223 13.00002 -63.52919
v -134.7437 13.00002 -63.5777
v -134.3096 13.00002 -63.29576
v -134.4033 13.00002 -63.38707
v -134.1618 13.00002 -63.08066
v -134.2286 13.00002 -63.1931
v -134.0746 13.00002 -62.83461
v -134.1101 13.00002 -62.96051
v -134.0542 13.00002 -62.57436
v -134.0558 13.00002 -62.70516
v -134.0695 13.00002 -62.44446
v -137.4086 14.72002 -60.5534
v -137.4086 5.280019 -60.5534
v -141.4654 1.930929E-05 -62.597
v -141.4654 20.00002 -62.597
v -135.7943 7.000019 -60.3443
v -134.7437 7.000018 -63.5777
v -135.269 2.000018 -61.96099
v -140.6558 1.849128E-05 -65.08862
v -138.122 1.863281E-05 -62.888
v -135.269 2.000018 -61.96099
v -135.269 2.000018 -61.96099
v -138.122 1.863281E-05 -62.888
v -141.4654 1.930929E-05 -62.597
v -141.4654 20.00002 -62.597
v -138.122 20.00002 -62.888
v -135.269 18.00002 -61.961
v -139.6013 7.000018 -64.9366
v -139.6013 13.00002 -64.9366
v -139.0247 13.00002 -68.5556
v -139.0247 7.000017 -68.5556
v -139.6013 13.00002 -64.9366
v -140.6083 13.00002 -65.0735
v -140.0317 13.00002 -68.6925
v -139.0247 13.00002 -68.5556
v -139.0247 7.000017 -68.5556
v -140.0317 7.000017 -68.6925
v -140.6083 7.000018 -65.07349
v -139.6013 7.000018 -64.9366
v -140.09 1.670905E-05 -71.31
v -140.09 1.741699E-05 -68.68999
v -137 1.651049E-05 -69.99999
v -140.09 20.00002 -68.69
v -140.09 20.00002 -71.31
v -137 20.00002 -70
v -135.6 14.72001 -72
v -140.09 20.00002 -71.31
v -140.09 1.670905E-05 -71.31
v -135.6 5.280015 -71.99999
v -134 13.00001 -71.7
v -134 7.000015 -71.7
v -140.09 20.00002 -71.31
v -134 18.00002 -70
v -137 20.00002 -70
v -134 13.00001 -71.7
v -134 13.00002 -68.3
v -134 18.00002 -70
v -133.7412 13.00002 -68.3341
v -133.8695 13.00002 -68.3086
v -134 13.00002 -68.3
v -134 13.00002 -69.3
v -133.5 13.00002 -68.434
v -133.6173 13.00002 -68.3761
v -133.2929 13.00002 -68.5929
v -133.3912 13.00002 -68.5066
v -133.134 13.00002 -68.8
v -133.2066 13.00002 -68.6912
v -133.0341 13.00002 -69.0412
v -133.0761 13.00002 -68.9173
v -133 13.00002 -69.3
v -133.0086 13.00002 -69.16949
v -133.8695 7.000016 -68.30859
v -134 7.000016 -68.3
v -134 13.00002 -68.3
v -133.8695 13.00002 -68.3086
v -133.7412 7.000016 -68.3341
v -133.7412 13.00002 -68.3341
v -133.6173 7.000016 -68.3761
v -133.6173 13.00002 -68.3761
v -133.5 7.000016 -68.434
v -133.5 13.00002 -68.434
v -133.3912 7.000016 -68.5066
v -133.3912 13.00002 -68.5066
v -133.2929 7.000016 -68.5929
v -133.2929 13.00002 -68.5929
v -133.2066 7.000016 -68.69119
v -133.2066 13.00002 -68.6912
v -133.134 7.000016 -68.8
v -133.134 13.00002 -68.8
v -133.0761 7.000016 -68.9173
v -133.0761 13.00002 -68.9173
v -133.0341 7.000016 -69.0412
v -133.0341 13.00002 -69.0412
v -133.0086 7.000016 -69.16949
v -133.0086 13.00002 -69.16949
v -133 7.000016 -69.3
v -133 13.00002 -69.3
v -133.7412 7.000016 -68.3341
v -133.8695 7.000016 -68.30859
v -134 7.000016 -68.3
v -134 7.000016 -69.3
v -133.5 7.000016 -68.434
v -133.6173 7.000016 -68.3761
v -133.2929 7.000016 -68.5929
v -133.3912 7.000016 -68.5066
v -133.134 7.000016 -68.8
v -133.2066 7.000016 -68.69119
v -133.0341 7.000016 -69.0412
v -133.0761 7.000016 -68.9173
v -133 7.000016 -69.3
v -133.0086 7.000016 -69.16949
v -133 13.00002 -70.7
v -133 7.000015 -70.7
v -133 13.00002 -70.7
v -134 13.00002 -70.7
v -134 7.000015 -70.7
v -133 7.000015 -70.7
v -133.7412 7.000015 -71.66589
v -133.8695 7.000015 -71.6914
v -134 7.000015 -71.7
v -133.5 7.000015 -71.56599
v -133.6173 7.000015 -71.62389
v -133.2929 7.000015 -71.4071
v -133.3912 7.000015 -71.49339
v -133.134 7.000015 -71.2
v -133.2066 7.000015 -71.30879
v -133.0341 7.000015 -70.95879
v -133.0761 7.000015 -71.0827
v -133.0086 7.000015 -70.8305
v -133.8695 7.000015 -71.6914
v -133.8695 13.00001 -71.6914
v -133.7412 7.000015 -71.66589
v -133.7412 13.00001 -71.6659
v -133.6173 7.000015 -71.62389
v -133.6173 13.00001 -71.62389
v -133.5 7.000015 -71.56599
v -133.5 13.00001 -71.56599
v -133.3912 7.000015 -71.49339
v -133.3912 13.00001 -71.4934
v -133.2929 7.000015 -71.4071
v -133.2929 13.00001 -71.4071
v -133.2066 7.000015 -71.30879
v -133.2066 13.00001 -71.3088
v -133.134 7.000015 -71.2
v -133.134 13.00001 -71.2
v -133.0761 7.000015 -71.0827
v -133.0761 13.00001 -71.0827
v -133.0341 7.000015 -70.95879
v -133.0341 13.00001 -70.9588
v -133.0086 7.000015 -70.8305
v -133.0086 13.00002 -70.8305
v -133.7412 13.00001 -71.6659
v -133.8695 13.00001 -71.6914
v -134 13.00001 -71.7
v -133.5 13.00001 -71.56599
v -133.6173 13.00001 -71.62389
v -133.2929 13.00001 -71.4071
v -133.3912 13.00001 -71.4934
v -133.134 13.00001 -71.2
v -133.2066 13.00001 -71.3088
v -133.0341 13.00001 -70.9588
v -133.0761 13.00001 -71.0827
v -133.0086 13.00002 -70.8305
v -135.6 14.72002 -68
v -135.6 5.280017 -67.99999
v -140.09 1.741699E-05 -68.68999
v -140.09 20.00002 -68.69
v -134 7.000016 -68.3
v -134 7.000015 -71.7
v -134 2.000016 -69.99999
v -140.09 1.670905E-05 -71.31
v -137 1.651049E-05 -69.99999
v -134 2.000016 -69.99999
v -134 2.000016 -69.99999
v -137 1.651049E-05 -69.99999
v -140.09 1.741699E-05 -68.68999
v -140.09 20.00002 -68.69
v -137 20.00002 -70
v -134 18.00002 -70
v -139.035 7.000016 -71.488
v -139.035 13.00002 -71.488
v -139.605 13.00002 -75.10799
v -139.605 7.000015 -75.10799
v -139.035 13.00002 -71.488
v -140.035 13.00002 -71.307
v -140.605 13.00002 -74.927
v -139.605 13.00002 -75.10799
v -139.605 7.000015 -75.10799
v -140.605 7.000015 -74.92699
v -140.035 7.000016 -71.307
v -139.035 7.000016 -71.488
v -141.4654 1.530863E-05 -77.40299
v -140.6558 1.583711E-05 -74.91138
v -138.122 1.478942E-05 -77.11199
v -140.6558 20.00002 -74.91138
v -141.4654 20.00001 -77.403
v -138.122 20.00001 -77.112
v -137.4086 14.72001 -79.44659
v -141.4654 20.00001 -77.403
v -141.4654 1.530863E-05 -77.40299
v -137.4086 5.280014 -79.44659
v -135.7943 13.00001 -79.6557
v -135.7943 7.000013 -79.65569
v -141.4654 20.00001 -77.403
v -135.269 18.00001 -78.039
v -138.122 20.00001 -77.112
v -135.7943 13.00001 -79.6557
v -134.7437 13.00001 -76.42229
v -135.269 18.00001 -78.039
v -134.5081 13.00001 -76.5347
v -134.6223 13.00001 -76.4708
v -134.7437 13.00001 -76.42229
v -135.0527 13.00001 -77.3733
v -134.3096 13.00001 -76.70423
v -134.4033 13.00001 -76.61292
v -134.1618 13.00001 -76.91934
v -134.2286 13.00001 -76.80689
v -134.0746 13.00001 -77.16539
v -134.1101 13.00001 -77.03949
v -134.0542 13.00001 -77.42564
v -134.0558 13.00001 -77.29484
v -134.1017 13.00001 -77.6823
v -134.0695 13.00001 -77.55553
v -134.6223 7.000014 -76.4708
v -134.7437 7.000014 -76.42229
v -134.7437 13.00001 -76.42229
v -134.6223 13.00001 -76.4708
v -134.5081 7.000014 -76.53469
v -134.5081 13.00001 -76.5347
v -134.4033 7.000014 -76.61292
v -134.4033 13.00001 -76.61292
v -134.3096 7.000014 -76.70423
v -134.3096 13.00001 -76.70423
v -134.2286 7.000014 -76.80689
v -134.2286 13.00001 -76.80689
v -134.1618 7.000014 -76.91933
v -134.1618 13.00001 -76.91934
v -134.1101 7.000014 -77.03949
v -134.1101 13.00001 -77.03949
v -134.0746 7.000014 -77.16539
v -134.0746 13.00001 -77.16539
v -134.0558 7.000014 -77.29483
v -134.0558 13.00001 -77.29484
v -134.0542 7.000013 -77.42564
v -134.0542 13.00001 -77.42564
v -134.0695 7.000013 -77.55553
v -134.0695 13.00001 -77.55553
v -134.1017 7.000013 -77.6823
v -134.1017 13.00001 -77.6823
v -134.5081 7.000014 -76.53469
v -134.6223 7.000014 -76.4708
v -134.7437 7.000014 -76.42229
v -135.0527 7.000014 -77.3733
v -134.3096 7.000014 -76.70423
v -134.4033 7.000014 -76.61292
v -134.1618 7.000014 -76.91933
v -134.2286 7.000014 -76.80689
v -134.0746 7.000014 -77.16539
v -134.1101 7.000014 -77.03949
v -134.0542 7.000013 -77.42564
v -134.0558 7.000014 -77.29483
v -134.1017 7.000013 -77.6823
v -134.0695 7.000013 -77.55553
v -134.5343 13.00001 -79.01369
v -134.5343 7.000013 -79.01369
v -134.5343 13.00001 -79.01369
v -135.4853 13.00001 -78.7047
v -135.4853 7.000013 -78.7047
v -134.5343 7.000013 -79.01369
v -135.5376 7.000013 -79.70323
v -135.6675 7.000013 -79.68784
v -135.7943 7.000013 -79.65569
v -135.2774 7.000013 -79.68276
v -135.4068 7.000013 -79.70158
v -135.0313 7.000013 -79.59564
v -135.1515 7.000013 -79.64734
v -134.8162 7.000013 -79.44779
v -134.9189 7.000013 -79.52882
v -134.6467 7.000013 -79.24928
v -134.7249 7.000013 -79.35413
v -134.5828 7.000013 -79.13515
v -135.6675 7.000013 -79.68784
v -135.6675 13.00001 -79.68784
v -135.5376 7.000013 -79.70323
v -135.5376 13.00001 -79.70324
v -135.4068 7.000013 -79.70158
v -135.4068 13.00001 -79.70158
v -135.2774 7.000013 -79.68276
v -135.2774 13.00001 -79.68276
v -135.1515 7.000013 -79.64734
v -135.1515 13.00001 -79.64734
v -135.0313 7.000013 -79.59564
v -135.0313 13.00001 -79.59564
v -134.9189 7.000013 -79.52882
v -134.9189 13.00001 -79.52882
v -134.8162 7.000013 -79.44779
v -134.8162 13.00001 -79.44779
v -134.7249 7.000013 -79.35413
v -134.7249 13.00001 -79.35413
v -134.6467 7.000013 -79.24928
v -134.6467 13.00001 -79.24928
v -134.5828 7.000013 -79.13515
v -134.5828 13.00001 -79.13515
v -135.5376 13.00001 -79.70324
v -135.6675 13.00001 -79.68784
v -135.7943 13.00001 -79.6557
v -135.2774 13.00001 -79.68276
v -135.4068 13.00001 -79.70158
v -135.0313 13.00001 -79.59564
v -135.1515 13.00001 -79.64734
v -134.8162 13.00001 -79.44779
v -134.9189 13.00001 -79.52882
v -134.6467 13.00001 -79.24928
v -134.7249 13.00001 -79.35413
v -134.5828 13.00001 -79.13515
v -136.1726 14.72001 -75.6426
v -136.1726 5.280015 -75.64259
v -140.6558 1.583711E-05 -74.91138
v -140.6558 20.00002 -74.91138
v -134.7437 7.000014 -76.42229
v -135.7943 7.000013 -79.65569
v -135.269 2.000014 -78.03899
v -141.4654 1.530863E-05 -77.40299
v -138.122 1.478942E-05 -77.11199
v -135.269 2.000014 -78.03899
v -135.269 2.000014 -78.03899
v -138.122 1.478942E-05 -77.11199
v -140.6558 1.583711E-05 -74.91138
v -140.6558 20.00002 -74.91138
v -138.122 20.00001 -77.112
v -135.269 18.00001 -78.039
v -140.509 7.000015 -77.87469
v -140.509 13.00001 -77.87469
v -142.1726 13.00001 -81.13969
v -142.1726 7.000014 -81.13969
v -140.509 13.00001 -77.87469
v -141.4142 13.00001 -77.4135
v -143.0778 13.00001 -80.6785
v -142.1726 13.00001 -81.13969
v -142.1726 7.000014 -81.13969
v -143.0778 7.000014 -80.6785
v -141.4142 7.000015 -77.4135
v -140.509 7.000015 -77.87469
v -144.6578 1.443013E-05 -82.76688
v -143.1178 1.472748E-05 -80.6473
v -141.388 1.364103E-05 -83.52339
v -143.1178 20.00001 -80.64731
v -144.6578 20.00001 -82.76689
v -141.388 20.00001 -83.5234
v -141.431 14.72001 -85.96432
v -144.6578 20.00001 -82.76689
v -144.6578 1.443013E-05 -82.76688
v -141.431 5.280013 -85.96432
v -139.9603 13.00001 -86.66209
v -139.9603 7.000012 -86.66209
v -144.6578 20.00001 -82.76689
v -138.961 18.00001 -85.2868
v -141.388 20.00001 -83.5234
v -139.9603 13.00001 -86.66209
v -137.9617 13.00001 -83.9115
v -138.961 18.00001 -85.2868
v -137.7724 13.00001 -84.09121
v -137.8612 13.00001 -83.99516
v -137.9617 13.00001 -83.9115
v -138.5495 13.00001 -84.7205
v -137.636 13.00001 -84.3138
v -137.6969 13.00001 -84.19801
v -137.5619 13.00001 -84.56409
v -137.5907 13.00001 -84.43649
v -137.555 13.00001 -84.82504
v -137.5498 13.00001 -84.69434
v -137.616 13.00001 -85.07889
v -137.5771 13.00001 -84.95396
v -137.7405 13.00001 -85.3083
v -137.6708 13.00001 -85.19767
v -137.8612 7.000012 -83.99516
v -137.9617 7.000012 -83.9115
v -137.9617 13.00001 -83.9115
v -137.8612 13.00001 -83.99516
v -137.7724 7.000012 -84.0912
v -137.7724 13.00001 -84.09121
v -137.6969 7.000012 -84.19801
v -137.6969 13.00001 -84.19801
v -137.636 7.000012 -84.3138
v -137.636 13.00001 -84.3138
v -137.5907 7.000012 -84.43649
v -137.5907 13.00001 -84.43649
v -137.5619 7.000012 -84.56409
v -137.5619 13.00001 -84.56409
v -137.5498 7.000012 -84.69434
v -137.5498 13.00001 -84.69434
v -137.555 7.000012 -84.82503
v -137.555 13.00001 -84.82504
v -137.5771 7.000012 -84.95396
v -137.5771 13.00001 -84.95396
v -137.616 7.000012 -85.07888
v -137.616 13.00001 -85.07889
v -137.6708 7.000012 -85.19766
v -137.6708 13.00001 -85.19767
v -137.7405 7.000012 -85.3083
v -137.7405 13.00001 -85.3083
v -137.7724 7.000012 -84.0912
v -137.8612 7.000012 -83.99516
v -137.9617 7.000012 -83.9115
v -138.5495 7.000012 -84.7205
v -137.636 7.000012 -84.3138
v -137.6969 7.000012 -84.19801
v -137.5619 7.000012 -84.56409
v -137.5907 7.000012 -84.43649
v -137.555 7.000012 -84.82503
v -137.5498 7.000012 -84.69434
v -137.616 7.000012 -85.07888
v -137.5771 7.000012 -84.95396
v -137.7405 7.000012 -85.3083
v -137.6708 7.000012 -85.19766
v -138.5635 13.00001 -86.4409
v -138.5635 7.000012 -86.4409
v -138.5635 13.00001 -86.4409
v -139.3725 13.00001 -85.8531
v -139.3725 7.000012 -85.8531
v -138.5635 7.000012 -86.4409
v -139.7309 7.000012 -86.78663
v -139.8496 7.000012 -86.73184
v -139.9603 7.000012 -86.66209
v -139.477 7.000012 -86.84759
v -139.6059 7.000012 -86.82549
v -139.216 7.000012 -86.84077
v -139.3463 7.000012 -86.85281
v -138.9658 7.000012 -86.76663
v -139.0885 7.000012 -86.81197
v -138.7432 7.000012 -86.63022
v -138.85 7.000012 -86.70576
v -138.6471 7.000012 -86.54141
v -139.8496 7.000012 -86.73184
v -139.8496 13.00001 -86.73185
v -139.7309 7.000012 -86.78663
v -139.7309 13.00001 -86.78664
v -139.6059 7.000012 -86.82549
v -139.6059 13.00001 -86.82549
v -139.477 7.000012 -86.84759
v -139.477 13.00001 -86.8476
v -139.3463 7.000012 -86.85281
v -139.3463 13.00001 -86.85281
v -139.216 7.000012 -86.84077
v -139.216 13.00001 -86.84077
v -139.0885 7.000012 -86.81197
v -139.0885 13.00001 -86.81197
v -138.9658 7.000012 -86.76663
v -138.9658 13.00001 -86.76663
v -138.85 7.000012 -86.70576
v -138.85 13.00001 -86.70577
v -138.7432 7.000012 -86.63022
v -138.7432 13.00001 -86.63023
v -138.6471 7.000012 -86.54141
v -138.6471 13.00001 -86.54142
v -139.7309 13.00001 -86.78664
v -139.8496 13.00001 -86.73185
v -139.9603 13.00001 -86.66209
v -139.477 13.00001 -86.8476
v -139.6059 13.00001 -86.82549
v -139.216 13.00001 -86.84077
v -139.3463 13.00001 -86.85281
v -138.9658 13.00001 -86.76663
v -139.0885 13.00001 -86.81197
v -138.7432 13.00001 -86.63023
v -138.85 13.00001 -86.70577
v -138.6471 13.00001 -86.54142
v -139.0798 14.72001 -82.72832
v -139.0798 5.280014 -82.72832
v -143.1178 1.472748E-05 -80.6473
v -143.1178 20.00001 -80.64731
v -137.9617 7.000012 -83.9115
v -139.9603 7.000012 -86.66209
v -138.961 2.000013 -85.2868
v -144.6578 1.443013E-05 -82.76688
v -141.388 1.364103E-05 -83.52339
v -138.961 2.000013 -85.2868
v -138.961 2.000013 -85.2868
v -141.388 1.364103E-05 -83.52339
v -143.1178 1.472748E-05 -80.6473
v -143.1178 20.00001 -80.64731
v -141.388 20.00001 -83.5234
v -138.961 18.00001 -85.2868
v -143.896 7.000014 -83.51279
v -143.896 13.00001 -83.51279
v -146.4872 13.00001 -86.104
v -146.4872 7.000013 -86.104
v -143.896 13.00001 -83.51279
v -144.6144 13.00001 -82.7944
v -147.2056 13.00001 -85.3856
v -146.4872 13.00001 -86.104
v -146.4872 7.000013 -86.104
v -147.2056 7.000014 -85.3856
v -144.6144 7.000014 -82.7944
v -143.896 7.000014 -83.51279
v -149.3527 1.415766E-05 -86.8822
v -147.2331 1.419478E-05 -85.34216
v -146.4766 1.317598E-05 -88.61199
v -147.2331 20.00001 -85.34217
v -149.3527 20.00001 -86.88221
v -146.4766 20.00001 -88.612
v -147.2717 14.72001 -90.9202
v -149.3527 20.00001 -86.88221
v -149.3527 1.415766E-05 -86.8822
v -147.2717 5.280013 -90.9202
v -146.0885 13.00001 -92.03825
v -146.0885 7.000012 -92.03825
v -149.3527 20.00001 -86.88221
v -144.7132 18.00001 -91.039
v -146.4766 20.00001 -88.612
v -146.0885 13.00001 -92.03825
v -143.3379 13.00001 -90.03973
v -144.7132 18.00001 -91.039
v -143.2134 13.00001 -90.26915
v -143.2681 13.00001 -90.15037
v -143.3379 13.00001 -90.03973
v -144.1469 13.00001 -90.62754
v -143.1524 13.00001 -90.523
v -143.1745 13.00001 -90.39407
v -143.1592 13.00001 -90.78395
v -143.1472 13.00001 -90.65369
v -143.2334 13.00001 -91.03423
v -143.188 13.00001 -90.91154
v -143.3698 13.00001 -91.25683
v -143.2942 13.00001 -91.15002
v -143.5591 13.00001 -91.43654
v -143.4586 13.00001 -91.35287
v -143.2681 7.000012 -90.15037
v -143.3379 7.000012 -90.03973
v -143.3379 13.00001 -90.03973
v -143.2681 13.00001 -90.15037
v -143.2134 7.000012 -90.26915
v -143.2134 13.00001 -90.26915
v -143.1745 7.000012 -90.39407
v -143.1745 13.00001 -90.39407
v -143.1524 7.000011 -90.523
v -143.1524 13.00001 -90.523
v -143.1472 7.000011 -90.65369
v -143.1472 13.00001 -90.65369
v -143.1592 7.000011 -90.78394
v -143.1592 13.00001 -90.78395
v -143.188 7.000011 -90.91154
v -143.188 13.00001 -90.91154
v -143.2334 7.000011 -91.03423
v -143.2334 13.00001 -91.03423
v -143.2942 7.000011 -91.15002
v -143.2942 13.00001 -91.15002
v -143.3698 7.000011 -91.25683
v -143.3698 13.00001 -91.25683
v -143.4586 7.000011 -91.35287
v -143.4586 13.00001 -91.35287
v -143.5591 7.000011 -91.43653
v -143.5591 13.00001 -91.43654
v -143.2134 7.000012 -90.26915
v -143.2681 7.000012 -90.15037
v -143.3379 7.000012 -90.03973
v -144.1469 7.000012 -90.62753
v -143.1524 7.000011 -90.523
v -143.1745 7.000012 -90.39407
v -143.1592 7.000011 -90.78394
v -143.1472 7.000011 -90.65369
v -143.2334 7.000011 -91.03423
v -143.188 7.000011 -90.91154
v -143.3698 7.000011 -91.25683
v -143.2942 7.000011 -91.15002
v -143.5591 7.000011 -91.43653
v -143.4586 7.000011 -91.35287
v -144.6917 13.00001 -92.25946
v -144.6917 7.000011 -92.25945
v -144.6917 13.00001 -92.25946
v -145.2795 13.00001 -91.45045
v -145.2795 7.000012 -91.45045
v -144.6917 7.000011 -92.25945
v -145.9088 7.000011 -92.22758
v -146.0048 7.000012 -92.13878
v -146.0885 7.000012 -92.03825
v -145.6862 7.000011 -92.36399
v -145.802 7.000011 -92.30312
v -145.4359 7.000011 -92.43813
v -145.5635 7.000011 -92.40933
v -145.175 7.000011 -92.44495
v -145.3056 7.000011 -92.45016
v -144.9211 7.000011 -92.38399
v -145.046 7.000011 -92.42284
v -144.8023 7.000011 -92.32921
v -146.0048 7.000012 -92.13878
v -146.0048 13.00001 -92.13878
v -145.9088 7.000011 -92.22758
v -145.9088 13.00001 -92.22758
v -145.802 7.000011 -92.30312
v -145.802 13.00001 -92.30313
v -145.6862 7.000011 -92.36399
v -145.6862 13.00001 -92.36399
v -145.5635 7.000011 -92.40933
v -145.5635 13.00001 -92.40934
v -145.4359 7.000011 -92.43813
v -145.4359 13.00001 -92.43813
v -145.3056 7.000011 -92.45016
v -145.3056 13.00001 -92.45017
v -145.175 7.000011 -92.44495
v -145.175 13.00001 -92.44495
v -145.046 7.000011 -92.42284
v -145.046 13.00001 -92.42284
v -144.9211 7.000011 -92.38399
v -144.9211 13.00001 -92.384
v -144.8023 7.000011 -92.32921
v -144.8023 13.00001 -92.32921
v -145.9088 13.00001 -92.22758
v -146.0048 13.00001 -92.13878
v -146.0885 13.00001 -92.03825
v -145.6862 13.00001 -92.36399
v -145.802 13.00001 -92.30313
v -145.4359 13.00001 -92.43813
v -145.5635 13.00001 -92.40934
v -145.175 13.00001 -92.44495
v -145.3056 13.00001 -92.45017
v -144.9211 13.00001 -92.384
v -145.046 13.00001 -92.42284
v -144.8023 13.00001 -92.32921
v -144.0357 14.72001 -88.569
v -144.0357 5.280013 -88.56899
v -147.2331 1.419478E-05 -85.34216
v -147.2331 20.00001 -85.34217
v -143.3379 7.000012 -90.03973
v -146.0885 7.000012 -92.03825
v -144.7132 2.000012 -91.03899
v -149.3527 1.415766E-05 -86.8822
v -146.4766 1.317598E-05 -88.61199
v -144.7132 2.000012 -91.03899
v -144.7132 2.000012 -91.03899
v -146.4766 1.317598E-05 -88.61199
v -147.2331 1.419478E-05 -85.34216
v -147.2331 20.00001 -85.34217
v -146.4766 20.00001 -88.612
v -144.7132 18.00001 -91.039
v -148.8603 7.000013 -87.8274
v -148.8603 13.00001 -87.8274
v -152.1253 13.00001 -89.491
v -152.1253 7.000013 -89.491
v -148.8603 13.00001 -87.8274
v -149.3215 13.00001 -86.9222
v -152.5865 13.00001 -88.5858
v -152.1253 13.00001 -89.491
v -152.1253 7.000013 -89.491
v -152.5865 7.000014 -88.5858
v -149.3215 7.000014 -86.9222
v -148.8603 7.000013 -87.8274
v -155.0886 1.451808E-05 -89.34419
v -152.597 1.42913E-05 -88.53461
v -152.888 1.343994E-05 -91.878
v -152.597 20.00001 -88.53462
v -155.0886 20.00001 -89.3442
v -152.888 20.00001 -91.878
v -154.3574 14.72001 -93.8274
v -155.0886 20.00001 -89.3442
v -155.0886 1.451808E-05 -89.34419
v -154.3574 5.280013 -93.8274
v -153.5777 13.00001 -95.2563
v -153.5777 7.000012 -95.25629
v -155.0886 20.00001 -89.3442
v -151.961 18.00001 -94.731
v -152.888 20.00001 -91.878
v -153.5777 13.00001 -95.2563
v -150.3443 13.00001 -94.2057
v -151.961 18.00001 -94.731
v -150.2968 13.00001 -94.46236
v -150.3121 13.00001 -94.33246
v -150.3443 13.00001 -94.2057
v -151.2953 13.00001 -94.5147
v -150.3172 13.00001 -94.7226
v -150.2984 13.00001 -94.59316
v -150.4044 13.00001 -94.96866
v -150.3527 13.00001 -94.8485
v -150.5522 13.00001 -95.18376
v -150.4712 13.00001 -95.0811
v -150.7507 13.00001 -95.3533
v -150.6459 13.00001 -95.27507
v -150.9863 13.00001 -95.4657
v -150.8649 13.00001 -95.4172
v -150.3121 7.000012 -94.33246
v -150.3443 7.000012 -94.2057
v -150.3443 13.00001 -94.2057
v -150.3121 13.00001 -94.33246
v -150.2968 7.000012 -94.46236
v -150.2968 13.00001 -94.46236
v -150.2984 7.000012 -94.59316
v -150.2984 13.00001 -94.59316
v -150.3172 7.000012 -94.7226
v -150.3172 13.00001 -94.7226
v -150.3527 7.000012 -94.8485
v -150.3527 13.00001 -94.8485
v -150.4044 7.000012 -94.96866
v -150.4044 13.00001 -94.96866
v -150.4712 7.000012 -95.0811
v -150.4712 13.00001 -95.0811
v -150.5522 7.000012 -95.18376
v -150.5522 13.00001 -95.18376
v -150.6459 7.000012 -95.27507
v -150.6459 13.00001 -95.27507
v -150.7507 7.000012 -95.3533
v -150.7507 13.00001 -95.3533
v -150.8649 7.000012 -95.41719
v -150.8649 13.00001 -95.4172
v -150.9863 7.000012 -95.4657
v -150.9863 13.00001 -95.4657
v -150.2968 7.000012 -94.46236
v -150.3121 7.000012 -94.33246
v -150.3443 7.000012 -94.2057
v -151.2953 7.000012 -94.51469
v -150.3172 7.000012 -94.7226
v -150.2984 7.000012 -94.59316
v -150.4044 7.000012 -94.96866
v -150.3527 7.000012 -94.8485
v -150.5522 7.000012 -95.18376
v -150.4712 7.000012 -95.0811
v -150.7507 7.000012 -95.3533
v -150.6459 7.000012 -95.27507
v -150.9863 7.000012 -95.4657
v -150.8649 7.000012 -95.41719
v -152.3177 13.00001 -95.8983
v -152.3177 7.000012 -95.8983
v -152.3177 13.00001 -95.8983
v -152.6267 13.00001 -94.9473
v -152.6267 7.000012 -94.9473
v -152.3177 7.000012 -95.8983
v -153.4653 7.000012 -95.49188
v -153.5292 7.000012 -95.37775
v -153.5777 7.000012 -95.25629
v -153.2958 7.000012 -95.69039
v -153.3871 7.000012 -95.59673
v -153.0807 7.000012 -95.83824
v -153.1931 7.000012 -95.77142
v -152.8346 7.000012 -95.92536
v -152.9605 7.000012 -95.88994
v -152.5744 7.000012 -95.94584
v -152.7052 7.000012 -95.94418
v -152.4445 7.000012 -95.93044
v -153.5292 7.000012 -95.37775
v -153.5292 13.00001 -95.37775
v -153.4653 7.000012 -95.49188
v -153.4653 13.00001 -95.49188
v -153.3871 7.000012 -95.59673
v -153.3871 13.00001 -95.59673
v -153.2958 7.000012 -95.69039
v -153.2958 13.00001 -95.69039
v -153.1931 7.000012 -95.77142
v -153.1931 13.00001 -95.77143
v -153.0807 7.000012 -95.83824
v -153.0807 13.00001 -95.83824
v -152.9605 7.000012 -95.88994
v -152.9605 13.00001 -95.88994
v -152.8346 7.000012 -95.92536
v -152.8346 13.00001 -95.92536
v -152.7052 7.000012 -95.94418
v -152.7052 13.00001 -95.94418
v -152.5744 7.000012 -95.94584
v -152.5744 13.00001 -95.94584
v -152.4445 7.000012 -95.93044
v -152.4445 13.00001 -95.93044
v -153.4653 13.00001 -95.49188
v -153.5292 13.00001 -95.37775
v -153.5777 13.00001 -95.2563
v -153.2958 13.00001 -95.69039
v -153.3871 13.00001 -95.59673
v -153.0807 13.00001 -95.83824
v -153.1931 13.00001 -95.77143
v -152.8346 13.00001 -95.92536
v -152.9605 13.00001 -95.88994
v -152.5744 13.00001 -95.94584
v -152.7052 13.00001 -95.94418
v -152.4445 13.00001 -95.93044
v -150.5534 14.72001 -92.5914
v -150.5534 5.280013 -92.5914
v -152.597 1.42913E-05 -88.53461
v -152.597 20.00001 -88.53462
v -150.3443 7.000012 -94.2057
v -153.5777 7.000012 -95.25629
v -151.961 2.000012 -94.731
v -155.0886 1.451808E-05 -89.34419
v -152.888 1.343994E-05 -91.878
v -151.961 2.000012 -94.731
v -151.961 2.000012 -94.731
v -152.888 1.343994E-05 -91.878
v -152.597 1.42913E-05 -88.53461
v -152.597 20.00001 -88.53462
v -152.888 20.00001 -91.878
v -151.961 18.00001 -94.731
v -154.9366 7.000014 -90.3987
v -154.9366 13.00001 -90.3987
v -158.5556 13.00001 -90.9753
v -158.5556 7.000014 -90.9753
v -154.9366 13.00001 -90.3987
v -155.0735 13.00001 -89.3917
v -158.6925 13.00001 -89.9683
v -158.5556 13.00001 -90.9753
v -158.5556 7.000014 -90.9753
v -158.6925 7.000015 -89.9683
v -155.0735 7.000014 -89.3917
v -154.9366 7.000014 -90.3987
v -161.31 1.547767E-05 -89.91
v -158.69 1.500918E-05 -89.91
v -160 1.440849E-05 -92.99999
v -158.69 20.00001 -89.91
v -161.31 20.00001 -89.91
v -160 20.00001 -93
v -162 14.72001 -94.4
v -161.31 20.00001 -89.91
v -161.31 1.547767E-05 -89.91
v -162 5.280015 -94.39999
v -161.7 13.00001 -96
v -161.7 7.000013 -96
v -161.31 20.00001 -89.91
v -160 18.00001 -96
v -160 20.00001 -93
v -161.7 13.00001 -96
v -158.3 13.00001 -96
v -160 18.00001 -96
v -158.3341 13.00001 -96.2588
v -158.3086 13.00001 -96.1305
v -158.3 13.00001 -96
v -159.3 13.00001 -96
v -158.434 13.00001 -96.5
v -158.3761 13.00001 -96.3827
v -158.5929 13.00001 -96.7071
v -158.5066 13.00001 -96.6088
v -158.8 13.00001 -96.866
v -158.6912 13.00001 -96.7934
v -159.0412 13.00001 -96.9659
v -158.9173 13.00001 -96.9239
v -159.3 13.00001 -97
v -159.1695 13.00001 -96.9914
v -158.3086 7.000013 -96.1305
v -158.3 7.000013 -96
v -158.3 13.00001 -96
v -158.3086 13.00001 -96.1305
v -158.3341 7.000013 -96.2588
v -158.3341 13.00001 -96.2588
v -158.3761 7.000013 -96.3827
v -158.3761 13.00001 -96.3827
v -158.434 7.000013 -96.5
v -158.434 13.00001 -96.5
v -158.5066 7.000013 -96.6088
v -158.5066 13.00001 -96.6088
v -158.5929 7.000013 -96.7071
v -158.5929 13.00001 -96.7071
v -158.6912 7.000013 -96.7934
v -158.6912 13.00001 -96.7934
v -158.8 7.000013 -96.866
v -158.8 13.00001 -96.866
v -158.9173 7.000013 -96.9239
v -158.9173 13.00001 -96.9239
v -159.0412 7.000013 -96.9659
v -159.0412 13.00001 -96.9659
v -159.1695 7.000013 -96.99139
v -159.1695 13.00001 -96.9914
v -159.3 7.000013 -97
v -159.3 13.00001 -97
v -158.3341 7.000013 -96.2588
v -158.3086 7.000013 -96.1305
v -158.3 7.000013 -96
v -159.3 7.000013 -96
v -158.434 7.000013 -96.5
v -158.3761 7.000013 -96.3827
v -158.5929 7.000013 -96.7071
v -158.5066 7.000013 -96.6088
v -158.8 7.000013 -96.866
v -158.6912 7.000013 -96.7934
v -159.0412 7.000013 -96.9659
v -158.9173 7.000013 -96.9239
v -159.3 7.000013 -97
v -159.1695 7.000013 -96.99139
v -160.7 13.00001 -97
v -160.7 7.000013 -97
v -160.7 13.00001 -97
v -160.7 13.00001 -96
v -160.7 7.000013 -96
v -160.7 7.000013 -97
v -161.6659 7.000013 -96.2588
v -161.6914 7.000013 -96.1305
v -161.7 7.000013 -96
v -161.566 7.000013 -96.5
v -161.6239 7.000013 -96.3827
v -161.4071 7.000013 -96.7071
v -161.4934 7.000013 -96.6088
v -161.2 7.000013 -96.866
v -161.3088 7.000013 -96.7934
v -160.9588 7.000013 -96.9659
v -161.0827 7.000013 -96.9239
v -160.8305 7.000013 -96.99139
v -161.6914 7.000013 -96.1305
v -161.6914 13.00001 -96.1305
v -161.6659 7.000013 -96.2588
v -161.6659 13.00001 -96.2588
v -161.6239 7.000013 -96.3827
v -161.6239 13.00001 -96.3827
v -161.566 7.000013 -96.5
v -161.566 13.00001 -96.5
v -161.4934 7.000013 -96.6088
v -161.4934 13.00001 -96.6088
v -161.4071 7.000013 -96.7071
v -161.4071 13.00001 -96.7071
v -161.3088 7.000013 -96.7934
v -161.3088 13.00001 -96.7934
v -161.2 7.000013 -96.866
v -161.2 13.00001 -96.866
v -161.0827 7.000013 -96.9239
v -161.0827 13.00001 -96.9239
v -160.9588 7.000013 -96.9659
v -160.9588 13.00001 -96.9659
v -160.8305 7.000013 -96.99139
v -160.8305 13.00001 -96.9914
v -161.6659 13.00001 -96.2588
v -161.6914 13.00001 -96.1305
v -161.7 13.00001 -96
v -161.566 13.00001 -96.5
v -161.6239 13.00001 -96.3827
v -161.4071 13.00001 -96.7071
v -161.4934 13.00001 -96.6088
v -161.2 13.00001 -96.866
v -161.3088 13.00001 -96.7934
v -160.9588 13.00001 -96.9659
v -161.0827 13.00001 -96.9239
v -160.8305 13.00001 -96.9914
v -158 14.72001 -94.4
v -158 5.280014 -94.39999
v -158.69 1.500918E-05 -89.91
v -158.69 20.00001 -89.91
v -158.3 7.000013 -96
v -161.7 7.000013 -96
v -160 2.000014 -96
v -161.31 1.547767E-05 -89.91
v -160 1.440849E-05 -92.99999
v -160 2.000014 -96
v -160 2.000014 -96
v -160 1.440849E-05 -92.99999
v -158.69 1.500918E-05 -89.91
v -158.69 20.00001 -89.91
v -160 20.00001 -93
v -160 18.00001 -96
v -161.488 7.000015 -90.965
v -161.488 13.00001 -90.965
v -165.108 13.00002 -90.395
v -165.108 7.000016 -90.395
v -161.488 13.00001 -90.965
v -161.307 13.00001 -89.965
v -164.927 13.00002 -89.395
v -165.108 13.00002 -90.395
v -165.108 7.000016 -90.395
v -164.927 7.000016 -89.395
v -161.307 7.000015 -89.965
v -161.488 7.000015 -90.965
v -167.403 1.693882E-05 -88.53461
v -164.9114 1.627453E-05 -89.3442
v -167.112 1.598338E-05 -91.878
v -164.9114 20.00002 -89.3442
v -167.403 20.00002 -88.53462
v -167.112 20.00002 -91.87801
v -169.4466 14.72002 -92.5914
v -167.403 20.00002 -88.53462
v -167.403 1.693882E-05 -88.53461
v -169.4466 5.280016 -92.5914
v -169.6557 13.00002 -94.2057
v -169.6557 7.000015 -94.2057
v -167.403 20.00002 -88.53462
v -168.039 18.00002 -94.731
v -167.112 20.00002 -91.87801
v -169.6557 13.00002 -94.2057
v -166.4223 13.00001 -95.2563
v -168.039 18.00002 -94.731
v -166.5347 13.00001 -95.49188
v -166.4708 13.00001 -95.37775
v -166.4223 13.00001 -95.2563
v -167.3733 13.00001 -94.9473
v -166.7042 13.00001 -95.69039
v -166.6129 13.00001 -95.59673
v -166.9193 13.00001 -95.83825
v -166.8069 13.00001 -95.77143
v -167.1654 13.00001 -95.92537
v -167.0395 13.00001 -95.88995
v -167.4256 13.00001 -95.94584
v -167.2948 13.00001 -95.94418
v -167.6823 13.00001 -95.8983
v -167.5555 13.00001 -95.93044
v -166.4708 7.000014 -95.37775
v -166.4223 7.000014 -95.2563
v -166.4223 13.00001 -95.2563
v -166.4708 13.00001 -95.37775
v -166.5347 7.000014 -95.49188
v -166.5347 13.00001 -95.49188
v -166.6129 7.000014 -95.59673
v -166.6129 13.00001 -95.59673
v -166.7042 7.000014 -95.69039
v -166.7042 13.00001 -95.69039
v -166.8069 7.000014 -95.77143
v -166.8069 13.00001 -95.77143
v -166.9193 7.000014 -95.83824
v -166.9193 13.00001 -95.83825
v -167.0395 7.000014 -95.88994
v -167.0395 13.00001 -95.88995
v -167.1654 7.000014 -95.92536
v -167.1654 13.00001 -95.92537
v -167.2948 7.000014 -95.94418
v -167.2948 13.00001 -95.94418
v -167.4256 7.000014 -95.94584
v -167.4256 13.00001 -95.94584
v -167.5555 7.000015 -95.93044
v -167.5555 13.00001 -95.93044
v -167.6823 7.000015 -95.8983
v -167.6823 13.00001 -95.8983
v -166.5347 7.000014 -95.49188
v -166.4708 7.000014 -95.37775
v -166.4223 7.000014 -95.2563
v -167.3733 7.000015 -94.9473
v -166.7042 7.000014 -95.69039
v -166.6129 7.000014 -95.59673
v -166.9193 7.000014 -95.83824
v -166.8069 7.000014 -95.77143
v -167.1654 7.000014 -95.92536
v -167.0395 7.000014 -95.88994
v -167.4256 7.000014 -95.94584
v -167.2948 7.000014 -95.94418
v -167.6823 7.000015 -95.8983
v -167.5555 7.000015 -95.93044
v -169.0137 13.00001 -95.4657
v -169.0137 7.000015 -95.4657
v -169.0137 13.00001 -95.4657
v -168.7047 13.00001 -94.5147
v -168.7047 7.000015 -94.5147
v -169.0137 7.000015 -95.4657
v -169.7032 7.000015 -94.46236
v -169.6878 7.000015 -94.33246
v -169.6557 7.000015 -94.2057
v -169.6828 7.000015 -94.7226
v -169.7016 7.000015 -94.59316
v -169.5956 7.000015 -94.96866
v -169.6473 7.000015 -94.8485
v -169.4478 7.000015 -95.18376
v -169.5288 7.000015 -95.0811
v -169.2493 7.000015 -95.3533
v -169.3541 7.000015 -95.27507
v -169.1351 7.000015 -95.4172
v -169.6878 7.000015 -94.33246
v -169.6878 13.00002 -94.33247
v -169.7032 7.000015 -94.46236
v -169.7032 13.00002 -94.46236
v -169.7016 7.000015 -94.59316
v -169.7016 13.00002 -94.59316
v -169.6828 7.000015 -94.7226
v -169.6828 13.00002 -94.72261
v -169.6473 7.000015 -94.8485
v -169.6473 13.00002 -94.84851
v -169.5956 7.000015 -94.96866
v -169.5956 13.00002 -94.96866
v -169.5288 7.000015 -95.0811
v -169.5288 13.00001 -95.08111
v -169.4478 7.000015 -95.18376
v -169.4478 13.00001 -95.18377
v -169.3541 7.000015 -95.27507
v -169.3541 13.00001 -95.27508
v -169.2493 7.000015 -95.3533
v -169.2493 13.00001 -95.3533
v -169.1351 7.000015 -95.4172
v -169.1351 13.00001 -95.4172
v -169.7032 13.00002 -94.46236
v -169.6878 13.00002 -94.33247
v -169.6557 13.00002 -94.2057
v -169.6828 13.00002 -94.72261
v -169.7016 13.00002 -94.59316
v -169.5956 13.00002 -94.96866
v -169.6473 13.00002 -94.84851
v -169.4478 13.00001 -95.18377
v -169.5288 13.00001 -95.08111
v -169.2493 13.00001 -95.3533
v -169.3541 13.00001 -95.27508
v -169.1351 13.00001 -95.4172
v -165.6426 14.72001 -93.8274
v -165.6426 5.280015 -93.8274
v -164.9114 1.627453E-05 -89.3442
v -164.9114 20.00002 -89.3442
v -166.4223 7.000014 -95.2563
v -169.6557 7.000015 -94.2057
v -168.039 2.000015 -94.731
v -167.403 1.693882E-05 -88.53461
v -167.112 1.598338E-05 -91.878
v -168.039 2.000015 -94.731
v -168.039 2.000015 -94.731
v -167.112 1.598338E-05 -91.878
v -164.9114 1.627453E-05 -89.3442
v -164.9114 20.00002 -89.3442
v -167.112 20.00002 -91.87801
v -168.039 18.00002 -94.731
v -167.8747 7.000016 -89.491
v -167.8747 13.00002 -89.491
v -171.1397 13.00002 -87.8274
v -171.1397 7.000017 -87.8274
v -167.8747 13.00002 -89.491
v -167.4135 13.00002 -88.5858
v -170.6785 13.00002 -86.9222
v -171.1397 13.00002 -87.8274
v -171.1397 7.000017 -87.8274
v -170.6785 7.000018 -86.9222
v -167.4135 7.000017 -88.5858
v -167.8747 7.000016 -89.491
v -172.7669 1.876057E-05 -85.34217
v -170.6473 1.796543E-05 -86.8822
v -173.5234 1.801232E-05 -88.612
v -170.6473 20.00002 -86.88221
v -172.7669 20.00002 -85.34218
v -173.5234 20.00002 -88.612
v -175.9643 14.72002 -88.569
v -172.7669 20.00002 -85.34218
v -172.7669 1.876057E-05 -85.34217
v -175.9643 5.280018 -88.569
v -176.6621 13.00002 -90.03974
v -176.6621 7.000018 -90.03974
v -172.7669 20.00002 -85.34218
v -175.2868 18.00002 -91.039
v -173.5234 20.00002 -88.612
v -176.6621 13.00002 -90.03974
v -173.9115 13.00002 -92.03826
v -175.2868 18.00002 -91.039
v -174.0912 13.00002 -92.22758
v -173.9952 13.00002 -92.13878
v -173.9115 13.00002 -92.03826
v -174.7205 13.00002 -91.45046
v -174.3138 13.00002 -92.364
v -174.198 13.00002 -92.30313
v -174.5641 13.00002 -92.43814
v -174.4365 13.00002 -92.40934
v -174.825 13.00002 -92.44495
v -174.6943 13.00002 -92.45017
v -175.0789 13.00002 -92.384
v -174.954 13.00002 -92.42284
v -175.3083 13.00002 -92.25946
v -175.1977 13.00002 -92.32921
v -173.9952 7.000017 -92.13878
v -173.9115 7.000017 -92.03826
v -173.9115 13.00002 -92.03826
v -173.9952 13.00002 -92.13878
v -174.0912 7.000017 -92.22758
v -174.0912 13.00002 -92.22758
v -174.198 7.000017 -92.30313
v -174.198 13.00002 -92.30313
v -174.3138 7.000017 -92.36399
v -174.3138 13.00002 -92.364
v -174.4365 7.000017 -92.40934
v -174.4365 13.00002 -92.40934
v -174.5641 7.000017 -92.43813
v -174.5641 13.00002 -92.43814
v -174.6943 7.000017 -92.45017
v -174.6943 13.00002 -92.45017
v -174.825 7.000017 -92.44495
v -174.825 13.00002 -92.44495
v -174.954 7.000017 -92.42284
v -174.954 13.00002 -92.42284
v -175.0789 7.000017 -92.384
v -175.0789 13.00002 -92.384
v -175.1977 7.000017 -92.32921
v -175.1977 13.00002 -92.32921
v -175.3083 7.000017 -92.25946
v -175.3083 13.00002 -92.25946
v -174.0912 7.000017 -92.22758
v -173.9952 7.000017 -92.13878
v -173.9115 7.000017 -92.03826
v -174.7205 7.000017 -91.45045
v -174.3138 7.000017 -92.36399
v -174.198 7.000017 -92.30313
v -174.5641 7.000017 -92.43813
v -174.4365 7.000017 -92.40934
v -174.825 7.000017 -92.44495
v -174.6943 7.000017 -92.45017
v -175.0789 7.000017 -92.384
v -174.954 7.000017 -92.42284
v -175.3083 7.000017 -92.25946
v -175.1977 7.000017 -92.32921
v -176.4409 13.00002 -91.43654
v -176.4409 7.000017 -91.43654
v -176.4409 13.00002 -91.43654
v -175.8531 13.00002 -90.62754
v -175.8531 7.000018 -90.62754
v -176.4409 7.000017 -91.43654
v -176.7866 7.000018 -90.26915
v -176.7318 7.000018 -90.15037
v -176.6621 7.000018 -90.03974
v -176.8476 7.000018 -90.523
v -176.8255 7.000018 -90.39407
v -176.8408 7.000018 -90.78395
v -176.8528 7.000018 -90.65369
v -176.7666 7.000018 -91.03423
v -176.812 7.000018 -90.91154
v -176.6302 7.000018 -91.25683
v -176.7058 7.000018 -91.15002
v -176.5414 7.000017 -91.35287
v -176.7318 7.000018 -90.15037
v -176.7318 13.00002 -90.15037
v -176.7866 7.000018 -90.26915
v -176.7866 13.00002 -90.26916
v -176.8255 7.000018 -90.39407
v -176.8255 13.00002 -90.39407
v -176.8476 7.000018 -90.523
v -176.8476 13.00002 -90.523
v -176.8528 7.000018 -90.65369
v -176.8528 13.00002 -90.6537
v -176.8408 7.000018 -90.78395
v -176.8408 13.00002 -90.78395
v -176.812 7.000018 -90.91154
v -176.812 13.00002 -90.91154
v -176.7666 7.000018 -91.03423
v -176.7666 13.00002 -91.03423
v -176.7058 7.000018 -91.15002
v -176.7058 13.00002 -91.15002
v -176.6302 7.000018 -91.25683
v -176.6302 13.00002 -91.25683
v -176.5414 7.000017 -91.35287
v -176.5414 13.00002 -91.35287
v -176.7866 13.00002 -90.26916
v -176.7318 13.00002 -90.15037
v -176.6621 13.00002 -90.03974
v -176.8476 13.00002 -90.523
v -176.8255 13.00002 -90.39407
v -176.8408 13.00002 -90.78395
v -176.8528 13.00002 -90.6537
v -176.7666 13.00002 -91.03423
v -176.812 13.00002 -90.91154
v -176.6302 13.00002 -91.25683
v -176.7058 13.00002 -91.15002
v -176.5414 13.00002 -91.35287
v -172.7283 14.72002 -90.9202
v -172.7283 5.280017 -90.9202
v -170.6473 1.796543E-05 -86.8822
v -170.6473 20.00002 -86.88221
v -173.9115 7.000017 -92.03826
v -176.6621 7.000018 -90.03974
v -175.2868 2.000018 -91.039
v -172.7669 1.876057E-05 -85.34217
v -173.5234 1.801232E-05 -88.612
v -175.2868 2.000018 -91.039
v -175.2868 2.000018 -91.039
v -173.5234 1.801232E-05 -88.612
v -170.6473 1.796543E-05 -86.8822
v -170.6473 20.00002 -86.88221
v -173.5234 20.00002 -88.612
v -175.2868 18.00002 -91.039
v -173.5128 7.000018 -86.104
v -173.5128 13.00002 -86.104
v -176.104 13.00002 -83.5128
v -176.104 7.00002 -83.5128
v -173.5128 13.00002 -86.104
v -172.7944 13.00002 -85.3856
v -175.3856 13.00002 -82.7944
v -176.104 13.00002 -83.5128
v -176.104 7.00002 -83.5128
v -175.3856 7.00002 -82.7944
v -172.7944 7.000018 -85.3856
v -173.5128 7.000018 -86.104
v -176.8822 2.076502E-05 -80.64731
v -175.3422 1.991692E-05 -82.76688
v -178.612 2.02972E-05 -83.5234
v -175.3422 20.00002 -82.76689
v -176.8822 20.00002 -80.64732
v -178.612 20.00002 -83.52341
v -180.9202 14.72002 -82.72832
v -176.8822 20.00002 -80.64732
v -176.8822 2.076502E-05 -80.64731
v -180.9202 5.280021 -82.72832
v -182.0383 13.00002 -83.91151
v -182.0383 7.000021 -83.9115
v -176.8822 20.00002 -80.64732
v -181.039 18.00002 -85.2868
v -178.612 20.00002 -83.52341
v -182.0383 13.00002 -83.91151
v -180.0397 13.00002 -86.6621
v -181.039 18.00002 -85.2868
v -180.2691 13.00002 -86.78664
v -180.1504 13.00002 -86.73185
v -180.0397 13.00002 -86.6621
v -180.6275 13.00002 -85.8531
v -180.523 13.00002 -86.8476
v -180.3941 13.00002 -86.82549
v -180.784 13.00002 -86.84078
v -180.6537 13.00002 -86.85281
v -181.0342 13.00002 -86.76664
v -180.9115 13.00002 -86.81198
v -181.2568 13.00002 -86.63023
v -181.15 13.00002 -86.70577
v -181.4365 13.00002 -86.4409
v -181.3529 13.00002 -86.54142
v -180.1504 7.000019 -86.73185
v -180.0397 7.000019 -86.6621
v -180.0397 13.00002 -86.6621
v -180.1504 13.00002 -86.73185
v -180.2691 7.000019 -86.78664
v -180.2691 13.00002 -86.78664
v -180.3941 7.000019 -86.82549
v -180.3941 13.00002 -86.82549
v -180.523 7.00002 -86.8476
v -180.523 13.00002 -86.8476
v -180.6537 7.00002 -86.85281
v -180.6537 13.00002 -86.85281
v -180.784 7.00002 -86.84078
v -180.784 13.00002 -86.84078
v -180.9115 7.00002 -86.81198
v -180.9115 13.00002 -86.81198
v -181.0342 7.00002 -86.76664
v -181.0342 13.00002 -86.76664
v -181.15 7.00002 -86.70577
v -181.15 13.00002 -86.70577
v -181.2568 7.00002 -86.63023
v -181.2568 13.00002 -86.63023
v -181.3529 7.00002 -86.54142
v -181.3529 13.00002 -86.54142
v -181.4365 7.00002 -86.4409
v -181.4365 13.00002 -86.4409
v -180.2691 7.000019 -86.78664
v -180.1504 7.000019 -86.73185
v -180.0397 7.000019 -86.6621
v -180.6275 7.00002 -85.8531
v -180.523 7.00002 -86.8476
v -180.3941 7.000019 -86.82549
v -180.784 7.00002 -86.84078
v -180.6537 7.00002 -86.85281
v -181.0342 7.00002 -86.76664
v -180.9115 7.00002 -86.81198
v -181.2568 7.00002 -86.63023
v -181.15 7.00002 -86.70577
v -181.4365 7.00002 -86.4409
v -181.3529 7.00002 -86.54142
v -182.2595 13.00002 -85.3083
v -182.2595 7.00002 -85.3083
v -182.2595 13.00002 -85.3083
v -181.4505 13.00002 -84.7205
v -181.4505 7.00002 -84.7205
v -182.2595 7.00002 -85.3083
v -182.2276 7.000021 -84.09121
v -182.1388 7.000021 -83.99517
v -182.0383 7.000021 -83.9115
v -182.364 7.000021 -84.3138
v -182.3031 7.000021 -84.19802
v -182.4381 7.000021 -84.56409
v -182.4093 7.000021 -84.43649
v -182.4449 7.00002 -84.82504
v -182.4502 7.00002 -84.69434
v -182.384 7.00002 -85.07889
v -182.4229 7.00002 -84.95396
v -182.3292 7.00002 -85.19767
v -182.1388 7.000021 -83.99517
v -182.1388 13.00002 -83.99517
v -182.2276 7.000021 -84.09121
v -182.2276 13.00002 -84.09121
v -182.3031 7.000021 -84.19802
v -182.3031 13.00002 -84.19802
v -182.364 7.000021 -84.3138
v -182.364 13.00002 -84.31381
v -182.4093 7.000021 -84.43649
v -182.4093 13.00002 -84.43649
v -182.4381 7.000021 -84.56409
v -182.4381 13.00002 -84.56409
v -182.4502 7.00002 -84.69434
v -182.4502 13.00002 -84.69434
v -182.4449 7.00002 -84.82504
v -182.4449 13.00002 -84.82504
v -182.4229 7.00002 -84.95396
v -182.4228 13.00002 -84.95396
v -182.384 7.00002 -85.07889
v -182.384 13.00002 -85.07889
v -182.3292 7.00002 -85.19767
v -182.3292 13.00002 -85.19767
v -182.2276 13.00002 -84.09121
v -182.1388 13.00002 -83.99517
v -182.0383 13.00002 -83.91151
v -182.364 13.00002 -84.31381
v -182.3031 13.00002 -84.19802
v -182.4381 13.00002 -84.56409
v -182.4093 13.00002 -84.43649
v -182.4449 13.00002 -84.82504
v -182.4502 13.00002 -84.69434
v -182.384 13.00002 -85.07889
v -182.4228 13.00002 -84.95396
v -182.3292 13.00002 -85.19767
v -178.569 14.72002 -85.96432
v -178.569 5.28002 -85.96432
v -175.3422 1.991692E-05 -82.76688
v -175.3422 20.00002 -82.76689
v -180.0397 7.000019 -86.6621
v -182.0383 7.000021 -83.9115
v -181.039 2.00002 -85.2868
v -176.8822 2.076502E-05 -80.64731
v -178.612 2.02972E-05 -83.5234
v -181.039 2.00002 -85.2868
v -181.039 2.00002 -85.2868
v -178.612 2.02972E-05 -83.5234
v -175.3422 1.991692E-05 -82.76688
v -175.3422 20.00002 -82.76689
v -178.612 20.00002 -83.52341
v -181.039 18.00002 -85.2868
v -177.8274 7.000021 -81.1397
v -177.8274 13.00002 -81.1397
v -179.491 13.00002 -77.8747
v -179.491 7.000021 -77.8747
v -177.8274 13.00002 -81.1397
v -176.9222 13.00002 -80.6785
v -178.5858 13.00002 -77.41351
v -179.491 13.00002 -77.8747
v -179.491 7.000021 -77.8747
v -178.5858 7.000021 -77.4135
v -176.9222 7.000021 -80.6785
v -177.8274 7.000021 -81.1397
v -179.3442 2.275514E-05 -74.91138
v -178.5346 2.193713E-05 -77.403
v -181.878 2.26136E-05 -77.112
v -178.5346 20.00002 -77.40301
v -179.3442 20.00002 -74.91138
v -181.878 20.00002 -77.11201
v -183.8274 14.72002 -75.6426
v -179.3442 20.00002 -74.91138
v -179.3442 2.275514E-05 -74.91138
v -183.8274 5.280023 -75.6426
v -185.2563 13.00002 -76.4223
v -185.2563 7.000023 -76.4223
v -179.3442 20.00002 -74.91138
v -184.731 18.00002 -78.039
v -181.878 20.00002 -77.11201
v -185.2563 13.00002 -76.4223
v -184.2057 13.00002 -79.6557
v -184.731 18.00002 -78.039
v -184.4624 13.00002 -79.70324
v -184.3325 13.00002 -79.68785
v -184.2057 13.00002 -79.6557
v -184.5147 13.00002 -78.7047
v -184.7226 13.00002 -79.68277
v -184.5932 13.00002 -79.70158
v -184.9687 13.00002 -79.59565
v -184.8485 13.00002 -79.64735
v -185.1838 13.00002 -79.4478
v -185.0811 13.00002 -79.52883
v -185.3533 13.00002 -79.24928
v -185.2751 13.00002 -79.35413
v -185.4657 13.00002 -79.0137
v -185.4172 13.00002 -79.13515
v -184.3325 7.000022 -79.68784
v -184.2057 7.000022 -79.6557
v -184.2057 13.00002 -79.6557
v -184.3325 13.00002 -79.68785
v -184.4624 7.000022 -79.70324
v -184.4624 13.00002 -79.70324
v -184.5932 7.000022 -79.70158
v -184.5932 13.00002 -79.70158
v -184.7226 7.000022 -79.68277
v -184.7226 13.00002 -79.68277
v -184.8485 7.000022 -79.64735
v -184.8485 13.00002 -79.64735
v -184.9687 7.000022 -79.59565
v -184.9687 13.00002 -79.59565
v -185.0811 7.000022 -79.52883
v -185.0811 13.00002 -79.52883
v -185.1838 7.000022 -79.44779
v -185.1838 13.00002 -79.4478
v -185.2751 7.000022 -79.35413
v -185.2751 13.00002 -79.35413
v -185.3533 7.000022 -79.24928
v -185.3533 13.00002 -79.24928
v -185.4172 7.000022 -79.13515
v -185.4172 13.00002 -79.13515
v -185.4657 7.000022 -79.0137
v -185.4657 13.00002 -79.0137
v -184.4624 7.000022 -79.70324
v -184.3325 7.000022 -79.68784
v -184.2057 7.000022 -79.6557
v -184.5147 7.000022 -78.7047
v -184.7226 7.000022 -79.68277
v -184.5932 7.000022 -79.70158
v -184.9687 7.000022 -79.59565
v -184.8485 7.000022 -79.64735
v -185.1838 7.000022 -79.44779
v -185.0811 7.000022 -79.52883
v -185.3533 7.000022 -79.24928
v -185.2751 7.000022 -79.35413
v -185.4657 7.000022 -79.0137
v -185.4172 7.000022 -79.13515
v -185.8983 13.00002 -77.6823
v -185.8983 7.000023 -77.6823
v -185.8983 13.00002 -77.6823
v -184.9473 13.00002 -77.37331
v -184.9473 7.000023 -77.3733
v -185.8983 7.000023 -77.6823
v -185.4919 7.000023 -76.5347
v -185.3777 7.000023 -76.4708
v -185.2563 7.000023 -76.4223
v -185.6904 7.000023 -76.70424
v -185.5967 7.000023 -76.61293
v -185.8382 7.000023 -76.91934
v -185.7714 7.000023 -76.8069
v -185.9254 7.000023 -77.1654
v -185.8899 7.000023 -77.03949
v -185.9458 7.000023 -77.42564
v -185.9442 7.000023 -77.29484
v -185.9305 7.000023 -77.55554
v -185.3777 7.000023 -76.4708
v -185.3777 13.00002 -76.47081
v -185.4919 7.000023 -76.5347
v -185.4919 13.00002 -76.5347
v -185.5967 7.000023 -76.61293
v -185.5967 13.00002 -76.61293
v -185.6904 7.000023 -76.70424
v -185.6904 13.00002 -76.70424
v -185.7714 7.000023 -76.8069
v -185.7714 13.00002 -76.8069
v -185.8382 7.000023 -76.91934
v -185.8382 13.00002 -76.91934
v -185.8899 7.000023 -77.03949
v -185.8899 13.00002 -77.0395
v -185.9254 7.000023 -77.1654
v -185.9254 13.00002 -77.1654
v -185.9442 7.000023 -77.29484
v -185.9442 13.00002 -77.29484
v -185.9458 7.000023 -77.42564
v -185.9458 13.00002 -77.42564
v -185.9305 7.000023 -77.55554
v -185.9305 13.00002 -77.55554
v -185.4919 13.00002 -76.5347
v -185.3777 13.00002 -76.47081
v -185.2563 13.00002 -76.4223
v -185.6904 13.00002 -76.70424
v -185.5967 13.00002 -76.61293
v -185.8382 13.00002 -76.91934
v -185.7714 13.00002 -76.8069
v -185.9254 13.00002 -77.1654
v -185.8899 13.00002 -77.0395
v -185.9458 13.00002 -77.42564
v -185.9442 13.00002 -77.29484
v -185.9305 13.00002 -77.55554
v -182.5914 14.72002 -79.4466
v -182.5914 5.280022 -79.4466
v -178.5346 2.193713E-05 -77.403
v -178.5346 20.00002 -77.40301
v -184.2057 7.000022 -79.6557
v -185.2563 7.000023 -76.4223
v -184.731 2.000023 -78.039
v -179.3442 2.275514E-05 -74.91138
v -181.878 2.26136E-05 -77.112
v -184.731 2.000023 -78.039
v -184.731 2.000023 -78.039
v -181.878 2.26136E-05 -77.112
v -178.5346 2.193713E-05 -77.403
v -178.5346 20.00002 -77.40301
v -181.878 20.00002 -77.11201
v -184.731 18.00002 -78.039
v -180.3987 7.000022 -75.0634
v -180.3987 13.00002 -75.0634
v -180.9753 13.00002 -71.4444
v -180.9753 7.000023 -71.4444
v -180.3987 13.00002 -75.0634
v -179.3917 13.00002 -74.92651
v -179.9683 13.00002 -71.3075
v -180.9753 13.00002 -71.4444
v -180.9753 7.000023 -71.4444
v -179.9683 7.000023 -71.3075
v -179.3917 7.000022 -74.9265
v -180.3987 7.000022 -75.0634
v -179.91 2.453736E-05 -68.69
v -179.91 2.382942E-05 -71.31
v -183 2.473593E-05 -70
v -179.91 20.00002 -71.31001
v -179.91 20.00002 -68.69
v -183 20.00002 -70.00001
v -184.4 14.72002 -68.00001
v -179.91 20.00002 -68.69
v -179.91 2.453736E-05 -68.69
v -184.4 5.280025 -68
v -186 13.00002 -68.3
v -186 7.000025 -68.3
v -179.91 20.00002 -68.69
v -186 18.00002 -70.00001
v -183 20.00002 -70.00001
v -186 13.00002 -68.3
v -186 13.00002 -71.7
v -186 18.00002 -70.00001
v -186.2588 13.00002 -71.6659
v -186.1305 13.00002 -71.69141
v -186 13.00002 -71.7
v -186 13.00002 -70.7
v -186.5 13.00002 -71.566
v -186.3827 13.00002 -71.6239
v -186.7071 13.00002 -71.4071
v -186.6088 13.00002 -71.4934
v -186.866 13.00002 -71.2
v -186.7934 13.00002 -71.30881
v -186.9659 13.00002 -70.9588
v -186.9239 13.00002 -71.0827
v -187 13.00002 -70.7
v -186.9914 13.00002 -70.83051
v -186.1305 7.000024 -71.6914
v -186 7.000024 -71.7
v -186 13.00002 -71.7
v -186.1305 13.00002 -71.69141
v -186.2588 7.000024 -71.6659
v -186.2588 13.00002 -71.6659
v -186.3827 7.000024 -71.6239
v -186.3827 13.00002 -71.6239
v -186.5 7.000024 -71.566
v -186.5 13.00002 -71.566
v -186.6088 7.000025 -71.4934
v -186.6088 13.00002 -71.4934
v -186.7071 7.000025 -71.4071
v -186.7071 13.00002 -71.4071
v -186.7934 7.000025 -71.3088
v -186.7934 13.00002 -71.30881
v -186.866 7.000025 -71.2
v -186.866 13.00002 -71.2
v -186.9239 7.000025 -71.0827
v -186.9239 13.00002 -71.0827
v -186.9659 7.000025 -70.9588
v -186.9659 13.00002 -70.9588
v -186.9914 7.000025 -70.83051
v -186.9914 13.00002 -70.83051
v -187 7.000025 -70.7
v -187 13.00002 -70.7
v -186.2588 7.000024 -71.6659
v -186.1305 7.000024 -71.6914
v -186 7.000024 -71.7
v -186 7.000025 -70.7
v -186.5 7.000024 -71.566
v -186.3827 7.000024 -71.6239
v -186.7071 7.000025 -71.4071
v -186.6088 7.000025 -71.4934
v -186.866 7.000025 -71.2
v -186.7934 7.000025 -71.3088
v -186.9659 7.000025 -70.9588
v -186.9239 7.000025 -71.0827
v -187 7.000025 -70.7
v -186.9914 7.000025 -70.83051
v -187 13.00002 -69.3
v -187 7.000025 -69.3
v -187 13.00002 -69.3
v -186 13.00002 -69.3
v -186 7.000025 -69.3
v -187 7.000025 -69.3
v -186.2588 7.000025 -68.3341
v -186.1305 7.000025 -68.3086
v -186 7.000025 -68.3
v -186.5 7.000025 -68.43401
v -186.3827 7.000025 -68.37611
v -186.7071 7.000025 -68.5929
v -186.6088 7.000025 -68.5066
v -186.866 7.000025 -68.8
v -186.7934 7.000025 -68.6912
v -186.9659 7.000025 -69.0412
v -186.9239 7.000025 -68.9173
v -186.9914 7.000025 -69.1695
v -186.1305 7.000025 -68.3086
v -186.1305 13.00002 -68.3086
v -186.2588 7.000025 -68.3341
v -186.2588 13.00002 -68.33411
v -186.3827 7.000025 -68.37611
v -186.3827 13.00002 -68.37611
v -186.5 7.000025 -68.43401
v -186.5 13.00002 -68.43401
v -186.6088 7.000025 -68.5066
v -186.6088 13.00002 -68.50661
v -186.7071 7.000025 -68.5929
v -186.7071 13.00002 -68.5929
v -186.7934 7.000025 -68.6912
v -186.7934 13.00002 -68.69121
v -186.866 7.000025 -68.8
v -186.866 13.00002 -68.8
v -186.9239 7.000025 -68.9173
v -186.9239 13.00002 -68.9173
v -186.9659 7.000025 -69.0412
v -186.9659 13.00002 -69.04121
v -186.9914 7.000025 -69.1695
v -186.9914 13.00002 -69.1695
v -186.2588 13.00002 -68.33411
v -186.1305 13.00002 -68.3086
v -186 13.00002 -68.3
v -186.5 13.00002 -68.43401
v -186.3827 13.00002 -68.37611
v -186.7071 13.00002 -68.5929
v -186.6088 13.00002 -68.50661
v -186.866 13.00002 -68.8
v -186.7934 13.00002 -68.69121
v -186.9659 13.00002 -69.04121
v -186.9239 13.00002 -68.9173
v -186.9914 13.00002 -69.1695
v -184.4 14.72002 -72.00001
v -184.4 5.280025 -72
v -179.91 2.382942E-05 -71.31
v -179.91 20.00002 -71.31001
v -186 7.000024 -71.7
v -186 7.000025 -68.3
v -186 2.000025 -70
v -179.91 2.453736E-05 -68.69
v -183 2.473593E-05 -70
v -186 2.000025 -70
v -186 2.000025 -70
v -183 2.473593E-05 -70
v -179.91 2.382942E-05 -71.31
v -179.91 20.00002 -71.31001
v -183 20.00002 -70.00001
v -186 18.00002 -70.00001
v -180.965 7.000024 -68.512
v -180.965 13.00002 -68.512
v -180.395 13.00002 -64.89201
v -180.395 7.000025 -64.89201
v -180.965 13.00002 -68.512
v -179.965 13.00002 -68.693
v -179.395 13.00002 -65.07301
v -180.395 13.00002 -64.89201
v -180.395 7.000025 -64.89201
v -179.395 7.000025 -65.073
v -179.965 7.000024 -68.693
v -180.965 7.000024 -68.512
v -178.5346 2.593778E-05 -62.597
v -179.3442 2.54093E-05 -65.08862
v -181.878 2.6457E-05 -62.888
v -179.3442 20.00002 -65.08862
v -178.5346 20.00002 -62.597
v -181.878 20.00002 -62.888
v -182.5914 14.72003 -60.55341
v -178.5346 20.00002 -62.597
v -178.5346 2.593778E-05 -62.597
v -182.5914 5.280027 -60.5534
v -184.2057 13.00003 -60.3443
v -184.2057 7.000027 -60.3443
v -178.5346 20.00002 -62.597
v -184.731 18.00003 -61.96101
v -181.878 20.00002 -62.888
v -184.2057 13.00003 -60.3443
v -185.2563 13.00003 -63.57771
v -184.731 18.00003 -61.96101
v -185.4919 13.00003 -63.46531
v -185.3777 13.00003 -63.5292
v -185.2563 13.00003 -63.57771
v -184.9473 13.00003 -62.62671
v -185.6904 13.00003 -63.29577
v -185.5967 13.00003 -63.38708
v -185.8382 13.00003 -63.08066
v -185.7714 13.00003 -63.19311
v -185.9254 13.00003 -62.83461
v -185.8899 13.00003 -62.96051
v -185.9458 13.00003 -62.57436
v -185.9442 13.00003 -62.70517
v -185.8983 13.00003 -62.3177
v -185.9305 13.00003 -62.44447
v -185.3777 7.000027 -63.5292
v -185.2563 7.000026 -63.5777
v -185.2563 13.00003 -63.57771
v -185.3777 13.00003 -63.5292
v -185.4919 7.000027 -63.46531
v -185.4919 13.00003 -63.46531
v -185.5967 7.000027 -63.38708
v -185.5967 13.00003 -63.38708
v -185.6904 7.000027 -63.29577
v -185.6904 13.00003 -63.29577
v -185.7714 7.000027 -63.19311
v -185.7714 13.00003 -63.19311
v -185.8382 7.000027 -63.08066
v -185.8382 13.00003 -63.08066
v -185.8899 7.000027 -62.96051
v -185.8899 13.00003 -62.96051
v -185.9254 7.000027 -62.83461
v -185.9254 13.00003 -62.83461
v -185.9442 7.000027 -62.70517
v -185.9442 13.00003 -62.70517
v -185.9458 7.000027 -62.57436
v -185.9458 13.00003 -62.57436
v -185.9305 7.000027 -62.44447
v -185.9305 13.00003 -62.44447
v -185.8983 7.000027 -62.3177
v -185.8983 13.00003 -62.3177
v -185.4919 7.000027 -63.46531
v -185.3777 7.000027 -63.5292
v -185.2563 7.000026 -63.5777
v -184.9473 7.000027 -62.6267
v -185.6904 7.000027 -63.29577
v -185.5967 7.000027 -63.38708
v -185.8382 7.000027 -63.08066
v -185.7714 7.000027 -63.19311
v -185.9254 7.000027 -62.83461
v -185.8899 7.000027 -62.96051
v -185.9458 7.000027 -62.57436
v -185.9442 7.000027 -62.70517
v -185.8983 7.000027 -62.3177
v -185.9305 7.000027 -62.44447
v -185.4657 13.00003 -60.98631
v -185.4657 7.000027 -60.9863
v -185.4657 13.00003 -60.98631
v -184.5147 13.00003 -61.2953
v -184.5147 7.000027 -61.2953
v -185.4657 7.000027 -60.9863
v -184.4624 7.000027 -60.29676
v -184.3325 7.000027 -60.31216
v -184.2057 7.000027 -60.3443
v -184.7226 7.000027 -60.31724
v -184.5932 7.000027 -60.29842
v -184.9687 7.000027 -60.40436
v -184.8485 7.000027 -60.35266
v -185.1838 7.000027 -60.55221
v -185.0811 7.000027 -60.47117
v -185.3533 7.000027 -60.75072
v -185.2751 7.000027 -60.64587
v -185.4172 7.000027 -60.86485
v -184.3325 7.000027 -60.31216
v -184.3325 13.00003 -60.31216
v -184.4624 7.000027 -60.29676
v -184.4624 13.00003 -60.29676
v -184.5932 7.000027 -60.29842
v -184.5932 13.00003 -60.29842
v -184.7226 7.000027 -60.31724
v -184.7226 13.00003 -60.31724
v -184.8485 7.000027 -60.35266
v -184.8485 13.00003 -60.35266
v -184.9687 7.000027 -60.40436
v -184.9687 13.00003 -60.40436
v -185.0811 7.000027 -60.47117
v -185.0811 13.00003 -60.47118
v -185.1838 7.000027 -60.55221
v -185.1838 13.00003 -60.55221
v -185.2751 7.000027 -60.64587
v -185.2751 13.00003 -60.64587
v -185.3533 7.000027 -60.75072
v -185.3533 13.00003 -60.75072
v -185.4172 7.000027 -60.86485
v -185.4172 13.00003 -60.86486
v -184.4624 13.00003 -60.29676
v -184.3325 13.00003 -60.31216
v -184.2057 13.00003 -60.3443
v -184.7226 13.00003 -60.31724
v -184.5932 13.00003 -60.29842
v -184.9687 13.00003 -60.40436
v -184.8485 13.00003 -60.35266
v -185.1838 13.00003 -60.55221
v -185.0811 13.00003 -60.47118
v -185.3533 13.00003 -60.75072
v -185.2751 13.00003 -60.64587
v -185.4172 13.00003 -60.86486
v -183.8274 14.72003 -64.35741
v -183.8274 5.280026 -64.3574
v -179.3442 2.54093E-05 -65.08862
v -179.3442 20.00002 -65.08862
v -185.2563 7.000026 -63.5777
v -184.2057 7.000027 -60.3443
v -184.731 2.000027 -61.961
v -178.5346 2.593778E-05 -62.597
v -181.878 2.6457E-05 -62.888
v -184.731 2.000027 -61.961
v -184.731 2.000027 -61.961
v -181.878 2.6457E-05 -62.888
v -179.3442 2.54093E-05 -65.08862
v -179.3442 20.00002 -65.08862
v -181.878 20.00002 -62.888
v -184.731 18.00003 -61.96101
v -179.491 7.000026 -62.1253
v -179.491 13.00003 -62.12531
v -177.8274 13.00003 -58.8603
v -177.8274 7.000026 -58.8603
v -179.491 13.00003 -62.12531
v -178.5858 13.00002 -62.58651
v -176.9222 13.00003 -59.3215
v -177.8274 13.00003 -58.8603
v -177.8274 7.000026 -58.8603
v -176.9222 7.000026 -59.3215
v -178.5858 7.000026 -62.5865
v -179.491 7.000026 -62.1253
v -175.3422 2.681628E-05 -57.23311
v -176.8822 2.651894E-05 -59.35269
v -178.612 2.760538E-05 -56.4766
v -176.8822 20.00002 -59.3527
v -175.3422 20.00002 -57.23312
v -178.612 20.00003 -56.4766
v -178.569 14.72003 -54.03568
v -175.3422 20.00002 -57.23312
v -175.3422 2.681628E-05 -57.23311
v -178.569 5.280028 -54.03568
v -180.0397 13.00003 -53.33791
v -180.0397 7.000028 -53.3379
v -175.3422 20.00002 -57.23312
v -181.039 18.00003 -54.7132
v -178.612 20.00003 -56.4766
v -180.0397 13.00003 -53.33791
v -182.0383 13.00003 -56.0885
v -181.039 18.00003 -54.7132
v -182.2276 13.00003 -55.90879
v -182.1388 13.00003 -56.00484
v -182.0383 13.00003 -56.0885
v -181.4505 13.00003 -55.2795
v -182.364 13.00003 -55.6862
v -182.3031 13.00003 -55.80199
v -182.4381 13.00003 -55.43591
v -182.4093 13.00003 -55.56351
v -182.445 13.00003 -55.17497
v -182.4502 13.00003 -55.30566
v -182.384 13.00003 -54.92112
v -182.4229 13.00003 -55.04604
v -182.2595 13.00003 -54.6917
v -182.3292 13.00003 -54.80233
v -182.1388 7.000028 -56.00484
v -182.0383 7.000028 -56.0885
v -182.0383 13.00003 -56.0885
v -182.1388 13.00003 -56.00484
v -182.2276 7.000028 -55.90879
v -182.2276 13.00003 -55.90879
v -182.3031 7.000028 -55.80199
v -182.3031 13.00003 -55.80199
v -182.364 7.000028 -55.6862
v -182.364 13.00003 -55.6862
v -182.4093 7.000028 -55.56351
v -182.4093 13.00003 -55.56351
v -182.4381 7.000028 -55.43591
v -182.4381 13.00003 -55.43591
v -182.4502 7.000028 -55.30566
v -182.4502 13.00003 -55.30566
v -182.445 7.000028 -55.17497
v -182.445 13.00003 -55.17497
v -182.4229 7.000028 -55.04604
v -182.4229 13.00003 -55.04604
v -182.384 7.000028 -54.92112
v -182.384 13.00003 -54.92112
v -182.3292 7.000028 -54.80233
v -182.3292 13.00003 -54.80233
v -182.2595 7.000028 -54.6917
v -182.2595 13.00003 -54.6917
v -182.2276 7.000028 -55.90879
v -182.1388 7.000028 -56.00484
v -182.0383 7.000028 -56.0885
v -181.4505 7.000028 -55.2795
v -182.364 7.000028 -55.6862
v -182.3031 7.000028 -55.80199
v -182.4381 7.000028 -55.43591
v -182.4093 7.000028 -55.56351
v -182.445 7.000028 -55.17497
v -182.4502 7.000028 -55.30566
v -182.384 7.000028 -54.92112
v -182.4229 7.000028 -55.04604
v -182.2595 7.000028 -54.6917
v -182.3292 7.000028 -54.80233
v -181.4365 13.00003 -53.5591
v -181.4365 7.000029 -53.5591
v -181.4365 13.00003 -53.5591
v -180.6275 13.00003 -54.1469
v -180.6275 7.000028 -54.1469
v -181.4365 7.000029 -53.5591
v -180.2691 7.000028 -53.21337
v -180.1504 7.000028 -53.26815
v -180.0397 7.000028 -53.3379
v -180.523 7.000029 -53.15241
v -180.3941 7.000029 -53.17451
v -180.784 7.000029 -53.15923
v -180.6537 7.000029 -53.14719
v -181.0342 7.000029 -53.23337
v -180.9115 7.000029 -53.18802
v -181.2568 7.000029 -53.36978
v -181.15 7.000029 -53.29423
v -181.3529 7.000029 -53.45858
v -180.1504 7.000028 -53.26815
v -180.1504 13.00003 -53.26815
v -180.2691 7.000028 -53.21337
v -180.2691 13.00003 -53.21337
v -180.3941 7.000029 -53.17451
v -180.3941 13.00003 -53.17452
v -180.523 7.000029 -53.15241
v -180.523 13.00003 -53.15241
v -180.6537 7.000029 -53.14719
v -180.6537 13.00003 -53.14719
v -180.784 7.000029 -53.15923
v -180.784 13.00003 -53.15923
v -180.9115 7.000029 -53.18802
v -180.9115 13.00003 -53.18803
v -181.0342 7.000029 -53.23337
v -181.0342 13.00003 -53.23337
v -181.15 7.000029 -53.29423
v -181.15 13.00003 -53.29423
v -181.2568 7.000029 -53.36978
v -181.2568 13.00003 -53.36978
v -181.3529 7.000029 -53.45858
v -181.3529 13.00003 -53.45858
v -180.2691 13.00003 -53.21337
v -180.1504 13.00003 -53.26815
v -180.0397 13.00003 -53.33791
v -180.523 13.00003 -53.15241
v -180.3941 13.00003 -53.17452
v -180.784 13.00003 -53.15923
v -180.6537 13.00003 -53.14719
v -181.0342 13.00003 -53.23337
v -180.9115 13.00003 -53.18803
v -181.2568 13.00003 -53.36978
v -181.15 13.00003 -53.29423
v -181.3529 13.00003 -53.45858
v -180.9202 14.72003 -57.27168
v -180.9202 5.280028 -57.27168
v -176.8822 2.651894E-05 -59.35269
v -176.8822 20.00002 -59.3527
v -182.0383 7.000028 -56.0885
v -180.0397 7.000028 -53.3379
v -181.039 2.000028 -54.7132
v -175.3422 2.681628E-05 -57.23311
v -178.612 2.760538E-05 -56.4766
v -181.039 2.000028 -54.7132
v -181.039 2.000028 -54.7132
v -178.612 2.760538E-05 -56.4766
v -176.8822 2.651894E-05 -59.35269
v -176.8822 20.00002 -59.3527
v -178.612 20.00003 -56.4766
v -181.039 18.00003 -54.7132
v -176.104 7.000027 -56.4872
v -176.104 13.00003 -56.4872
v -173.5128 13.00003 -53.896
v -173.5128 7.000027 -53.896
v -176.104 13.00003 -56.4872
v -175.3856 13.00003 -57.2056
v -172.7944 13.00003 -54.6144
v -173.5128 13.00003 -53.896
v -173.5128 7.000027 -53.896
v -172.7944 7.000027 -54.6144
v -175.3856 7.000026 -57.2056
v -176.104 7.000027 -56.4872
v -170.6473 2.708875E-05 -53.11779
v -172.7669 2.705164E-05 -54.65783
v -173.5234 2.807044E-05 -51.388
v -172.7669 20.00003 -54.65783
v -170.6473 20.00003 -53.1178
v -173.5234 20.00003 -51.388
v -172.7283 14.72003 -49.0798
v -170.6473 20.00003 -53.1178
v -170.6473 2.708875E-05 -53.11779
v -172.7283 5.280028 -49.0798
v -173.9115 13.00003 -47.96174
v -173.9115 7.000029 -47.96174
v -170.6473 20.00003 -53.1178
v -175.2868 18.00003 -48.96101
v -173.5234 20.00003 -51.388
v -173.9115 13.00003 -47.96174
v -176.6621 13.00003 -49.96027
v -175.2868 18.00003 -48.96101
v -176.7866 13.00003 -49.73085
v -176.7319 13.00003 -49.84964
v -176.6621 13.00003 -49.96027
v -175.8531 13.00003 -49.37246
v -176.8476 13.00003 -49.477
v -176.8255 13.00003 -49.60593
v -176.8408 13.00003 -49.21605
v -176.8528 13.00003 -49.34631
v -176.7666 13.00003 -48.96577
v -176.812 13.00003 -49.08846
v -176.6302 13.00003 -48.74318
v -176.7058 13.00003 -48.84998
v -176.4409 13.00003 -48.56347
v -176.5414 13.00003 -48.64713
v -176.7319 7.000029 -49.84963
v -176.6621 7.000029 -49.96026
v -176.6621 13.00003 -49.96027
v -176.7319 13.00003 -49.84964
v -176.7866 7.000029 -49.73085
v -176.7866 13.00003 -49.73085
v -176.8255 7.000029 -49.60593
v -176.8255 13.00003 -49.60593
v -176.8476 7.000029 -49.477
v -176.8476 13.00003 -49.477
v -176.8528 7.000029 -49.34631
v -176.8528 13.00003 -49.34631
v -176.8408 7.000029 -49.21605
v -176.8408 13.00003 -49.21605
v -176.812 7.000029 -49.08846
v -176.812 13.00003 -49.08846
v -176.7666 7.000029 -48.96577
v -176.7666 13.00003 -48.96577
v -176.7058 7.000029 -48.84998
v -176.7058 13.00003 -48.84998
v -176.6302 7.000029 -48.74317
v -176.6302 13.00003 -48.74318
v -176.5414 7.000029 -48.64713
v -176.5414 13.00003 -48.64713
v -176.4409 7.000029 -48.56347
v -176.4409 13.00003 -48.56347
v -176.7866 7.000029 -49.73085
v -176.7319 7.000029 -49.84963
v -176.6621 7.000029 -49.96026
v -175.8531 7.000029 -49.37246
v -176.8476 7.000029 -49.477
v -176.8255 7.000029 -49.60593
v -176.8408 7.000029 -49.21605
v -176.8528 7.000029 -49.34631
v -176.7666 7.000029 -48.96577
v -176.812 7.000029 -49.08846
v -176.6302 7.000029 -48.74317
v -176.7058 7.000029 -48.84998
v -176.4409 7.000029 -48.56347
v -176.5414 7.000029 -48.64713
v -175.3083 13.00003 -47.74054
v -175.3083 7.000029 -47.74054
v -175.3083 13.00003 -47.74054
v -174.7205 13.00003 -48.54955
v -174.7205 7.000029 -48.54955
v -175.3083 7.000029 -47.74054
v -174.0912 7.000029 -47.77242
v -173.9952 7.000029 -47.86123
v -173.9115 7.000029 -47.96174
v -174.3138 7.000029 -47.63601
v -174.198 7.000029 -47.69687
v -174.5641 7.000029 -47.56187
v -174.4365 7.000029 -47.59066
v -174.825 7.000029 -47.55505
v -174.6944 7.000029 -47.54983
v -175.0789 7.000029 -47.61601
v -174.954 7.000029 -47.57716
v -175.1977 7.000029 -47.67079
v -173.9952 7.000029 -47.86123
v -173.9952 13.00003 -47.86123
v -174.0912 7.000029 -47.77242
v -174.0912 13.00003 -47.77242
v -174.198 7.000029 -47.69687
v -174.198 13.00003 -47.69687
v -174.3138 7.000029 -47.63601
v -174.3138 13.00003 -47.63601
v -174.4365 7.000029 -47.59066
v -174.4365 13.00003 -47.59066
v -174.5641 7.000029 -47.56187
v -174.5641 13.00003 -47.56187
v -174.6944 7.000029 -47.54983
v -174.6944 13.00003 -47.54983
v -174.825 7.000029 -47.55505
v -174.825 13.00003 -47.55505
v -174.954 7.000029 -47.57716
v -174.954 13.00003 -47.57716
v -175.0789 7.000029 -47.61601
v -175.0789 13.00003 -47.61601
v -175.1977 7.000029 -47.67079
v -175.1977 13.00003 -47.6708
v -174.0912 13.00003 -47.77242
v -173.9952 13.00003 -47.86123
v -173.9115 13.00003 -47.96174
v -174.3138 13.00003 -47.63601
v -174.198 13.00003 -47.69687
v -174.5641 13.00003 -47.56187
v -174.4365 13.00003 -47.59066
v -174.825 13.00003 -47.55505
v -174.6944 13.00003 -47.54983
v -175.0789 13.00003 -47.61601
v -174.954 13.00003 -47.57716
v -175.1977 13.00003 -47.6708
v -175.9643 14.72003 -51.431
v -175.9643 5.280028 -51.431
v -172.7669 2.705164E-05 -54.65783
v -172.7669 20.00003 -54.65783
v -176.6621 7.000029 -49.96026
v -173.9115 7.000029 -47.96174
v -175.2868 2.000029 -48.961
v -170.6473 2.708875E-05 -53.11779
v -173.5234 2.807044E-05 -51.388
v -175.2868 2.000029 -48.961
v -175.2868 2.000029 -48.961
v -173.5234 2.807044E-05 -51.388
v -172.7669 2.705164E-05 -54.65783
v -172.7669 20.00003 -54.65783
v -173.5234 20.00003 -51.388
v -175.2868 18.00003 -48.96101
v -171.1397 7.000027 -52.1726
v -171.1397 13.00003 -52.1726
v -167.8747 13.00003 -50.509
v -167.8747 7.000027 -50.509
v -171.1397 13.00003 -52.1726
v -170.6785 13.00003 -53.0778
v -167.4135 13.00003 -51.4142
v -167.8747 13.00003 -50.509
v -167.8747 7.000027 -50.509
v -167.4135 7.000027 -51.4142
v -170.6785 7.000027 -53.0778
v -171.1397 7.000027 -52.1726
v -164.9114 2.672833E-05 -50.6558
v -167.403 2.695511E-05 -51.46538
v -167.112 2.780648E-05 -48.122
v -167.403 20.00003 -51.46539
v -164.9114 20.00002 -50.6558
v -167.112 20.00003 -48.12201
v -165.6426 14.72003 -46.1726
v -164.9114 20.00002 -50.6558
v -164.9114 2.672833E-05 -50.6558
v -165.6426 5.280028 -46.1726
v -166.4223 13.00003 -44.7437
v -166.4223 7.000028 -44.7437
v -164.9114 20.00002 -50.6558
v -168.039 18.00003 -45.269
v -167.112 20.00003 -48.12201
v -166.4223 13.00003 -44.7437
v -169.6557 13.00003 -45.7943
v -168.039 18.00003 -45.269
v -169.7032 13.00003 -45.53765
v -169.6879 13.00003 -45.66754
v -169.6557 13.00003 -45.7943
v -168.7047 13.00003 -45.4853
v -169.6828 13.00003 -45.2774
v -169.7016 13.00003 -45.40684
v -169.5956 13.00003 -45.03135
v -169.6473 13.00003 -45.1515
v -169.4478 13.00003 -44.81624
v -169.5288 13.00003 -44.9189
v -169.2493 13.00003 -44.6467
v -169.3541 13.00003 -44.72493
v -169.0137 13.00003 -44.53431
v -169.1351 13.00003 -44.58281
v -169.6879 7.000029 -45.66754
v -169.6557 7.000029 -45.7943
v -169.6557 13.00003 -45.7943
v -169.6879 13.00003 -45.66754
v -169.7032 7.000029 -45.53764
v -169.7032 13.00003 -45.53765
v -169.7016 7.000029 -45.40684
v -169.7016 13.00003 -45.40684
v -169.6828 7.000029 -45.27739
v -169.6828 13.00003 -45.2774
v -169.6473 7.000029 -45.15149
v -169.6473 13.00003 -45.1515
v -169.5956 7.000029 -45.03134
v -169.5956 13.00003 -45.03135
v -169.5288 7.000029 -44.9189
v -169.5288 13.00003 -44.9189
v -169.4478 7.000029 -44.81623
v -169.4478 13.00003 -44.81624
v -169.3541 7.000029 -44.72493
v -169.3541 13.00003 -44.72493
v -169.2493 7.000029 -44.6467
v -169.2493 13.00003 -44.6467
v -169.1351 7.000029 -44.58281
v -169.1351 13.00003 -44.58281
v -169.0137 7.000029 -44.5343
v -169.0137 13.00003 -44.53431
v -169.7032 7.000029 -45.53764
v -169.6879 7.000029 -45.66754
v -169.6557 7.000029 -45.7943
v -168.7047 7.000029 -45.4853
v -169.6828 7.000029 -45.27739
v -169.7016 7.000029 -45.40684
v -169.5956 7.000029 -45.03134
v -169.6473 7.000029 -45.15149
v -169.4478 7.000029 -44.81623
v -169.5288 7.000029 -44.9189
v -169.2493 7.000029 -44.6467
v -169.3541 7.000029 -44.72493
v -169.0137 7.000029 -44.5343
v -169.1351 7.000029 -44.58281
v -167.6823 13.00003 -44.1017
v -167.6823 7.000029 -44.1017
v -167.6823 13.00003 -44.1017
v -167.3733 13.00003 -45.0527
v -167.3733 7.000028 -45.0527
v -167.6823 7.000029 -44.1017
v -166.5347 7.000028 -44.50812
v -166.4708 7.000028 -44.62225
v -166.4223 7.000028 -44.7437
v -166.7042 7.000028 -44.30961
v -166.6129 7.000028 -44.40327
v -166.9193 7.000029 -44.16175
v -166.8069 7.000029 -44.22857
v -167.1654 7.000029 -44.07463
v -167.0395 7.000029 -44.11006
v -167.4256 7.000029 -44.05416
v -167.2948 7.000029 -44.05582
v -167.5555 7.000029 -44.06956
v -166.4708 7.000028 -44.62225
v -166.4708 13.00003 -44.62226
v -166.5347 7.000028 -44.50812
v -166.5347 13.00003 -44.50812
v -166.6129 7.000028 -44.40327
v -166.6129 13.00003 -44.40327
v -166.7042 7.000028 -44.30961
v -166.7042 13.00003 -44.30961
v -166.8069 7.000029 -44.22857
v -166.8069 13.00003 -44.22857
v -166.9193 7.000029 -44.16175
v -166.9193 13.00003 -44.16176
v -167.0395 7.000029 -44.11006
v -167.0395 13.00003 -44.11006
v -167.1654 7.000029 -44.07463
v -167.1654 13.00003 -44.07464
v -167.2948 7.000029 -44.05582
v -167.2948 13.00003 -44.05582
v -167.4256 7.000029 -44.05416
v -167.4256 13.00003 -44.05416
v -167.5555 7.000029 -44.06956
v -167.5555 13.00003 -44.06956
v -166.5347 13.00003 -44.50812
v -166.4708 13.00003 -44.62226
v -166.4223 13.00003 -44.7437
v -166.7042 13.00003 -44.30961
v -166.6129 13.00003 -44.40327
v -166.9193 13.00003 -44.16176
v -166.8069 13.00003 -44.22857
v -167.1654 13.00003 -44.07464
v -167.0395 13.00003 -44.11006
v -167.4256 13.00003 -44.05416
v -167.2948 13.00003 -44.05582
v -167.5555 13.00003 -44.06956
v -169.4466 14.72003 -47.4086
v -169.4466 5.280028 -47.4086
v -167.403 2.695511E-05 -51.46538
v -167.403 20.00003 -51.46539
v -169.6557 7.000029 -45.7943
v -166.4223 7.000028 -44.7437
v -168.039 2.000029 -45.269
v -164.9114 2.672833E-05 -50.6558
v -167.112 2.780648E-05 -48.122
v -168.039 2.000029 -45.269
v -168.039 2.000029 -45.269
v -167.112 2.780648E-05 -48.122
v -167.403 2.695511E-05 -51.46538
v -167.403 20.00003 -51.46539
v -167.112 20.00003 -48.12201
v -168.039 18.00003 -45.269
v -165.0634 7.000027 -49.6013
v -165.0634 13.00003 -49.6013
v -161.4444 13.00003 -49.0247
v -161.4444 7.000026 -49.0247
v -165.0634 13.00003 -49.6013
v -164.9265 13.00003 -50.6083
v -161.3075 13.00003 -50.0317
v -161.4444 13.00003 -49.0247
v -161.4444 7.000026 -49.0247
v -161.3075 7.000026 -50.0317
v -164.9265 7.000026 -50.6083
v -165.0634 7.000027 -49.6013
v -179.828 20.00002 -72.61001
v -180 20.00002 -70.00001
v -180 2.419949E-05 -70
v -179.828 2.346349E-05 -72.61
v -179.318 20.00002 -75.176
v -179.318 2.267895E-05 -75.176
v -178.478 20.00002 -77.65401
v -178.478 2.185918E-05 -77.654
v -177.32 20.00002 -80.00001
v -177.32 2.101821E-05 -80
v -175.868 20.00002 -82.176
v -175.868 2.017061E-05 -82.17599
v -174.142 20.00002 -84.14201
v -174.142 1.933075E-05 -84.142
v -172.176 20.00002 -85.868
v -172.176 1.851283E-05 -85.868
v -170 20.00002 -87.32
v -170 1.773139E-05 -87.32
v -167.654 20.00002 -88.478
v -167.654 1.6999E-05 -88.478
v -165.176 20.00002 -89.318
v -165.176 1.632893E-05 -89.318
v -162.61 20.00002 -89.828
v -162.61 1.573228E-05 -89.828
v -160 20.00001 -90
v -160 1.521911E-05 -89.99999
v -157.39 20.00001 -89.828
v -157.39 1.479888E-05 -89.828
v -154.824 20.00001 -89.318
v -154.824 1.447784E-05 -89.31799
v -152.346 20.00001 -88.478
v -152.346 1.426172E-05 -88.478
v -150 20.00001 -87.32
v -150 1.415512E-05 -87.31999
v -147.824 20.00001 -85.868
v -147.824 1.415835E-05 -85.868
v -145.858 20.00001 -84.142
v -145.858 1.427318E-05 -84.14199
v -144.132 20.00001 -82.176
v -144.132 1.449577E-05 -82.17599
v -142.68 20.00001 -80
v -142.68 1.48241E-05 -79.99999
v -141.522 20.00001 -77.654
v -141.522 1.525093E-05 -77.65399
v -140.682 20.00002 -75.176
v -140.682 1.57703E-05 -75.17599
v -140.172 20.00002 -72.61
v -140.172 1.637245E-05 -72.60999
v -140 20.00002 -70
v -140 1.704693E-05 -69.99999
v -140.172 20.00002 -67.39
v -140.172 1.778292E-05 -67.38999
v -140.682 20.00002 -64.824
v -140.682 1.856746E-05 -64.824
v -141.522 20.00002 -62.346
v -141.522 1.938723E-05 -62.346
v -142.68 20.00002 -60
v -142.68 2.02282E-05 -60
v -144.132 20.00002 -57.824
v -144.132 2.10758E-05 -57.824
v -145.858 20.00002 -55.858
v -145.858 2.191566E-05 -55.858
v -147.824 20.00002 -54.132
v -147.824 2.273358E-05 -54.132
v -150 20.00002 -52.68
v -150 2.351502E-05 -52.68
v -152.346 20.00002 -51.522
v -152.346 2.424742E-05 -51.522
v -154.824 20.00002 -50.682
v -154.824 2.491749E-05 -50.682
v -157.39 20.00002 -50.172
v -157.39 2.551413E-05 -50.172
v -160 20.00002 -50
v -160 2.602731E-05 -50
v -162.61 20.00002 -50.172
v -162.61 2.644754E-05 -50.172
v -165.176 20.00002 -50.682
v -165.176 2.676857E-05 -50.682
v -167.654 20.00003 -51.522
v -167.654 2.69847E-05 -51.522
v -170 20.00003 -52.68
v -170 2.70913E-05 -52.68
v -172.176 20.00003 -54.132
v -172.176 2.708806E-05 -54.132
v -174.142 20.00003 -55.85801
v -174.142 2.697323E-05 -55.858
v -175.868 20.00002 -57.82401
v -175.868 2.675064E-05 -57.824
v -177.32 20.00002 -60
v -177.32 2.642231E-05 -60
v -178.478 20.00002 -62.346
v -178.478 2.599548E-05 -62.346
v -179.318 20.00002 -64.82401
v -179.318 2.547612E-05 -64.824
v -179.828 20.00002 -67.39001
v -179.828 2.487397E-05 -67.39
v -178 2.384186E-05 -70
v -177.8452 2.317947E-05 -72.349
v -179.828 2.346349E-05 -72.61
v -180 2.419949E-05 -70
v -177.3862 2.247338E-05 -74.6584
v -179.318 2.267895E-05 -75.176
v -176.6302 2.173558E-05 -76.8886
v -178.478 2.185918E-05 -77.654
v -175.588 2.097871E-05 -79
v -177.32 2.101821E-05 -80
v -174.2812 2.021587E-05 -80.9584
v -175.868 2.017061E-05 -82.17599
v -172.7278 1.946E-05 -82.7278
v -174.142 1.933075E-05 -84.142
v -170.9584 1.872387E-05 -84.2812
v -172.176 1.851283E-05 -85.868
v -169 1.802058E-05 -85.588
v -170 1.773139E-05 -87.32
v -166.8886 1.736142E-05 -86.6302
v -167.654 1.6999E-05 -88.478
v -164.6584 1.675835E-05 -87.3862
v -165.176 1.632893E-05 -89.318
v -162.349 1.622138E-05 -87.8452
v -162.61 1.573228E-05 -89.828
v -160 1.575952E-05 -88
v -160 1.521911E-05 -89.99999
v -157.651 1.538131E-05 -87.84519
v -157.39 1.479888E-05 -89.828
v -155.3416 1.509238E-05 -87.38619
v -154.824 1.447784E-05 -89.31799
v -153.1114 1.489787E-05 -86.6302
v -152.346 1.426172E-05 -88.478
v -151 1.480192E-05 -85.588
v -150 1.415512E-05 -87.31999
v -149.0416 1.480484E-05 -84.2812
v -147.824 1.415835E-05 -85.868
v -147.2722 1.490818E-05 -82.7278
v -145.858 1.427318E-05 -84.142
v -145.7188 1.510851E-05 -80.9584
v -144.132 1.449577E-05 -82.17599
v -144.412 1.540401E-05 -78.99999
v -142.68 1.48241E-05 -79.99999
v -143.3698 1.578816E-05 -76.8886
v -141.522 1.525093E-05 -77.65399
v -142.6138 1.625559E-05 -74.65839
v -140.682 1.57703E-05 -75.17599
v -142.1548 1.679752E-05 -72.34899
v -140.172 1.637245E-05 -72.60999
v -142 1.740456E-05 -69.99999
v -140 1.704693E-05 -69.99999
v -142.1548 1.806695E-05 -67.65099
v -140.172 1.778292E-05 -67.38999
v -142.6138 1.877304E-05 -65.3416
v -140.682 1.856746E-05 -64.824
v -143.3698 1.951083E-05 -63.1114
v -141.522 1.938723E-05 -62.346
v -144.412 2.02677E-05 -61
v -142.68 2.02282E-05 -60
v -145.7188 2.103055E-05 -59.0416
v -144.132 2.10758E-05 -57.824
v -147.2722 2.178642E-05 -57.2722
v -145.858 2.191566E-05 -55.858
v -149.0416 2.252255E-05 -55.7188
v -147.824 2.273358E-05 -54.132
v -151 2.322584E-05 -54.412
v -150 2.351502E-05 -52.68
v -153.1114 2.3885E-05 -53.3698
v -152.346 2.424742E-05 -51.522
v -155.3416 2.448806E-05 -52.6138
v -154.824 2.491749E-05 -50.682
v -157.651 2.502504E-05 -52.1548
v -157.39 2.551413E-05 -50.172
v -160 2.54869E-05 -52
v -160 2.602731E-05 -50
v -162.349 2.586511E-05 -52.1548
v -162.61 2.644754E-05 -50.172
v -164.6584 2.615403E-05 -52.6138
v -165.176 2.676857E-05 -50.682
v -166.8886 2.634855E-05 -53.3698
v -167.654 2.69847E-05 -51.522
v -169 2.644449E-05 -54.412
v -170 2.70913E-05 -52.68
v -170.9584 2.644157E-05 -55.7188
v -172.176 2.708806E-05 -54.132
v -172.7278 2.633823E-05 -57.2722
v -174.142 2.697323E-05 -55.858
v -174.2812 2.61379E-05 -59.0416
v -175.868 2.675064E-05 -57.824
v -175.588 2.58424E-05 -61
v -177.32 2.642231E-05 -60
v -176.6302 2.545825E-05 -63.1114
v -178.478 2.599548E-05 -62.346
v -177.3862 2.499082E-05 -65.3416
v -179.318 2.547612E-05 -64.824
v -177.8452 2.444889E-05 -67.651
v -179.828 2.487397E-05 -67.39
v -178 20.00002 -70.00001
v -177.8452 20.00002 -72.34901
v -179.828 20.00002 -72.61001
v -180 20.00002 -70.00001
v -177.3862 20.00002 -74.6584
v -179.318 20.00002 -75.176
v -176.6302 20.00002 -76.8886
v -178.478 20.00002 -77.65401
v -175.588 20.00002 -79.00001
v -177.32 20.00002 -80.00001
v -174.2812 20.00002 -80.9584
v -175.868 20.00002 -82.176
v -172.7278 20.00002 -82.72781
v -174.142 20.00002 -84.14201
v -170.9584 20.00002 -84.2812
v -172.176 20.00002 -85.868
v -169 20.00002 -85.58801
v -170 20.00002 -87.32
v -166.8886 20.00002 -86.6302
v -167.654 20.00002 -88.478
v -164.6584 20.00002 -87.3862
v -165.176 20.00002 -89.318
v -162.349 20.00002 -87.8452
v -162.61 20.00002 -89.828
v -160 20.00002 -88
v -160 20.00001 -90
v -157.651 20.00001 -87.8452
v -157.39 20.00001 -89.828
v -155.3416 20.00001 -87.3862
v -154.824 20.00001 -89.318
v -153.1114 20.00001 -86.6302
v -152.346 20.00001 -88.478
v -151 20.00001 -85.588
v -150 20.00001 -87.32
v -149.0416 20.00001 -84.2812
v -147.824 20.00001 -85.868
v -147.2722 20.00001 -82.7278
v -145.858 20.00001 -84.142
v -145.7188 20.00001 -80.9584
v -144.132 20.00001 -82.176
v -144.412 20.00001 -79
v -142.68 20.00001 -80
v -143.3698 20.00002 -76.8886
v -141.522 20.00001 -77.654
v -142.6138 20.00002 -74.6584
v -140.682 20.00002 -75.176
v -142.1548 20.00002 -72.349
v -140.172 20.00002 -72.61
v -142 20.00002 -70
v -140 20.00002 -70
v -142.1548 20.00002 -67.651
v -140.172 20.00002 -67.39
v -142.6138 20.00002 -65.3416
v -140.682 20.00002 -64.824
v -143.3698 20.00002 -63.1114
v -141.522 20.00002 -62.346
v -144.412 20.00002 -61
v -142.68 20.00002 -60
v -145.7188 20.00002 -59.0416
v -144.132 20.00002 -57.824
v -147.2722 20.00002 -57.2722
v -145.858 20.00002 -55.858
v -149.0416 20.00002 -55.7188
v -147.824 20.00002 -54.132
v -151 20.00002 -54.412
v -150 20.00002 -52.68
v -153.1114 20.00002 -53.3698
v -152.346 20.00002 -51.522
v -155.3416 20.00002 -52.6138
v -154.824 20.00002 -50.682
v -157.651 20.00002 -52.1548
v -157.39 20.00002 -50.172
v -160 20.00002 -52
v -160 20.00002 -50
v -162.349 20.00002 -52.1548
v -162.61 20.00002 -50.172
v -164.6584 20.00002 -52.6138
v -165.176 20.00002 -50.682
v -166.8886 20.00002 -53.3698
v -167.654 20.00003 -51.522
v -169 20.00002 -54.412
v -170 20.00003 -52.68
v -170.9584 20.00002 -55.7188
v -172.176 20.00003 -54.132
v -172.7278 20.00002 -57.27221
v -174.142 20.00003 -55.85801
v -174.2812 20.00002 -59.04161
v -175.868 20.00002 -57.82401
v -175.588 20.00002 -61
v -177.32 20.00002 -60
v -176.6302 20.00002 -63.1114
v -178.478 20.00002 -62.346
v -177.3862 20.00002 -65.34161
v -179.318 20.00002 -64.82401
v -177.8452 20.00002 -67.65101
v -179.828 20.00002 -67.39001
v -177.0004 2.366311E-05 -70
v -176.8542 2.303751E-05 -72.21855
v -178.2587 2.32387E-05 -72.40343
v -178.4171 2.391644E-05 -70
v -176.4207 2.237063E-05 -74.3997
v -177.7891 2.251625E-05 -74.76634
v -175.7067 2.167381E-05 -76.50605
v -177.0156 2.176136E-05 -77.04823
v -174.7224 2.095897E-05 -78.5002
v -175.9492 2.098695E-05 -79.20855
v -173.4881 2.023849E-05 -80.34985
v -174.6121 2.020643E-05 -81.21233
v -172.021 1.95246E-05 -82.02098
v -173.0227 1.943304E-05 -83.02273
v -170.3498 1.882935E-05 -83.48811
v -171.2123 1.867986E-05 -84.61212
v -168.5002 1.816511E-05 -84.72234
v -169.2086 1.796027E-05 -85.9492
v -166.5061 1.754256E-05 -85.70667
v -167.0482 1.728584E-05 -87.01556
v -164.3997 1.697298E-05 -86.42068
v -164.7663 1.66688E-05 -87.78907
v -162.2186 1.646582E-05 -86.85419
v -162.4034 1.611938E-05 -88.25871
v -160 1.602961E-05 -87.0004
v -160 1.564681E-05 -88.4171
v -157.7814 1.567241E-05 -86.85419
v -157.5966 1.525984E-05 -88.25871
v -155.6003 1.539953E-05 -86.42068
v -155.2337 1.496422E-05 -87.78907
v -153.4939 1.521581E-05 -85.70667
v -152.9518 1.47652E-05 -87.01556
v -151.4998 1.51252E-05 -84.72234
v -150.7914 1.466703E-05 -85.9492
v -149.6502 1.512795E-05 -83.48811
v -148.7877 1.467001E-05 -84.61212
v -147.979 1.522556E-05 -82.02098
v -146.9773 1.477575E-05 -83.02273
v -146.5119 1.541476E-05 -80.34984
v -145.3879 1.498073E-05 -81.21233
v -145.2776 1.569385E-05 -78.5002
v -144.0508 1.528307E-05 -79.20854
v -144.2933 1.605667E-05 -76.50605
v -142.9844 1.567612E-05 -77.04822
v -143.5793 1.649814E-05 -74.3997
v -142.2109 1.615438E-05 -74.76634
v -143.1458 1.700998E-05 -72.21854
v -141.7413 1.670888E-05 -72.40343
v -142.9996 1.75833E-05 -69.99999
v -141.5829 1.732997E-05 -69.99999
v -143.1458 1.820891E-05 -67.78144
v -141.7413 1.800771E-05 -67.59657
v -143.5793 1.887578E-05 -65.60029
v -142.2109 1.873016E-05 -65.23365
v -144.2933 1.95726E-05 -63.49394
v -142.9845 1.948505E-05 -62.95177
v -145.2776 2.028744E-05 -61.49979
v -144.0508 2.025946E-05 -60.79145
v -146.5119 2.100793E-05 -59.65015
v -145.3879 2.103998E-05 -58.78767
v -147.979 2.172182E-05 -57.97902
v -146.9773 2.181337E-05 -56.97726
v -149.6502 2.241707E-05 -56.51188
v -148.7877 2.256656E-05 -55.38787
v -151.4998 2.308131E-05 -55.27765
v -150.7915 2.328615E-05 -54.05079
v -153.494 2.370386E-05 -54.29333
v -152.9518 2.396058E-05 -52.98444
v -155.6003 2.427343E-05 -53.57931
v -155.2337 2.457762E-05 -52.21092
v -157.7814 2.478059E-05 -53.1458
v -157.5966 2.512704E-05 -51.74129
v -160 2.52168E-05 -52.9996
v -160 2.55996E-05 -51.5829
v -162.2186 2.557401E-05 -53.1458
v -162.4034 2.598657E-05 -51.74129
v -164.3997 2.584689E-05 -53.57931
v -164.7663 2.62822E-05 -52.21092
v -166.5061 2.60306E-05 -54.29333
v -167.0482 2.648122E-05 -52.98444
v -168.5002 2.612121E-05 -55.27765
v -169.2086 2.657938E-05 -54.05079
v -170.3499 2.611846E-05 -56.51188
v -171.2123 2.65764E-05 -55.38787
v -172.021 2.602086E-05 -57.97902
v -173.0227 2.647066E-05 -56.97727
v -173.4881 2.583165E-05 -59.65015
v -174.6121 2.626569E-05 -58.78767
v -174.7224 2.555256E-05 -61.4998
v -175.9492 2.596335E-05 -60.79145
v -175.7067 2.518975E-05 -63.49395
v -177.0156 2.557029E-05 -62.95177
v -176.4207 2.474828E-05 -65.6003
v -177.7891 2.509203E-05 -65.23366
v -176.8542 2.423644E-05 -67.78145
v -178.2587 2.453754E-05 -67.59657
v -177.0004 20.00002 -70.00001
v -176.8542 20.00002 -72.21856
v -178.2587 20.00002 -72.40343
v -178.4171 20.00002 -70.00001
v -176.4207 20.00002 -74.39971
v -177.7891 20.00002 -74.76635
v -175.7067 20.00002 -76.50606
v -177.0155 20.00002 -77.04823
v -174.7224 20.00002 -78.50021
v -175.9492 20.00002 -79.20856
v -173.4881 20.00002 -80.34985
v -174.6121 20.00002 -81.21233
v -172.021 20.00002 -82.02099
v -173.0227 20.00002 -83.02274
v -170.3498 20.00002 -83.48812
v -171.2123 20.00002 -84.61213
v -168.5002 20.00002 -84.72235
v -169.2085 20.00002 -85.94921
v -166.506 20.00002 -85.70667
v -167.0482 20.00002 -87.01556
v -164.3997 20.00002 -86.42069
v -164.7663 20.00002 -87.78908
v -162.2186 20.00002 -86.8542
v -162.4034 20.00002 -88.25871
v -160 20.00002 -87.0004
v -160 20.00002 -88.4171
v -157.7814 20.00002 -86.85419
v -157.5966 20.00001 -88.25871
v -155.6003 20.00001 -86.42068
v -155.2337 20.00001 -87.78908
v -153.4939 20.00001 -85.70667
v -152.9518 20.00001 -87.01556
v -151.4998 20.00001 -84.72234
v -150.7914 20.00001 -85.94921
v -149.6501 20.00001 -83.48812
v -148.7877 20.00001 -84.61213
v -147.979 20.00001 -82.02098
v -146.9773 20.00001 -83.02273
v -146.5119 20.00001 -80.34985
v -145.3879 20.00001 -81.21233
v -145.2776 20.00002 -78.5002
v -144.0508 20.00001 -79.20855
v -144.2933 20.00002 -76.50605
v -142.9844 20.00002 -77.04823
v -143.5793 20.00002 -74.3997
v -142.2109 20.00002 -74.76634
v -143.1458 20.00002 -72.21855
v -141.7413 20.00002 -72.40343
v -142.9996 20.00002 -70
v -141.5829 20.00002 -70
v -143.1458 20.00002 -67.78145
v -141.7413 20.00002 -67.59657
v -143.5793 20.00002 -65.6003
v -142.2109 20.00002 -65.23366
v -144.2933 20.00002 -63.49395
v -142.9844 20.00002 -62.95178
v -145.2776 20.00002 -61.4998
v -144.0508 20.00002 -60.79145
v -146.5119 20.00002 -59.65016
v -145.3879 20.00002 -58.78767
v -147.979 20.00002 -57.97902
v -146.9773 20.00002 -56.97727
v -149.6502 20.00002 -56.51189
v -148.7877 20.00002 -55.38787
v -151.4998 20.00002 -55.27766
v -150.7914 20.00002 -54.05079
v -153.4939 20.00002 -54.29333
v -152.9518 20.00002 -52.98444
v -155.6003 20.00002 -53.57932
v -155.2337 20.00002 -52.21093
v -157.7814 20.00002 -53.14581
v -157.5966 20.00002 -51.74129
v -160 20.00002 -52.9996
v -160 20.00002 -51.5829
v -162.2186 20.00002 -53.14581
v -162.4034 20.00002 -51.74129
v -164.3997 20.00002 -53.57932
v -164.7663 20.00002 -52.21093
v -166.5061 20.00002 -54.29333
v -167.0482 20.00002 -52.98445
v -168.5002 20.00002 -55.27766
v -169.2086 20.00002 -54.0508
v -170.3498 20.00002 -56.51189
v -171.2123 20.00002 -55.38788
v -172.021 20.00002 -57.97902
v -173.0227 20.00002 -56.97728
v -173.4881 20.00002 -59.65016
v -174.6121 20.00002 -58.78767
v -174.7224 20.00002 -61.49981
v -175.9492 20.00002 -60.79145
v -175.7067 20.00002 -63.49395
v -177.0156 20.00002 -62.95178
v -176.4207 20.00002 -65.6003
v -177.7891 20.00002 -65.23366
v -176.8542 20.00002 -67.78146
v -178.2587 20.00002 -67.59657
v -176.8538 20.00002 -72.21851
v -177 20.00002 -70.00001
v -177 2.366304E-05 -70
v -176.8538 2.303745E-05 -72.2185
v -176.4203 20.00002 -74.3996
v -176.4203 2.237059E-05 -74.3996
v -175.7063 20.00002 -76.50591
v -175.7063 2.167378E-05 -76.5059
v -174.722 20.00002 -78.50001
v -174.722 2.095896E-05 -78.5
v -173.4878 20.00002 -80.3496
v -173.4878 2.02385E-05 -80.3496
v -172.0207 20.00002 -82.02071
v -172.0207 1.952462E-05 -82.0207
v -170.3496 20.00002 -83.4878
v -170.3496 1.882939E-05 -83.4878
v -168.5 20.00002 -84.722
v -168.5 1.816516E-05 -84.722
v -166.5059 20.00002 -85.7063
v -166.5059 1.754263E-05 -85.7063
v -164.3996 20.00002 -86.4203
v -164.3996 1.697307E-05 -86.4203
v -162.2185 20.00002 -86.85381
v -162.2185 1.646592E-05 -86.8538
v -160 20.00002 -87
v -160 1.602972E-05 -87
v -157.7815 20.00002 -86.8538
v -157.7815 1.567253E-05 -86.8538
v -155.6004 20.00001 -86.4203
v -155.6004 1.539965E-05 -86.4203
v -153.4941 20.00001 -85.7063
v -153.4941 1.521594E-05 -85.7063
v -151.5 20.00001 -84.722
v -151.5 1.512533E-05 -84.72199
v -149.6504 20.00001 -83.4878
v -149.6504 1.512808E-05 -83.48779
v -147.9793 20.00001 -82.0207
v -147.9793 1.522568E-05 -82.02069
v -146.5122 20.00001 -80.3496
v -146.5122 1.541489E-05 -80.34959
v -145.278 20.00002 -78.5
v -145.278 1.569397E-05 -78.49999
v -144.2937 20.00002 -76.5059
v -144.2937 1.605677E-05 -76.5059
v -143.5797 20.00002 -74.3996
v -143.5797 1.649824E-05 -74.3996
v -143.1462 20.00002 -72.2185
v -143.1462 1.701006E-05 -72.2185
v -143 20.00002 -70
v -143 1.758337E-05 -69.99999
v -143.1462 20.00002 -67.7815
v -143.1462 1.820896E-05 -67.78149
v -143.5797 20.00002 -65.6004
v -143.5797 1.887582E-05 -65.6004
v -144.2937 20.00002 -63.4941
v -144.2937 1.957263E-05 -63.49409
v -145.278 20.00002 -61.5
v -145.278 2.028745E-05 -61.5
v -146.5122 20.00002 -59.6504
v -146.5122 2.100792E-05 -59.6504
v -147.9793 20.00002 -57.9793
v -147.9793 2.172179E-05 -57.9793
v -149.6504 20.00002 -56.5122
v -149.6504 2.241703E-05 -56.5122
v -151.5 20.00002 -55.278
v -151.5 2.308125E-05 -55.278
v -153.4941 20.00002 -54.2937
v -153.4941 2.370378E-05 -54.2937
v -155.6004 20.00002 -53.5797
v -155.6004 2.427335E-05 -53.5797
v -157.7815 20.00002 -53.1462
v -157.7815 2.478049E-05 -53.1462
v -160 20.00002 -53
v -160 2.521669E-05 -53
v -162.2185 20.00002 -53.14621
v -162.2185 2.557389E-05 -53.1462
v -164.3996 20.00002 -53.5797
v -164.3996 2.584677E-05 -53.5797
v -166.5059 20.00002 -54.2937
v -166.5059 2.603048E-05 -54.2937
v -168.5 20.00002 -55.278
v -168.5 2.612108E-05 -55.278
v -170.3496 20.00002 -56.5122
v -170.3496 2.611833E-05 -56.5122
v -172.0207 20.00002 -57.97931
v -172.0207 2.602073E-05 -57.9793
v -173.4878 20.00002 -59.65041
v -173.4878 2.583153E-05 -59.6504
v -174.722 20.00002 -61.5
v -174.722 2.555245E-05 -61.5
v -175.7063 20.00002 -63.49411
v -175.7063 2.518964E-05 -63.4941
v -176.4203 20.00002 -65.6004
v -176.4203 2.474818E-05 -65.6004
v -176.8538 20.00002 -67.7815
v -176.8538 2.423635E-05 -67.7815
v -161 9.000025 -53.202
v -163 9.000025 -53.6
v -163 9.000024 -58.4
v -161 9.000024 -58.002
v -163 9.000024 -58.4
v -163 2.429403E-05 -58.4
v -161 2.404394E-05 -58.002
v -161 9.000024 -58.002
v -161 2.404394E-05 -58.002
v -161 2.534093E-05 -53.202
v -161 9.000025 -53.202
v -161 9.000024 -58.002
v -163.001 9.000025 -53.596
v -163.001 11.00002 -53.596
v -163.001 11.00002 -58.396
v -163.001 9.000024 -58.396
v -161 11.00002 -53.202
v -163 11.00002 -53.6
v -163 11.00002 -58.4
v -161 11.00002 -58.002
v -163 11.00002 -58.4
v -163 20.00002 -58.4
v -161 20.00002 -58.002
v -161 11.00002 -58.002
v -161 20.00002 -58.002
v -161 20.00002 -53.202
v -161 11.00002 -53.202
v -161 11.00002 -58.002
v -159 9.000025 -53.202
v -157 9.000024 -53.6
v -157 9.000023 -58.4
v -159 9.000023 -58.002
v -157 9.000023 -58.4
v -157 2.322114E-05 -58.4
v -159 2.368631E-05 -58.002
v -159 9.000023 -58.002
v -159 2.368631E-05 -58.002
v -159 2.49833E-05 -53.202
v -159 9.000025 -53.202
v -159 9.000023 -58.002
v -157 9.000024 -53.597
v -157 11.00002 -53.597
v -157 11.00002 -58.397
v -157 9.000023 -58.397
v -159 11.00002 -53.202
v -157 11.00002 -53.6
v -157 11.00002 -58.4
v -159 11.00002 -58.002
v -157 11.00002 -58.4
v -157 20.00002 -58.4
v -159 20.00002 -58.002
v -159 11.00002 -58.002
v -159 20.00002 -58.002
v -159 20.00002 -53.202
v -159 11.00002 -53.202
v -159 11.00002 -58.002
v -156.941 20.00002 -61.33656
v -156.997 20.00002 -60.487
v -156.997 2.265669E-05 -60.487
v -156.941 2.241713E-05 -61.33655
v -156.775 20.00002 -62.17179
v -156.775 2.216176E-05 -62.17179
v -156.5016 20.00002 -62.97838
v -156.5016 2.189492E-05 -62.97837
v -156.1247 20.00002 -63.742
v -156.1247 2.162119E-05 -63.742
v -155.652 20.00002 -64.45029
v -155.652 2.134529E-05 -64.45029
v -155.0902 20.00002 -65.09023
v -155.0902 2.107192E-05 -65.09022
v -154.4503 20.00002 -65.65204
v -154.4503 2.080568E-05 -65.65203
v -153.742 20.00002 -66.12466
v -153.742 2.055133E-05 -66.12466
v -152.9784 20.00002 -66.50159
v -152.9784 2.031293E-05 -66.50159
v -152.1718 20.00002 -66.77501
v -152.1718 2.009482E-05 -66.77501
v -151.3365 20.00002 -66.94102
v -151.3366 1.990062E-05 -66.94101
v -150.487 20.00002 -66.997
v -150.487 1.973358E-05 -66.99699
v -148.3795 1.935592E-05 -66.99999
v -148.3795 20.00002 -67
v -150.4865 20.00002 -67
v -150.4865 1.973268E-05 -67
v -157 2.322641E-05 -58.3805
v -157 20.00002 -58.3805
v -157 20.00002 -60.4875
v -157 2.265709E-05 -60.4875
v -143.202 9.000017 -69
v -143.6 9.000018 -67
v -148.4 9.000019 -67
v -148.002 9.000018 -69
v -148.4 9.000019 -67
v -148.4 1.935958E-05 -66.99999
v -148.002 1.8748E-05 -68.99999
v -148.002 9.000018 -69
v -148.002 1.8748E-05 -68.99999
v -143.202 1.78897E-05 -68.99999
v -143.202 9.000017 -69
v -148.002 9.000018 -69
v -143.597 9.000018 -67
v -143.597 11.00002 -67
v -148.397 11.00002 -67
v -148.397 9.000019 -67
v -143.202 11.00002 -69
v -143.6 11.00002 -67
v -148.4 11.00002 -67
v -148.002 11.00002 -69
v -148.4 11.00002 -67
v -148.4 20.00002 -67
v -148.002 20.00002 -69
v -148.002 11.00002 -69
v -148.002 20.00002 -69
v -143.202 20.00002 -69
v -143.202 11.00002 -69
v -148.002 11.00002 -69
v -143.202 9.000017 -71
v -143.6 9.000016 -73
v -148.4 9.000017 -73
v -148.002 9.000018 -71
v -148.4 9.000017 -73
v -148.4 1.773835E-05 -72.99999
v -148.002 1.820759E-05 -70.99999
v -148.002 9.000018 -71
v -148.002 1.820759E-05 -70.99999
v -143.202 1.734929E-05 -70.99999
v -143.202 9.000017 -71
v -148.002 9.000018 -71
v -143.597 9.000016 -73
v -143.597 11.00002 -73
v -148.397 11.00002 -73
v -148.397 9.000017 -73
v -143.202 11.00002 -71
v -143.6 11.00002 -73
v -148.4 11.00002 -73
v -148.002 11.00002 -71
v -148.4 11.00002 -73
v -148.4 20.00002 -73
v -148.002 20.00002 -71
v -148.002 11.00002 -71
v -148.002 20.00002 -71
v -143.202 20.00002 -71
v -143.202 11.00002 -71
v -148.002 11.00002 -71
v -148.3805 1.773486E-05 -72.99999
v -148.3805 20.00002 -73
v -150.4875 20.00002 -73
v -150.4875 1.811162E-05 -72.99999
v -151.3365 20.00002 -73.05899
v -150.487 20.00002 -73.003
v -150.487 1.811072E-05 -73.003
v -151.3366 1.824751E-05 -73.05898
v -152.1718 20.00002 -73.22499
v -152.1718 1.835201E-05 -73.22498
v -152.9784 20.00002 -73.49841
v -152.9784 1.842236E-05 -73.49841
v -153.742 20.00002 -73.87534
v -153.742 1.845705E-05 -73.87534
v -154.4503 20.00002 -74.34797
v -154.4503 1.8456E-05 -74.34796
v -155.0902 20.00002 -74.90978
v -155.0902 1.841862E-05 -74.90977
v -155.652 20.00002 -75.54971
v -155.652 1.834617E-05 -75.54971
v -156.1247 20.00002 -76.258
v -156.1247 1.82393E-05 -76.258
v -156.5016 20.00002 -77.02162
v -156.5016 1.810037E-05 -77.02162
v -156.775 20.00002 -77.82822
v -156.775 1.793131E-05 -77.82821
v -156.941 20.00002 -78.66344
v -156.941 1.773531E-05 -78.66344
v -156.997 20.00002 -79.513
v -156.997 1.751577E-05 -79.51299
v -157 1.694685E-05 -81.6205
v -157 20.00002 -81.6205
v -157 20.00002 -79.5135
v -157 1.751617E-05 -79.5135
v -159 9.000015 -86.798
v -157 9.000015 -86.4
v -157 9.000016 -81.6
v -159 9.000016 -81.998
v -157 9.000016 -81.6
v -157 1.695239E-05 -81.6
v -159 1.720247E-05 -81.99799
v -159 9.000016 -81.998
v -159 1.720247E-05 -81.99799
v -159 1.590549E-05 -86.798
v -159 9.000015 -86.798
v -159 9.000016 -81.998
v -156.999 9.000015 -86.404
v -156.999 11.00002 -86.404
v -156.999 11.00002 -81.604
v -156.999 9.000016 -81.604
v -159 11.00002 -86.798
v -157 11.00002 -86.4
v -157 11.00002 -81.6
v -159 11.00002 -81.998
v -157 11.00002 -81.6
v -157 20.00002 -81.6
v -159 20.00002 -81.998
v -159 11.00002 -81.998
v -159 20.00002 -81.998
v -159 20.00002 -86.798
v -159 11.00002 -86.798
v -159 11.00002 -81.998
v -161 9.000015 -86.798
v -163 9.000016 -86.4
v -163 9.000017 -81.6
v -161 9.000017 -81.998
v -163 9.000017 -81.6
v -163 1.802527E-05 -81.6
v -161 1.75601E-05 -81.99799
v -161 9.000017 -81.998
v -161 1.75601E-05 -81.99799
v -161 1.626311E-05 -86.798
v -161 9.000015 -86.798
v -161 9.000017 -81.998
v -163 9.000016 -86.403
v -163 11.00002 -86.403
v -163 11.00002 -81.603
v -163 9.000017 -81.603
v -161 11.00002 -86.798
v -163 11.00002 -86.4
v -163 11.00002 -81.6
v -161 11.00002 -81.998
v -163 11.00002 -81.6
v -163 20.00002 -81.60001
v -161 20.00002 -81.998
v -161 11.00002 -81.998
v -161 20.00002 -81.998
v -161 20.00002 -86.798
v -161 11.00002 -86.798
v -161 11.00002 -81.998
v -163 1.802E-05 -81.6195
v -163 20.00002 -81.6195
v -163 20.00002 -79.5125
v -163 1.858932E-05 -79.5125
v -163.059 20.00002 -78.66344
v -163.003 20.00002 -79.513
v -163.003 1.858972E-05 -79.51299
v -163.059 1.882929E-05 -78.66344
v -163.225 20.00002 -77.82822
v -163.225 1.908466E-05 -77.82821
v -163.4984 20.00002 -77.02162
v -163.4984 1.935149E-05 -77.02162
v -163.8753 20.00002 -76.258
v -163.8753 1.962523E-05 -76.258
v -164.348 20.00002 -75.54971
v -164.348 1.990112E-05 -75.54971
v -164.9098 20.00002 -74.90978
v -164.9098 2.01745E-05 -74.90977
v -165.5497 20.00002 -74.34797
v -165.5497 2.044073E-05 -74.34796
v -166.258 20.00002 -73.87534
v -166.258 2.069509E-05 -73.87534
v -167.0216 20.00002 -73.49841
v -167.0216 2.093348E-05 -73.49841
v -167.8282 20.00002 -73.22499
v -167.8282 2.115159E-05 -73.22499
v -168.6634 20.00002 -73.05899
v -168.6635 2.13458E-05 -73.05898
v -169.513 20.00002 -73.00301
v -169.513 2.151284E-05 -73.003
v -171.6205 2.18905E-05 -73
v -171.6205 20.00002 -73.00001
v -169.5135 20.00002 -73
v -169.5135 2.151374E-05 -73
v -176.798 9.000023 -71
v -176.4 9.000022 -73
v -171.6 9.000021 -73
v -171.998 9.000022 -71
v -171.6 9.000021 -73
v -171.6 2.188683E-05 -73
v -171.998 2.249841E-05 -71
v -171.998 9.000022 -71
v -171.998 2.249841E-05 -71
v -176.798 2.335672E-05 -71
v -176.798 9.000023 -71
v -171.998 9.000022 -71
v -176.404 9.000022 -73.001
v -176.404 11.00002 -73.001
v -171.604 11.00002 -73.001
v -171.604 9.000021 -73.001
v -176.798 11.00002 -71
v -176.4 11.00002 -73
v -171.6 11.00002 -73
v -171.998 11.00002 -71
v -171.6 11.00002 -73
v -171.6 20.00002 -73.00001
v -171.998 20.00002 -71.00001
v -171.998 11.00002 -71
v -171.998 20.00002 -71.00001
v -176.798 20.00002 -71.00001
v -176.798 11.00002 -71
v -171.998 11.00002 -71
v -176.798 9.000023 -69
v -176.4 9.000024 -67
v -171.6 9.000023 -67
v -171.998 9.000023 -69
v -171.6 9.000023 -67
v -171.6 2.350806E-05 -67
v -171.998 2.303882E-05 -69
v -171.998 9.000023 -69
v -171.998 2.303882E-05 -69
v -176.798 2.389713E-05 -69
v -176.798 9.000023 -69
v -171.998 9.000023 -69
v -176.403 9.000024 -67
v -176.403 11.00002 -67
v -171.603 11.00002 -67
v -171.603 9.000023 -67
v -176.798 11.00002 -69
v -176.4 11.00002 -67
v -171.6 11.00002 -67
v -171.998 11.00002 -69
v -171.6 11.00002 -67
v -171.6 20.00002 -67.00001
v -171.998 20.00002 -69.00001
v -171.998 11.00002 -69
v -171.998 20.00002 -69.00001
v -176.798 20.00002 -69.00001
v -176.798 11.00002 -69
v -171.998 11.00002 -69
v -171.6195 2.351155E-05 -67
v -171.6195 20.00002 -67.00001
v -169.5125 20.00002 -67.00001
v -169.5125 2.313479E-05 -67
v -168.6634 20.00002 -66.94102
v -169.513 20.00002 -66.997
v -169.513 2.313569E-05 -66.997
v -168.6635 2.299891E-05 -66.94101
v -167.8282 20.00002 -66.77502
v -167.8282 2.289441E-05 -66.77501
v -167.0216 20.00002 -66.50159
v -167.0216 2.282406E-05 -66.50159
v -166.258 20.00002 -66.12466
v -166.258 2.278936E-05 -66.12466
v -165.5497 20.00002 -65.65204
v -165.5497 2.279041E-05 -65.65203
v -164.9098 20.00002 -65.09023
v -164.9098 2.282779E-05 -65.09022
v -164.348 20.00002 -64.45029
v -164.348 2.290024E-05 -64.45029
v -163.8753 20.00002 -63.742
v -163.8753 2.300711E-05 -63.742
v -163.4984 20.00002 -62.97838
v -163.4984 2.314605E-05 -62.97837
v -163.225 20.00002 -62.17179
v -163.225 2.33151E-05 -62.17179
v -163.059 20.00002 -61.33656
v -163.059 2.35111E-05 -61.33656
v -163.003 20.00002 -60.487
v -163.003 2.373065E-05 -60.487
v -163 2.429957E-05 -58.3795
v -163 20.00002 -58.3795
v -163 20.00002 -60.4865
v -163 2.373024E-05 -60.4865
v -159.0086 20.00002 -59.8695
v -159 20.00002 -60
v -159 2.314644E-05 -60
v -159.0086 2.318324E-05 -59.8695
v -159.0341 20.00002 -59.7412
v -159.0341 2.322247E-05 -59.7412
v -159.0761 20.00002 -59.6173
v -159.0761 2.326346E-05 -59.6173
v -159.134 20.00002 -59.5
v -159.134 2.330551E-05 -59.5
v -159.2066 20.00002 -59.3912
v -159.2066 2.334789E-05 -59.3912
v -159.2929 20.00002 -59.2929
v -159.2929 2.338988E-05 -59.2929
v -159.3912 20.00002 -59.2066
v -159.3912 2.343078E-05 -59.2066
v -159.5 20.00002 -59.134
v -159.5 2.346985E-05 -59.134
v -159.6173 20.00002 -59.0761
v -159.6173 2.350647E-05 -59.0761
v -159.7412 20.00002 -59.0341
v -159.7412 2.353997E-05 -59.0341
v -159.8695 20.00002 -59.0086
v -159.8695 2.35698E-05 -59.0086
v -160 20.00002 -59
v -160 2.359546E-05 -59
v -160.1305 20.00002 -59.0086
v -160.1305 2.361647E-05 -59.0086
v -160.2588 20.00002 -59.0341
v -160.2588 2.363253E-05 -59.0341
v -160.3827 20.00002 -59.0761
v -160.3827 2.364333E-05 -59.0761
v -160.5 20.00002 -59.134
v -160.5 2.364866E-05 -59.134
v -160.6088 20.00002 -59.2066
v -160.6088 2.36485E-05 -59.2066
v -160.7071 20.00002 -59.2929
v -160.7071 2.364276E-05 -59.2929
v -160.7934 20.00002 -59.3912
v -160.7934 2.363163E-05 -59.3912
v -160.866 20.00002 -59.5
v -160.866 2.361521E-05 -59.5
v -160.9239 20.00002 -59.6173
v -160.9239 2.359387E-05 -59.6173
v -160.9659 20.00002 -59.7412
v -160.9659 2.35679E-05 -59.7412
v -160.9914 20.00002 -59.8695
v -160.9914 2.35378E-05 -59.8695
v -161 20.00002 -60
v -161 2.350407E-05 -60
v -159 2.314644E-05 -60
v -159.0086 2.318324E-05 -59.8695
v -159 2.341665E-05 -59
v -159.0341 2.322247E-05 -59.7412
v -159.0761 2.326346E-05 -59.6173
v -159.134 2.330551E-05 -59.5
v -159.2066 2.334789E-05 -59.3912
v -159.2929 2.338988E-05 -59.2929
v -159.3912 2.343078E-05 -59.2066
v -159.5 2.346985E-05 -59.134
v -159.6173 2.350647E-05 -59.0761
v -159.7412 2.353997E-05 -59.0341
v -159.8695 2.35698E-05 -59.0086
v -160 2.359546E-05 -59
v -160.1305 2.361647E-05 -59.0086
v -161 2.377428E-05 -59
v -160.2588 2.363253E-05 -59.0341
v -160.3827 2.364333E-05 -59.0761
v -160.5 2.364866E-05 -59.134
v -160.6088 2.36485E-05 -59.2066
v -160.7071 2.364276E-05 -59.2929
v -160.7934 2.363163E-05 -59.3912
v -160.866 2.361521E-05 -59.5
v -160.9239 2.359387E-05 -59.6173
v -160.9659 2.35679E-05 -59.7412
v -160.9914 2.35378E-05 -59.8695
v -161 2.350407E-05 -60
v -159 20.00002 -60
v -159.0086 20.00002 -59.8695
v -159 20.00002 -59
v -159.0341 20.00002 -59.7412
v -159.0761 20.00002 -59.6173
v -159.134 20.00002 -59.5
v -159.2066 20.00002 -59.3912
v -159.2929 20.00002 -59.2929
v -159.3912 20.00002 -59.2066
v -159.5 20.00002 -59.134
v -159.6173 20.00002 -59.0761
v -159.7412 20.00002 -59.0341
v -159.8695 20.00002 -59.0086
v -160 20.00002 -59
v -160.1305 20.00002 -59.0086
v -161 20.00002 -59
v -160.2588 20.00002 -59.0341
v -160.3827 20.00002 -59.0761
v -160.5 20.00002 -59.134
v -160.6088 20.00002 -59.2066
v -160.7071 20.00002 -59.2929
v -160.7934 20.00002 -59.3912
v -160.866 20.00002 -59.5
v -160.9239 20.00002 -59.6173
v -160.9659 20.00002 -59.7412
v -160.9914 20.00002 -59.8695
v -161 20.00002 -60
v -159 2.201201E-05 -64.19839
v -159 20.00002 -64.1984
v -159 2.201185E-05 -64.199
v -159 20.00002 -64.19901
v -158 20.00002 -64.3978
v -158 2.177932E-05 -64.3978
v -154.356 2.015439E-05 -68
v -154.356 20.00002 -68
v -158 20.00002 -68
v -158 2.080599E-05 -68
v -158 2.080599E-05 -68
v -158 20.00002 -68
v -158 20.00002 -64.356
v -158 2.179062E-05 -64.356
v -158 2.080599E-05 -68
v -154.457 2.025243E-05 -67.70399
v -154.356 2.015439E-05 -68
v -158 2.179062E-05 -64.356
v -157.704 2.17104E-05 -64.457
v -154.356 20.00002 -68
v -154.457 20.00002 -67.704
v -158 20.00002 -68
v -157.704 20.00002 -64.457
v -158 20.00002 -64.356
v -156.9998 2.149085E-05 -64.80352
v -154.804 2.050464E-05 -67.00024
v -156.3476 2.12563E-05 -65.23994
v -155.24 2.075895E-05 -66.3476
v -155.7573 2.101097E-05 -65.75722
v -154.8035 20.00002 -66.99983
v -157.0002 20.00002 -64.80404
v -155.2399 20.00002 -66.34757
v -156.3476 20.00002 -65.23998
v -155.7572 20.00002 -65.75729
v -154.199 1.985611E-05 -69
v -154.199 20.00002 -69
v -154.3978 20.00002 -68
v -154.3978 2.016187E-05 -68
v -154.1984 1.9856E-05 -69
v -149.9996 1.91052E-05 -68.99999
v -149.9996 20.00002 -69
v -154.1984 20.00002 -69
v -149.8695 20.00002 -70.9914
v -150 20.00002 -71
v -150 1.856486E-05 -70.99999
v -149.8695 1.854385E-05 -70.99139
v -149.7412 20.00002 -70.9659
v -149.7412 1.85278E-05 -70.9659
v -149.6173 20.00002 -70.9239
v -149.6173 1.851699E-05 -70.9239
v -149.5 20.00002 -70.866
v -149.5 1.851166E-05 -70.866
v -149.3912 20.00002 -70.7934
v -149.3912 1.851183E-05 -70.7934
v -149.2929 20.00002 -70.7071
v -149.2929 1.851757E-05 -70.70709
v -149.2066 20.00002 -70.6088
v -149.2066 1.85287E-05 -70.6088
v -149.134 20.00002 -70.5
v -149.134 1.854511E-05 -70.49999
v -149.0761 20.00002 -70.3827
v -149.0761 1.856645E-05 -70.3827
v -149.0341 20.00002 -70.2588
v -149.0341 1.859242E-05 -70.2588
v -149.0086 20.00002 -70.1305
v -149.0086 1.862253E-05 -70.13049
v -149 20.00002 -70
v -149 1.865625E-05 -69.99999
v -149.0086 20.00002 -69.8695
v -149.0086 1.869305E-05 -69.8695
v -149.0341 20.00002 -69.7412
v -149.0341 1.873228E-05 -69.7412
v -149.0761 20.00002 -69.6173
v -149.0761 1.877327E-05 -69.61729
v -149.134 20.00002 -69.5
v -149.134 1.881532E-05 -69.49999
v -149.2066 20.00002 -69.3912
v -149.2066 1.88577E-05 -69.3912
v -149.2929 20.00002 -69.2929
v -149.2929 1.889969E-05 -69.29289
v -149.3912 20.00002 -69.2066
v -149.3912 1.894059E-05 -69.2066
v -149.5 20.00002 -69.134
v -149.5 1.897966E-05 -69.134
v -149.6173 20.00002 -69.0761
v -149.6173 1.901628E-05 -69.0761
v -149.7412 20.00002 -69.0341
v -149.7412 1.904978E-05 -69.0341
v -149.8695 20.00002 -69.0086
v -149.8695 1.907961E-05 -69.0086
v -150 1.856486E-05 -70.99999
v -149.8695 1.854385E-05 -70.99139
v -149 1.838605E-05 -70.99999
v -149.7412 1.85278E-05 -70.9659
v -149.6173 1.851699E-05 -70.9239
v -149.5 1.851166E-05 -70.866
v -149.3912 1.851183E-05 -70.7934
v -149.2929 1.851757E-05 -70.70709
v -149.2066 1.85287E-05 -70.6088
v -149.134 1.854511E-05 -70.49999
v -149.0761 1.856645E-05 -70.3827
v -149.0341 1.859242E-05 -70.2588
v -149.0086 1.862253E-05 -70.13049
v -149 1.865625E-05 -69.99999
v -149.0086 1.869305E-05 -69.8695
v -149 1.892646E-05 -68.99999
v -149.0341 1.873228E-05 -69.7412
v -149.0761 1.877327E-05 -69.61729
v -149.134 1.881532E-05 -69.49999
v -149.2066 1.88577E-05 -69.3912
v -149.2929 1.889969E-05 -69.29289
v -149.3912 1.894059E-05 -69.2066
v -149.5 1.897966E-05 -69.134
v -149.6173 1.901628E-05 -69.0761
v -149.7412 1.904978E-05 -69.0341
v -149.8695 1.907961E-05 -69.0086
v -150 1.910527E-05 -68.99999
v -150 20.00002 -71
v -149.8695 20.00002 -70.9914
v -149 20.00002 -71
v -149.7412 20.00002 -70.9659
v -149.6173 20.00002 -70.9239
v -149.5 20.00002 -70.866
v -149.3912 20.00002 -70.7934
v -149.2929 20.00002 -70.7071
v -149.2066 20.00002 -70.6088
v -149.134 20.00002 -70.5
v -149.0761 20.00002 -70.3827
v -149.0341 20.00002 -70.2588
v -149.0086 20.00002 -70.1305
v -149 20.00002 -70
v -149.0086 20.00002 -69.8695
v -149 20.00002 -69
v -149.0341 20.00002 -69.7412
v -149.0761 20.00002 -69.6173
v -149.134 20.00002 -69.5
v -149.2066 20.00002 -69.3912
v -149.2929 20.00002 -69.2929
v -149.3912 20.00002 -69.2066
v -149.5 20.00002 -69.134
v -149.6173 20.00002 -69.0761
v -149.7412 20.00002 -69.0341
v -149.8695 20.00002 -69.0086
v -150 20.00002 -69
v -154.1984 1.93156E-05 -71
v -154.1984 20.00002 -71
v -154.4567 1.90116E-05 -72.296
v -154.4567 20.00002 -72.29601
v -154.1989 20.00002 -71
v -154.1989 1.931568E-05 -71
v -155.362 1.880802E-05 -73.6485
v -155.362 20.00002 -73.6485
v -154.458 20.00002 -72.2955
v -154.458 1.901196E-05 -72.29549
v -157.5252 1.951198E-05 -72.4748
v -157.5252 20.00002 -72.4748
v -155.3608 20.00002 -73.6492
v -155.3608 1.880762E-05 -73.64919
v -156.3508 1.871714E-05 -74.6392
v -157.5252 1.951198E-05 -72.4748
v -157.5252 20.00002 -72.4748
v -156.3508 20.00002 -74.63921
v -157.7045 1.871526E-05 -75.542
v -157.7045 20.00002 -75.542
v -156.3515 20.00002 -74.638
v -156.3515 1.871759E-05 -74.63799
v -157.704 1.871482E-05 -75.5433
v -157.704 20.00002 -75.5433
v -159 20.00002 -75.8011
v -159 1.887691E-05 -75.80109
v -159 1.887677E-05 -75.8016
v -159 1.774223E-05 -80.0004
v -159 20.00002 -80.0004
v -159 20.00002 -75.80161
v -160.9914 20.00002 -80.1305
v -161 20.00002 -80
v -161 1.809997E-05 -80
v -160.9914 1.806317E-05 -80.13049
v -160.9659 20.00002 -80.2588
v -160.9659 1.802394E-05 -80.2588
v -160.9239 20.00002 -80.38271
v -160.9239 1.798295E-05 -80.3827
v -160.866 20.00002 -80.5
v -160.866 1.794091E-05 -80.5
v -160.7934 20.00002 -80.6088
v -160.7934 1.789853E-05 -80.6088
v -160.7071 20.00002 -80.7071
v -160.7071 1.785653E-05 -80.7071
v -160.6088 20.00002 -80.7934
v -160.6088 1.781564E-05 -80.7934
v -160.5 20.00002 -80.866
v -160.5 1.777657E-05 -80.866
v -160.3827 20.00002 -80.9239
v -160.3827 1.773995E-05 -80.9239
v -160.2588 20.00002 -80.9659
v -160.2588 1.770644E-05 -80.9659
v -160.1305 20.00002 -80.9914
v -160.1305 1.767661E-05 -80.99139
v -160 20.00002 -81
v -160 1.765095E-05 -81
v -159.8695 20.00002 -80.9914
v -159.8695 1.762994E-05 -80.99139
v -159.7412 20.00002 -80.9659
v -159.7412 1.761389E-05 -80.9659
v -159.6173 20.00002 -80.9239
v -159.6173 1.760308E-05 -80.9239
v -159.5 20.00002 -80.866
v -159.5 1.759775E-05 -80.866
v -159.3912 20.00002 -80.7934
v -159.3912 1.759791E-05 -80.7934
v -159.2929 20.00002 -80.7071
v -159.2929 1.760366E-05 -80.7071
v -159.2066 20.00002 -80.6088
v -159.2066 1.761478E-05 -80.6088
v -159.134 20.00002 -80.5
v -159.134 1.76312E-05 -80.5
v -159.0761 20.00002 -80.38271
v -159.0761 1.765254E-05 -80.3827
v -159.0341 20.00002 -80.2588
v -159.0341 1.767851E-05 -80.2588
v -159.0086 20.00002 -80.1305
v -159.0086 1.770862E-05 -80.13049
v -161 1.809997E-05 -80
v -160.9914 1.806317E-05 -80.13049
v -161 1.782977E-05 -81
v -160.9659 1.802394E-05 -80.2588
v -160.9239 1.798295E-05 -80.3827
v -160.866 1.794091E-05 -80.5
v -160.7934 1.789853E-05 -80.6088
v -160.7071 1.785653E-05 -80.7071
v -160.6088 1.781564E-05 -80.7934
v -160.5 1.777657E-05 -80.866
v -160.3827 1.773995E-05 -80.9239
v -160.2588 1.770644E-05 -80.9659
v -160.1305 1.767661E-05 -80.99139
v -160 1.765095E-05 -81
v -159.8695 1.762994E-05 -80.99139
v -159 1.747214E-05 -81
v -159.7412 1.761389E-05 -80.9659
v -159.6173 1.760308E-05 -80.9239
v -159.5 1.759775E-05 -80.866
v -159.3912 1.759791E-05 -80.7934
v -159.2929 1.760366E-05 -80.7071
v -159.2066 1.761478E-05 -80.6088
v -159.134 1.76312E-05 -80.5
v -159.0761 1.765254E-05 -80.3827
v -159.0341 1.767851E-05 -80.2588
v -159.0086 1.770862E-05 -80.13049
v -159 1.774234E-05 -80
v -161 20.00002 -80
v -160.9914 20.00002 -80.1305
v -161 20.00002 -81
v -160.9659 20.00002 -80.2588
v -160.9239 20.00002 -80.38271
v -160.866 20.00002 -80.5
v -160.7934 20.00002 -80.6088
v -160.7071 20.00002 -80.7071
v -160.6088 20.00002 -80.7934
v -160.5 20.00002 -80.866
v -160.3827 20.00002 -80.9239
v -160.2588 20.00002 -80.9659
v -160.1305 20.00002 -80.9914
v -160 20.00002 -81
v -159.8695 20.00002 -80.9914
v -159 20.00002 -81
v -159.7412 20.00002 -80.9659
v -159.6173 20.00002 -80.9239
v -159.5 20.00002 -80.866
v -159.3912 20.00002 -80.7934
v -159.2929 20.00002 -80.7071
v -159.2066 20.00002 -80.6088
v -159.134 20.00002 -80.5
v -159.0761 20.00002 -80.38271
v -159.0341 20.00002 -80.2588
v -159.0086 20.00002 -80.1305
v -159 20.00002 -80
v -161 1.92344E-05 -75.8016
v -161 20.00002 -75.80161
v -162 1.946698E-05 -75.6026
v -162 20.00002 -75.6026
v -161 20.00002 -75.8014
v -161 1.923445E-05 -75.8014
v -165.644 2.109202E-05 -72
v -165.644 20.00002 -72
v -162 20.00002 -72
v -162 2.044042E-05 -72
v -162 2.044042E-05 -72
v -162 20.00002 -72
v -162 20.00002 -75.644
v -162 1.94558E-05 -75.644
v -162 2.044042E-05 -72
v -165.543 2.099398E-05 -72.296
v -165.644 2.109202E-05 -72
v -162 1.94558E-05 -75.644
v -162.296 1.953602E-05 -75.543
v -165.644 20.00002 -72
v -165.543 20.00002 -72.29601
v -162 20.00002 -72
v -162.296 20.00002 -75.543
v -162 20.00002 -75.644
v -163.0002 1.975557E-05 -75.19647
v -165.196 2.074177E-05 -72.99975
v -163.6524 1.999012E-05 -74.76006
v -164.76 2.048747E-05 -73.6524
v -164.2427 2.023544E-05 -74.24277
v -165.1965 20.00002 -73.00018
v -162.9998 20.00002 -75.19597
v -164.7601 20.00002 -73.65244
v -163.6524 20.00002 -74.76003
v -164.2428 20.00002 -74.24272
v -165.6026 2.108462E-05 -72
v -165.6026 20.00002 -72
v -165.8014 20.00002 -71
v -165.8014 2.139037E-05 -71
v -165.8016 2.139041E-05 -71
v -170.0004 2.214121E-05 -71
v -170.0004 20.00002 -71.00001
v -165.8016 20.00002 -71
v -170.1305 20.00002 -69.00861
v -170 20.00002 -69.00001
v -170 2.268155E-05 -69
v -170.1305 2.270256E-05 -69.0086
v -170.2588 20.00002 -69.0341
v -170.2588 2.271861E-05 -69.0341
v -170.3827 20.00002 -69.0761
v -170.3827 2.272942E-05 -69.0761
v -170.5 20.00002 -69.134
v -170.5 2.273475E-05 -69.134
v -170.6088 20.00002 -69.2066
v -170.6088 2.273459E-05 -69.2066
v -170.7071 20.00002 -69.29291
v -170.7071 2.272885E-05 -69.2929
v -170.7934 20.00002 -69.3912
v -170.7934 2.271772E-05 -69.3912
v -170.866 20.00002 -69.50001
v -170.866 2.27013E-05 -69.5
v -170.9239 20.00002 -69.6173
v -170.9239 2.267996E-05 -69.6173
v -170.9659 20.00002 -69.7412
v -170.9659 2.265399E-05 -69.7412
v -170.9914 20.00002 -69.86951
v -170.9914 2.262388E-05 -69.8695
v -171 20.00002 -70.00001
v -171 2.259016E-05 -70
v -170.9914 20.00002 -70.1305
v -170.9914 2.255336E-05 -70.1305
v -170.9659 20.00002 -70.2588
v -170.9659 2.251413E-05 -70.2588
v -170.9239 20.00002 -70.38271
v -170.9239 2.247314E-05 -70.3827
v -170.866 20.00002 -70.50001
v -170.866 2.24311E-05 -70.5
v -170.7934 20.00002 -70.6088
v -170.7934 2.238872E-05 -70.6088
v -170.7071 20.00002 -70.70711
v -170.7071 2.234672E-05 -70.7071
v -170.6088 20.00002 -70.7934
v -170.6088 2.230583E-05 -70.7934
v -170.5 20.00002 -70.866
v -170.5 2.226675E-05 -70.866
v -170.3827 20.00002 -70.9239
v -170.3827 2.223014E-05 -70.9239
v -170.2588 20.00002 -70.9659
v -170.2588 2.219663E-05 -70.9659
v -170.1305 20.00002 -70.9914
v -170.1305 2.21668E-05 -70.9914
v -170 2.268155E-05 -69
v -170.1305 2.270256E-05 -69.0086
v -171 2.286037E-05 -69
v -170.2588 2.271861E-05 -69.0341
v -170.3827 2.272942E-05 -69.0761
v -170.5 2.273475E-05 -69.134
v -170.6088 2.273459E-05 -69.2066
v -170.7071 2.272885E-05 -69.2929
v -170.7934 2.271772E-05 -69.3912
v -170.866 2.27013E-05 -69.5
v -170.9239 2.267996E-05 -69.6173
v -170.9659 2.265399E-05 -69.7412
v -170.9914 2.262388E-05 -69.8695
v -171 2.259016E-05 -70
v -170.9914 2.255336E-05 -70.1305
v -171 2.231995E-05 -71
v -170.9659 2.251413E-05 -70.2588
v -170.9239 2.247314E-05 -70.3827
v -170.866 2.24311E-05 -70.5
v -170.7934 2.238872E-05 -70.6088
v -170.7071 2.234672E-05 -70.7071
v -170.6088 2.230583E-05 -70.7934
v -170.5 2.226675E-05 -70.866
v -170.3827 2.223014E-05 -70.9239
v -170.2588 2.219663E-05 -70.9659
v -170.1305 2.21668E-05 -70.9914
v -170 2.214114E-05 -71
v -170 20.00002 -69.00001
v -170.1305 20.00002 -69.00861
v -171 20.00002 -69.00001
v -170.2588 20.00002 -69.0341
v -170.3827 20.00002 -69.0761
v -170.5 20.00002 -69.134
v -170.6088 20.00002 -69.2066
v -170.7071 20.00002 -69.29291
v -170.7934 20.00002 -69.3912
v -170.866 20.00002 -69.50001
v -170.9239 20.00002 -69.6173
v -170.9659 20.00002 -69.7412
v -170.9914 20.00002 -69.86951
v -171 20.00002 -70.00001
v -170.9914 20.00002 -70.1305
v -171 20.00002 -71.00001
v -170.9659 20.00002 -70.2588
v -170.9239 20.00002 -70.38271
v -170.866 20.00002 -70.50001
v -170.7934 20.00002 -70.6088
v -170.7071 20.00002 -70.70711
v -170.6088 20.00002 -70.7934
v -170.5 20.00002 -70.866
v -170.3827 20.00002 -70.9239
v -170.2588 20.00002 -70.9659
v -170.1305 20.00002 -70.9914
v -170 20.00002 -71.00001
v -165.8016 2.193082E-05 -69
v -165.8016 20.00002 -69
v -165.8009 2.193069E-05 -69
v -165.8009 20.00002 -69
v -165.5431 20.00002 -67.704
v -165.5431 2.223478E-05 -67.70399
v -165.542 2.223445E-05 -67.7045
v -165.542 20.00002 -67.70451
v -164.638 20.00002 -66.3515
v -164.638 2.243839E-05 -66.3515
v -164.6392 2.243879E-05 -66.3508
v -164.6392 20.00002 -66.35081
v -162.4748 20.00002 -67.5252
v -162.4748 2.173444E-05 -67.5252
v -163.6492 2.252927E-05 -65.36079
v -162.4748 2.173444E-05 -67.5252
v -162.4748 20.00002 -67.5252
v -163.6492 20.00002 -65.3608
v -163.6485 2.252882E-05 -65.362
v -163.6485 20.00002 -65.36201
v -162.2955 20.00002 -64.458
v -162.2955 2.253115E-05 -64.458
v -162.296 2.253154E-05 -64.4569
v -162.296 20.00002 -64.4569
v -161 20.00002 -64.1991
v -161 2.236945E-05 -64.1991
v -161 2.236964E-05 -64.19839
v -161 20.00002 -64.1984
v -161 2.534176E-05 -53.1989
v -159 2.498414E-05 -53.1989
v -159 2.201188E-05 -64.1989
v -159 2.368715E-05 -57.9989
v -157 2.322198E-05 -58.3969
v -157 2.265736E-05 -60.4865
v -156.5015 2.189493E-05 -62.9783
v -155.0903 2.107191E-05 -65.09029
v -152.9783 2.031294E-05 -66.5015
v -150.4865 1.973268E-05 -67
v -154.1989 1.98561E-05 -69
v -148.3969 1.935903E-05 -66.99999
v -147.9989 1.874745E-05 -68.99999
v -143.1989 1.788914E-05 -68.99999
v -143.1989 1.734873E-05 -70.99999
v -154.1989 1.931568E-05 -71
v -147.9989 1.820704E-05 -70.99999
v -148.3969 1.77378E-05 -72.99999
v -150.4865 1.811145E-05 -72.99999
v -152.9783 1.842232E-05 -73.4985
v -154.4567 1.901157E-05 -72.2961
v -155.0903 1.841866E-05 -74.9097
v -155.3608 1.880762E-05 -73.64919
v -157.5252 1.951198E-05 -72.4748
v -156.3508 1.871714E-05 -74.6392
v -156.5015 1.810033E-05 -77.0217
v -157.7039 1.871481E-05 -75.5433
v -157 1.751617E-05 -79.5135
v -159 1.887691E-05 -75.80109
v -157 1.695155E-05 -81.6031
v -159 1.720164E-05 -82.0011
v -159 1.590465E-05 -86.80109
v -161 1.626228E-05 -86.80109
v -161 1.923453E-05 -75.80109
v -161 1.755926E-05 -82.0011
v -163 1.802443E-05 -81.6031
v -163 1.858905E-05 -79.5135
v -163.4985 1.935149E-05 -77.0217
v -164.9097 2.01745E-05 -74.9097
v -167.0217 2.093347E-05 -73.4985
v -169.5135 2.151374E-05 -73
v -165.8011 2.139032E-05 -71
v -171.6031 2.188739E-05 -73
v -172.0011 2.249897E-05 -71
v -176.8011 2.335727E-05 -71
v -176.8011 2.389768E-05 -69
v -165.8011 2.193073E-05 -69
v -172.0011 2.303938E-05 -69
v -171.6031 2.350862E-05 -67
v -169.5135 2.313497E-05 -67
v -167.0217 2.28241E-05 -66.5015
v -165.5433 2.223484E-05 -67.7039
v -164.9097 2.282775E-05 -65.0903
v -164.6392 2.243879E-05 -66.3508
v -162.4748 2.173444E-05 -67.5252
v -163.6492 2.252927E-05 -65.36079
v -163.4985 2.314609E-05 -62.9783
v -162.2961 2.253161E-05 -64.4567
v -163 2.373024E-05 -60.4865
v -161 2.236951E-05 -64.1989
v -163 2.429487E-05 -58.3969
v -161 2.404478E-05 -57.9989
v -143.1989 20.00002 -71
v -143.1989 20.00002 -69
v -154.1989 20.00002 -69
v -147.9989 20.00002 -69
v -148.3969 20.00002 -67
v -150.4865 20.00002 -67
v -152.9783 20.00002 -66.5015
v -155.0903 20.00002 -65.0903
v -156.5015 20.00002 -62.9783
v -157 20.00002 -60.4865
v -159 20.00002 -64.19891
v -157 20.00002 -58.3969
v -159 20.00002 -57.99891
v -159 20.00002 -53.1989
v -161 20.00002 -53.19891
v -161 20.00002 -64.19891
v -161 20.00002 -57.99891
v -163 20.00002 -58.3969
v -163 20.00002 -60.4865
v -163.4985 20.00002 -62.9783
v -162.2961 20.00002 -64.4567
v -164.9097 20.00002 -65.0903
v -163.6492 20.00002 -65.3608
v -162.4748 20.00002 -67.5252
v -164.6392 20.00002 -66.35081
v -167.0217 20.00002 -66.5015
v -165.5433 20.00002 -67.7039
v -169.5135 20.00002 -67.00001
v -165.8011 20.00002 -69
v -171.6031 20.00002 -67.00001
v -172.0011 20.00002 -69.00001
v -176.8011 20.00002 -69.00001
v -176.8011 20.00002 -71.00001
v -165.8011 20.00002 -71
v -172.0011 20.00002 -71.00001
v -171.6031 20.00002 -73.00001
v -169.5135 20.00002 -73
v -167.0217 20.00002 -73.4985
v -164.9097 20.00002 -74.90971
v -163.4985 20.00002 -77.02171
v -163 20.00002 -79.5135
v -161 20.00002 -75.8011
v -163 20.00002 -81.6031
v -161 20.00002 -82.0011
v -161 20.00002 -86.8011
v -159 20.00002 -86.8011
v -159 20.00002 -75.8011
v -159 20.00002 -82.0011
v -157 20.00002 -81.6031
v -157 20.00002 -79.5135
v -156.5015 20.00002 -77.0217
v -157.7039 20.00002 -75.5433
v -155.0903 20.00002 -74.9097
v -156.3508 20.00002 -74.63921
v -157.5252 20.00002 -72.4748
v -155.3608 20.00002 -73.6492
v -152.9783 20.00002 -73.4985
v -154.4567 20.00002 -72.2961
v -150.4865 20.00002 -73
v -154.1989 20.00002 -71
v -148.3969 20.00002 -73
v -147.9989 20.00002 -71
vn -1.192093E-07 -1 3.178651E-08
vn -1.192093E-07 -1 3.178651E-08
vn -1.192093E-07 -1 3.178651E-08
vn 1.192093E-07 1 -3.178651E-08
vn 1.192093E-07 1 -3.178651E-08
vn 1.192093E-07 1 -3.178651E-08
vn 0.02659862 0.07153602 0.9970833
vn 0.1518918 1.331079E-08 0.9883972
vn 0.1518918 1.331079E-08 0.9883971
vn -0.1087329 -0.1284426 0.9857381
vn -0.2574472 0.07645396 0.9632632
vn -0.319952 -0.138675 0.9372299
vn -0.3181649 0.4084315 0.8555436
vn -0.350948 0.3828201 0.8545667
vn -0.3368351 0.5052529 0.7945198
vn -1 1.192093E-07 1.042161E-14
vn -1 1.192093E-07 1.042161E-14
vn -1 1.192093E-07 1.042161E-14
vn 1.192093E-07 1 -3.178651E-08
vn 1.192093E-07 1 -3.178651E-08
vn 1.192093E-07 1 -3.178651E-08
vn 1.192093E-07 1 -3.178651E-08
vn 1.192093E-07 1 -3.178651E-08
vn 1.192093E-07 1 -3.178651E-08
vn 1.192093E-07 1 -3.178651E-08
vn 1.192093E-07 1 -3.178651E-08
vn 1.192093E-07 1 -3.178651E-08
vn 1.192093E-07 1 -3.178651E-08
vn 1.192093E-07 1 -3.178651E-08
vn 1.192093E-07 1 -3.178651E-08
vn 1.192093E-07 1 -3.178651E-08
vn 1.192093E-07 1 -3.178651E-08
vn -0.1090299 -1.859964E-08 -0.9940385
vn -0.319952 -0.1386751 -0.9372299
vn -0.2574472 0.07645389 -0.9632632
vn -0.1521725 -1.327595E-08 -0.988354
vn -0.2374274 -2.574035E-09 -0.9714052
vn -0.2795406 2.804524E-09 -0.9601339
vn -0.3622625 1.355761E-08 -0.9320762
vn -0.4028673 1.893265E-08 -0.9152585
vn -0.4809981 2.947151E-08 -0.8767217
vn -0.5185472 3.463662E-08 -0.855049
vn -0.5910994 4.482558E-08 -0.8065987
vn -0.6260632 4.98463E-08 -0.7797723
vn -0.6916203 5.948939E-08 -0.7222613
vn -0.7222582 6.411559E-08 -0.6916235
vn -0.7797701 7.305538E-08 -0.626066
vn -0.8065965 7.736472E-08 -0.5911024
vn -0.8550479 8.544679E-08 -0.5185491
vn -0.8767217 8.922414E-08 -0.4809977
vn -0.9152598 9.630182E-08 -0.4028642
vn -0.9320773 9.959731E-08 -0.3622594
vn -0.960135 1.055715E-07 -0.2795368
vn -0.9714064 1.082538E-07 -0.2374227
vn -0.9883544 1.129841E-07 -0.1521697
vn -0.9940385 1.150329E-07 -0.1090297
vn -0.9999842 1.190288E-07 -0.005619144
vn -0.9999842 1.190288E-07 -0.005619144
vn -1.192093E-07 -1 3.178651E-08
vn -1.192093E-07 -1 3.178651E-08
vn -1.192093E-07 -1 3.178651E-08
vn -1.192093E-07 -0.9999999 3.178651E-08
vn -1.192093E-07 -1 3.178651E-08
vn -1.192093E-07 -1 3.178651E-08
vn -1.192093E-07 -1 3.178651E-08
vn -1.192093E-07 -1 3.178651E-08
vn -1.192093E-07 -1 3.178651E-08
vn -1.192093E-07 -1 3.178651E-08
vn -1.192093E-07 -1 3.178651E-08
vn -1.192093E-07 -1 3.178651E-08
vn -1.192093E-07 -1 3.178651E-08
vn -1.192093E-07 -1 3.178651E-08
vn -0.9999956 1.193021E-07 0.00293472
vn -0.9999464 1.19532E-07 0.01035494
vn 1.192093E-07 1 -3.178651E-08
vn 1.192093E-07 1 -3.178651E-08
vn -1.192093E-07 -1 3.178651E-08
vn -1.192093E-07 -0.9999999 3.178651E-08
vn -1.192093E-07 -1 3.178651E-08
vn -1.192093E-07 -1 3.178651E-08
vn -1.192093E-07 -1 3.178651E-08
vn -1.192093E-07 -1 3.178651E-08
vn -1.192093E-07 -1 3.178651E-08
vn -1.192093E-07 -1 3.178651E-08
vn -1.192093E-07 -1 3.178651E-08
vn -1.192093E-07 -1 3.178651E-08
vn -1.192093E-07 -1 3.178651E-08
vn -1.192093E-07 -1 3.178651E-08
vn -1.192093E-07 -1 3.178651E-08
vn -1.192093E-07 -1 3.178651E-08
vn -0.1090299 4.45944E-08 0.9940385
vn -0.1521725 4.95567E-08 0.988354
vn -0.2374274 5.918113E-08 0.9714052
vn -0.2795406 6.384314E-08 0.9601339
vn -0.3622625 7.281251E-08 0.9320762
vn -0.4028673 7.711841E-08 0.9152585
vn -0.4809981 8.520736E-08 0.8767217
vn -0.5185472 8.899467E-08 0.855049
vn -0.5910994 9.61035E-08 0.8065987
vn -0.6260632 9.941879E-08 0.7797723
vn -0.6916203 1.054057E-07 0.7222613
vn -0.7222582 1.080842E-07 0.6916235
vn -0.7797701 1.128563E-07 0.626066
vn -0.8065965 1.149429E-07 0.5911024
vn -0.8550479 1.184125E-07 0.5185491
vn -0.8767217 1.198026E-07 0.4809977
vn -0.9152598 1.219131E-07 0.4028642
vn -0.9320773 1.226272E-07 0.3622594
vn -0.960135 1.233425E-07 0.2795368
vn -0.9714064 1.233475E-07 0.2374227
vn -0.9883544 1.22658E-07 0.1521697
vn -0.9940385 1.219643E-07 0.1090297
vn 1.192093E-07 1 -3.178651E-08
vn 1.192093E-07 1 -3.178651E-08
vn 1.192093E-07 1 -3.178651E-08
vn 1.192093E-07 1 -3.178651E-08
vn 1.192093E-07 1 -3.178651E-08
vn 1.192093E-07 1 -3.178651E-08
vn 1.192093E-07 1 -3.178651E-08
vn 1.192093E-07 1 -3.178651E-08
vn 1.192093E-07 1 -3.178651E-08
vn 1.192093E-07 1 -3.178651E-08
vn 1.192093E-07 1 -3.178651E-08
vn 1.192093E-07 1 -3.178651E-08
vn 0.02659863 0.07153595 -0.9970833
vn -0.1087329 -0.1284427 -0.9857381
vn 0.1518918 -4.952461E-08 -0.9883971
vn 0.1518918 -4.952461E-08 -0.9883972
vn -1 1.192093E-07 1.042161E-14
vn -1 1.192093E-07 1.042161E-14
vn -1 1.192093E-07 1.042161E-14
vn -0.3181651 -0.4084314 0.8555436
vn -0.3368353 -0.5052528 0.7945198
vn -0.3509481 -0.38282 0.8545667
vn -0.3509481 -0.38282 -0.8545667
vn -0.3368353 -0.5052528 -0.7945198
vn -0.3181651 -0.4084314 -0.8555436
vn -0.3181649 0.4084314 -0.8555436
vn -0.3368351 0.5052528 -0.7945198
vn -0.350948 0.38282 -0.8545667
vn -1.192093E-07 -1 3.178651E-08
vn -1.192093E-07 -1 3.178651E-08
vn -1.192093E-07 -1 3.178651E-08
vn 1.192093E-07 1 -3.178651E-08
vn 1.192093E-07 1 -3.178651E-08
vn 1.192093E-07 1 -3.178651E-08
vn -0.4755178 0.07153449 0.8767928
vn -0.3626683 7.285586E-08 0.9319183
vn -0.3626683 7.285586E-08 0.9319184
vn -0.587045 -0.1284398 0.7993007
vn -0.7045966 0.07645233 0.7054778
vn -0.7457103 -0.138672 0.6516796
vn -0.7033206 0.4084241 0.5818331
vn -0.7312228 0.382813 0.5645949
vn -0.688978 0.5052449 0.5196507
vn -0.8660192 1.013689E-07 -0.5000107
vn -0.8660192 1.013689E-07 -0.5000107
vn -0.8660192 1.013689E-07 -0.5000107
vn 1.192093E-07 1 -3.178651E-08
vn 1.192093E-07 1 -3.178651E-08
vn 1.192093E-07 1 -3.178651E-08
vn 1.192093E-07 1 -3.178651E-08
vn 1.192093E-07 1 -3.178651E-08
vn 1.192093E-07 1 -3.178651E-08
vn 1.192093E-07 1 -3.178651E-08
vn 1.192093E-07 1 -3.178651E-08
vn 1.192093E-07 1 -3.178651E-08
vn 1.192093E-07 1 -3.178651E-08
vn 1.192093E-07 1 -3.178651E-08
vn 1.192093E-07 1 -3.178651E-08
vn 1.192093E-07 1 -3.178651E-08
vn 1.192093E-07 1 -3.178651E-08
vn 0.4026075 -7.709107E-08 -0.9153727
vn 0.1915407 -0.1386723 -0.971639
vn 0.2586879 0.0764522 -0.9629307
vn 0.3624024 -7.282746E-08 -0.9320217
vn 0.2800948 -6.390407E-08 -0.9599723
vn 0.2379879 -5.924359E-08 -0.9712681
vn 0.1523206 -4.957364E-08 -0.9883311
vn 0.1087478 -4.456174E-08 -0.9940693
vn 0.02182108 -3.438022E-08 -0.9997619
vn -0.02152972 -2.92126E-08 -0.9997682
vn -0.1085891 -1.865373E-08 -0.9940867
vn -0.1522877 -1.326165E-08 -0.9883362
vn -0.2378218 -2.523951E-09 -0.9713088
vn -0.2796728 2.821505E-09 -0.9600955
vn -0.3622581 1.355703E-08 -0.9320778
vn -0.4029731 1.894675E-08 -0.9152118
vn -0.4812087 2.95003E-08 -0.876606
vn -0.5187529 3.46651E-08 -0.8549242
vn -0.5911959 4.483934E-08 -0.806528
vn -0.6260659 4.984669E-08 -0.7797702
vn -0.6917264 5.950528E-08 -0.7221597
vn -0.7225425 6.415893E-08 -0.6913265
vn -0.7798451 7.30673E-08 -0.6259726
vn -0.8063386 7.732278E-08 -0.5914543
vn -0.8631958 8.685293E-08 -0.5048693
vn -0.8631958 8.685293E-08 -0.5048693
vn -1.192093E-07 -1 3.178651E-08
vn -1.192093E-07 -1 3.178651E-08
vn -1.192093E-07 -1 3.178651E-08
vn -1.192093E-07 -1 3.178651E-08
vn -1.192093E-07 -1 3.178651E-08
vn -1.192093E-07 -0.9999999 3.178651E-08
vn -1.192093E-07 -1 3.178651E-08
vn -1.192093E-07 -1 3.178651E-08
vn -1.192093E-07 -1 3.178651E-08
vn -1.192093E-07 -1 3.178651E-08
vn -1.192093E-07 -1 3.178651E-08
vn -1.192093E-07 -0.9999999 3.178651E-08
vn -1.192093E-07 -0.9999999 3.178651E-08
vn -1.192093E-07 -1 3.178651E-08
vn -0.8674828 8.759927E-08 -0.4974671
vn -0.8711502 8.824149E-08 -0.4910165
vn 1.192093E-07 1 -3.178651E-08
vn 1.192093E-07 1 -3.178651E-08
vn -1.192093E-07 -1 3.178651E-08
vn -1.192093E-07 -1 3.178651E-08
vn -1.192093E-07 -1 3.178651E-08
vn -1.192093E-07 -1 3.178651E-08
vn -1.192093E-07 -1 3.178651E-08
vn -1.192093E-07 -1 3.178651E-08
vn -1.192093E-07 -1 3.178651E-08
vn -1.192093E-07 -1 3.178651E-08
vn -1.192093E-07 -1 3.178651E-08
vn -1.192093E-07 -1 3.178651E-08
vn -1.192093E-07 -1 3.178651E-08
vn -1.192093E-07 -1 3.178651E-08
vn -1.192093E-07 -1 3.178651E-08
vn -1.192093E-07 -1 3.178651E-08
vn -0.5914503 9.613716E-08 0.8063414
vn -0.6259706 9.941012E-08 0.7798465
vn -0.6913297 1.053799E-07 0.7225395
vn -0.7221656 1.080762E-07 0.6917202
vn -0.7797742 1.128566E-07 0.6260608
vn -0.8065281 1.149377E-07 0.5911958
vn -0.8549214 1.184041E-07 0.5187575
vn -0.8766038 1.197954E-07 0.4812127
vn -0.915212 1.219109E-07 0.4029724
vn -0.9320795 1.226273E-07 0.3622539
vn -0.9600967 1.233421E-07 0.2796683
vn -0.9713092 1.233486E-07 0.2378204
vn -0.9883358 1.226596E-07 0.1522905
vn -0.9940863 1.219561E-07 0.1085936
vn -0.9997681 1.198661E-07 0.02153448
vn -0.999762 1.184874E-07 -0.02181859
vn -0.9940693 1.150456E-07 -0.1087481
vn -0.9883311 1.129765E-07 -0.1523214
vn -0.9712673 1.082192E-07 -0.237991
vn -0.9599711 1.055341E-07 -0.2800993
vn -0.9320206 9.958591E-08 -0.3624054
vn -0.9153723 9.632337E-08 -0.4026082
vn 1.192093E-07 1 -3.178651E-08
vn 1.192093E-07 1 -3.178651E-08
vn 1.192093E-07 1 -3.178651E-08
vn 1.192093E-07 1 -3.178651E-08
vn 1.192093E-07 1 -3.178651E-08
vn 1.192093E-07 1 -3.178651E-08
vn 1.192093E-07 1 -3.178651E-08
vn 1.192093E-07 1 -3.178651E-08
vn 1.192093E-07 1 -3.178651E-08
vn 1.192093E-07 1 -3.178651E-08
vn 1.192093E-07 1 -3.178651E-08
vn 1.192093E-07 1 -3.178651E-08
vn 0.5215876 0.07153434 -0.8501937
vn 0.3987153 -0.1284399 -0.9080359
vn 0.6257507 -9.938952E-08 -0.7800232
vn 0.6257507 -9.938952E-08 -0.7800232
vn -0.8660192 5.929408E-08 -0.5000107
vn -0.8660192 5.929408E-08 -0.5000107
vn -0.8660192 5.929408E-08 -0.5000107
vn -0.7033207 -0.4084239 0.5818331
vn -0.6889781 -0.5052447 0.5196507
vn -0.7312229 -0.3828127 0.5645949
vn 0.1233654 -0.3828129 -0.915552
vn 0.1055635 -0.5052446 -0.8564954
vn 0.1522448 -0.408424 -0.9000063
vn 0.1522449 0.4084239 -0.9000063
vn 0.1055636 0.5052444 -0.8564954
vn 0.1233655 0.3828128 -0.9155519
vn -1.192093E-07 -1 3.178651E-08
vn -1.192093E-07 -1 3.178651E-08
vn -1.192093E-07 -1 3.178651E-08
vn 1.192093E-07 1 -3.178651E-08
vn 1.192093E-07 1 -3.178651E-08
vn 1.192093E-07 1 -3.178651E-08
vn -0.8501937 0.07153455 0.5215876
vn -0.7800232 1.128764E-07 0.6257507
vn -0.7800232 1.128764E-07 0.6257507
vn -0.9080359 -0.1284398 0.3987153
vn -0.9629308 0.0764524 0.2586879
vn -0.971639 -0.1386721 0.1915407
vn -0.9000062 0.408424 0.1522448
vn -0.9155518 0.382813 0.1233654
vn -0.8564954 0.5052446 0.1055635
vn -0.5000107 6.012806E-08 -0.8660192
vn -0.5000107 6.012806E-08 -0.8660192
vn -0.5000107 6.012806E-08 -0.8660192
vn 1.192093E-07 1 -3.178651E-08
vn 1.192093E-07 1 -3.178651E-08
vn 1.192093E-07 1 -3.178651E-08
vn 1.192093E-07 1 -3.178651E-08
vn 1.192093E-07 1 -3.178651E-08
vn 1.192093E-07 1 -3.178651E-08
vn 1.192093E-07 1 -3.178651E-08
vn 1.192093E-07 1 -3.178651E-08
vn 1.192093E-07 1 -3.178651E-08
vn 1.192093E-07 1 -3.178651E-08
vn 1.192093E-07 1 -3.178651E-08
vn 1.192093E-07 1 -3.178651E-08
vn 1.192093E-07 1 -3.178651E-08
vn 1.192093E-07 1 -3.178651E-08
vn 0.8063414 -1.149235E-07 -0.5914503
vn 0.6516796 -0.1386722 -0.7457103
vn 0.7054778 0.07645211 -0.7045966
vn 0.7798465 -1.128624E-07 -0.6259706
vn 0.7225395 -1.081084E-07 -0.6913297
vn 0.6917202 -1.054146E-07 -0.7221656
vn 0.6260608 -9.941856E-08 -0.7797742
vn 0.5911958 -9.611274E-08 -0.8065281
vn 0.5187575 -8.901569E-08 -0.8549214
vn 0.4812127 -8.52292E-08 -0.8766038
vn 0.4029724 -7.712946E-08 -0.915212
vn 0.3622539 -7.281159E-08 -0.9320795
vn 0.2796683 -6.385719E-08 -0.9600967
vn 0.2378204 -5.922493E-08 -0.9713092
vn 0.1522905 -4.957019E-08 -0.9883358
vn 0.1085936 -4.45439E-08 -0.9940863
vn 0.02153448 -3.434625E-08 -0.9997681
vn -0.02181859 -2.917797E-08 -0.999762
vn -0.1087481 -1.863422E-08 -0.9940693
vn -0.1523214 -1.325748E-08 -0.9883311
vn -0.237991 -2.50246E-09 -0.9712673
vn -0.2800993 2.876306E-09 -0.9599711
vn -0.3624054 1.357641E-08 -0.9320206
vn -0.4026082 1.889815E-08 -0.9153723
vn -0.4951367 3.140829E-08 -0.8688151
vn -0.4951367 3.140829E-08 -0.8688151
vn -1.192093E-07 -1 3.178651E-08
vn -1.192093E-07 -1 3.178651E-08
vn -1.192093E-07 -1 3.178651E-08
vn -1.192093E-07 -1 3.178651E-08
vn -1.192093E-07 -1 3.178651E-08
vn -1.192093E-07 -1 3.178651E-08
vn -1.192093E-07 -1 3.178651E-08
vn -1.192093E-07 -1 3.178651E-08
vn -1.192093E-07 -1 3.178651E-08
vn -1.192093E-07 -1 3.178651E-08
vn -1.192093E-07 -1 3.178651E-08
vn -1.192093E-07 -1 3.178651E-08
vn -1.192093E-07 -1 3.178651E-08
vn -1.192093E-07 -1 3.178651E-08
vn -0.5025502 3.242769E-08 -0.864548
vn -0.5089518 3.33101E-08 -0.8607951
vn 1.192093E-07 1 -3.178651E-08
vn 1.192093E-07 1 -3.178651E-08
vn -1.192093E-07 -1 3.178651E-08
vn -1.192093E-07 -1 3.178651E-08
vn -1.192093E-07 -1 3.178651E-08
vn -1.192093E-07 -1 3.178651E-08
vn -1.192093E-07 -1 3.178651E-08
vn -1.192093E-07 -1 3.178651E-08
vn -1.192093E-07 -1 3.178651E-08
vn -1.192093E-07 -1 3.178651E-08
vn -1.192093E-07 -1 3.178651E-08
vn -1.192093E-07 -1 3.178651E-08
vn -1.192093E-07 -1 3.178651E-08
vn -1.192093E-07 -1 3.178651E-08
vn -1.192093E-07 -1 3.178651E-08
vn -1.192093E-07 -1 3.178651E-08
vn -0.9153727 1.219184E-07 0.4026075
vn -0.9320217 1.226252E-07 0.3624024
vn -0.9599723 1.233409E-07 0.2800948
vn -0.9712681 1.23349E-07 0.2379879
vn -0.9883311 1.2266E-07 0.1523206
vn -0.9940693 1.21959E-07 0.1087478
vn -0.9997619 1.198745E-07 0.02182108
vn -0.9997682 1.184973E-07 -0.02152972
vn -0.9940867 1.150527E-07 -0.1085891
vn -0.9883362 1.129782E-07 -0.1522877
vn -0.9713088 1.082295E-07 -0.2378218
vn -0.9600955 1.055625E-07 -0.2796728
vn -0.9320778 9.959741E-08 -0.3622581
vn -0.9152118 9.629264E-08 -0.4029731
vn -0.876606 8.920363E-08 -0.4812087
vn -0.8549242 8.542556E-08 -0.5187529
vn -0.806528 7.735357E-08 -0.5911959
vn -0.7797702 7.30554E-08 -0.6260659
vn -0.7221597 6.410057E-08 -0.6917264
vn -0.6913265 5.944543E-08 -0.7225425
vn -0.6259726 4.98332E-08 -0.7798451
vn -0.5914543 4.487615E-08 -0.8063386
vn 1.192093E-07 1 -3.178651E-08
vn 1.192093E-07 1 -3.178651E-08
vn 1.192093E-07 1 -3.178651E-08
vn 1.192093E-07 1 -3.178651E-08
vn 1.192093E-07 0.9999999 -3.178651E-08
vn 1.192093E-07 1 -3.178651E-08
vn 1.192093E-07 1 -3.178651E-08
vn 1.192093E-07 1 -3.178651E-08
vn 1.192093E-07 1 -3.178651E-08
vn 1.192093E-07 1 -3.178651E-08
vn 1.192093E-07 0.9999999 -3.178651E-08
vn 1.192093E-07 1 -3.178651E-08
vn 0.8767928 0.07153429 -0.4755178
vn 0.7993007 -0.12844 -0.587045
vn 0.9319183 -1.226213E-07 -0.3626682
vn 0.9319183 -1.226213E-07 -0.3626682
vn -0.5000107 1.805326E-08 -0.8660192
vn -0.5000107 1.805326E-08 -0.8660192
vn -0.5000107 1.805326E-08 -0.8660192
vn -0.9000064 -0.4084238 0.1522448
vn -0.8564955 -0.5052444 0.1055636
vn -0.915552 -0.3828127 0.1233654
vn 0.5645949 -0.3828129 -0.7312229
vn 0.5196506 -0.5052447 -0.6889781
vn 0.5818331 -0.408424 -0.7033206
vn 0.5818332 0.4084239 -0.7033206
vn 0.5196508 0.5052447 -0.6889781
vn 0.564595 0.3828128 -0.7312229
vn -1.192093E-07 -1 3.178651E-08
vn -1.192093E-07 -1 3.178651E-08
vn -1.192093E-07 -1 3.178651E-08
vn 1.192093E-07 1 -3.178651E-08
vn 1.192093E-07 1 -3.178651E-08
vn 1.192093E-07 1 -3.178651E-08
vn -0.9970833 0.07153611 0.02659861
vn -0.9883972 1.226542E-07 0.1518918
vn -0.9883971 1.226542E-07 0.1518918
vn -0.9857381 -0.1284425 -0.1087328
vn -0.9632632 0.07645401 -0.2574472
vn -0.9372299 -0.138675 -0.319952
vn -0.8555436 0.4084315 -0.318165
vn -0.8545666 0.3828201 -0.350948
vn -0.7945197 0.5052529 -0.3368352
vn 0 -3.178651E-08 -1
vn 0 -3.178651E-08 -1
vn 0 -3.178651E-08 -1
vn 1.192093E-07 1 -3.178651E-08
vn 1.192093E-07 1 -3.178651E-08
vn 1.192093E-07 1 -3.178651E-08
vn 1.192093E-07 1 -3.178651E-08
vn 1.192093E-07 1 -3.178651E-08
vn 1.192093E-07 1 -3.178651E-08
vn 1.192093E-07 1 -3.178651E-08
vn 1.192093E-07 1 -3.178651E-08
vn 1.192093E-07 1 -3.178651E-08
vn 1.192093E-07 1 -3.178651E-08
vn 1.192093E-07 1 -3.178651E-08
vn 1.192093E-07 1 -3.178651E-08
vn 1.192093E-07 1 -3.178651E-08
vn 1.192093E-07 1 -3.178651E-08
vn 0.9940385 -1.219643E-07 -0.1090299
vn 0.9372299 -0.1386752 -0.319952
vn 0.9632632 0.07645377 -0.2574472
vn 0.988354 -1.22658E-07 -0.1521725
vn 0.9714052 -1.233475E-07 -0.2374274
vn 0.9601339 -1.233425E-07 -0.2795406
vn 0.9320762 -1.226272E-07 -0.3622625
vn 0.9152585 -1.219131E-07 -0.4028673
vn 0.8767217 -1.198026E-07 -0.4809981
vn 0.855049 -1.184126E-07 -0.5185472
vn 0.8065987 -1.14943E-07 -0.5910994
vn 0.7797723 -1.128565E-07 -0.6260632
vn 0.7222613 -1.080845E-07 -0.6916203
vn 0.6916235 -1.05406E-07 -0.7222582
vn 0.626066 -9.941906E-08 -0.7797701
vn 0.5911024 -9.610378E-08 -0.8065965
vn 0.5185491 -8.899486E-08 -0.8550479
vn 0.4809977 -8.520733E-08 -0.8767217
vn 0.4028642 -7.711807E-08 -0.9152598
vn 0.3622594 -7.281217E-08 -0.9320773
vn 0.2795368 -6.384273E-08 -0.960135
vn 0.2374227 -5.918062E-08 -0.9714064
vn 0.1521697 -4.955638E-08 -0.9883544
vn 0.1090297 -4.459437E-08 -0.9940385
vn 0.005619144 -3.245587E-08 -0.9999842
vn 0.005619144 -3.245587E-08 -0.9999842
vn -1.192093E-07 -1 3.178651E-08
vn -1.192093E-07 -1 3.178651E-08
vn -1.192093E-07 -1 3.178651E-08
vn -1.192093E-07 -0.9999999 3.178651E-08
vn -1.192093E-07 -1 3.178651E-08
vn -1.192093E-07 -1 3.178651E-08
vn -1.192093E-07 -1 3.178651E-08
vn -1.192093E-07 -1 3.178651E-08
vn -1.192093E-07 -1 3.178651E-08
vn -1.192093E-07 -1 3.178651E-08
vn -1.192093E-07 -1 3.178651E-08
vn -1.192093E-07 -1 3.178651E-08
vn -1.192093E-07 -1 3.178651E-08
vn -1.192093E-07 -1 3.178651E-08
vn -0.00293472 -3.143653E-08 -0.9999956
vn -0.01035494 -3.055041E-08 -0.9999464
vn 1.192093E-07 1 -3.178651E-08
vn 1.192093E-07 1 -3.178651E-08
vn -1.192093E-07 -1 3.178651E-08
vn -1.192093E-07 -0.9999999 3.178651E-08
vn -1.192093E-07 -1 3.178651E-08
vn -1.192093E-07 -1 3.178651E-08
vn -1.192093E-07 -1 3.178651E-08
vn -1.192093E-07 -1 3.178651E-08
vn -1.192093E-07 -1 3.178651E-08
vn -1.192093E-07 -1 3.178651E-08
vn -1.192093E-07 -1 3.178651E-08
vn -1.192093E-07 -1 3.178651E-08
vn -1.192093E-07 -1 3.178651E-08
vn -1.192093E-07 -1 3.178651E-08
vn -1.192093E-07 -1 3.178651E-08
vn -1.192093E-07 -1 3.178651E-08
vn -0.9940385 1.150329E-07 -0.1090299
vn -0.988354 1.129839E-07 -0.1521725
vn -0.9714052 1.082535E-07 -0.2374274
vn -0.9601339 1.055713E-07 -0.2795406
vn -0.9320762 9.959707E-08 -0.3622625
vn -0.9152585 9.630156E-08 -0.4028673
vn -0.8767217 8.922412E-08 -0.4809981
vn -0.855049 8.544698E-08 -0.5185472
vn -0.8065987 7.736507E-08 -0.5910994
vn -0.7797723 7.305574E-08 -0.6260632
vn -0.7222613 6.411606E-08 -0.6916203
vn -0.6916235 5.948988E-08 -0.7222582
vn -0.626066 4.984672E-08 -0.7797701
vn -0.5911024 4.4826E-08 -0.8065965
vn -0.5185491 3.463688E-08 -0.8550479
vn -0.4809977 2.947147E-08 -0.8767217
vn -0.4028642 1.893224E-08 -0.9152598
vn -0.3622594 1.355719E-08 -0.9320773
vn -0.2795368 2.804036E-09 -0.960135
vn -0.2374227 -2.574627E-09 -0.9714064
vn -0.1521697 -1.32763E-08 -0.9883544
vn -0.1090297 -1.859966E-08 -0.9940385
vn 1.192093E-07 1 -3.178651E-08
vn 1.192093E-07 1 -3.178651E-08
vn 1.192093E-07 1 -3.178651E-08
vn 1.192093E-07 1 -3.178651E-08
vn 1.192093E-07 1 -3.178651E-08
vn 1.192093E-07 1 -3.178651E-08
vn 1.192093E-07 1 -3.178651E-08
vn 1.192093E-07 1 -3.178651E-08
vn 1.192093E-07 1 -3.178651E-08
vn 1.192093E-07 1 -3.178651E-08
vn 1.192093E-07 1 -3.178651E-08
vn 1.192093E-07 1 -3.178651E-08
vn 0.9970833 0.07153587 0.02659862
vn 0.9857381 -0.1284428 -0.1087328
vn 0.9883971 -1.12998E-07 0.1518918
vn 0.9883972 -1.12998E-07 0.1518918
vn 0 -3.178651E-08 -1
vn 0 -3.178651E-08 -1
vn 0 -3.178651E-08 -1
vn -0.8555437 -0.4084314 -0.318165
vn -0.7945198 -0.5052528 -0.3368352
vn -0.8545668 -0.3828199 -0.3509481
vn 0.8545666 -0.3828201 -0.3509481
vn 0.7945197 -0.505253 -0.3368352
vn 0.8555436 -0.4084316 -0.318165
vn 0.8555437 0.4084313 -0.318165
vn 0.7945198 0.5052527 -0.3368352
vn 0.8545668 0.3828199 -0.350948
vn -1.192093E-07 -1 3.178651E-08
vn -1.192093E-07 -1 3.178651E-08
vn -1.192093E-07 -1 3.178651E-08
vn 1.192093E-07 1 -3.178651E-08
vn 1.192093E-07 1 -3.178651E-08
vn 1.192093E-07 1 -3.178651E-08
vn -0.8767928 0.0715345 -0.4755178
vn -0.9319183 9.956536E-08 -0.3626683
vn -0.9319184 9.956537E-08 -0.3626683
vn -0.7993007 -0.1284398 -0.587045
vn -0.7054778 0.07645229 -0.7045966
vn -0.6516796 -0.1386721 -0.7457103
vn -0.5818331 0.408424 -0.7033206
vn -0.5645949 0.3828129 -0.7312229
vn -0.5196506 0.5052449 -0.6889781
vn 0.5000107 -7.310872E-08 -0.8660192
vn 0.5000107 -7.310872E-08 -0.8660192
vn 0.5000107 -7.310872E-08 -0.8660192
vn 1.192093E-07 1 -3.178651E-08
vn 1.192093E-07 1 -3.178651E-08
vn 1.192093E-07 1 -3.178651E-08
vn 1.192093E-07 1 -3.178651E-08
vn 1.192093E-07 1 -3.178651E-08
vn 1.192093E-07 1 -3.178651E-08
vn 1.192093E-07 1 -3.178651E-08
vn 1.192093E-07 1 -3.178651E-08
vn 1.192093E-07 1 -3.178651E-08
vn 1.192093E-07 1 -3.178651E-08
vn 1.192093E-07 1 -3.178651E-08
vn 1.192093E-07 1 -3.178651E-08
vn 1.192093E-07 1 -3.178651E-08
vn 1.192093E-07 1 -3.178651E-08
vn 0.9153727 -9.632343E-08 0.4026075
vn 0.971639 -0.1386723 0.1915407
vn 0.9629307 0.07645216 0.2586879
vn 0.9320217 -9.958614E-08 0.3624024
vn 0.9599723 -1.055344E-07 0.2800948
vn 0.9712681 -1.082194E-07 0.2379879
vn 0.9883311 -1.129765E-07 0.1523206
vn 0.9940693 -1.150456E-07 0.1087478
vn 0.9997619 -1.184873E-07 0.02182108
vn 0.9997682 -1.19866E-07 -0.02152972
vn 0.9940867 -1.21956E-07 -0.1085891
vn 0.9883362 -1.226596E-07 -0.1522877
vn 0.9713088 -1.233486E-07 -0.2378218
vn 0.9600955 -1.233421E-07 -0.2796728
vn 0.9320778 -1.226273E-07 -0.3622581
vn 0.9152118 -1.219109E-07 -0.4029731
vn 0.876606 -1.197955E-07 -0.4812087
vn 0.8549242 -1.184043E-07 -0.5187529
vn 0.806528 -1.149377E-07 -0.5911959
vn 0.7797702 -1.128563E-07 -0.6260659
vn 0.7221597 -1.080757E-07 -0.6917264
vn 0.6913265 -1.053796E-07 -0.7225425
vn 0.6259726 -9.941031E-08 -0.7798451
vn 0.5914543 -9.613753E-08 -0.8063386
vn 0.5048693 -8.762309E-08 -0.8631958
vn 0.5048693 -8.762309E-08 -0.8631958
vn -1.192093E-07 -1 3.178651E-08
vn -1.192093E-07 -1 3.178651E-08
vn -1.192093E-07 -1 3.178651E-08
vn -1.192093E-07 -1 3.178651E-08
vn -1.192093E-07 -1 3.178651E-08
vn -1.192093E-07 -0.9999999 3.178651E-08
vn -1.192093E-07 -1 3.178651E-08
vn -1.192093E-07 -1 3.178651E-08
vn -1.192093E-07 -1 3.178651E-08
vn -1.192093E-07 -1 3.178651E-08
vn -1.192093E-07 -1 3.178651E-08
vn -1.192093E-07 -0.9999999 3.178651E-08
vn -1.192093E-07 -0.9999999 3.178651E-08
vn -1.192093E-07 -1 3.178651E-08
vn 0.4974671 -8.687696E-08 -0.8674828
vn 0.4910165 -8.622455E-08 -0.8711502
vn 1.192093E-07 1 -3.178651E-08
vn 1.192093E-07 1 -3.178651E-08
vn -1.192093E-07 -1 3.178651E-08
vn -1.192093E-07 -1 3.178651E-08
vn -1.192093E-07 -1 3.178651E-08
vn -1.192093E-07 -1 3.178651E-08
vn -1.192093E-07 -1 3.178651E-08
vn -1.192093E-07 -1 3.178651E-08
vn -1.192093E-07 -1 3.178651E-08
vn -1.192093E-07 -1 3.178651E-08
vn -1.192093E-07 -1 3.178651E-08
vn -1.192093E-07 -1 3.178651E-08
vn -1.192093E-07 -1 3.178651E-08
vn -1.192093E-07 -1 3.178651E-08
vn -1.192093E-07 -1 3.178651E-08
vn -1.192093E-07 -1 3.178651E-08
vn -0.8063414 7.732324E-08 -0.5914503
vn -0.7798465 7.306753E-08 -0.6259706
vn -0.7225395 6.415846E-08 -0.6913297
vn -0.6917202 5.950435E-08 -0.7221656
vn -0.6260608 4.984596E-08 -0.7797742
vn -0.5911958 4.483931E-08 -0.8065281
vn -0.5187575 3.466575E-08 -0.8549214
vn -0.4812127 2.950085E-08 -0.8766038
vn -0.4029724 1.894666E-08 -0.915212
vn -0.3622539 1.355647E-08 -0.9320795
vn -0.2796683 2.820929E-09 -0.9600967
vn -0.2378204 -2.524136E-09 -0.9713092
vn -0.1522905 -1.326131E-08 -0.9883358
vn -0.1085936 -1.865317E-08 -0.9940863
vn -0.02153448 -2.921203E-08 -0.9997681
vn 0.02181859 -3.437993E-08 -0.999762
vn 0.1087481 -4.456178E-08 -0.9940693
vn 0.1523214 -4.957372E-08 -0.9883311
vn 0.237991 -5.924394E-08 -0.9712673
vn 0.2800993 -6.390457E-08 -0.9599711
vn 0.3624054 -7.282778E-08 -0.9320206
vn 0.4026082 -7.709113E-08 -0.9153723
vn 1.192093E-07 1 -3.178651E-08
vn 1.192093E-07 1 -3.178651E-08
vn 1.192093E-07 1 -3.178651E-08
vn 1.192093E-07 1 -3.178651E-08
vn 1.192093E-07 1 -3.178651E-08
vn 1.192093E-07 1 -3.178651E-08
vn 1.192093E-07 1 -3.178651E-08
vn 1.192093E-07 1 -3.178651E-08
vn 1.192093E-07 1 -3.178651E-08
vn 1.192093E-07 1 -3.178651E-08
vn 1.192093E-07 1 -3.178651E-08
vn 1.192093E-07 1 -3.178651E-08
vn 0.8501937 0.07153435 0.5215876
vn 0.9080359 -0.12844 0.3987153
vn 0.7800232 -7.309557E-08 0.6257507
vn 0.7800232 -7.309557E-08 0.6257507
vn 0.5000107 -1.151835E-07 -0.8660192
vn 0.5000107 -1.151835E-07 -0.8660192
vn 0.5000107 -1.151835E-07 -0.8660192
vn -0.5818332 -0.4084239 -0.7033206
vn -0.5196508 -0.5052447 -0.6889781
vn -0.564595 -0.3828128 -0.7312229
vn 0.9155519 -0.382813 0.1233655
vn 0.8564954 -0.5052446 0.1055636
vn 0.9000062 -0.408424 0.1522448
vn 0.9000064 0.4084238 0.1522448
vn 0.8564955 0.5052444 0.1055635
vn 0.915552 0.3828127 0.1233654
vn -1.192093E-07 -1 3.178651E-08
vn -1.192093E-07 -1 3.178651E-08
vn -1.192093E-07 -1 3.178651E-08
vn 1.192093E-07 1 -3.178651E-08
vn 1.192093E-07 1 -3.178651E-08
vn 1.192093E-07 1 -3.178651E-08
vn -0.5215876 0.07153447 -0.8501937
vn -0.6257507 4.980108E-08 -0.7800232
vn -0.6257507 4.980108E-08 -0.7800232
vn -0.3987154 -0.1284399 -0.9080359
vn -0.2586879 0.07645228 -0.9629308
vn -0.1915407 -0.1386722 -0.971639
vn -0.1522447 0.4084239 -0.9000063
vn -0.1233654 0.3828129 -0.9155519
vn -0.1055635 0.5052445 -0.8564954
vn 0.8660192 -9.108127E-08 -0.5000107
vn 0.8660192 -9.108127E-08 -0.5000107
vn 0.8660192 -9.108127E-08 -0.5000107
vn 1.192093E-07 1 -3.178651E-08
vn 1.192093E-07 1 -3.178651E-08
vn 1.192093E-07 1 -3.178651E-08
vn 1.192093E-07 1 -3.178651E-08
vn 1.192093E-07 1 -3.178651E-08
vn 1.192093E-07 1 -3.178651E-08
vn 1.192093E-07 1 -3.178651E-08
vn 1.192093E-07 1 -3.178651E-08
vn 1.192093E-07 1 -3.178651E-08
vn 1.192093E-07 1 -3.178651E-08
vn 1.192093E-07 1 -3.178651E-08
vn 1.192093E-07 1 -3.178651E-08
vn 1.192093E-07 1 -3.178651E-08
vn 1.192093E-07 1 -3.178651E-08
vn 0.5914503 -4.487559E-08 0.8063414
vn 0.7457103 -0.1386722 0.6516796
vn 0.7045966 0.07645216 0.7054778
vn 0.6259706 -4.983291E-08 0.7798465
vn 0.6913297 -5.944591E-08 0.7225395
vn 0.7221656 -6.410148E-08 0.6917202
vn 0.7797742 -7.305604E-08 0.6260608
vn 0.8065281 -7.735359E-08 0.5911958
vn 0.8549214 -8.542508E-08 0.5187575
vn 0.8766038 -8.920325E-08 0.4812127
vn 0.915212 -9.629269E-08 0.4029724
vn 0.9320795 -9.959775E-08 0.3622539
vn 0.9600967 -1.055628E-07 0.2796683
vn 0.9713092 -1.082296E-07 0.2378204
vn 0.9883358 -1.12978E-07 0.1522905
vn 0.9940863 -1.150525E-07 0.1085936
vn 0.9997681 -1.184971E-07 0.02153448
vn 0.999762 -1.198745E-07 -0.02181859
vn 0.9940693 -1.21959E-07 -0.1087481
vn 0.9883311 -1.2266E-07 -0.1523214
vn 0.9712673 -1.23349E-07 -0.237991
vn 0.9599711 -1.233409E-07 -0.2800993
vn 0.9320206 -1.226251E-07 -0.3624054
vn 0.9153723 -1.219184E-07 -0.4026082
vn 0.8688151 -1.193095E-07 -0.4951367
vn 0.8688151 -1.193095E-07 -0.4951367
vn -1.192093E-07 -1 3.178651E-08
vn -1.192093E-07 -1 3.178651E-08
vn -1.192093E-07 -1 3.178651E-08
vn -1.192093E-07 -1 3.178651E-08
vn -1.192093E-07 -1 3.178651E-08
vn -1.192093E-07 -1 3.178651E-08
vn -1.192093E-07 -1 3.178651E-08
vn -1.192093E-07 -1 3.178651E-08
vn -1.192093E-07 -1 3.178651E-08
vn -1.192093E-07 -1 3.178651E-08
vn -1.192093E-07 -1 3.178651E-08
vn -1.192093E-07 -1 3.178651E-08
vn -1.192093E-07 -1 3.178651E-08
vn -1.192093E-07 -1 3.178651E-08
vn 0.864548 -1.190365E-07 -0.5025502
vn 0.8607951 -1.187926E-07 -0.5089518
vn 1.192093E-07 1 -3.178651E-08
vn 1.192093E-07 1 -3.178651E-08
vn -1.192093E-07 -1 3.178651E-08
vn -1.192093E-07 -1 3.178651E-08
vn -1.192093E-07 -1 3.178651E-08
vn -1.192093E-07 -1 3.178651E-08
vn -1.192093E-07 -1 3.178651E-08
vn -1.192093E-07 -1 3.178651E-08
vn -1.192093E-07 -1 3.178651E-08
vn -1.192093E-07 -1 3.178651E-08
vn -1.192093E-07 -1 3.178651E-08
vn -1.192093E-07 -1 3.178651E-08
vn -1.192093E-07 -1 3.178651E-08
vn -1.192093E-07 -1 3.178651E-08
vn -1.192093E-07 -1 3.178651E-08
vn -1.192093E-07 -1 3.178651E-08
vn -0.4026075 1.889805E-08 -0.9153727
vn -0.3624024 1.357602E-08 -0.9320217
vn -0.2800948 2.87573E-09 -0.9599723
vn -0.2379879 -2.502861E-09 -0.9712681
vn -0.1523206 -1.325757E-08 -0.9883311
vn -0.1087478 -1.863425E-08 -0.9940693
vn -0.02182108 -2.917767E-08 -0.9997619
vn 0.02152972 -3.434569E-08 -0.9997682
vn 0.1085891 -4.454338E-08 -0.9940867
vn 0.1522877 -4.956987E-08 -0.9883362
vn 0.2378218 -5.922509E-08 -0.9713088
vn 0.2796728 -6.385768E-08 -0.9600955
vn 0.3622581 -7.281204E-08 -0.9320778
vn 0.4029731 -7.712953E-08 -0.9152118
vn 0.4812087 -8.52288E-08 -0.876606
vn 0.5187529 -8.901522E-08 -0.8549242
vn 0.5911959 -9.611276E-08 -0.806528
vn 0.6260659 -9.941904E-08 -0.7797702
vn 0.6917264 -1.054152E-07 -0.7221597
vn 0.7225425 -1.081086E-07 -0.6913265
vn 0.7798451 -1.128623E-07 -0.6259726
vn 0.8063386 -1.149233E-07 -0.5914543
vn 1.192093E-07 1 -3.178651E-08
vn 1.192093E-07 1 -3.178651E-08
vn 1.192093E-07 1 -3.178651E-08
vn 1.192093E-07 1 -3.178651E-08
vn 1.192093E-07 0.9999999 -3.178651E-08
vn 1.192093E-07 1 -3.178651E-08
vn 1.192093E-07 1 -3.178651E-08
vn 1.192093E-07 1 -3.178651E-08
vn 1.192093E-07 1 -3.178651E-08
vn 1.192093E-07 1 -3.178651E-08
vn 1.192093E-07 0.9999999 -3.178651E-08
vn 1.192093E-07 1 -3.178651E-08
vn 0.4755178 0.07153438 0.8767928
vn 0.587045 -0.1284399 0.7993007
vn 0.3626682 -1.361099E-08 0.9319183
vn 0.3626682 -1.361099E-08 0.9319183
vn 0.8660192 -1.331561E-07 -0.5000107
vn 0.8660192 -1.331561E-07 -0.5000107
vn 0.8660192 -1.331561E-07 -0.5000107
vn -0.1522448 -0.4084239 -0.9000063
vn -0.1055636 -0.5052445 -0.8564954
vn -0.1233655 -0.3828129 -0.9155519
vn 0.7312228 -0.3828129 0.5645949
vn 0.688978 -0.5052447 0.5196507
vn 0.7033206 -0.408424 0.5818331
vn 0.7033207 0.4084239 0.5818331
vn 0.6889781 0.5052447 0.5196507
vn 0.7312229 0.3828128 0.5645949
vn -1.192093E-07 -1 3.178651E-08
vn -1.192093E-07 -1 3.178651E-08
vn -1.192093E-07 -1 3.178651E-08
vn 1.192093E-07 1 -3.178651E-08
vn 1.192093E-07 1 -3.178651E-08
vn 1.192093E-07 1 -3.178651E-08
vn -0.0265986 0.07153596 -0.9970833
vn -0.1518918 -1.331079E-08 -0.9883972
vn -0.1518918 -1.331079E-08 -0.9883971
vn 0.1087328 -0.1284427 -0.9857381
vn 0.2574472 0.07645384 -0.9632632
vn 0.3199519 -0.1386752 -0.9372299
vn 0.3181651 0.4084314 -0.8555436
vn 0.3509481 0.38282 -0.8545667
vn 0.3368353 0.5052528 -0.7945198
vn 1 -1.192093E-07 -1.042161E-14
vn 1 -1.192093E-07 -1.042161E-14
vn 1 -1.192093E-07 -1.042161E-14
vn 1.192093E-07 1 -3.178651E-08
vn 1.192093E-07 1 -3.178651E-08
vn 1.192093E-07 1 -3.178651E-08
vn 1.192093E-07 1 -3.178651E-08
vn 1.192093E-07 1 -3.178651E-08
vn 1.192093E-07 1 -3.178651E-08
vn 1.192093E-07 1 -3.178651E-08
vn 1.192093E-07 1 -3.178651E-08
vn 1.192093E-07 1 -3.178651E-08
vn 1.192093E-07 1 -3.178651E-08
vn 1.192093E-07 1 -3.178651E-08
vn 1.192093E-07 1 -3.178651E-08
vn 1.192093E-07 1 -3.178651E-08
vn 1.192093E-07 1 -3.178651E-08
vn 0.1090299 1.859964E-08 0.9940385
vn 0.3199519 -0.1386751 0.9372299
vn 0.2574472 0.07645389 0.9632632
vn 0.1521725 1.327595E-08 0.988354
vn 0.2374274 2.574035E-09 0.9714052
vn 0.2795406 -2.804524E-09 0.9601339
vn 0.3622625 -1.355761E-08 0.9320762
vn 0.4028673 -1.893265E-08 0.9152585
vn 0.4809981 -2.947151E-08 0.8767217
vn 0.5185472 -3.463662E-08 0.855049
vn 0.5910994 -4.482558E-08 0.8065987
vn 0.6260632 -4.98463E-08 0.7797723
vn 0.6916203 -5.948939E-08 0.7222613
vn 0.7222582 -6.411559E-08 0.6916235
vn 0.7797701 -7.305538E-08 0.626066
vn 0.8065965 -7.736472E-08 0.5911024
vn 0.8550479 -8.544679E-08 0.5185491
vn 0.8767217 -8.922414E-08 0.4809977
vn 0.9152598 -9.630182E-08 0.4028642
vn 0.9320773 -9.959731E-08 0.3622594
vn 0.960135 -1.055715E-07 0.2795368
vn 0.9714064 -1.082538E-07 0.2374227
vn 0.9883544 -1.129841E-07 0.1521697
vn 0.9940385 -1.150329E-07 0.1090297
vn 0.9999842 -1.190288E-07 0.005619144
vn 0.9999842 -1.190288E-07 0.005619144
vn -1.192093E-07 -1 3.178651E-08
vn -1.192093E-07 -1 3.178651E-08
vn -1.192093E-07 -1 3.178651E-08
vn -1.192093E-07 -0.9999999 3.178651E-08
vn -1.192093E-07 -1 3.178651E-08
vn -1.192093E-07 -1 3.178651E-08
vn -1.192093E-07 -1 3.178651E-08
vn -1.192093E-07 -1 3.178651E-08
vn -1.192093E-07 -1 3.178651E-08
vn -1.192093E-07 -1 3.178651E-08
vn -1.192093E-07 -1 3.178651E-08
vn -1.192093E-07 -1 3.178651E-08
vn -1.192093E-07 -1 3.178651E-08
vn -1.192093E-07 -1 3.178651E-08
vn 0.9999956 -1.193021E-07 -0.00293472
vn 0.9999464 -1.19532E-07 -0.01035494
vn 1.192093E-07 1 -3.178651E-08
vn 1.192093E-07 1 -3.178651E-08
vn -1.192093E-07 -1 3.178651E-08
vn -1.192093E-07 -0.9999999 3.178651E-08
vn -1.192093E-07 -1 3.178651E-08
vn -1.192093E-07 -1 3.178651E-08
vn -1.192093E-07 -1 3.178651E-08
vn -1.192093E-07 -1 3.178651E-08
vn -1.192093E-07 -1 3.178651E-08
vn -1.192093E-07 -1 3.178651E-08
vn -1.192093E-07 -1 3.178651E-08
vn -1.192093E-07 -1 3.178651E-08
vn -1.192093E-07 -1 3.178651E-08
vn -1.192093E-07 -1 3.178651E-08
vn -1.192093E-07 -1 3.178651E-08
vn -1.192093E-07 -1 3.178651E-08
vn 0.1090299 -4.45944E-08 -0.9940385
vn 0.1521725 -4.95567E-08 -0.988354
vn 0.2374274 -5.918113E-08 -0.9714052
vn 0.2795406 -6.384314E-08 -0.9601339
vn 0.3622625 -7.281251E-08 -0.9320762
vn 0.4028673 -7.711841E-08 -0.9152585
vn 0.4809981 -8.520736E-08 -0.8767217
vn 0.5185472 -8.899467E-08 -0.855049
vn 0.5910994 -9.61035E-08 -0.8065987
vn 0.6260632 -9.941879E-08 -0.7797723
vn 0.6916203 -1.054057E-07 -0.7222613
vn 0.7222582 -1.080842E-07 -0.6916235
vn 0.7797701 -1.128563E-07 -0.626066
vn 0.8065965 -1.149429E-07 -0.5911024
vn 0.8550479 -1.184125E-07 -0.5185491
vn 0.8767217 -1.198026E-07 -0.4809977
vn 0.9152598 -1.219131E-07 -0.4028642
vn 0.9320773 -1.226272E-07 -0.3622594
vn 0.960135 -1.233425E-07 -0.2795368
vn 0.9714064 -1.233475E-07 -0.2374227
vn 0.9883544 -1.22658E-07 -0.1521697
vn 0.9940385 -1.219643E-07 -0.1090297
vn 1.192093E-07 1 -3.178651E-08
vn 1.192093E-07 1 -3.178651E-08
vn 1.192093E-07 1 -3.178651E-08
vn 1.192093E-07 1 -3.178651E-08
vn 1.192093E-07 1 -3.178651E-08
vn 1.192093E-07 1 -3.178651E-08
vn 1.192093E-07 1 -3.178651E-08
vn 1.192093E-07 1 -3.178651E-08
vn 1.192093E-07 1 -3.178651E-08
vn 1.192093E-07 1 -3.178651E-08
vn 1.192093E-07 1 -3.178651E-08
vn 1.192093E-07 1 -3.178651E-08
vn -0.02659861 0.07153603 0.9970833
vn 0.1087328 -0.1284426 0.9857381
vn -0.1518918 4.952461E-08 0.9883971
vn -0.1518918 4.952461E-08 0.9883972
vn 1 -1.192093E-07 -1.042161E-14
vn 1 -1.192093E-07 -1.042161E-14
vn 1 -1.192093E-07 -1.042161E-14
vn 0.3181649 -0.4084315 -0.8555436
vn 0.3368351 -0.5052529 -0.7945198
vn 0.350948 -0.3828201 -0.8545667
vn 0.350948 -0.38282 0.8545667
vn 0.3368351 -0.5052528 0.7945198
vn 0.3181649 -0.4084314 0.8555436
vn 0.3181651 0.4084314 0.8555436
vn 0.3368353 0.5052528 0.7945198
vn 0.3509481 0.38282 0.8545667
vn -1.192093E-07 -1 3.178651E-08
vn -1.192093E-07 -1 3.178651E-08
vn -1.192093E-07 -1 3.178651E-08
vn 1.192093E-07 1 -3.178651E-08
vn 1.192093E-07 1 -3.178651E-08
vn 1.192093E-07 1 -3.178651E-08
vn 0.4755178 0.07153433 -0.8767928
vn 0.3626683 -7.285586E-08 -0.9319183
vn 0.3626683 -7.285586E-08 -0.9319184
vn 0.587045 -0.12844 -0.7993007
vn 0.7045966 0.07645212 -0.7054778
vn 0.7457103 -0.1386722 -0.6516796
vn 0.7033207 0.4084239 -0.5818331
vn 0.7312229 0.3828127 -0.5645949
vn 0.6889781 0.5052447 -0.5196507
vn 0.8660192 -7.331901E-08 0.5000107
vn 0.8660192 -7.331901E-08 0.5000107
vn 0.8660192 -7.331901E-08 0.5000107
vn 1.192093E-07 1 -3.178651E-08
vn 1.192093E-07 1 -3.178651E-08
vn 1.192093E-07 1 -3.178651E-08
vn 1.192093E-07 1 -3.178651E-08
vn 1.192093E-07 1 -3.178651E-08
vn 1.192093E-07 1 -3.178651E-08
vn 1.192093E-07 1 -3.178651E-08
vn 1.192093E-07 1 -3.178651E-08
vn 1.192093E-07 1 -3.178651E-08
vn 1.192093E-07 1 -3.178651E-08
vn 1.192093E-07 1 -3.178651E-08
vn 1.192093E-07 1 -3.178651E-08
vn 1.192093E-07 1 -3.178651E-08
vn 1.192093E-07 1 -3.178651E-08
vn -0.4026075 7.709107E-08 0.9153727
vn -0.1915407 -0.1386722 0.971639
vn -0.2586879 0.07645232 0.9629307
vn -0.3624024 7.282746E-08 0.9320217
vn -0.2800948 6.390407E-08 0.9599723
vn -0.2379879 5.924359E-08 0.9712681
vn -0.1523206 4.957364E-08 0.9883311
vn -0.1087478 4.456174E-08 0.9940693
vn -0.02182108 3.438022E-08 0.9997619
vn 0.02152972 2.92126E-08 0.9997682
vn 0.1085891 1.865373E-08 0.9940867
vn 0.1522877 1.326165E-08 0.9883362
vn 0.2378218 2.523951E-09 0.9713088
vn 0.2796728 -2.821505E-09 0.9600955
vn 0.3622581 -1.355703E-08 0.9320778
vn 0.4029731 -1.894675E-08 0.9152118
vn 0.4812087 -2.95003E-08 0.876606
vn 0.5187529 -3.46651E-08 0.8549242
vn 0.5911959 -4.483934E-08 0.806528
vn 0.6260659 -4.984669E-08 0.7797702
vn 0.6917264 -5.950528E-08 0.7221597
vn 0.7225425 -6.415893E-08 0.6913265
vn 0.7798451 -7.30673E-08 0.6259726
vn 0.8063386 -7.732278E-08 0.5914543
vn 0.8631958 -8.685293E-08 0.5048693
vn 0.8631958 -8.685293E-08 0.5048693
vn -1.192093E-07 -1 3.178651E-08
vn -1.192093E-07 -1 3.178651E-08
vn -1.192093E-07 -1 3.178651E-08
vn -1.192093E-07 -1 3.178651E-08
vn -1.192093E-07 -1 3.178651E-08
vn -1.192093E-07 -0.9999999 3.178651E-08
vn -1.192093E-07 -1 3.178651E-08
vn -1.192093E-07 -1 3.178651E-08
vn -1.192093E-07 -1 3.178651E-08
vn -1.192093E-07 -1 3.178651E-08
vn -1.192093E-07 -1 3.178651E-08
vn -1.192093E-07 -0.9999999 3.178651E-08
vn -1.192093E-07 -0.9999999 3.178651E-08
vn -1.192093E-07 -1 3.178651E-08
vn 0.8674828 -8.759927E-08 0.4974671
vn 0.8711502 -8.824149E-08 0.4910165
vn 1.192093E-07 1 -3.178651E-08
vn 1.192093E-07 1 -3.178651E-08
vn -1.192093E-07 -1 3.178651E-08
vn -1.192093E-07 -1 3.178651E-08
vn -1.192093E-07 -1 3.178651E-08
vn -1.192093E-07 -1 3.178651E-08
vn -1.192093E-07 -1 3.178651E-08
vn -1.192093E-07 -1 3.178651E-08
vn -1.192093E-07 -1 3.178651E-08
vn -1.192093E-07 -1 3.178651E-08
vn -1.192093E-07 -1 3.178651E-08
vn -1.192093E-07 -1 3.178651E-08
vn -1.192093E-07 -1 3.178651E-08
vn -1.192093E-07 -1 3.178651E-08
vn -1.192093E-07 -1 3.178651E-08
vn -1.192093E-07 -1 3.178651E-08
vn 0.5914503 -9.613716E-08 -0.8063414
vn 0.6259706 -9.941012E-08 -0.7798465
vn 0.6913297 -1.053799E-07 -0.7225395
vn 0.7221656 -1.080762E-07 -0.6917202
vn 0.7797742 -1.128566E-07 -0.6260608
vn 0.8065281 -1.149377E-07 -0.5911958
vn 0.8549214 -1.184041E-07 -0.5187575
vn 0.8766038 -1.197954E-07 -0.4812127
vn 0.915212 -1.219109E-07 -0.4029724
vn 0.9320795 -1.226273E-07 -0.3622539
vn 0.9600967 -1.233421E-07 -0.2796683
vn 0.9713092 -1.233486E-07 -0.2378204
vn 0.9883358 -1.226596E-07 -0.1522905
vn 0.9940863 -1.219561E-07 -0.1085936
vn 0.9997681 -1.198661E-07 -0.02153448
vn 0.999762 -1.184874E-07 0.02181859
vn 0.9940693 -1.150456E-07 0.1087481
vn 0.9883311 -1.129765E-07 0.1523214
vn 0.9712673 -1.082192E-07 0.237991
vn 0.9599711 -1.055341E-07 0.2800993
vn 0.9320206 -9.958591E-08 0.3624054
vn 0.9153723 -9.632337E-08 0.4026082
vn 1.192093E-07 1 -3.178651E-08
vn 1.192093E-07 1 -3.178651E-08
vn 1.192093E-07 1 -3.178651E-08
vn 1.192093E-07 1 -3.178651E-08
vn 1.192093E-07 1 -3.178651E-08
vn 1.192093E-07 1 -3.178651E-08
vn 1.192093E-07 1 -3.178651E-08
vn 1.192093E-07 1 -3.178651E-08
vn 1.192093E-07 1 -3.178651E-08
vn 1.192093E-07 1 -3.178651E-08
vn 1.192093E-07 1 -3.178651E-08
vn 1.192093E-07 1 -3.178651E-08
vn -0.5215876 0.07153452 0.8501937
vn -0.3987154 -0.1284398 0.9080359
vn -0.6257507 9.938952E-08 0.7800232
vn -0.6257507 9.938952E-08 0.7800232
vn 0.8660192 -1.153938E-07 0.5000107
vn 0.8660192 -1.153938E-07 0.5000107
vn 0.8660192 -1.153938E-07 0.5000107
vn 0.7033206 -0.4084241 -0.5818331
vn 0.688978 -0.5052449 -0.5196507
vn 0.7312228 -0.382813 -0.5645949
vn -0.1233655 -0.3828128 0.915552
vn -0.1055636 -0.5052444 0.8564954
vn -0.1522449 -0.4084238 0.9000063
vn -0.1522448 0.408424 0.9000063
vn -0.1055635 0.5052446 0.8564954
vn -0.1233654 0.3828129 0.9155519
vn -1.192093E-07 -1 3.178651E-08
vn -1.192093E-07 -1 3.178651E-08
vn -1.192093E-07 -1 3.178651E-08
vn 1.192093E-07 1 -3.178651E-08
vn 1.192093E-07 1 -3.178651E-08
vn 1.192093E-07 1 -3.178651E-08
vn 0.8501937 0.07153431 -0.5215876
vn 0.7800232 -1.128764E-07 -0.6257507
vn 0.7800232 -1.128764E-07 -0.6257507
vn 0.9080359 -0.12844 -0.3987153
vn 0.9629308 0.07645215 -0.2586879
vn 0.971639 -0.1386723 -0.1915407
vn 0.9000064 0.4084238 -0.1522448
vn 0.915552 0.3828127 -0.1233654
vn 0.8564955 0.5052444 -0.1055636
vn 0.5000107 -4.028327E-09 0.8660192
vn 0.5000107 -4.028327E-09 0.8660192
vn 0.5000107 -4.028327E-09 0.8660192
vn 1.192093E-07 1 -3.178651E-08
vn 1.192093E-07 1 -3.178651E-08
vn 1.192093E-07 1 -3.178651E-08
vn 1.192093E-07 1 -3.178651E-08
vn 1.192093E-07 1 -3.178651E-08
vn 1.192093E-07 1 -3.178651E-08
vn 1.192093E-07 1 -3.178651E-08
vn 1.192093E-07 1 -3.178651E-08
vn 1.192093E-07 1 -3.178651E-08
vn 1.192093E-07 1 -3.178651E-08
vn 1.192093E-07 1 -3.178651E-08
vn 1.192093E-07 1 -3.178651E-08
vn 1.192093E-07 1 -3.178651E-08
vn 1.192093E-07 1 -3.178651E-08
vn -0.8063414 1.149235E-07 0.5914503
vn -0.6516796 -0.138672 0.7457103
vn -0.7054778 0.07645232 0.7045966
vn -0.7798465 1.128624E-07 0.6259706
vn -0.7225395 1.081084E-07 0.6913297
vn -0.6917202 1.054146E-07 0.7221656
vn -0.6260608 9.941856E-08 0.7797742
vn -0.5911958 9.611274E-08 0.8065281
vn -0.5187575 8.901569E-08 0.8549214
vn -0.4812127 8.52292E-08 0.8766038
vn -0.4029724 7.712946E-08 0.915212
vn -0.3622539 7.281159E-08 0.9320795
vn -0.2796683 6.385719E-08 0.9600967
vn -0.2378204 5.922493E-08 0.9713092
vn -0.1522905 4.957019E-08 0.9883358
vn -0.1085936 4.45439E-08 0.9940863
vn -0.02153448 3.434625E-08 0.9997681
vn 0.02181859 2.917797E-08 0.999762
vn 0.1087481 1.863422E-08 0.9940693
vn 0.1523214 1.325748E-08 0.9883311
vn 0.237991 2.50246E-09 0.9712673
vn 0.2800993 -2.876306E-09 0.9599711
vn 0.3624054 -1.357641E-08 0.9320206
vn 0.4026082 -1.889815E-08 0.9153723
vn 0.4951367 -3.140829E-08 0.8688151
vn 0.4951367 -3.140829E-08 0.8688151
vn -1.192093E-07 -1 3.178651E-08
vn -1.192093E-07 -1 3.178651E-08
vn -1.192093E-07 -1 3.178651E-08
vn -1.192093E-07 -1 3.178651E-08
vn -1.192093E-07 -1 3.178651E-08
vn -1.192093E-07 -1 3.178651E-08
vn -1.192093E-07 -1 3.178651E-08
vn -1.192093E-07 -1 3.178651E-08
vn -1.192093E-07 -1 3.178651E-08
vn -1.192093E-07 -1 3.178651E-08
vn -1.192093E-07 -1 3.178651E-08
vn -1.192093E-07 -1 3.178651E-08
vn -1.192093E-07 -1 3.178651E-08
vn -1.192093E-07 -1 3.178651E-08
vn 0.5025502 -3.242769E-08 0.864548
vn 0.5089518 -3.33101E-08 0.8607951
vn 1.192093E-07 1 -3.178651E-08
vn 1.192093E-07 1 -3.178651E-08
vn -1.192093E-07 -1 3.178651E-08
vn -1.192093E-07 -1 3.178651E-08
vn -1.192093E-07 -1 3.178651E-08
vn -1.192093E-07 -1 3.178651E-08
vn -1.192093E-07 -1 3.178651E-08
vn -1.192093E-07 -1 3.178651E-08
vn -1.192093E-07 -1 3.178651E-08
vn -1.192093E-07 -1 3.178651E-08
vn -1.192093E-07 -1 3.178651E-08
vn -1.192093E-07 -1 3.178651E-08
vn -1.192093E-07 -1 3.178651E-08
vn -1.192093E-07 -1 3.178651E-08
vn -1.192093E-07 -1 3.178651E-08
vn -1.192093E-07 -1 3.178651E-08
vn 0.9153727 -1.219184E-07 -0.4026075
vn 0.9320217 -1.226252E-07 -0.3624024
vn 0.9599723 -1.233409E-07 -0.2800948
vn 0.9712681 -1.23349E-07 -0.2379879
vn 0.9883311 -1.2266E-07 -0.1523206
vn 0.9940693 -1.21959E-07 -0.1087478
vn 0.9997619 -1.198745E-07 -0.02182108
vn 0.9997682 -1.184973E-07 0.02152972
vn 0.9940867 -1.150527E-07 0.1085891
vn 0.9883362 -1.129782E-07 0.1522877
vn 0.9713088 -1.082295E-07 0.2378218
vn 0.9600955 -1.055625E-07 0.2796728
vn 0.9320778 -9.959741E-08 0.3622581
vn 0.9152118 -9.629264E-08 0.4029731
vn 0.876606 -8.920363E-08 0.4812087
vn 0.8549242 -8.542556E-08 0.5187529
vn 0.806528 -7.735357E-08 0.5911959
vn 0.7797702 -7.30554E-08 0.6260659
vn 0.7221597 -6.410057E-08 0.6917264
vn 0.6913265 -5.944543E-08 0.7225425
vn 0.6259726 -4.98332E-08 0.7798451
vn 0.5914543 -4.487615E-08 0.8063386
vn 1.192093E-07 1 -3.178651E-08
vn 1.192093E-07 1 -3.178651E-08
vn 1.192093E-07 1 -3.178651E-08
vn 1.192093E-07 1 -3.178651E-08
vn 1.192093E-07 0.9999999 -3.178651E-08
vn 1.192093E-07 1 -3.178651E-08
vn 1.192093E-07 1 -3.178651E-08
vn 1.192093E-07 1 -3.178651E-08
vn 1.192093E-07 1 -3.178651E-08
vn 1.192093E-07 1 -3.178651E-08
vn 1.192093E-07 0.9999999 -3.178651E-08
vn 1.192093E-07 1 -3.178651E-08
vn -0.8767928 0.07153453 0.4755178
vn -0.7993007 -0.1284398 0.587045
vn -0.9319183 1.226213E-07 0.3626682
vn -0.9319183 1.226213E-07 0.3626682
vn 0.5000107 -4.610312E-08 0.8660192
vn 0.5000107 -4.610312E-08 0.8660192
vn 0.5000107 -4.610312E-08 0.8660192
vn 0.9000062 -0.408424 -0.1522448
vn 0.8564954 -0.5052446 -0.1055635
vn 0.9155518 -0.382813 -0.1233654
vn -0.564595 -0.3828128 0.7312229
vn -0.5196508 -0.5052446 0.6889781
vn -0.5818332 -0.4084239 0.7033206
vn -0.5818331 0.4084241 0.7033206
vn -0.5196506 0.5052449 0.6889781
vn -0.5645949 0.3828129 0.7312229
vn -1.192093E-07 -1 3.178651E-08
vn -1.192093E-07 -1 3.178651E-08
vn -1.192093E-07 -1 3.178651E-08
vn 1.192093E-07 1 -3.178651E-08
vn 1.192093E-07 1 -3.178651E-08
vn 1.192093E-07 1 -3.178651E-08
vn 0.9970833 0.07153587 -0.02659861
vn 0.9883972 -1.226542E-07 -0.1518918
vn 0.9883971 -1.226542E-07 -0.1518918
vn 0.9857381 -0.1284428 0.1087329
vn 0.9632632 0.0764538 0.2574472
vn 0.9372299 -0.1386752 0.319952
vn 0.8555437 0.4084314 0.318165
vn 0.8545668 0.3828199 0.350948
vn 0.7945198 0.5052528 0.3368352
vn 0 3.178651E-08 1
vn 0 3.178651E-08 1
vn 0 3.178651E-08 1
vn 1.192093E-07 1 -3.178651E-08
vn 1.192093E-07 1 -3.178651E-08
vn 1.192093E-07 1 -3.178651E-08
vn 1.192093E-07 1 -3.178651E-08
vn 1.192093E-07 1 -3.178651E-08
vn 1.192093E-07 1 -3.178651E-08
vn 1.192093E-07 1 -3.178651E-08
vn 1.192093E-07 1 -3.178651E-08
vn 1.192093E-07 1 -3.178651E-08
vn 1.192093E-07 1 -3.178651E-08
vn 1.192093E-07 1 -3.178651E-08
vn 1.192093E-07 1 -3.178651E-08
vn 1.192093E-07 1 -3.178651E-08
vn 1.192093E-07 1 -3.178651E-08
vn -0.9940385 1.219643E-07 0.1090299
vn -0.9372299 -0.138675 0.319952
vn -0.9632632 0.07645402 0.2574472
vn -0.988354 1.22658E-07 0.1521725
vn -0.9714052 1.233475E-07 0.2374274
vn -0.9601339 1.233425E-07 0.2795406
vn -0.9320762 1.226272E-07 0.3622625
vn -0.9152585 1.219131E-07 0.4028673
vn -0.8767217 1.198026E-07 0.4809981
vn -0.855049 1.184126E-07 0.5185472
vn -0.8065987 1.14943E-07 0.5910994
vn -0.7797723 1.128565E-07 0.6260632
vn -0.7222613 1.080845E-07 0.6916203
vn -0.6916235 1.05406E-07 0.7222582
vn -0.626066 9.941906E-08 0.7797701
vn -0.5911024 9.610378E-08 0.8065965
vn -0.5185491 8.899486E-08 0.8550479
vn -0.4809977 8.520733E-08 0.8767217
vn -0.4028642 7.711807E-08 0.9152598
vn -0.3622594 7.281217E-08 0.9320773
vn -0.2795368 6.384273E-08 0.960135
vn -0.2374227 5.918062E-08 0.9714064
vn -0.1521697 4.955638E-08 0.9883544
vn -0.1090297 4.459437E-08 0.9940385
vn -0.005619144 3.245587E-08 0.9999842
vn -0.005619144 3.245587E-08 0.9999842
vn -1.192093E-07 -1 3.178651E-08
vn -1.192093E-07 -1 3.178651E-08
vn -1.192093E-07 -1 3.178651E-08
vn -1.192093E-07 -0.9999999 3.178651E-08
vn -1.192093E-07 -1 3.178651E-08
vn -1.192093E-07 -1 3.178651E-08
vn -1.192093E-07 -1 3.178651E-08
vn -1.192093E-07 -1 3.178651E-08
vn -1.192093E-07 -1 3.178651E-08
vn -1.192093E-07 -1 3.178651E-08
vn -1.192093E-07 -1 3.178651E-08
vn -1.192093E-07 -1 3.178651E-08
vn -1.192093E-07 -1 3.178651E-08
vn -1.192093E-07 -1 3.178651E-08
vn 0.00293472 3.143653E-08 0.9999956
vn 0.01035494 3.055041E-08 0.9999464
vn 1.192093E-07 1 -3.178651E-08
vn 1.192093E-07 1 -3.178651E-08
vn -1.192093E-07 -1 3.178651E-08
vn -1.192093E-07 -0.9999999 3.178651E-08
vn -1.192093E-07 -1 3.178651E-08
vn -1.192093E-07 -1 3.178651E-08
vn -1.192093E-07 -1 3.178651E-08
vn -1.192093E-07 -1 3.178651E-08
vn -1.192093E-07 -1 3.178651E-08
vn -1.192093E-07 -1 3.178651E-08
vn -1.192093E-07 -1 3.178651E-08
vn -1.192093E-07 -1 3.178651E-08
vn -1.192093E-07 -1 3.178651E-08
vn -1.192093E-07 -1 3.178651E-08
vn -1.192093E-07 -1 3.178651E-08
vn -1.192093E-07 -1 3.178651E-08
vn 0.9940385 -1.150329E-07 0.1090299
vn 0.988354 -1.129839E-07 0.1521725
vn 0.9714052 -1.082535E-07 0.2374274
vn 0.9601339 -1.055713E-07 0.2795406
vn 0.9320762 -9.959707E-08 0.3622625
vn 0.9152585 -9.630156E-08 0.4028673
vn 0.8767217 -8.922412E-08 0.4809981
vn 0.855049 -8.544698E-08 0.5185472
vn 0.8065987 -7.736507E-08 0.5910994
vn 0.7797723 -7.305574E-08 0.6260632
vn 0.7222613 -6.411606E-08 0.6916203
vn 0.6916235 -5.948988E-08 0.7222582
vn 0.626066 -4.984672E-08 0.7797701
vn 0.5911024 -4.4826E-08 0.8065965
vn 0.5185491 -3.463688E-08 0.8550479
vn 0.4809977 -2.947147E-08 0.8767217
vn 0.4028642 -1.893224E-08 0.9152598
vn 0.3622594 -1.355719E-08 0.9320773
vn 0.2795368 -2.804036E-09 0.960135
vn 0.2374227 2.574627E-09 0.9714064
vn 0.1521697 1.32763E-08 0.9883544
vn 0.1090297 1.859966E-08 0.9940385
vn 1.192093E-07 1 -3.178651E-08
vn 1.192093E-07 1 -3.178651E-08
vn 1.192093E-07 1 -3.178651E-08
vn 1.192093E-07 1 -3.178651E-08
vn 1.192093E-07 1 -3.178651E-08
vn 1.192093E-07 1 -3.178651E-08
vn 1.192093E-07 1 -3.178651E-08
vn 1.192093E-07 1 -3.178651E-08
vn 1.192093E-07 1 -3.178651E-08
vn 1.192093E-07 1 -3.178651E-08
vn 1.192093E-07 1 -3.178651E-08
vn 1.192093E-07 1 -3.178651E-08
vn -0.9970833 0.07153611 -0.02659862
vn -0.9857381 -0.1284425 0.1087329
vn -0.9883971 1.12998E-07 -0.1518918
vn -0.9883972 1.12998E-07 -0.1518918
vn 0 3.178651E-08 1
vn 0 3.178651E-08 1
vn 0 3.178651E-08 1
vn 0.8555436 -0.4084315 0.318165
vn 0.7945197 -0.5052529 0.3368352
vn 0.8545666 -0.3828201 0.3509481
vn -0.8545668 -0.3828199 0.3509481
vn -0.7945198 -0.5052527 0.3368352
vn -0.8555437 -0.4084313 0.318165
vn -0.8555436 0.4084316 0.318165
vn -0.7945197 0.505253 0.3368352
vn -0.8545666 0.3828201 0.350948
vn -1.192093E-07 -1 3.178651E-08
vn -1.192093E-07 -1 3.178651E-08
vn -1.192093E-07 -1 3.178651E-08
vn 1.192093E-07 1 -3.178651E-08
vn 1.192093E-07 1 -3.178651E-08
vn 1.192093E-07 1 -3.178651E-08
vn 0.8767928 0.07153432 0.4755178
vn 0.9319183 -9.956536E-08 0.3626683
vn 0.9319184 -9.956537E-08 0.3626683
vn 0.7993007 -0.1284399 0.587045
vn 0.7054778 0.07645217 0.7045966
vn 0.6516796 -0.1386722 0.7457103
vn 0.5818332 0.4084239 0.7033206
vn 0.564595 0.3828128 0.7312229
vn 0.5196508 0.5052447 0.6889781
vn -0.5000107 1.011586E-07 0.8660192
vn -0.5000107 1.011586E-07 0.8660192
vn -0.5000107 1.011586E-07 0.8660192
vn 1.192093E-07 1 -3.178651E-08
vn 1.192093E-07 1 -3.178651E-08
vn 1.192093E-07 1 -3.178651E-08
vn 1.192093E-07 1 -3.178651E-08
vn 1.192093E-07 1 -3.178651E-08
vn 1.192093E-07 1 -3.178651E-08
vn 1.192093E-07 1 -3.178651E-08
vn 1.192093E-07 1 -3.178651E-08
vn 1.192093E-07 1 -3.178651E-08
vn 1.192093E-07 1 -3.178651E-08
vn 1.192093E-07 1 -3.178651E-08
vn 1.192093E-07 1 -3.178651E-08
vn 1.192093E-07 1 -3.178651E-08
vn 1.192093E-07 1 -3.178651E-08
vn -0.9153727 9.632343E-08 -0.4026075
vn -0.971639 -0.1386721 -0.1915407
vn -0.9629307 0.07645237 -0.2586879
vn -0.9320217 9.958614E-08 -0.3624024
vn -0.9599723 1.055344E-07 -0.2800948
vn -0.9712681 1.082194E-07 -0.2379879
vn -0.9883311 1.129765E-07 -0.1523206
vn -0.9940693 1.150456E-07 -0.1087478
vn -0.9997619 1.184873E-07 -0.02182108
vn -0.9997682 1.19866E-07 0.02152972
vn -0.9940867 1.21956E-07 0.1085891
vn -0.9883362 1.226596E-07 0.1522877
vn -0.9713088 1.233486E-07 0.2378218
vn -0.9600955 1.233421E-07 0.2796728
vn -0.9320778 1.226273E-07 0.3622581
vn -0.9152118 1.219109E-07 0.4029731
vn -0.876606 1.197955E-07 0.4812087
vn -0.8549242 1.184043E-07 0.5187529
vn -0.806528 1.149377E-07 0.5911959
vn -0.7797702 1.128563E-07 0.6260659
vn -0.7221597 1.080757E-07 0.6917264
vn -0.6913265 1.053796E-07 0.7225425
vn -0.6259726 9.941031E-08 0.7798451
vn -0.5914543 9.613753E-08 0.8063386
vn -0.5048693 8.762309E-08 0.8631958
vn -0.5048693 8.762309E-08 0.8631958
vn -1.192093E-07 -1 3.178651E-08
vn -1.192093E-07 -1 3.178651E-08
vn -1.192093E-07 -1 3.178651E-08
vn -1.192093E-07 -1 3.178651E-08
vn -1.192093E-07 -1 3.178651E-08
vn -1.192093E-07 -0.9999999 3.178651E-08
vn -1.192093E-07 -1 3.178651E-08
vn -1.192093E-07 -1 3.178651E-08
vn -1.192093E-07 -1 3.178651E-08
vn -1.192093E-07 -1 3.178651E-08
vn -1.192093E-07 -1 3.178651E-08
vn -1.192093E-07 -0.9999999 3.178651E-08
vn -1.192093E-07 -0.9999999 3.178651E-08
vn -1.192093E-07 -1 3.178651E-08
vn -0.4974671 8.687696E-08 0.8674828
vn -0.4910165 8.622455E-08 0.8711502
vn 1.192093E-07 1 -3.178651E-08
vn 1.192093E-07 1 -3.178651E-08
vn -1.192093E-07 -1 3.178651E-08
vn -1.192093E-07 -1 3.178651E-08
vn -1.192093E-07 -1 3.178651E-08
vn -1.192093E-07 -1 3.178651E-08
vn -1.192093E-07 -1 3.178651E-08
vn -1.192093E-07 -1 3.178651E-08
vn -1.192093E-07 -1 3.178651E-08
vn -1.192093E-07 -1 3.178651E-08
vn -1.192093E-07 -1 3.178651E-08
vn -1.192093E-07 -1 3.178651E-08
vn -1.192093E-07 -1 3.178651E-08
vn -1.192093E-07 -1 3.178651E-08
vn -1.192093E-07 -1 3.178651E-08
vn -1.192093E-07 -1 3.178651E-08
vn 0.8063414 -7.732324E-08 0.5914503
vn 0.7798465 -7.306753E-08 0.6259706
vn 0.7225395 -6.415846E-08 0.6913297
vn 0.6917202 -5.950435E-08 0.7221656
vn 0.6260608 -4.984596E-08 0.7797742
vn 0.5911958 -4.483931E-08 0.8065281
vn 0.5187575 -3.466575E-08 0.8549214
vn 0.4812127 -2.950085E-08 0.8766038
vn 0.4029724 -1.894666E-08 0.915212
vn 0.3622539 -1.355647E-08 0.9320795
vn 0.2796683 -2.820929E-09 0.9600967
vn 0.2378204 2.524136E-09 0.9713092
vn 0.1522905 1.326131E-08 0.9883358
vn 0.1085936 1.865317E-08 0.9940863
vn 0.02153448 2.921203E-08 0.9997681
vn -0.02181859 3.437993E-08 0.999762
vn -0.1087481 4.456178E-08 0.9940693
vn -0.1523214 4.957372E-08 0.9883311
vn -0.237991 5.924394E-08 0.9712673
vn -0.2800993 6.390457E-08 0.9599711
vn -0.3624054 7.282778E-08 0.9320206
vn -0.4026082 7.709113E-08 0.9153723
vn 1.192093E-07 1 -3.178651E-08
vn 1.192093E-07 1 -3.178651E-08
vn 1.192093E-07 1 -3.178651E-08
vn 1.192093E-07 1 -3.178651E-08
vn 1.192093E-07 1 -3.178651E-08
vn 1.192093E-07 1 -3.178651E-08
vn 1.192093E-07 1 -3.178651E-08
vn 1.192093E-07 1 -3.178651E-08
vn 1.192093E-07 1 -3.178651E-08
vn 1.192093E-07 1 -3.178651E-08
vn 1.192093E-07 1 -3.178651E-08
vn 1.192093E-07 1 -3.178651E-08
vn -0.8501937 0.07153451 -0.5215876
vn -0.9080359 -0.1284398 -0.3987153
vn -0.7800232 7.309557E-08 -0.6257507
vn -0.7800232 7.309557E-08 -0.6257507
vn -0.5000107 5.908379E-08 0.8660192
vn -0.5000107 5.908379E-08 0.8660192
vn -0.5000107 5.908379E-08 0.8660192
vn 0.5818331 -0.408424 0.7033206
vn 0.5196506 -0.5052449 0.6889781
vn 0.5645949 -0.3828129 0.7312229
vn -0.915552 -0.3828127 -0.1233654
vn -0.8564955 -0.5052444 -0.1055635
vn -0.9000064 -0.4084238 -0.1522448
vn -0.9000062 0.408424 -0.1522448
vn -0.8564954 0.5052446 -0.1055636
vn -0.9155518 0.382813 -0.1233654
vn -1.192093E-07 -1 3.178651E-08
vn -1.192093E-07 -1 3.178651E-08
vn -1.192093E-07 -1 3.178651E-08
vn 1.192093E-07 1 -3.178651E-08
vn 1.192093E-07 1 -3.178651E-08
vn 1.192093E-07 1 -3.178651E-08
vn 0.5215876 0.0715344 0.8501937
vn 0.6257507 -4.980108E-08 0.7800232
vn 0.6257507 -4.980108E-08 0.7800232
vn 0.3987153 -0.1284399 0.9080359
vn 0.2586879 0.07645228 0.9629308
vn 0.1915407 -0.1386722 0.971639
vn 0.1522448 0.4084239 0.9000063
vn 0.1233655 0.3828129 0.9155519
vn 0.1055636 0.5052445 0.8564954
vn -0.8660192 1.47181E-07 0.5000107
vn -0.8660192 1.47181E-07 0.5000107
vn -0.8660192 1.47181E-07 0.5000107
vn 1.192093E-07 1 -3.178651E-08
vn 1.192093E-07 1 -3.178651E-08
vn 1.192093E-07 1 -3.178651E-08
vn 1.192093E-07 1 -3.178651E-08
vn 1.192093E-07 1 -3.178651E-08
vn 1.192093E-07 1 -3.178651E-08
vn 1.192093E-07 1 -3.178651E-08
vn 1.192093E-07 1 -3.178651E-08
vn 1.192093E-07 1 -3.178651E-08
vn 1.192093E-07 1 -3.178651E-08
vn 1.192093E-07 1 -3.178651E-08
vn 1.192093E-07 1 -3.178651E-08
vn 1.192093E-07 1 -3.178651E-08
vn 1.192093E-07 1 -3.178651E-08
vn -0.5914503 4.487559E-08 -0.8063414
vn -0.7457103 -0.138672 -0.6516796
vn -0.7045966 0.07645228 -0.7054778
vn -0.6259706 4.983291E-08 -0.7798465
vn -0.6913297 5.944591E-08 -0.7225395
vn -0.7221656 6.410148E-08 -0.6917202
vn -0.7797742 7.305604E-08 -0.6260608
vn -0.8065281 7.735359E-08 -0.5911958
vn -0.8549214 8.542508E-08 -0.5187575
vn -0.8766038 8.920325E-08 -0.4812127
vn -0.915212 9.629269E-08 -0.4029724
vn -0.9320795 9.959775E-08 -0.3622539
vn -0.9600967 1.055628E-07 -0.2796683
vn -0.9713092 1.082296E-07 -0.2378204
vn -0.9883358 1.12978E-07 -0.1522905
vn -0.9940863 1.150525E-07 -0.1085936
vn -0.9997681 1.184971E-07 -0.02153448
vn -0.999762 1.198745E-07 0.02181859
vn -0.9940693 1.21959E-07 0.1087481
vn -0.9883311 1.2266E-07 0.1523214
vn -0.9712673 1.23349E-07 0.237991
vn -0.9599711 1.233409E-07 0.2800993
vn -0.9320206 1.226251E-07 0.3624054
vn -0.9153723 1.219184E-07 0.4026082
vn -0.8688151 1.193095E-07 0.4951367
vn -0.8688151 1.193095E-07 0.4951367
vn -1.192093E-07 -1 3.178651E-08
vn -1.192093E-07 -1 3.178651E-08
vn -1.192093E-07 -1 3.178651E-08
vn -1.192093E-07 -1 3.178651E-08
vn -1.192093E-07 -1 3.178651E-08
vn -1.192093E-07 -1 3.178651E-08
vn -1.192093E-07 -1 3.178651E-08
vn -1.192093E-07 -1 3.178651E-08
vn -1.192093E-07 -1 3.178651E-08
vn -1.192093E-07 -1 3.178651E-08
vn -1.192093E-07 -1 3.178651E-08
vn -1.192093E-07 -1 3.178651E-08
vn -1.192093E-07 -1 3.178651E-08
vn -1.192093E-07 -1 3.178651E-08
vn -0.864548 1.190365E-07 0.5025502
vn -0.8607951 1.187926E-07 0.5089518
vn 1.192093E-07 1 -3.178651E-08
vn 1.192093E-07 1 -3.178651E-08
vn -1.192093E-07 -1 3.178651E-08
vn -1.192093E-07 -1 3.178651E-08
vn -1.192093E-07 -1 3.178651E-08
vn -1.192093E-07 -1 3.178651E-08
vn -1.192093E-07 -1 3.178651E-08
vn -1.192093E-07 -1 3.178651E-08
vn -1.192093E-07 -1 3.178651E-08
vn -1.192093E-07 -1 3.178651E-08
vn -1.192093E-07 -1 3.178651E-08
vn -1.192093E-07 -1 3.178651E-08
vn -1.192093E-07 -1 3.178651E-08
vn -1.192093E-07 -1 3.178651E-08
vn -1.192093E-07 -1 3.178651E-08
vn -1.192093E-07 -1 3.178651E-08
vn 0.4026075 -1.889805E-08 0.9153727
vn 0.3624024 -1.357602E-08 0.9320217
vn 0.2800948 -2.87573E-09 0.9599723
vn 0.2379879 2.502861E-09 0.9712681
vn 0.1523206 1.325757E-08 0.9883311
vn 0.1087478 1.863425E-08 0.9940693
vn 0.02182108 2.917767E-08 0.9997619
vn -0.02152972 3.434569E-08 0.9997682
vn -0.1085891 4.454338E-08 0.9940867
vn -0.1522877 4.956987E-08 0.9883362
vn -0.2378218 5.922509E-08 0.9713088
vn -0.2796728 6.385768E-08 0.9600955
vn -0.3622581 7.281204E-08 0.9320778
vn -0.4029731 7.712953E-08 0.9152118
vn -0.4812087 8.52288E-08 0.876606
vn -0.5187529 8.901522E-08 0.8549242
vn -0.5911959 9.611276E-08 0.806528
vn -0.6260659 9.941904E-08 0.7797702
vn -0.6917264 1.054152E-07 0.7221597
vn -0.7225425 1.081086E-07 0.6913265
vn -0.7798451 1.128623E-07 0.6259726
vn -0.8063386 1.149233E-07 0.5914543
vn 1.192093E-07 1 -3.178651E-08
vn 1.192093E-07 1 -3.178651E-08
vn 1.192093E-07 1 -3.178651E-08
vn 1.192093E-07 1 -3.178651E-08
vn 1.192093E-07 0.9999999 -3.178651E-08
vn 1.192093E-07 1 -3.178651E-08
vn 1.192093E-07 1 -3.178651E-08
vn 1.192093E-07 1 -3.178651E-08
vn 1.192093E-07 1 -3.178651E-08
vn 1.192093E-07 1 -3.178651E-08
vn 1.192093E-07 0.9999999 -3.178651E-08
vn 1.192093E-07 1 -3.178651E-08
vn -0.4755178 0.07153444 -0.8767928
vn -0.587045 -0.1284398 -0.7993007
vn -0.3626682 1.361099E-08 -0.9319183
vn -0.3626682 1.361099E-08 -0.9319183
vn -0.8660192 1.051062E-07 0.5000107
vn -0.8660192 1.051062E-07 0.5000107
vn -0.8660192 1.051062E-07 0.5000107
vn 0.1522447 -0.4084239 0.9000063
vn 0.1055635 -0.5052445 0.8564954
vn 0.1233654 -0.3828129 0.9155519
vn -0.7312229 -0.3828128 -0.5645949
vn -0.6889781 -0.5052446 -0.5196507
vn -0.7033207 -0.4084239 -0.5818331
vn -0.7033206 0.408424 -0.5818331
vn -0.688978 0.5052449 -0.5196507
vn -0.7312228 0.3828129 -0.5645949
vn -0.1090302 -1.859961E-08 -0.9940385
vn 0.02196161 -3.439688E-08 -0.9997588
vn -0.02196161 -2.916082E-08 -0.9997588
vn -0.152172 -1.327601E-08 -0.9883541
vn -0.2374259 -2.57422E-09 -0.9714056
vn -0.2795391 2.804335E-09 -0.9601343
vn -0.3622616 1.355749E-08 -0.9320765
vn -0.4028672 1.893263E-08 -0.9152585
vn -0.4809974 2.947142E-08 -0.876722
vn -0.518545 3.463632E-08 -0.8550503
vn -0.5910981 4.482539E-08 -0.8065997
vn -0.6260644 4.984647E-08 -0.7797714
vn -0.6916226 5.948974E-08 -0.7222591
vn -0.7222591 6.411572E-08 -0.6916226
vn -0.7797714 7.30556E-08 -0.6260644
vn -0.8065997 7.736523E-08 -0.5910981
vn -0.8550503 8.54472E-08 -0.518545
vn -0.876722 8.922418E-08 -0.4809973
vn -0.9152585 9.630157E-08 -0.4028671
vn -0.9320765 9.959714E-08 -0.3622616
vn -0.9601343 1.055714E-07 -0.2795391
vn -0.9714056 1.082536E-07 -0.237426
vn -0.9883541 1.12984E-07 -0.152172
vn -0.9940385 1.150329E-07 -0.1090302
vn -0.9997588 1.184825E-07 -0.02196161
vn -0.9997588 1.198786E-07 0.02196161
vn -0.9940385 1.219643E-07 0.1090302
vn -0.9883541 1.22658E-07 0.152172
vn -0.9714056 1.233475E-07 0.2374259
vn -0.9601343 1.233425E-07 0.2795391
vn -0.9320765 1.226272E-07 0.3622616
vn -0.9152585 1.219131E-07 0.4028672
vn -0.876722 1.198026E-07 0.4809974
vn -0.8550503 1.184127E-07 0.518545
vn -0.8065997 1.149431E-07 0.5910981
vn -0.7797714 1.128564E-07 0.6260644
vn -0.7222591 1.080843E-07 0.6916226
vn -0.6916226 1.054059E-07 0.7222591
vn -0.6260644 9.941891E-08 0.7797714
vn -0.5910981 9.610337E-08 0.8065997
vn -0.518545 8.899445E-08 0.8550503
vn -0.4809973 8.520728E-08 0.876722
vn -0.4028671 7.711838E-08 0.9152585
vn -0.3622616 7.28124E-08 0.9320765
vn -0.2795391 6.384298E-08 0.9601343
vn -0.237426 5.918098E-08 0.9714056
vn -0.152172 4.955665E-08 0.9883541
vn -0.1090302 4.459443E-08 0.9940385
vn -0.02196161 3.439688E-08 0.9997588
vn 0.02196161 2.916082E-08 0.9997588
vn 0.1090302 1.859961E-08 0.9940385
vn 0.152172 1.327601E-08 0.9883541
vn 0.2374259 2.57422E-09 0.9714056
vn 0.2795391 -2.804335E-09 0.9601343
vn 0.3622616 -1.355749E-08 0.9320765
vn 0.4028672 -1.893263E-08 0.9152585
vn 0.4809974 -2.947142E-08 0.876722
vn 0.518545 -3.463632E-08 0.8550503
vn 0.5910981 -4.482539E-08 0.8065997
vn 0.6260644 -4.984647E-08 0.7797714
vn 0.6916226 -5.948974E-08 0.7222591
vn 0.7222591 -6.411572E-08 0.6916226
vn 0.7797714 -7.30556E-08 0.6260644
vn 0.8065997 -7.736523E-08 0.5910981
vn 0.8550503 -8.54472E-08 0.518545
vn 0.876722 -8.922418E-08 0.4809973
vn 0.9152585 -9.630157E-08 0.4028671
vn 0.9320765 -9.959714E-08 0.3622616
vn 0.9601343 -1.055714E-07 0.2795391
vn 0.9714056 -1.082536E-07 0.237426
vn 0.9883541 -1.12984E-07 0.152172
vn 0.9940385 -1.150329E-07 0.1090302
vn 0.9997588 -1.184825E-07 0.02196161
vn 0.9997588 -1.198786E-07 -0.02196161
vn 0.9940385 -1.219643E-07 -0.1090302
vn 0.9883541 -1.22658E-07 -0.152172
vn 0.9714056 -1.233475E-07 -0.2374259
vn 0.9601343 -1.233425E-07 -0.2795391
vn 0.9320765 -1.226272E-07 -0.3622616
vn 0.9152585 -1.219131E-07 -0.4028672
vn 0.876722 -1.198026E-07 -0.4809974
vn 0.8550503 -1.184127E-07 -0.518545
vn 0.8065997 -1.149431E-07 -0.5910981
vn 0.7797714 -1.128564E-07 -0.6260644
vn 0.7222591 -1.080843E-07 -0.6916226
vn 0.6916226 -1.054059E-07 -0.7222591
vn 0.6260644 -9.941891E-08 -0.7797714
vn 0.5910981 -9.610337E-08 -0.8065997
vn 0.518545 -8.899445E-08 -0.8550503
vn 0.4809973 -8.520728E-08 -0.876722
vn 0.4028671 -7.711838E-08 -0.9152585
vn 0.3622616 -7.28124E-08 -0.9320765
vn 0.2795391 -6.384298E-08 -0.9601343
vn 0.237426 -5.918098E-08 -0.9714056
vn 0.152172 -4.955665E-08 -0.9883541
vn 0.1090302 -4.459443E-08 -0.9940385
vn 1.192093E-07 1 -3.178651E-08
vn 1.192093E-07 1 -3.178651E-08
vn 1.192093E-07 1 -3.178651E-08
vn 1.192093E-07 1 -3.178651E-08
vn 1.192093E-07 1 -3.178651E-08
vn 1.192093E-07 0.9999999 -3.178651E-08
vn 1.192093E-07 1 -3.178651E-08
vn 1.192093E-07 0.9999999 -3.178651E-08
vn 1.192093E-07 1 -3.178651E-08
vn 1.192093E-07 1 -3.178651E-08
vn 1.192093E-07 1 -3.178651E-08
vn 1.192093E-07 1 -3.178651E-08
vn 1.192093E-07 1 -3.178651E-08
vn 1.192093E-07 1 -3.178651E-08
vn 1.192093E-07 1 -3.178651E-08
vn 1.192093E-07 0.9999999 -3.178651E-08
vn 1.192093E-07 1 -3.178651E-08
vn 1.192093E-07 1 -3.178651E-08
vn 1.192093E-07 1 -3.178651E-08
vn 1.192093E-07 0.9999999 -3.178651E-08
vn 1.192093E-07 1 -3.178651E-08
vn 1.192093E-07 1 -3.178651E-08
vn 1.192093E-07 1 -3.178651E-08
vn 1.192093E-07 1 -3.178651E-08
vn 1.192093E-07 1 -3.178651E-08
vn 1.192093E-07 1 -3.178651E-08
vn 1.192093E-07 1 -3.178651E-08
vn 1.192093E-07 1 -3.178651E-08
vn 1.192093E-07 1 -3.178651E-08
vn 1.192093E-07 0.9999999 -3.178651E-08
vn 1.192093E-07 1 -3.178651E-08
vn 1.192093E-07 0.9999999 -3.178651E-08
vn 1.192093E-07 1 -3.178651E-08
vn 1.192093E-07 1 -3.178651E-08
vn 1.192093E-07 1 -3.178651E-08
vn 1.192093E-07 1 -3.178651E-08
vn 1.192093E-07 1 -3.178651E-08
vn 1.192093E-07 1 -3.178651E-08
vn 1.192093E-07 1 -3.178651E-08
vn 1.192093E-07 0.9999999 -3.178651E-08
vn 1.192093E-07 1 -3.178651E-08
vn 1.192093E-07 1 -3.178651E-08
vn 1.192093E-07 1 -3.178651E-08
vn 1.192093E-07 0.9999999 -3.178651E-08
vn 1.192093E-07 1 -3.178651E-08
vn 1.192093E-07 1 -3.178651E-08
vn 1.192093E-07 1 -3.178651E-08
vn 1.192093E-07 1 -3.178651E-08
vn 1.192093E-07 1 -3.178651E-08
vn 1.192093E-07 1 -3.178651E-08
vn 1.192093E-07 1 -3.178651E-08
vn 1.192093E-07 1 -3.178651E-08
vn 1.192093E-07 1 -3.178651E-08
vn 1.192093E-07 0.9999999 -3.178651E-08
vn 1.192093E-07 1 -3.178651E-08
vn 1.192093E-07 0.9999999 -3.178651E-08
vn 1.192093E-07 1 -3.178651E-08
vn 1.192093E-07 1 -3.178651E-08
vn 1.192093E-07 1 -3.178651E-08
vn 1.192093E-07 1 -3.178651E-08
vn 1.192093E-07 1 -3.178651E-08
vn 1.192093E-07 1 -3.178651E-08
vn 1.192093E-07 1 -3.178651E-08
vn 1.192093E-07 0.9999999 -3.178651E-08
vn 1.192093E-07 1 -3.178651E-08
vn 1.192093E-07 1 -3.178651E-08
vn 1.192093E-07 1 -3.178651E-08
vn 1.192093E-07 0.9999999 -3.178651E-08
vn 1.192093E-07 1 -3.178651E-08
vn 1.192093E-07 1 -3.178651E-08
vn 1.192093E-07 1 -3.178651E-08
vn 1.192093E-07 1 -3.178651E-08
vn 1.192093E-07 1 -3.178651E-08
vn 1.192093E-07 1 -3.178651E-08
vn 1.192093E-07 1 -3.178651E-08
vn 1.192093E-07 1 -3.178651E-08
vn 1.192093E-07 1 -3.178651E-08
vn 1.192093E-07 0.9999999 -3.178651E-08
vn 1.192093E-07 1 -3.178651E-08
vn 1.192093E-07 0.9999999 -3.178651E-08
vn 1.192093E-07 1 -3.178651E-08
vn 1.192093E-07 1 -3.178651E-08
vn 1.192093E-07 1 -3.178651E-08
vn 1.192093E-07 1 -3.178651E-08
vn 1.192093E-07 1 -3.178651E-08
vn 1.192093E-07 1 -3.178651E-08
vn 1.192093E-07 1 -3.178651E-08
vn 1.192093E-07 0.9999999 -3.178651E-08
vn 1.192093E-07 1 -3.178651E-08
vn 1.192093E-07 1 -3.178651E-08
vn 1.192093E-07 1 -3.178651E-08
vn 1.192093E-07 0.9999999 -3.178651E-08
vn 1.192093E-07 1 -3.178651E-08
vn 1.192093E-07 1 -3.178651E-08
vn 1.192093E-07 1 -3.178651E-08
vn 1.192093E-07 1 -3.178651E-08
vn -1.192093E-07 -1 3.178651E-08
vn -1.192093E-07 -1 3.178651E-08
vn -1.192093E-07 -1 3.178651E-08
vn -1.192093E-07 -1 3.178651E-08
vn -1.192093E-07 -1 3.178651E-08
vn -1.192093E-07 -0.9999999 3.178651E-08
vn -1.192093E-07 -1 3.178651E-08
vn -1.192093E-07 -0.9999999 3.178651E-08
vn -1.192093E-07 -1 3.178651E-08
vn -1.192093E-07 -1 3.178651E-08
vn -1.192093E-07 -1 3.178651E-08
vn -1.192093E-07 -1 3.178651E-08
vn -1.192093E-07 -1 3.178651E-08
vn -1.192093E-07 -1 3.178651E-08
vn -1.192093E-07 -1 3.178651E-08
vn -1.192093E-07 -0.9999999 3.178651E-08
vn -1.192093E-07 -1 3.178651E-08
vn -1.192093E-07 -1 3.178651E-08
vn -1.192093E-07 -1 3.178651E-08
vn -1.192093E-07 -0.9999999 3.178651E-08
vn -1.192093E-07 -1 3.178651E-08
vn -1.192093E-07 -1 3.178651E-08
vn -1.192093E-07 -1 3.178651E-08
vn -1.192093E-07 -1 3.178651E-08
vn -1.192093E-07 -1 3.178651E-08
vn -1.192093E-07 -1 3.178651E-08
vn -1.192093E-07 -1 3.178651E-08
vn -1.192093E-07 -1 3.178651E-08
vn -1.192093E-07 -1 3.178651E-08
vn -1.192093E-07 -0.9999999 3.178651E-08
vn -1.192093E-07 -1 3.178651E-08
vn -1.192093E-07 -0.9999999 3.178651E-08
vn -1.192093E-07 -1 3.178651E-08
vn -1.192093E-07 -1 3.178651E-08
vn -1.192093E-07 -1 3.178651E-08
vn -1.192093E-07 -1 3.178651E-08
vn -1.192093E-07 -1 3.178651E-08
vn -1.192093E-07 -1 3.178651E-08
vn -1.192093E-07 -1 3.178651E-08
vn -1.192093E-07 -0.9999999 3.178651E-08
vn -1.192093E-07 -1 3.178651E-08
vn -1.192093E-07 -1 3.178651E-08
vn -1.192093E-07 -1 3.178651E-08
vn -1.192093E-07 -0.9999999 3.178651E-08
vn -1.192093E-07 -1 3.178651E-08
vn -1.192093E-07 -1 3.178651E-08
vn -1.192093E-07 -1 3.178651E-08
vn -1.192093E-07 -1 3.178651E-08
vn -1.192093E-07 -1 3.178651E-08
vn -1.192093E-07 -1 3.178651E-08
vn -1.192093E-07 -1 3.178651E-08
vn -1.192093E-07 -1 3.178651E-08
vn -1.192093E-07 -1 3.178651E-08
vn -1.192093E-07 -0.9999999 3.178651E-08
vn -1.192093E-07 -1 3.178651E-08
vn -1.192093E-07 -0.9999999 3.178651E-08
vn -1.192093E-07 -1 3.178651E-08
vn -1.192093E-07 -1 3.178651E-08
vn -1.192093E-07 -1 3.178651E-08
vn -1.192093E-07 -1 3.178651E-08
vn -1.192093E-07 -1 3.178651E-08
vn -1.192093E-07 -1 3.178651E-08
vn -1.192093E-07 -1 3.178651E-08
vn -1.192093E-07 -0.9999999 3.178651E-08
vn -1.192093E-07 -1 3.178651E-08
vn -1.192093E-07 -1 3.178651E-08
vn -1.192093E-07 -1 3.178651E-08
vn -1.192093E-07 -0.9999999 3.178651E-08
vn -1.192093E-07 -1 3.178651E-08
vn -1.192093E-07 -1 3.178651E-08
vn -1.192093E-07 -1 3.178651E-08
vn -1.192093E-07 -1 3.178651E-08
vn -1.192093E-07 -1 3.178651E-08
vn -1.192093E-07 -1 3.178651E-08
vn -1.192093E-07 -1 3.178651E-08
vn -1.192093E-07 -1 3.178651E-08
vn -1.192093E-07 -1 3.178651E-08
vn -1.192093E-07 -0.9999999 3.178651E-08
vn -1.192093E-07 -1 3.178651E-08
vn -1.192093E-07 -0.9999999 3.178651E-08
vn -1.192093E-07 -1 3.178651E-08
vn -1.192093E-07 -1 3.178651E-08
vn -1.192093E-07 -1 3.178651E-08
vn -1.192093E-07 -1 3.178651E-08
vn -1.192093E-07 -1 3.178651E-08
vn -1.192093E-07 -1 3.178651E-08
vn -1.192093E-07 -1 3.178651E-08
vn -1.192093E-07 -0.9999999 3.178651E-08
vn -1.192093E-07 -1 3.178651E-08
vn -1.192093E-07 -1 3.178651E-08
vn -1.192093E-07 -1 3.178651E-08
vn -1.192093E-07 -0.9999999 3.178651E-08
vn -1.192093E-07 -1 3.178651E-08
vn -1.192093E-07 -1 3.178651E-08
vn -1.192093E-07 -1 3.178651E-08
vn -1.192093E-07 -1 3.178651E-08
vn 1.192093E-07 1 -3.178651E-08
vn 1.192093E-07 1 -3.178651E-08
vn 1.192093E-07 0.9999999 -3.178651E-08
vn 1.192093E-07 1 -3.178651E-08
vn 1.192093E-07 1 -3.178651E-08
vn 1.192093E-07 1 -3.178651E-08
vn 1.192093E-07 1 -3.178651E-08
vn 1.192093E-07 0.9999999 -3.178651E-08
vn 1.192093E-07 1 -3.178651E-08
vn 1.192093E-07 1 -3.178651E-08
vn 1.192093E-07 1 -3.178651E-08
vn 1.192093E-07 1 -3.178651E-08
vn 1.192093E-07 1 -3.178651E-08
vn 1.192093E-07 1 -3.178651E-08
vn 1.192093E-07 1 -3.178651E-08
vn 1.192093E-07 1 -3.178651E-08
vn 1.192093E-07 1 -3.178651E-08
vn 1.192093E-07 1 -3.178651E-08
vn 1.192093E-07 0.9999999 -3.178651E-08
vn 1.192093E-07 1 -3.178651E-08
vn 1.192093E-07 1 -3.178651E-08
vn 1.192093E-07 1 -3.178651E-08
vn 1.192093E-07 1 -3.178651E-08
vn 1.192093E-07 1 -3.178651E-08
vn 1.192093E-07 1 -3.178651E-08
vn 1.192093E-07 1 -3.178651E-08
vn 1.192093E-07 1 -3.178651E-08
vn 1.192093E-07 0.9999999 -3.178651E-08
vn 1.192093E-07 1 -3.178651E-08
vn 1.192093E-07 1 -3.178651E-08
vn 1.192093E-07 1 -3.178651E-08
vn 1.192093E-07 0.9999999 -3.178651E-08
vn 1.192093E-07 1 -3.178651E-08
vn 1.192093E-07 1 -3.178651E-08
vn 1.192093E-07 1 -3.178651E-08
vn 1.192093E-07 1 -3.178651E-08
vn 1.192093E-07 1 -3.178651E-08
vn 1.192093E-07 1 -3.178651E-08
vn 1.192093E-07 1 -3.178651E-08
vn 1.192093E-07 1 -3.178651E-08
vn 1.192093E-07 1 -3.178651E-08
vn 1.192093E-07 1 -3.178651E-08
vn 1.192093E-07 1 -3.178651E-08
vn 1.192093E-07 1 -3.178651E-08
vn 1.192093E-07 1 -3.178651E-08
vn 1.192093E-07 1 -3.178651E-08
vn 1.192093E-07 1 -3.178651E-08
vn 1.192093E-07 1 -3.178651E-08
vn 1.192093E-07 1 -3.178651E-08
vn 1.192093E-07 1 -3.178651E-08
vn 1.192093E-07 1 -3.178651E-08
vn 1.192093E-07 0.9999999 -3.178651E-08
vn 1.192093E-07 1 -3.178651E-08
vn 1.192093E-07 1 -3.178651E-08
vn 1.192093E-07 1 -3.178651E-08
vn 1.192093E-07 0.9999999 -3.178651E-08
vn 1.192093E-07 1 -3.178651E-08
vn 1.192093E-07 1 -3.178651E-08
vn 1.192093E-07 1 -3.178651E-08
vn 1.192093E-07 1 -3.178651E-08
vn 1.192093E-07 1 -3.178651E-08
vn 1.192093E-07 1 -3.178651E-08
vn 1.192093E-07 1 -3.178651E-08
vn 1.192093E-07 1 -3.178651E-08
vn 1.192093E-07 1 -3.178651E-08
vn 1.192093E-07 1 -3.178651E-08
vn 1.192093E-07 0.9999999 -3.178651E-08
vn 1.192093E-07 1 -3.178651E-08
vn 1.192093E-07 1 -3.178651E-08
vn 1.192093E-07 1 -3.178651E-08
vn 1.192093E-07 1 -3.178651E-08
vn 1.192093E-07 1 -3.178651E-08
vn 1.192093E-07 1 -3.178651E-08
vn 1.192093E-07 1 -3.178651E-08
vn 1.192093E-07 1 -3.178651E-08
vn 1.192093E-07 0.9999999 -3.178651E-08
vn 1.192093E-07 1 -3.178651E-08
vn 1.192093E-07 1 -3.178651E-08
vn 1.192093E-07 1 -3.178651E-08
vn 1.192093E-07 0.9999999 -3.178651E-08
vn 1.192093E-07 1 -3.178651E-08
vn 1.192093E-07 1 -3.178651E-08
vn 1.192093E-07 1 -3.178651E-08
vn 1.192093E-07 1 -3.178651E-08
vn 1.192093E-07 1 -3.178651E-08
vn 1.192093E-07 1 -3.178651E-08
vn 1.192093E-07 1 -3.178651E-08
vn 1.192093E-07 1 -3.178651E-08
vn 1.192093E-07 1 -3.178651E-08
vn 1.192093E-07 1 -3.178651E-08
vn 1.192093E-07 1 -3.178651E-08
vn 1.192093E-07 1 -3.178651E-08
vn 1.192093E-07 1 -3.178651E-08
vn 1.192093E-07 1 -3.178651E-08
vn 1.192093E-07 1 -3.178651E-08
vn 1.192093E-07 1 -3.178651E-08
vn -1.192093E-07 -1 3.178651E-08
vn -1.192093E-07 -1 3.178651E-08
vn -1.192093E-07 -0.9999999 3.178651E-08
vn -1.192093E-07 -1 3.178651E-08
vn -1.192093E-07 -1 3.178651E-08
vn -1.192093E-07 -1 3.178651E-08
vn -1.192093E-07 -1 3.178651E-08
vn -1.192093E-07 -0.9999999 3.178651E-08
vn -1.192093E-07 -1 3.178651E-08
vn -1.192093E-07 -1 3.178651E-08
vn -1.192093E-07 -1 3.178651E-08
vn -1.192093E-07 -1 3.178651E-08
vn -1.192093E-07 -1 3.178651E-08
vn -1.192093E-07 -1 3.178651E-08
vn -1.192093E-07 -1 3.178651E-08
vn -1.192093E-07 -1 3.178651E-08
vn -1.192093E-07 -1 3.178651E-08
vn -1.192093E-07 -1 3.178651E-08
vn -1.192093E-07 -1 3.178651E-08
vn -1.192093E-07 -1 3.178651E-08
vn -1.192093E-07 -1 3.178651E-08
vn -1.192093E-07 -1 3.178651E-08
vn -1.192093E-07 -1 3.178651E-08
vn -1.192093E-07 -1 3.178651E-08
vn -1.192093E-07 -1 3.178651E-08
vn -1.192093E-07 -1 3.178651E-08
vn -1.192093E-07 -1 3.178651E-08
vn -1.192093E-07 -0.9999999 3.178651E-08
vn -1.192093E-07 -1 3.178651E-08
vn -1.192093E-07 -1 3.178651E-08
vn -1.192093E-07 -1 3.178651E-08
vn -1.192093E-07 -0.9999999 3.178651E-08
vn -1.192093E-07 -1 3.178651E-08
vn -1.192093E-07 -1 3.178651E-08
vn -1.192093E-07 -1 3.178651E-08
vn -1.192093E-07 -1 3.178651E-08
vn -1.192093E-07 -1 3.178651E-08
vn -1.192093E-07 -1 3.178651E-08
vn -1.192093E-07 -1 3.178651E-08
vn -1.192093E-07 -1 3.178651E-08
vn -1.192093E-07 -1 3.178651E-08
vn -1.192093E-07 -1 3.178651E-08
vn -1.192093E-07 -1 3.178651E-08
vn -1.192093E-07 -1 3.178651E-08
vn -1.192093E-07 -1 3.178651E-08
vn -1.192093E-07 -1 3.178651E-08
vn -1.192093E-07 -1 3.178651E-08
vn -1.192093E-07 -1 3.178651E-08
vn -1.192093E-07 -1 3.178651E-08
vn -1.192093E-07 -1 3.178651E-08
vn -1.192093E-07 -1 3.178651E-08
vn -1.192093E-07 -0.9999999 3.178651E-08
vn -1.192093E-07 -1 3.178651E-08
vn -1.192093E-07 -1 3.178651E-08
vn -1.192093E-07 -1 3.178651E-08
vn -1.192093E-07 -0.9999999 3.178651E-08
vn -1.192093E-07 -1 3.178651E-08
vn -1.192093E-07 -1 3.178651E-08
vn -1.192093E-07 -1 3.178651E-08
vn -1.192093E-07 -1 3.178651E-08
vn -1.192093E-07 -1 3.178651E-08
vn -1.192093E-07 -1 3.178651E-08
vn -1.192093E-07 -1 3.178651E-08
vn -1.192093E-07 -1 3.178651E-08
vn -1.192093E-07 -1 3.178651E-08
vn -1.192093E-07 -1 3.178651E-08
vn -1.192093E-07 -1 3.178651E-08
vn -1.192093E-07 -1 3.178651E-08
vn -1.192093E-07 -1 3.178651E-08
vn -1.192093E-07 -1 3.178651E-08
vn -1.192093E-07 -1 3.178651E-08
vn -1.192093E-07 -1 3.178651E-08
vn -1.192093E-07 -1 3.178651E-08
vn -1.192093E-07 -1 3.178651E-08
vn -1.192093E-07 -1 3.178651E-08
vn -1.192093E-07 -0.9999999 3.178651E-08
vn -1.192093E-07 -1 3.178651E-08
vn -1.192093E-07 -1 3.178651E-08
vn -1.192093E-07 -1 3.178651E-08
vn -1.192093E-07 -0.9999999 3.178651E-08
vn -1.192093E-07 -1 3.178651E-08
vn -1.192093E-07 -1 3.178651E-08
vn -1.192093E-07 -1 3.178651E-08
vn -1.192093E-07 -1 3.178651E-08
vn -1.192093E-07 -1 3.178651E-08
vn -1.192093E-07 -1 3.178651E-08
vn -1.192093E-07 -1 3.178651E-08
vn -1.192093E-07 -1 3.178651E-08
vn -1.192093E-07 -1 3.178651E-08
vn -1.192093E-07 -1 3.178651E-08
vn -1.192093E-07 -0.9999999 3.178651E-08
vn -1.192093E-07 -1 3.178651E-08
vn -1.192093E-07 -1 3.178651E-08
vn -1.192093E-07 -1 3.178651E-08
vn -1.192093E-07 -1 3.178651E-08
vn -1.192093E-07 -1 3.178651E-08
vn 0.9875891 -1.127374E-07 0.1570593
vn 1 -1.192093E-07 -1.042161E-14
vn 1 -1.192093E-07 -1.042161E-14
vn 0.9875891 -1.127374E-07 0.1570593
vn 0.9486834 -1.030401E-07 0.3162278
vn 0.9486834 -1.030401E-07 0.3162278
vn 0.2105066 5.97992E-09 0.9775925
vn 0.1038629 1.923317E-08 0.9945916
vn 0.3162278 -7.541954E-09 0.9486834
vn 0.3162278 -7.541954E-09 0.9486834
vn 0 3.178651E-08 1
vn 0 3.178651E-08 1
vn 1.192093E-07 0.9999999 -3.178651E-08
vn 1.192093E-07 0.9999999 -3.178651E-08
vn 1.192093E-07 1 -3.178651E-08
vn 1.192093E-07 1 -3.178651E-08
vn 1.192093E-07 0.9999999 -3.178651E-08
vn -1.192093E-07 -1 3.178651E-08
vn -1.192093E-07 -1 3.178651E-08
vn -1.192093E-07 -1 3.178651E-08
vn -1.192093E-07 -0.9999999 3.178651E-08
vn -1.192093E-07 -0.9999999 3.178651E-08
vn -0.5133158 3.391283E-08 -0.8581998
vn -0.5133158 3.391283E-08 -0.8581998
vn -0.5133158 3.391283E-08 -0.8581998
vn -0.5133158 3.391283E-08 -0.8581998
vn 0.8581998 -8.598887E-08 0.5133158
vn 0.8581998 -8.598887E-08 0.5133158
vn 0.8581998 -8.598887E-08 0.5133158
vn 0.8581998 -8.598887E-08 0.5133158
vn 0.5133158 -3.391283E-08 0.8581998
vn 0.5133158 -3.391283E-08 0.8581998
vn 0.5133158 -3.391283E-08 0.8581998
vn 0.5133158 -3.391283E-08 0.8581998
vn -0.8581998 8.598887E-08 -0.5133158
vn -0.8581998 8.598887E-08 -0.5133158
vn -0.8581998 8.598887E-08 -0.5133158
vn -0.8581998 8.598887E-08 -0.5133158
vn -0.9945916 1.152631E-07 -0.1038629
vn -0.9775925 1.098468E-07 -0.2105066
vn -1 1.192093E-07 1.042161E-14
vn -1 1.192093E-07 1.042161E-14
vn -0.9486834 1.030401E-07 -0.3162278
vn -0.9486834 1.030401E-07 -0.3162278
vn -0.2105066 -5.97992E-09 -0.9775925
vn -0.1038629 -1.923317E-08 -0.9945916
vn -0.3162278 7.541954E-09 -0.9486834
vn -0.3162278 7.541954E-09 -0.9486834
vn 0 -3.178651E-08 -1
vn 0 -3.178651E-08 -1
vn 1.192093E-07 0.9999999 -3.178651E-08
vn 1.192093E-07 0.9999999 -3.178651E-08
vn 1.192093E-07 1 -3.178651E-08
vn 1.192093E-07 1 -3.178651E-08
vn 1.192093E-07 0.9999999 -3.178651E-08
vn -1.192093E-07 -1 3.178651E-08
vn -1.192093E-07 -0.9999999 3.178651E-08
vn -1.192093E-07 -1 3.178651E-08
vn -1.192093E-07 -0.9999999 3.178651E-08
vn -1.192093E-07 -0.9999999 3.178651E-08
vn -1.192093E-07 -0.9999999 3.178651E-08
vn -1.192093E-07 -0.9999999 3.178651E-08
vn -1.192093E-07 -0.9999999 3.178651E-08
vn 1.192093E-07 0.9999999 -3.178651E-08
vn 1.192093E-07 0.9999999 -3.178651E-08
vn 1.192093E-07 0.9999999 -3.178651E-08
vn 1.192093E-07 0.9999999 -3.178651E-08
vn 1.192093E-07 0.9999999 -3.178651E-08
vn 1.192093E-07 0.9999999 -3.178651E-08
vn -1.192093E-07 -0.9999999 3.178651E-08
vn -1.192093E-07 -0.9999999 3.178651E-08
vn -1.192093E-07 -0.9999999 3.178651E-08
vn -1.192093E-07 -1 3.178651E-08
vn -1.192093E-07 -1 3.178651E-08
vn -1.192093E-07 -1 3.178651E-08
vn -1.192093E-07 -1 3.178651E-08
vn 1.192093E-07 1 -3.178651E-08
vn 1.192093E-07 1 -3.178651E-08
vn 1.192093E-07 1 -3.178651E-08
vn 1.192093E-07 1 -3.178651E-08
vn -0.9471901 1.027208E-07 -0.3206724
vn -0.9471901 1.027208E-07 -0.3206724
vn -0.964383 1.065556E-07 -0.2645098
vn -0.9743696 1.090035E-07 -0.2249524
vn -0.9883199 1.129729E-07 -0.1523927
vn -0.9940763 1.150484E-07 -0.1086844
vn -1 1.192093E-07 1.042161E-14
vn -1 1.192093E-07 1.042161E-14
vn -0.9914391 1.223391E-07 0.1305699
vn -0.9914391 1.223391E-07 0.1305699
vn -0.9712756 1.233489E-07 0.2379571
vn -0.9600524 1.233417E-07 0.2798205
vn -0.9320709 1.22627E-07 0.362276
vn -0.9152655 1.219134E-07 0.4028511
vn -0.8766047 1.197954E-07 0.4812112
vn -0.8547665 1.183937E-07 0.5190126
vn -0.8220661 1.160969E-07 0.5693922
vn -0.8020422 1.145959E-07 0.5972676
vn -0.7287702 1.086423E-07 0.6847584
vn -0.7287702 1.086423E-07 0.6847584
vn -0.6847584 1.047946E-07 0.7287702
vn -0.6847584 1.047946E-07 0.7287702
vn -0.5972676 9.669397E-08 0.8020422
vn -0.5693922 9.400745E-08 0.8220661
vn -0.5188695 8.902687E-08 0.8548535
vn -0.480914 8.519881E-08 0.8767678
vn -0.402693 7.710006E-08 0.9153351
vn -0.3624381 7.283126E-08 0.9320078
vn -0.2801567 6.391087E-08 0.9599542
vn -0.2381274 5.925914E-08 0.9712339
vn -0.1523927 4.958187E-08 0.9883199
vn -0.1087265 -1.624103E-06 0.9940717
vn -0.02170076 -3.302642E-06 0.9997646
vn 0.02165817 -3.307814E-06 0.9997655
vn 0.1087265 -1.650025E-06 0.9940717
vn 0.1524343 1.324345E-08 0.9883136
vn 0.2249524 4.155392E-09 0.9743696
vn 0.2645098 -8.776556E-10 0.964383
vn 0.3206724 -8.119257E-09 0.9471901
vn 0.3206724 -8.119257E-09 0.9471901
vn 0.9471901 -1.027208E-07 0.3206724
vn 0.9471901 -1.027208E-07 0.3206724
vn 0.964383 -1.065556E-07 0.2645098
vn 0.9743696 -1.090035E-07 0.2249524
vn 0.9883199 -1.129729E-07 0.1523927
vn 0.9940717 -1.783708E-06 0.1087265
vn 0.9997646 -3.4555E-06 0.02170076
vn 0.9997655 -3.456881E-06 -0.02165817
vn 0.9940717 -1.79062E-06 -0.1087265
vn 0.9883136 -1.226615E-07 -0.1524343
vn 0.9712756 -1.233489E-07 -0.2379571
vn 0.9600524 -1.233417E-07 -0.2798205
vn 0.9320709 -1.22627E-07 -0.362276
vn 0.9152655 -1.219134E-07 -0.4028511
vn 0.8766047 -1.197954E-07 -0.4812112
vn 0.8547665 -1.183937E-07 -0.5190126
vn 0.8220661 -1.160969E-07 -0.5693922
vn 0.8020422 -1.145959E-07 -0.5972676
vn 0.7287702 -1.086423E-07 -0.6847584
vn 0.7287702 -1.086423E-07 -0.6847584
vn 0.6847584 -1.047946E-07 -0.7287702
vn 0.6847584 -1.047946E-07 -0.7287702
vn 0.5972676 -9.669397E-08 -0.8020422
vn 0.5693922 -9.400745E-08 -0.8220661
vn 0.5188695 -8.902687E-08 -0.8548535
vn 0.480914 -8.519881E-08 -0.8767678
vn 0.402693 -7.710006E-08 -0.9153351
vn 0.3624381 -7.283126E-08 -0.9320078
vn 0.2801567 -6.391087E-08 -0.9599542
vn 0.2381274 -5.925914E-08 -0.9712339
vn 0.1523927 -4.958187E-08 -0.9883199
vn 0.1086844 -4.455441E-08 -0.9940763
vn 0.02165817 -3.436091E-08 -0.9997655
vn -0.02165817 -2.91972E-08 -0.9997655
vn -0.1086844 -1.864203E-08 -0.9940763
vn -0.1523927 -1.324862E-08 -0.9883201
vn -0.2249524 -4.155392E-09 -0.9743696
vn -0.2645098 8.776556E-10 -0.964383
vn -0.3206724 8.119257E-09 -0.9471901
vn -0.3206724 8.119257E-09 -0.9471901
vn -1.788139E-07 -0.9999999 2.702051E-07
vn -1.788139E-07 -0.9999999 2.702051E-07
vn -1.788139E-07 -0.9999999 2.702051E-07
vn 1.788139E-07 0.9999999 -2.702051E-07
vn 1.788139E-07 0.9999999 -2.702051E-07
vn 1.788139E-07 0.9999999 -2.702051E-07
vn 0.9970833 0.0715358 -0.02659851
vn 0.9883972 -2.177811E-07 -0.1518916
vn 0.9883971 -2.177811E-07 -0.1518916
vn 0.985738 -0.1284428 0.108733
vn 0.9632632 0.0764538 0.2574473
vn 0.9372299 -0.1386752 0.3199521
vn 0.8555437 0.4084314 0.318165
vn 0.8545667 0.3828199 0.350948
vn 0.7945198 0.5052528 0.3368351
vn -1.192092E-07 2.702051E-07 0.9999999
vn -1.192092E-07 2.702051E-07 0.9999999
vn -1.192092E-07 2.702051E-07 0.9999999
vn 1.788139E-07 0.9999999 -2.702051E-07
vn 1.788139E-07 0.9999999 -2.702051E-07
vn 1.788139E-07 0.9999999 -2.702051E-07
vn 1.788139E-07 0.9999999 -2.702051E-07
vn 1.788139E-07 0.9999999 -2.702051E-07
vn 1.788139E-07 0.9999999 -2.702051E-07
vn 1.788139E-07 0.9999999 -2.702051E-07
vn 1.788139E-07 0.9999999 -2.702051E-07
vn 1.788139E-07 0.9999999 -2.702051E-07
vn 1.788139E-07 0.9999999 -2.702051E-07
vn 1.788139E-07 0.9999999 -2.702051E-07
vn 1.788139E-07 0.9999999 -2.702051E-07
vn 1.788139E-07 0.9999999 -2.702051E-07
vn 1.788139E-07 0.9999999 -2.702051E-07
vn -0.9940385 2.072083E-07 0.1090298
vn -0.93723 -0.1386749 0.3199519
vn -0.9632632 0.07645413 0.257447
vn -0.988354 2.178492E-07 0.1521724
vn -0.9714052 2.378548E-07 0.2374272
vn -0.960134 2.472186E-07 0.2795404
vn -0.9320762 2.645534E-07 0.3622624
vn -0.9152585 2.725178E-07 0.4028672
vn -0.8767217 2.867382E-07 0.4809979
vn -0.8550491 2.930088E-07 0.5185471
vn -0.8065988 3.039492E-07 0.5910993
vn -0.7797724 3.085996E-07 0.626063
vn -0.7222614 3.160297E-07 0.6916202
vn -0.6916236 3.188298E-07 0.7222581
vn -0.6260661 3.226472E-07 0.77977
vn -0.5911025 3.236438E-07 0.8065964
vn -0.5185492 3.237621E-07 0.8550478
vn -0.4809978 3.229038E-07 0.8767216
vn -0.4028643 3.193456E-07 0.9152597
vn -0.3622595 3.16629E-07 0.9320772
vn -0.2795369 3.094185E-07 0.9601349
vn -0.2374229 3.049335E-07 0.9714063
vn -0.1521698 2.942685E-07 0.9883544
vn -0.1090298 2.880903E-07 0.9940384
vn -0.005619263 2.712056E-07 0.9999841
vn -0.005619263 2.712056E-07 0.9999841
vn -1.788139E-07 -0.9999999 2.702051E-07
vn -1.788139E-07 -0.9999999 2.702051E-07
vn -1.788139E-07 -0.9999999 2.702051E-07
vn -1.788139E-07 -0.9999999 2.702051E-07
vn -1.788139E-07 -0.9999999 2.702051E-07
vn -1.788139E-07 -0.9999999 2.702051E-07
vn -1.788139E-07 -0.9999999 2.702051E-07
vn -1.788139E-07 -0.9999999 2.702051E-07
vn -1.788139E-07 -0.9999999 2.702051E-07
vn -1.788139E-07 -0.9999999 2.702051E-07
vn -1.788139E-07 -0.9999999 2.702051E-07
vn -1.788139E-07 -0.9999999 2.702051E-07
vn -1.788139E-07 -0.9999999 2.702051E-07
vn -1.788139E-07 -0.9999999 2.702051E-07
vn 0.002934601 2.696792E-07 0.9999956
vn 0.01035482 2.68339E-07 0.9999464
vn 1.788139E-07 0.9999999 -2.702051E-07
vn 1.788139E-07 0.9999999 -2.702051E-07
vn -1.788139E-07 -0.9999999 2.702051E-07
vn -1.788139E-07 -0.9999999 2.702051E-07
vn -1.788139E-07 -0.9999999 2.702051E-07
vn -1.788139E-07 -0.9999999 2.702051E-07
vn -1.788139E-07 -0.9999999 2.702051E-07
vn -1.788139E-07 -0.9999999 2.702051E-07
vn -1.788139E-07 -0.9999999 2.702051E-07
vn -1.788139E-07 -0.9999999 2.702051E-07
vn -1.788139E-07 -0.9999999 2.702051E-07
vn -1.788139E-07 -0.9999999 2.702051E-07
vn -1.788139E-07 -0.9999999 2.702051E-07
vn -1.788139E-07 -0.9999999 2.702051E-07
vn -1.788139E-07 -0.9999999 2.702051E-07
vn -1.788139E-07 -0.9999999 2.702051E-07
vn 0.9940385 -1.482875E-07 0.10903
vn 0.988354 -1.356136E-07 0.1521726
vn 0.9714052 -1.095467E-07 0.2374275
vn 0.9601339 -9.615201E-08 0.2795407
vn 0.9320761 -6.8783E-08 0.3622626
vn 0.9152584 -5.480413E-08 0.4028674
vn 0.8767216 -2.680189E-08 0.4809982
vn 0.855049 -1.278054E-08 0.5185473
vn 0.8065987 1.5487E-08 0.5910994
vn 0.7797723 2.973133E-08 0.6260632
vn 0.7222613 5.772897E-08 0.6916203
vn 0.6916234 7.148596E-08 0.7222583
vn 0.6260659 9.874854E-08 0.7797701
vn 0.5911022 1.122492E-07 0.8065965
vn 0.518549 1.383145E-07 0.8550479
vn 0.4809976 1.508856E-07 0.8767217
vn 0.4028641 1.752701E-07 0.9152598
vn 0.3622592 1.87075E-07 0.9320773
vn 0.2795367 2.094483E-07 0.960135
vn 0.2374226 2.200245E-07 0.9714064
vn 0.1521695 2.398484E-07 0.9883544
vn 0.1090296 2.490982E-07 0.9940384
vn 1.788139E-07 0.9999999 -2.702051E-07
vn 1.788139E-07 0.9999999 -2.702051E-07
vn 1.788139E-07 0.9999999 -2.702051E-07
vn 1.788139E-07 0.9999999 -2.702051E-07
vn 1.788139E-07 0.9999999 -2.702051E-07
vn 1.788139E-07 0.9999999 -2.702051E-07
vn 1.788139E-07 0.9999999 -2.702051E-07
vn 1.788139E-07 0.9999999 -2.702051E-07
vn 1.788139E-07 0.9999999 -2.702051E-07
vn 1.788139E-07 0.9999999 -2.702051E-07
vn 1.788139E-07 0.9999999 -2.702051E-07
vn 1.788139E-07 0.9999999 -2.702051E-07
vn -0.9970833 0.07153615 -0.02659876
vn -0.9857382 -0.1284425 0.1087328
vn -0.9883971 1.356972E-07 -0.1518919
vn -0.9883972 1.356972E-07 -0.1518919
vn -1.192092E-07 2.702051E-07 0.9999999
vn -1.192092E-07 2.702051E-07 0.9999999
vn -1.192092E-07 2.702051E-07 0.9999999
vn 0.8555435 -0.4084315 0.3181652
vn 0.7945197 -0.5052528 0.3368354
vn 0.8545666 -0.38282 0.3509482
vn -0.8545668 -0.3828197 0.350948
vn -0.7945199 -0.5052526 0.3368352
vn -0.8555437 -0.4084312 0.318165
vn -0.8555436 0.4084316 0.3181648
vn -0.7945197 0.505253 0.336835
vn -0.8545667 0.3828202 0.3509478
vn 0.155542 2.391034E-07 0.9878293
vn 0.155542 2.391034E-07 0.9878293
vn 0.155542 2.391034E-07 0.9878293
vn 0.155542 2.391034E-07 0.9878293
vn 1.788139E-07 0.9999999 -2.702051E-07
vn 1.788139E-07 0.9999999 -2.702051E-07
vn 1.788139E-07 0.9999999 -2.702051E-07
vn 1.788139E-07 0.9999999 -2.702051E-07
vn -1.788139E-07 -0.9999999 2.702051E-07
vn -1.788139E-07 -0.9999999 2.702051E-07
vn -1.788139E-07 -0.9999999 2.702051E-07
vn -1.788139E-07 -0.9999999 2.702051E-07
vn -1.788139E-07 -0.9999999 2.702051E-07
vn -1.788139E-07 -0.9999999 2.702051E-07
vn -1.788139E-07 -0.9999999 2.702051E-07
vn 1.788139E-07 0.9999999 -2.702051E-07
vn 1.788139E-07 0.9999999 -2.702051E-07
vn 1.788139E-07 0.9999999 -2.702051E-07
vn 0.9400631 0.07153153 -0.3334137
vn 0.8930838 -2.812585E-07 -0.4498902
vn 0.8930839 -2.812585E-07 -0.4498902
vn 0.9710937 -0.1284354 -0.2012
vn 0.9956735 0.07644925 -0.05281868
vn 0.9902303 -0.1386673 0.01467173
vn 0.9119977 0.4084112 0.03821465
vn 0.9211982 0.3828005 0.06969533
vn 0.8597342 0.5052302 0.07482918
vn 0.3090181 3.980797E-07 0.9510561
vn 0.3090181 3.980797E-07 0.9510561
vn 0.3090181 3.980797E-07 0.9510561
vn 1.788139E-07 0.9999999 -2.702051E-07
vn 1.788139E-07 0.9999999 -2.702051E-07
vn 1.788139E-07 0.9999999 -2.702051E-07
vn 1.788139E-07 0.9999999 -2.702051E-07
vn 1.788139E-07 0.9999999 -2.702051E-07
vn 1.788139E-07 0.9999999 -2.702051E-07
vn 1.788139E-07 0.9999999 -2.702051E-07
vn 1.788139E-07 0.9999999 -2.702051E-07
vn 1.788139E-07 0.9999999 -2.702051E-07
vn 1.788139E-07 0.9999999 -2.702051E-07
vn 1.788139E-07 0.9999999 -2.702051E-07
vn 1.788139E-07 0.9999999 -2.702051E-07
vn 1.788139E-07 0.9999999 -2.702051E-07
vn 1.788139E-07 0.9999999 -2.702051E-07
vn -0.9116935 2.740429E-07 0.410871
vn -0.792488 -0.1386669 0.5939142
vn -0.8365616 0.07644977 0.5425129
vn -0.8929565 2.81304E-07 0.4501429
vn -0.8504938 2.94204E-07 0.5259851
vn -0.8267598 2.998414E-07 0.562555
vn -0.7745107 3.094144E-07 0.6325607
vn -0.7459671 3.133412E-07 0.6659827
vn -0.6851733 3.193306E-07 0.72838
vn -0.652961 3.214096E-07 0.7573916
vn -0.5844626 3.2376E-07 0.8114206
vn -0.5481415 3.24011E-07 0.8363857
vn -0.4731847 3.226528E-07 0.8809633
vn -0.4345809 3.210647E-07 0.9006328
vn -0.354459 3.160433E-07 0.9350715
vn -0.3129132 3.125891E-07 0.9497816
vn -0.2289404 3.039663E-07 0.9734404
vn -0.1865353 2.988176E-07 0.9824482
vn -0.1003178 2.867802E-07 0.9949554
vn -0.05649761 2.79876E-07 0.9984027
vn 0.03084818 2.645604E-07 0.9995239
vn 0.07437945 2.561565E-07 0.9972299
vn 0.1606914 2.379598E-07 0.9870046
vn 0.2034758 2.281681E-07 0.97908
vn 0.3036697 2.031449E-07 0.9527773
vn 0.3036697 2.031449E-07 0.9527773
vn -1.788139E-07 -0.9999999 2.702051E-07
vn -1.788139E-07 -0.9999999 2.702051E-07
vn -1.788139E-07 -0.9999999 2.702051E-07
vn -1.788139E-07 -0.9999999 2.702051E-07
vn -1.788139E-07 -0.9999999 2.702051E-07
vn -1.788139E-07 -0.9999999 2.702051E-07
vn -1.788139E-07 -0.9999999 2.702051E-07
vn -1.788139E-07 -0.9999999 2.702051E-07
vn -1.788139E-07 -0.9999999 2.702051E-07
vn -1.788139E-07 -0.9999999 2.702051E-07
vn -1.788139E-07 -0.9999999 2.702051E-07
vn -1.788139E-07 -0.9999999 2.702051E-07
vn -1.788139E-07 -0.9999999 2.702051E-07
vn -1.788139E-07 -0.9999999 2.702051E-07
vn 0.3118086 2.009783E-07 0.9501449
vn 0.3188491 1.990872E-07 0.9478055
vn 1.788139E-07 0.9999999 -2.702051E-07
vn 1.788139E-07 0.9999999 -2.702051E-07
vn -1.788139E-07 -0.9999999 2.702051E-07
vn -1.788139E-07 -0.9999999 2.702051E-07
vn -1.788139E-07 -0.9999999 2.702051E-07
vn -1.788139E-07 -0.9999999 2.702051E-07
vn -1.788139E-07 -0.9999999 2.702051E-07
vn -1.788139E-07 -0.9999999 2.702051E-07
vn -1.788139E-07 -0.9999999 2.702051E-07
vn -1.788139E-07 -0.9999999 2.702051E-07
vn -1.788139E-07 -0.9999999 2.702051E-07
vn -1.788139E-07 -0.9999999 2.702051E-07
vn -1.788139E-07 -0.9999999 2.702051E-07
vn -1.788139E-07 -0.9999999 2.702051E-07
vn -1.788139E-07 -0.9999999 2.702051E-07
vn -1.788139E-07 -0.9999999 2.702051E-07
vn 0.9790792 -2.300543E-07 -0.2034799
vn 0.9870045 -2.199102E-07 -0.160693
vn 0.9972302 -1.984156E-07 -0.07437675
vn 0.9995242 -1.870629E-07 -0.03084332
vn 0.9984026 -1.632617E-07 0.0565001
vn 0.9949557 -1.508062E-07 0.1003153
vn 0.9824491 -1.25274E-07 0.186531
vn 0.9734406 -1.12204E-07 0.22894
vn 0.9497811 -8.528287E-08 0.312915
vn 0.9350719 -7.142748E-08 0.3544582
vn 0.9006342 -4.362077E-08 0.4345779
vn 0.880964 -2.967216E-08 0.4731831
vn 0.8363853 -1.446595E-09 0.548142
vn 0.8114197 1.283192E-08 0.5844637
vn 0.7573894 4.10023E-08 0.6529635
vn 0.728377 5.489422E-08 0.6851765
vn 0.6659817 8.247756E-08 0.745968
vn 0.6325624 9.616538E-08 0.7745093
vn 0.5625581 1.228009E-07 0.8267576
vn 0.525986 1.35754E-07 0.8504932
vn 0.4501371 1.607914E-07 0.8929594
vn 0.4108621 1.728775E-07 0.9116976
vn 1.788139E-07 0.9999999 -2.702051E-07
vn 1.788139E-07 0.9999999 -2.702051E-07
vn 1.788139E-07 0.9999999 -2.702051E-07
vn 1.788139E-07 0.9999999 -2.702051E-07
vn 1.788139E-07 0.9999999 -2.702051E-07
vn 1.788139E-07 0.9999999 -2.702051E-07
vn 1.788139E-07 0.9999999 -2.702051E-07
vn 1.788139E-07 0.9999999 -2.702051E-07
vn 1.788139E-07 0.9999999 -2.702051E-07
vn 1.788139E-07 0.9999999 -2.702051E-07
vn 1.788139E-07 0.9999999 -2.702051E-07
vn 1.788139E-07 0.9999999 -2.702051E-07
vn -0.9565019 0.07153202 0.2828201
vn -0.9038928 -0.1284349 0.4080224
vn -0.9869585 2.199782E-07 0.1609751
vn -0.9869584 2.199782E-07 0.160975
vn 0.3090181 5.367175E-09 0.9510561
vn 0.3090181 5.367175E-09 0.9510561
vn 0.3090181 5.367175E-09 0.9510561
vn 0.9119976 -0.4084115 0.03821487
vn 0.859734 -0.5052305 0.07482945
vn 0.9211981 -0.3828008 0.06969554
vn -0.7042977 -0.3828005 0.5978532
vn -0.6515546 -0.5052301 0.5658789
vn -0.7153583 -0.4084111 0.566977
vn -0.7153581 0.4084117 0.5669768
vn -0.6515545 0.5052307 0.5658786
vn -0.7042976 0.3828011 0.597853
vn 0.45399 1.595748E-07 0.8910068
vn 0.45399 1.595748E-07 0.8910068
vn 0.45399 1.595748E-07 0.8910068
vn 0.45399 1.595748E-07 0.8910068
vn 1.788139E-07 0.9999999 -2.702051E-07
vn 1.788139E-07 0.9999999 -2.702051E-07
vn 1.788139E-07 0.9999999 -2.702051E-07
vn 1.788139E-07 0.9999999 -2.702051E-07
vn -1.788139E-07 -0.9999999 2.702051E-07
vn -1.788139E-07 -0.9999999 2.702051E-07
vn -1.788139E-07 -0.9999999 2.702051E-07
vn -1.788139E-07 -0.9999999 2.702051E-07
vn -1.788139E-07 -0.9999999 2.702051E-07
vn -1.788139E-07 -0.9999999 2.702051E-07
vn -1.788139E-07 -0.9999999 2.702051E-07
vn 1.788139E-07 0.9999999 -2.702051E-07
vn 1.788139E-07 0.9999999 -2.702051E-07
vn 1.788139E-07 0.9999999 -2.702051E-07
vn 0.7910098 0.07153527 -0.6076068
vn 0.7103351 -3.172053E-07 -0.7038636
vn 0.7103351 -3.172053E-07 -0.7038636
vn 0.8613799 -0.1284422 -0.4914542
vn 0.9306122 0.07645322 -0.3579326
vn 0.9462918 -0.1386746 -0.2920635
vn 0.8791574 0.4084294 -0.2454944
vn 0.8976371 0.3828181 -0.2183986
vn 0.8407636 0.5052508 -0.1945202
vn 0.587803 1.134896E-07 0.809004
vn 0.587803 1.134896E-07 0.809004
vn 0.587803 1.134896E-07 0.809004
vn 1.788139E-07 0.9999999 -2.702051E-07
vn 1.788139E-07 0.9999999 -2.702051E-07
vn 1.788139E-07 0.9999999 -2.702051E-07
vn 1.788139E-07 0.9999999 -2.702051E-07
vn 1.788139E-07 0.9999999 -2.702051E-07
vn 1.788139E-07 0.9999999 -2.702051E-07
vn 1.788139E-07 0.9999999 -2.702051E-07
vn 1.788139E-07 0.9999999 -2.702051E-07
vn 1.788139E-07 0.9999999 -2.702051E-07
vn 1.788139E-07 0.9999999 -2.702051E-07
vn 1.788139E-07 0.9999999 -2.702051E-07
vn 1.788139E-07 0.9999999 -2.702051E-07
vn 1.788139E-07 0.9999999 -2.702051E-07
vn 1.788139E-07 0.9999999 -2.702051E-07
vn -0.7400947 3.140529E-07 0.6725026
vn -0.5701537 -0.1386741 0.8097494
vn -0.6279551 0.07645383 0.7744851
vn -0.710138 3.172239E-07 0.7040625
vn -0.6463118 3.217559E-07 0.7630735
vn -0.6124353 3.231147E-07 0.7905207
vn -0.5411124 3.239875E-07 0.8409502
vn -0.5036436 3.234918E-07 0.8639114
vn -0.426546 3.206636E-07 0.9044658
vn -0.3869409 3.183478E-07 0.9221045
vn -0.3050943 3.118774E-07 0.9523221
vn -0.2628357 3.077035E-07 0.9648405
vn -0.17777 2.97689E-07 0.984072
vn -0.1349757 2.91868E-07 0.990849
vn -0.04813538 2.784992E-07 0.9988408
vn -0.00408129 2.709326E-07 0.9999916
vn 0.08309291 2.544125E-07 0.9965417
vn 0.1262105 2.454762E-07 0.9920034
vn 0.2120723 2.261375E-07 0.9772539
vn 0.2548074 2.15723E-07 0.9669918
vn 0.3382215 1.938022E-07 0.9410664
vn 0.3789168 1.823005E-07 0.9254308
vn 0.4578488 1.583507E-07 0.88903
vn 0.4960901 1.459034E-07 0.868271
vn 0.5832479 1.151932E-07 0.8122941
vn 0.5832479 1.151932E-07 0.8122941
vn -1.788139E-07 -0.9999999 2.702051E-07
vn -1.788139E-07 -0.9999999 2.702051E-07
vn -1.788139E-07 -0.9999999 2.702051E-07
vn -1.788139E-07 -0.9999999 2.702051E-07
vn -1.788139E-07 -0.9999999 2.702051E-07
vn -1.788139E-07 -0.9999999 2.702051E-07
vn -1.788139E-07 -0.9999999 2.702051E-07
vn -1.788139E-07 -0.9999999 2.702051E-07
vn -1.788139E-07 -0.9999999 2.702051E-07
vn -1.788139E-07 -0.9999999 2.702051E-07
vn -1.788139E-07 -0.9999999 2.702051E-07
vn -1.788139E-07 -0.9999999 2.702051E-07
vn -1.788139E-07 -0.9999999 2.702051E-07
vn -1.788139E-07 -0.9999999 2.702051E-07
vn 0.5901747 1.125985E-07 0.8072755
vn 0.5961479 1.103413E-07 0.8028746
vn 1.788139E-07 0.9999999 -2.702051E-07
vn 1.788139E-07 0.9999999 -2.702051E-07
vn -1.788139E-07 -0.9999999 2.702051E-07
vn -1.788139E-07 -0.9999999 2.702051E-07
vn -1.788139E-07 -0.9999999 2.702051E-07
vn -1.788139E-07 -0.9999999 2.702051E-07
vn -1.788139E-07 -0.9999999 2.702051E-07
vn -1.788139E-07 -0.9999999 2.702051E-07
vn -1.788139E-07 -0.9999999 2.702051E-07
vn -1.788139E-07 -0.9999999 2.702051E-07
vn -1.788139E-07 -0.9999999 2.702051E-07
vn -1.788139E-07 -0.9999999 2.702051E-07
vn -1.788139E-07 -0.9999999 2.702051E-07
vn -1.788139E-07 -0.9999999 2.702051E-07
vn -1.788139E-07 -0.9999999 2.702051E-07
vn -1.788139E-07 -0.9999999 2.702051E-07
vn 0.8682702 -2.893053E-07 -0.4960916
vn 0.8890281 -2.826847E-07 -0.4578525
vn 0.925428 -2.678665E-07 -0.3789234
vn 0.9410644 -2.596662E-07 -0.3382274
vn 0.9669912 -2.417624E-07 -0.2548098
vn 0.9772538 -2.320499E-07 -0.2120733
vn 0.9920035 -2.114868E-07 -0.1262105
vn 0.9965417 -2.006477E-07 -0.08309291
vn 0.9999917 -1.777097E-07 0.00408128
vn 0.9988408 -1.656003E-07 0.04813515
vn 0.9908483 -1.407052E-07 0.1349801
vn 0.9840703 -1.279285E-07 0.1777798
vn 0.964839 -1.015056E-07 0.2628414
vn 0.9523233 -8.785167E-08 0.3050905
vn 0.9221084 -6.033491E-08 0.3869317
vn 0.9044687 -4.647828E-08 0.4265402
vn 0.8639122 -1.839276E-08 0.5036425
vn 0.8409495 -4.161884E-09 0.5411134
vn 0.7905198 2.412749E-08 0.6124364
vn 0.7630745 3.818802E-08 0.6463104
vn 0.7040638 6.598614E-08 0.7101367
vn 0.6725013 7.972508E-08 0.7400959
vn 1.788139E-07 0.9999999 -2.702051E-07
vn 1.788139E-07 0.9999999 -2.702051E-07
vn 1.788139E-07 0.9999999 -2.702051E-07
vn 1.788139E-07 0.9999999 -2.702051E-07
vn 1.788139E-07 0.9999999 -2.702051E-07
vn 1.788139E-07 0.9999999 -2.702051E-07
vn 1.788139E-07 0.9999999 -2.702051E-07
vn 1.788139E-07 0.9999999 -2.702051E-07
vn 1.788139E-07 0.9999999 -2.702051E-07
vn 1.788139E-07 0.9999999 -2.702051E-07
vn 1.788139E-07 0.9999999 -2.702051E-07
vn 1.788139E-07 0.9999999 -2.702051E-07
vn -0.8222792 0.07153594 0.56457
vn -0.7335526 -0.1284417 0.6673852
vn -0.8888999 2.82729E-07 0.4581015
vn -0.8888999 2.82729E-07 0.4581015
vn 0.587803 1.134896E-07 0.809004
vn 0.587803 1.134896E-07 0.809004
vn 0.587803 1.134896E-07 0.809004
vn 0.8791572 -0.4084299 -0.2454942
vn 0.8407634 -0.5052512 -0.1945199
vn 0.897637 -0.3828185 -0.2183983
vn -0.48506 -0.3828181 0.786236
vn -0.4447776 -0.5052506 0.7395232
vn -0.5051205 -0.4084295 0.7602885
vn -0.5051203 0.4084302 0.7602883
vn -0.4447775 0.5052513 0.7395229
vn -0.4850599 0.3828187 0.7862358
vn 0.7071067 6.462334E-08 0.7071068
vn 0.7071067 6.462334E-08 0.7071068
vn 0.7071067 6.462334E-08 0.7071068
vn 0.7071067 6.462334E-08 0.7071068
vn 1.788139E-07 0.9999999 -2.702051E-07
vn 1.788139E-07 0.9999999 -2.702051E-07
vn 1.788139E-07 0.9999999 -2.702051E-07
vn 1.788139E-07 0.9999999 -2.702051E-07
vn -1.788139E-07 -0.9999999 2.702051E-07
vn -1.788139E-07 -0.9999999 2.702051E-07
vn -1.788139E-07 -0.9999999 2.702051E-07
vn -1.788139E-07 -0.9999999 2.702051E-07
vn -1.788139E-07 -0.9999999 2.702051E-07
vn -1.788139E-07 -0.9999999 2.702051E-07
vn -1.788139E-07 -0.9999999 2.702051E-07
vn 1.788139E-07 0.9999999 -2.702051E-07
vn 1.788139E-07 0.9999999 -2.702051E-07
vn 1.788139E-07 0.9999999 -2.702051E-07
vn 0.5645703 0.07153531 -0.822279
vn 0.4581017 -3.221002E-07 -0.8888997
vn 0.4581017 -3.221002E-07 -0.8888997
vn 0.6673853 -0.1284423 -0.7335523
vn 0.7744853 0.0764532 -0.6279549
vn 0.8097495 -0.1386747 -0.5701534
vn 0.7602887 0.4084296 -0.5051202
vn 0.7862361 0.3828182 -0.4850598
vn 0.7395232 0.5052508 -0.4447775
vn 0.8090039 1.416624E-08 0.5878032
vn 0.8090039 1.416624E-08 0.5878032
vn 0.8090039 1.416624E-08 0.5878032
vn 1.788139E-07 0.9999999 -2.702051E-07
vn 1.788139E-07 0.9999999 -2.702051E-07
vn 1.788139E-07 0.9999999 -2.702051E-07
vn 1.788139E-07 0.9999999 -2.702051E-07
vn 1.788139E-07 0.9999999 -2.702051E-07
vn 1.788139E-07 0.9999999 -2.702051E-07
vn 1.788139E-07 0.9999999 -2.702051E-07
vn 1.788139E-07 0.9999999 -2.702051E-07
vn 1.788139E-07 0.9999999 -2.702051E-07
vn 1.788139E-07 0.9999999 -2.702051E-07
vn 1.788139E-07 0.9999999 -2.702051E-07
vn 1.788139E-07 0.9999999 -2.702051E-07
vn 1.788139E-07 0.9999999 -2.702051E-07
vn 1.788139E-07 0.9999999 -2.702051E-07
vn -0.4960918 3.233191E-07 0.86827
vn -0.2920639 -0.1386741 0.9462917
vn -0.3579328 0.0764538 0.930612
vn -0.4578528 3.220904E-07 0.889028
vn -0.3789236 3.178122E-07 0.9254279
vn -0.3382276 3.147602E-07 0.9410642
vn -0.25481 3.068495E-07 0.9669911
vn -0.2120735 3.019806E-07 0.9772537
vn -0.1262107 2.906126E-07 0.9920034
vn -0.08309315 2.841288E-07 0.9965417
vn 0.004081042 2.694731E-07 0.9999917
vn 0.04813491 2.612847E-07 0.9988407
vn 0.1349799 2.43596E-07 0.9908482
vn 0.1777796 2.341113E-07 0.9840702
vn 0.2628412 2.137048E-07 0.964839
vn 0.3050903 2.027682E-07 0.9523234
vn 0.3869315 1.799696E-07 0.9221084
vn 0.42654 1.681208E-07 0.9044687
vn 0.5036423 1.433752E-07 0.8639122
vn 0.5411133 1.304703E-07 0.8409496
vn 0.6124362 1.040904E-07 0.7905198
vn 0.6463103 9.061736E-08 0.7630746
vn 0.7101366 6.325935E-08 0.704064
vn 0.7400958 4.937388E-08 0.6725014
vn 0.8056884 1.598485E-08 0.5923395
vn 0.8056884 1.598485E-08 0.5923395
vn -1.788139E-07 -0.9999999 2.702051E-07
vn -1.788139E-07 -0.9999999 2.702051E-07
vn -1.788139E-07 -0.9999999 2.702051E-07
vn -1.788139E-07 -0.9999999 2.702051E-07
vn -1.788139E-07 -0.9999999 2.702051E-07
vn -1.788139E-07 -0.9999999 2.702051E-07
vn -1.788139E-07 -0.9999999 2.702051E-07
vn -1.788139E-07 -0.9999999 2.702051E-07
vn -1.788139E-07 -0.9999999 2.702051E-07
vn -1.788139E-07 -0.9999999 2.702051E-07
vn -1.788139E-07 -0.9999999 2.702051E-07
vn -1.788139E-07 -0.9999999 2.702051E-07
vn -1.788139E-07 -0.9999999 2.702051E-07
vn -1.788139E-07 -0.9999999 2.702051E-07
vn 0.8107254 1.321628E-08 0.5854267
vn 0.8150474 1.081345E-08 0.5793943
vn 1.788139E-07 0.9999999 -2.702051E-07
vn 1.788139E-07 0.9999999 -2.702051E-07
vn -1.788139E-07 -0.9999999 2.702051E-07
vn -1.788139E-07 -0.9999999 2.702051E-07
vn -1.788139E-07 -0.9999999 2.702051E-07
vn -1.788139E-07 -0.9999999 2.702051E-07
vn -1.788139E-07 -0.9999999 2.702051E-07
vn -1.788139E-07 -0.9999999 2.702051E-07
vn -1.788139E-07 -0.9999999 2.702051E-07
vn -1.788139E-07 -0.9999999 2.702051E-07
vn -1.788139E-07 -0.9999999 2.702051E-07
vn -1.788139E-07 -0.9999999 2.702051E-07
vn -1.788139E-07 -0.9999999 2.702051E-07
vn -1.788139E-07 -0.9999999 2.702051E-07
vn -1.788139E-07 -0.9999999 2.702051E-07
vn -1.788139E-07 -0.9999999 2.702051E-07
vn 0.6725028 -3.202302E-07 -0.7400945
vn 0.7040627 -3.177791E-07 -0.7101378
vn 0.7630737 -3.110849E-07 -0.6463115
vn 0.7905209 -3.068392E-07 -0.6124351
vn 0.8409504 -2.965849E-07 -0.5411122
vn 0.8639116 -2.905664E-07 -0.5036433
vn 0.904466 -2.76986E-07 -0.4265458
vn 0.9221047 -2.694385E-07 -0.3869406
vn 0.9523223 -2.527265E-07 -0.305094
vn 0.9648407 -2.435464E-07 -0.2628354
vn 0.984072 -2.240001E-07 -0.1777697
vn 0.990849 -2.136487E-07 -0.1349754
vn 0.9988409 -1.91613E-07 -0.04813514
vn 0.9999917 -1.799152E-07 -0.004081051
vn 0.9965417 -1.557434E-07 0.08309314
vn 0.9920035 -1.432813E-07 0.1262107
vn 0.977254 -1.174435E-07 0.2120725
vn 0.9669917 -1.040613E-07 0.2548076
vn 0.9410664 -7.688656E-08 0.3382217
vn 0.9254307 -6.309461E-08 0.378917
vn 0.88903 -3.525781E-08 0.457849
vn 0.8682709 -2.121284E-08 0.4960902
vn 1.788139E-07 0.9999999 -2.702051E-07
vn 1.788139E-07 0.9999999 -2.702051E-07
vn 1.788139E-07 0.9999999 -2.702051E-07
vn 1.788139E-07 0.9999999 -2.702051E-07
vn 1.788139E-07 0.9999999 -2.702051E-07
vn 1.788139E-07 0.9999999 -2.702051E-07
vn 1.788139E-07 0.9999999 -2.702051E-07
vn 1.788139E-07 0.9999999 -2.702051E-07
vn 1.788139E-07 0.9999999 -2.702051E-07
vn 1.788139E-07 0.9999999 -2.702051E-07
vn 1.788139E-07 0.9999999 -2.702051E-07
vn 1.788139E-07 0.9999999 -2.702051E-07
vn -0.6076069 0.07153591 0.7910097
vn -0.4914546 -0.1284416 0.8613797
vn -0.7038638 3.177968E-07 0.7103349
vn -0.7038637 3.177968E-07 0.7103349
vn 0.8090039 1.416624E-08 0.5878032
vn 0.8090039 1.416624E-08 0.5878032
vn 0.8090039 1.416624E-08 0.5878032
vn 0.7602885 -0.4084301 -0.50512
vn 0.7395231 -0.5052513 -0.4447772
vn 0.786236 -0.3828187 -0.4850596
vn -0.2183987 -0.382818 0.897637
vn -0.1945204 -0.5052507 0.8407636
vn -0.2454946 -0.4084294 0.8791573
vn -0.2454945 0.4084299 0.8791571
vn -0.1945202 0.5052512 0.8407633
vn -0.2183986 0.3828186 0.8976368
vn 0.8910067 -3.665395E-08 0.4539902
vn 0.8910067 -3.665395E-08 0.4539902
vn 0.8910067 -3.665395E-08 0.4539902
vn 0.8910067 -3.665395E-08 0.4539902
vn 1.788139E-07 0.9999999 -2.702051E-07
vn 1.788139E-07 0.9999999 -2.702051E-07
vn 1.788139E-07 0.9999999 -2.702051E-07
vn 1.788139E-07 0.9999999 -2.702051E-07
vn -1.788139E-07 -0.9999999 2.702051E-07
vn -1.788139E-07 -0.9999999 2.702051E-07
vn -1.788139E-07 -0.9999999 2.702051E-07
vn -1.788139E-07 -0.9999999 2.702051E-07
vn -1.788139E-07 -0.9999999 2.702051E-07
vn -1.788139E-07 -0.9999999 2.702051E-07
vn -1.788139E-07 -0.9999999 2.702051E-07
vn 1.788139E-07 0.9999999 -2.702051E-07
vn 1.788139E-07 0.9999999 -2.702051E-07
vn 1.788139E-07 0.9999999 -2.702051E-07
vn 0.2828204 0.07153147 -0.9565018
vn 0.1609753 -2.954658E-07 -0.9869584
vn 0.1609753 -2.954658E-07 -0.9869584
vn 0.4080226 -0.1284355 -0.9038926
vn 0.5425132 0.07644915 -0.8365614
vn 0.5939144 -0.1386675 -0.7924877
vn 0.5669772 0.4084111 -0.7153581
vn 0.5978534 0.3828005 -0.7042976
vn 0.565879 0.5052302 -0.6515545
vn 0.9510561 1.097925E-07 0.3090183
vn 0.9510561 1.097925E-07 0.3090183
vn 0.9510561 1.097925E-07 0.3090183
vn 1.788139E-07 0.9999999 -2.702051E-07
vn 1.788139E-07 0.9999999 -2.702051E-07
vn 1.788139E-07 0.9999999 -2.702051E-07
vn 1.788139E-07 0.9999999 -2.702051E-07
vn 1.788139E-07 0.9999999 -2.702051E-07
vn 1.788139E-07 0.9999999 -2.702051E-07
vn 1.788139E-07 0.9999999 -2.702051E-07
vn 1.788139E-07 0.9999999 -2.702051E-07
vn 1.788139E-07 0.9999999 -2.702051E-07
vn 1.788139E-07 0.9999999 -2.702051E-07
vn 1.788139E-07 0.9999999 -2.702051E-07
vn 1.788139E-07 0.9999999 -2.702051E-07
vn 1.788139E-07 0.9999999 -2.702051E-07
vn 1.788139E-07 0.9999999 -2.702051E-07
vn -0.2034802 3.009373E-07 0.9790791
vn 0.01467143 -0.1386669 0.9902303
vn -0.05281889 0.07644972 0.9956734
vn -0.1606932 2.954278E-07 0.9870044
vn -0.074377 2.827563E-07 0.9972301
vn -0.03084356 2.755918E-07 0.9995242
vn 0.05649986 2.596705E-07 0.9984025
vn 0.100315 2.509043E-07 0.9949556
vn 0.1865308 2.321084E-07 0.982449
vn 0.2289397 2.22091E-07 0.9734405
vn 0.3129148 2.006822E-07 0.9497812
vn 0.354458 1.892792E-07 0.9350719
vn 0.4345777 1.656474E-07 0.9006342
vn 0.4731829 1.534293E-07 0.8809641
vn 0.5481418 1.279802E-07 0.8363854
vn 0.5844635 1.147395E-07 0.8114198
vn 0.6529633 8.789154E-08 0.7573895
vn 0.6851764 7.429214E-08 0.7283772
vn 0.7459679 4.656222E-08 0.6659818
vn 0.7745092 3.24286E-08 0.6325626
vn 0.8267576 4.17035E-09 0.5625583
vn 0.8504931 -9.955886E-09 0.5259861
vn 0.8929593 -3.804418E-08 0.4501373
vn 0.9116975 -5.200713E-08 0.4108623
vn 0.9493045 -8.480779E-08 0.3143578
vn 0.9493045 -8.480779E-08 0.3143578
vn -1.788139E-07 -0.9999999 2.702051E-07
vn -1.788139E-07 -0.9999999 2.702051E-07
vn -1.788139E-07 -0.9999999 2.702051E-07
vn -1.788139E-07 -0.9999999 2.702051E-07
vn -1.788139E-07 -0.9999999 2.702051E-07
vn -1.788139E-07 -0.9999999 2.702051E-07
vn -1.788139E-07 -0.9999999 2.702051E-07
vn -1.788139E-07 -0.9999999 2.702051E-07
vn -1.788139E-07 -0.9999999 2.702051E-07
vn -1.788139E-07 -0.9999999 2.702051E-07
vn -1.788139E-07 -0.9999999 2.702051E-07
vn -1.788139E-07 -0.9999999 2.702051E-07
vn -1.788139E-07 -0.9999999 2.702051E-07
vn -1.788139E-07 -0.9999999 2.702051E-07
vn 0.9519585 -8.747941E-08 0.3062268
vn 0.954205 -8.97923E-08 0.2991537
vn 1.788139E-07 0.9999999 -2.702051E-07
vn 1.788139E-07 0.9999999 -2.702051E-07
vn -1.788139E-07 -0.9999999 2.702051E-07
vn -1.788139E-07 -0.9999999 2.702051E-07
vn -1.788139E-07 -0.9999999 2.702051E-07
vn -1.788139E-07 -0.9999999 2.702051E-07
vn -1.788139E-07 -0.9999999 2.702051E-07
vn -1.788139E-07 -0.9999999 2.702051E-07
vn -1.788139E-07 -0.9999999 2.702051E-07
vn -1.788139E-07 -0.9999999 2.702051E-07
vn -1.788139E-07 -0.9999999 2.702051E-07
vn -1.788139E-07 -0.9999999 2.702051E-07
vn -1.788139E-07 -0.9999999 2.702051E-07
vn -1.788139E-07 -0.9999999 2.702051E-07
vn -1.788139E-07 -0.9999999 2.702051E-07
vn -1.788139E-07 -0.9999999 2.702051E-07
vn 0.4108712 -3.198137E-07 -0.9116933
vn 0.4501431 -3.217732E-07 -0.8929563
vn 0.5259854 -3.238612E-07 -0.8504936
vn 0.5625553 -3.239874E-07 -0.8267596
vn 0.6325609 -3.223874E-07 -0.7745106
vn 0.6659829 -3.206511E-07 -0.7459669
vn 0.7283802 -3.153818E-07 -0.6851732
vn 0.7573918 -3.118655E-07 -0.6529608
vn 0.8114207 -3.030181E-07 -0.5844624
vn 0.8363858 -2.97668E-07 -0.5481412
vn 0.8809634 -2.853854E-07 -0.4731845
vn 0.900633 -2.784716E-07 -0.4345806
vn 0.9350716 -2.629804E-07 -0.3544587
vn 0.9497818 -2.543849E-07 -0.312913
vn 0.9734405 -2.359255E-07 -0.2289401
vn 0.9824483 -2.260782E-07 -0.186535
vn 0.9949555 -2.050182E-07 -0.1003176
vn 0.9984027 -1.937942E-07 -0.05649737
vn 0.999524 -1.703934E-07 0.03084842
vn 0.9972299 -1.582208E-07 0.07437968
vn 0.9870046 -1.330705E-07 0.1606916
vn 0.97908 -1.200929E-07 0.203476
vn 1.788139E-07 0.9999999 -2.702051E-07
vn 1.788139E-07 0.9999999 -2.702051E-07
vn 1.788139E-07 0.9999999 -2.702051E-07
vn 1.788139E-07 0.9999999 -2.702051E-07
vn 1.788139E-07 0.9999999 -2.702051E-07
vn 1.788139E-07 0.9999999 -2.702051E-07
vn 1.788139E-07 0.9999999 -2.702051E-07
vn 1.788139E-07 0.9999999 -2.702051E-07
vn 1.788139E-07 0.9999999 -2.702051E-07
vn 1.788139E-07 0.9999999 -2.702051E-07
vn 1.788139E-07 0.9999999 -2.702051E-07
vn 1.788139E-07 0.9999999 -2.702051E-07
vn -0.3334139 0.0715321 0.9400628
vn -0.2012003 -0.1284349 0.9710937
vn -0.4498905 3.217625E-07 0.8930838
vn -0.4498905 3.217624E-07 0.8930836
vn 0.9510561 -2.8292E-07 0.3090183
vn 0.9510561 -2.8292E-07 0.3090183
vn 0.9510561 -2.8292E-07 0.3090183
vn 0.566977 -0.4084117 -0.7153579
vn 0.5658789 -0.5052307 -0.6515542
vn 0.5978532 -0.3828011 -0.7042974
vn 0.06969515 -0.3828005 0.9211982
vn 0.07482903 -0.5052302 0.8597342
vn 0.03821447 -0.4084111 0.9119977
vn 0.03821462 0.4084116 0.9119975
vn 0.07482921 0.5052305 0.8597339
vn 0.06969529 0.3828009 0.921198
vn 0.9875443 -1.340723E-07 0.1573411
vn 0.9875443 -1.340723E-07 0.1573411
vn 0.9875443 -1.340723E-07 0.1573411
vn 0.9875443 -1.340723E-07 0.1573411
vn 1.788139E-07 0.9999999 -2.702051E-07
vn 1.788139E-07 0.9999999 -2.702051E-07
vn 1.788139E-07 0.9999999 -2.702051E-07
vn 1.788139E-07 0.9999999 -2.702051E-07
vn -1.788139E-07 -0.9999999 2.702051E-07
vn -1.788139E-07 -0.9999999 2.702051E-07
vn -1.788139E-07 -0.9999999 2.702051E-07
vn -1.788139E-07 -0.9999999 2.702051E-07
vn -1.788139E-07 -0.9999999 2.702051E-07
vn -1.788139E-07 -0.9999999 2.702051E-07
vn -1.788139E-07 -0.9999999 2.702051E-07
vn 1.788139E-07 0.9999999 -2.702051E-07
vn 1.788139E-07 0.9999999 -2.702051E-07
vn 1.788139E-07 0.9999999 -2.702051E-07
vn -0.02659848 0.07153572 -0.9970832
vn -0.1518917 -2.399096E-07 -0.9883971
vn -0.1518916 -2.399096E-07 -0.988397
vn 0.1087329 -0.1284429 -0.985738
vn 0.2574473 0.07645359 -0.9632631
vn 0.319952 -0.1386754 -0.9372298
vn 0.3181652 0.4084311 -0.8555436
vn 0.3509482 0.3828197 -0.8545667
vn 0.3368354 0.5052525 -0.7945198
vn 1 -1.788139E-07 1.192093E-07
vn 1 -1.788139E-07 1.192093E-07
vn 1 -1.788139E-07 1.192093E-07
vn 1.788139E-07 0.9999999 -2.702051E-07
vn 1.788139E-07 0.9999999 -2.702051E-07
vn 1.788139E-07 0.9999999 -2.702051E-07
vn 1.788139E-07 0.9999999 -2.702051E-07
vn 1.788139E-07 0.9999999 -2.702051E-07
vn 1.788139E-07 0.9999999 -2.702051E-07
vn 1.788139E-07 0.9999999 -2.702051E-07
vn 1.788139E-07 0.9999999 -2.702051E-07
vn 1.788139E-07 0.9999999 -2.702051E-07
vn 1.788139E-07 0.9999999 -2.702051E-07
vn 1.788139E-07 0.9999999 -2.702051E-07
vn 1.788139E-07 0.9999999 -2.702051E-07
vn 1.788139E-07 0.9999999 -2.702051E-07
vn 1.788139E-07 0.9999999 -2.702051E-07
vn 0.1090298 2.490982E-07 0.9940384
vn 0.3199518 -0.1386749 0.9372299
vn 0.2574471 0.0764541 0.9632631
vn 0.1521724 2.398477E-07 0.9883539
vn 0.2374273 2.200233E-07 0.9714052
vn 0.2795404 2.094474E-07 0.9601339
vn 0.3622624 1.870742E-07 0.9320762
vn 0.4028672 1.752692E-07 0.9152585
vn 0.4809979 1.508855E-07 0.8767217
vn 0.5185471 1.383152E-07 0.855049
vn 0.5910993 1.122503E-07 0.8065987
vn 0.626063 9.874967E-08 0.7797723
vn 0.6916202 7.148737E-08 0.7222614
vn 0.7222582 5.773039E-08 0.6916236
vn 0.77977 2.97325E-08 0.6260661
vn 0.8065965 1.54882E-08 0.5911024
vn 0.8550478 -1.277984E-08 0.5185491
vn 0.8767217 -2.6802E-08 0.4809978
vn 0.9152597 -5.480521E-08 0.4028643
vn 0.9320772 -6.878405E-08 0.3622594
vn 0.960135 -9.615323E-08 0.2795369
vn 0.9714064 -1.095481E-07 0.2374228
vn 0.9883544 -1.356145E-07 0.1521698
vn 0.9940385 -1.482875E-07 0.1090298
vn 0.9999842 -1.772928E-07 0.005619262
vn 0.9999842 -1.772928E-07 0.005619262
vn -1.788139E-07 -0.9999999 2.702051E-07
vn -1.788139E-07 -0.9999999 2.702051E-07
vn -1.788139E-07 -0.9999999 2.702051E-07
vn -1.788139E-07 -0.9999999 2.702051E-07
vn -1.788139E-07 -0.9999999 2.702051E-07
vn -1.788139E-07 -0.9999999 2.702051E-07
vn -1.788139E-07 -0.9999999 2.702051E-07
vn -1.788139E-07 -0.9999999 2.702051E-07
vn -1.788139E-07 -0.9999999 2.702051E-07
vn -1.788139E-07 -0.9999999 2.702051E-07
vn -1.788139E-07 -0.9999999 2.702051E-07
vn -1.788139E-07 -0.9999999 2.702051E-07
vn -1.788139E-07 -0.9999999 2.702051E-07
vn -1.788139E-07 -0.9999999 2.702051E-07
vn 0.9999956 -1.796061E-07 -0.002934601
vn 0.9999464 -1.816023E-07 -0.01035482
vn 1.788139E-07 0.9999999 -2.702051E-07
vn 1.788139E-07 0.9999999 -2.702051E-07
vn -1.788139E-07 -0.9999999 2.702051E-07
vn -1.788139E-07 -0.9999999 2.702051E-07
vn -1.788139E-07 -0.9999999 2.702051E-07
vn -1.788139E-07 -0.9999999 2.702051E-07
vn -1.788139E-07 -0.9999999 2.702051E-07
vn -1.788139E-07 -0.9999999 2.702051E-07
vn -1.788139E-07 -0.9999999 2.702051E-07
vn -1.788139E-07 -0.9999999 2.702051E-07
vn -1.788139E-07 -0.9999999 2.702051E-07
vn -1.788139E-07 -0.9999999 2.702051E-07
vn -1.788139E-07 -0.9999999 2.702051E-07
vn -1.788139E-07 -0.9999999 2.702051E-07
vn -1.788139E-07 -0.9999999 2.702051E-07
vn -1.788139E-07 -0.9999999 2.702051E-07
vn 0.1090301 -2.880903E-07 -0.9940384
vn 0.1521726 -2.942689E-07 -0.9883539
vn 0.2374275 -3.04934E-07 -0.9714051
vn 0.2795407 -3.094188E-07 -0.9601338
vn 0.3622626 -3.166293E-07 -0.932076
vn 0.4028675 -3.193458E-07 -0.9152583
vn 0.4809982 -3.229038E-07 -0.8767216
vn 0.5185474 -3.237621E-07 -0.8550489
vn 0.5910995 -3.236439E-07 -0.8065986
vn 0.6260633 -3.226473E-07 -0.7797722
vn 0.6916203 -3.1883E-07 -0.7222612
vn 0.7222583 -3.1603E-07 -0.6916234
vn 0.7797701 -3.086E-07 -0.6260659
vn 0.8065966 -3.039495E-07 -0.5911022
vn 0.8550479 -2.930091E-07 -0.518549
vn 0.8767218 -2.867381E-07 -0.4809976
vn 0.9152598 -2.725172E-07 -0.4028641
vn 0.9320773 -2.645527E-07 -0.3622592
vn 0.9601351 -2.472178E-07 -0.2795367
vn 0.9714064 -2.378538E-07 -0.2374226
vn 0.9883544 -2.178485E-07 -0.1521695
vn 0.9940385 -2.072083E-07 -0.1090296
vn 1.788139E-07 0.9999999 -2.702051E-07
vn 1.788139E-07 0.9999999 -2.702051E-07
vn 1.788139E-07 0.9999999 -2.702051E-07
vn 1.788139E-07 0.9999999 -2.702051E-07
vn 1.788139E-07 0.9999999 -2.702051E-07
vn 1.788139E-07 0.9999999 -2.702051E-07
vn 1.788139E-07 0.9999999 -2.702051E-07
vn 1.788139E-07 0.9999999 -2.702051E-07
vn 1.788139E-07 0.9999999 -2.702051E-07
vn 1.788139E-07 0.9999999 -2.702051E-07
vn 1.788139E-07 0.9999999 -2.702051E-07
vn 1.788139E-07 0.9999999 -2.702051E-07
vn -0.02659873 0.07153626 0.9970832
vn 0.1087327 -0.1284424 0.9857381
vn -0.1518919 2.942303E-07 0.988397
vn -0.1518919 2.942303E-07 0.9883971
vn 1 -1.788139E-07 1.192093E-07
vn 1 -1.788139E-07 1.192093E-07
vn 1 -1.788139E-07 1.192093E-07
vn 0.318165 -0.4084317 -0.8555434
vn 0.3368352 -0.5052531 -0.7945195
vn 0.3509481 -0.3828203 -0.8545665
vn 0.3509479 -0.3828198 0.8545668
vn 0.336835 -0.5052527 0.7945199
vn 0.3181648 -0.4084312 0.8555437
vn 0.318165 0.4084316 0.8555435
vn 0.3368352 0.505253 0.7945197
vn 0.350948 0.3828202 0.8545666
vn 0.9878293 -2.186659E-07 -0.155542
vn 0.9878293 -2.186659E-07 -0.155542
vn 0.9878293 -2.186659E-07 -0.155542
vn 0.9878293 -2.186659E-07 -0.155542
vn 1.788139E-07 0.9999999 -2.702051E-07
vn 1.788139E-07 0.9999999 -2.702051E-07
vn 1.788139E-07 0.9999999 -2.702051E-07
vn 1.788139E-07 0.9999999 -2.702051E-07
vn -1.788139E-07 -0.9999999 2.702051E-07
vn -1.788139E-07 -0.9999999 2.702051E-07
vn -1.788139E-07 -0.9999999 2.702051E-07
vn -1.788139E-07 -0.9999999 2.702051E-07
vn -1.788139E-07 -0.9999999 2.702051E-07
vn -1.788139E-07 -0.9999999 2.702051E-07
vn -1.788139E-07 -0.9999999 2.702051E-07
vn 1.788139E-07 0.9999999 -2.702051E-07
vn 1.788139E-07 0.9999999 -2.702051E-07
vn 1.788139E-07 0.9999999 -2.702051E-07
vn -0.3334137 0.07153159 -0.940063
vn -0.4498902 -1.608691E-07 -0.8930838
vn -0.4498902 -1.608692E-07 -0.8930839
vn -0.2012001 -0.1284354 -0.9710937
vn -0.05281865 0.07644918 -0.9956734
vn 0.01467167 -0.1386674 -0.9902302
vn 0.03821484 0.4084111 -0.9119977
vn 0.06969551 0.3828004 -0.9211982
vn 0.07482941 0.5052301 -0.8597342
vn 0.9510562 -5.720409E-08 -0.3090181
vn 0.9510562 -5.720409E-08 -0.3090181
vn 0.9510562 -5.720409E-08 -0.3090181
vn 1.788139E-07 0.9999999 -2.702051E-07
vn 1.788139E-07 0.9999999 -2.702051E-07
vn 1.788139E-07 0.9999999 -2.702051E-07
vn 1.788139E-07 0.9999999 -2.702051E-07
vn 1.788139E-07 0.9999999 -2.702051E-07
vn 1.788139E-07 0.9999999 -2.702051E-07
vn 1.788139E-07 0.9999999 -2.702051E-07
vn 1.788139E-07 0.9999999 -2.702051E-07
vn 1.788139E-07 0.9999999 -2.702051E-07
vn 1.788139E-07 0.9999999 -2.702051E-07
vn 1.788139E-07 0.9999999 -2.702051E-07
vn 1.788139E-07 0.9999999 -2.702051E-07
vn 1.788139E-07 0.9999999 -2.702051E-07
vn 1.788139E-07 0.9999999 -2.702051E-07
vn 0.410871 1.728747E-07 0.9116934
vn 0.5939142 -0.1386671 0.7924879
vn 0.542513 0.0764496 0.8365615
vn 0.4501429 1.607896E-07 0.8929564
vn 0.5259851 1.357543E-07 0.8504937
vn 0.562555 1.22802E-07 0.8267597
vn 0.6325607 9.616608E-08 0.7745107
vn 0.6659828 8.247711E-08 0.7459671
vn 0.7283801 5.489282E-08 0.6851733
vn 0.7573916 4.10012E-08 0.652961
vn 0.8114206 1.283146E-08 0.5844626
vn 0.8363857 -1.446815E-09 0.5481414
vn 0.8809633 -2.96716E-08 0.4731847
vn 0.9006329 -4.361975E-08 0.4345808
vn 0.9350715 -7.142721E-08 0.354459
vn 0.9497817 -8.528345E-08 0.3129132
vn 0.9734405 -1.122039E-07 0.2289404
vn 0.9824483 -1.252726E-07 0.1865353
vn 0.9949555 -1.508055E-07 0.1003178
vn 0.9984027 -1.632624E-07 0.05649761
vn 0.999524 -1.870642E-07 -0.03084818
vn 0.9972299 -1.984163E-07 -0.07437944
vn 0.9870046 -2.199098E-07 -0.1606914
vn 0.97908 -2.300533E-07 -0.2034757
vn 0.9527773 -2.52423E-07 -0.3036697
vn 0.9527773 -2.52423E-07 -0.3036697
vn -1.788139E-07 -0.9999999 2.702051E-07
vn -1.788139E-07 -0.9999999 2.702051E-07
vn -1.788139E-07 -0.9999999 2.702051E-07
vn -1.788139E-07 -0.9999999 2.702051E-07
vn -1.788139E-07 -0.9999999 2.702051E-07
vn -1.788139E-07 -0.9999999 2.702051E-07
vn -1.788139E-07 -0.9999999 2.702051E-07
vn -1.788139E-07 -0.9999999 2.702051E-07
vn -1.788139E-07 -0.9999999 2.702051E-07
vn -1.788139E-07 -0.9999999 2.702051E-07
vn -1.788139E-07 -0.9999999 2.702051E-07
vn -1.788139E-07 -0.9999999 2.702051E-07
vn -1.788139E-07 -0.9999999 2.702051E-07
vn -1.788139E-07 -0.9999999 2.702051E-07
vn 0.9501449 -2.541514E-07 -0.3118086
vn 0.9478055 -2.556355E-07 -0.3188491
vn 1.788139E-07 0.9999999 -2.702051E-07
vn 1.788139E-07 0.9999999 -2.702051E-07
vn -1.788139E-07 -0.9999999 2.702051E-07
vn -1.788139E-07 -0.9999999 2.702051E-07
vn -1.788139E-07 -0.9999999 2.702051E-07
vn -1.788139E-07 -0.9999999 2.702051E-07
vn -1.788139E-07 -0.9999999 2.702051E-07
vn -1.788139E-07 -0.9999999 2.702051E-07
vn -1.788139E-07 -0.9999999 2.702051E-07
vn -1.788139E-07 -0.9999999 2.702051E-07
vn -1.788139E-07 -0.9999999 2.702051E-07
vn -1.788139E-07 -0.9999999 2.702051E-07
vn -1.788139E-07 -0.9999999 2.702051E-07
vn -1.788139E-07 -0.9999999 2.702051E-07
vn -1.788139E-07 -0.9999999 2.702051E-07
vn -1.788139E-07 -0.9999999 2.702051E-07
vn -0.2034799 -2.281671E-07 -0.9790791
vn -0.160693 -2.379595E-07 -0.9870044
vn -0.07437676 -2.561571E-07 -0.9972301
vn -0.03084332 -2.645613E-07 -0.9995242
vn 0.0565001 -2.798765E-07 -0.9984025
vn 0.1003153 -2.867799E-07 -0.9949556
vn 0.186531 -2.988171E-07 -0.982449
vn 0.22894 -3.039663E-07 -0.9734405
vn 0.3129151 -3.125893E-07 -0.9497811
vn 0.3544582 -3.160432E-07 -0.9350718
vn 0.434578 -3.210645E-07 -0.9006341
vn 0.4731832 -3.226527E-07 -0.880964
vn 0.548142 -3.24011E-07 -0.8363853
vn 0.5844638 -3.2376E-07 -0.8114197
vn 0.6529636 -3.214094E-07 -0.7573893
vn 0.6851765 -3.193303E-07 -0.728377
vn 0.745968 -3.133411E-07 -0.6659817
vn 0.7745093 -3.094146E-07 -0.6325624
vn 0.8267577 -2.998419E-07 -0.5625581
vn 0.8504933 -2.942041E-07 -0.525986
vn 0.8929594 -2.813029E-07 -0.4501371
vn 0.9116976 -2.740413E-07 -0.4108621
vn 1.788139E-07 0.9999999 -2.702051E-07
vn 1.788139E-07 0.9999999 -2.702051E-07
vn 1.788139E-07 0.9999999 -2.702051E-07
vn 1.788139E-07 0.9999999 -2.702051E-07
vn 1.788139E-07 0.9999999 -2.702051E-07
vn 1.788139E-07 0.9999999 -2.702051E-07
vn 1.788139E-07 0.9999999 -2.702051E-07
vn 1.788139E-07 0.9999999 -2.702051E-07
vn 1.788139E-07 0.9999999 -2.702051E-07
vn 1.788139E-07 0.9999999 -2.702051E-07
vn 1.788139E-07 0.9999999 -2.702051E-07
vn 1.788139E-07 0.9999999 -2.702051E-07
vn 0.2828201 0.07153197 0.9565018
vn 0.4080224 -0.128435 0.9038927
vn 0.1609751 2.378966E-07 0.9869584
vn 0.1609751 2.378966E-07 0.9869583
vn 0.9510562 -4.499167E-07 -0.3090181
vn 0.9510562 -4.499167E-07 -0.3090181
vn 0.9510562 -4.499167E-07 -0.3090181
vn 0.03821469 -0.4084116 -0.9119975
vn 0.07482924 -0.5052306 -0.8597339
vn 0.06969538 -0.382801 -0.921198
vn 0.5978531 -0.3828007 0.7042977
vn 0.5658787 -0.5052302 0.6515546
vn 0.5669768 -0.4084113 0.7153583
vn 0.566977 0.4084114 0.7153581
vn 0.5658789 0.5052305 0.6515543
vn 0.5978532 0.3828008 0.7042975
vn 0.8910068 -2.819949E-07 -0.45399
vn 0.8910068 -2.819949E-07 -0.45399
vn 0.8910068 -2.819949E-07 -0.45399
vn 0.8910068 -2.819949E-07 -0.45399
vn 1.788139E-07 0.9999999 -2.702051E-07
vn 1.788139E-07 0.9999999 -2.702051E-07
vn 1.788139E-07 0.9999999 -2.702051E-07
vn 1.788139E-07 0.9999999 -2.702051E-07
vn -1.788139E-07 -0.9999999 2.702051E-07
vn -1.788139E-07 -0.9999999 2.702051E-07
vn -1.788139E-07 -0.9999999 2.702051E-07
vn -1.788139E-07 -0.9999999 2.702051E-07
vn -1.788139E-07 -0.9999999 2.702051E-07
vn -1.788139E-07 -0.9999999 2.702051E-07
vn -1.788139E-07 -0.9999999 2.702051E-07
vn 1.788139E-07 0.9999999 -2.702051E-07
vn 1.788139E-07 0.9999999 -2.702051E-07
vn 1.788139E-07 0.9999999 -2.702051E-07
vn -0.6076068 0.07153548 -0.7910098
vn -0.7038636 -6.607554E-08 -0.7103351
vn -0.7038637 -6.607552E-08 -0.7103351
vn -0.4914543 -0.1284421 -0.8613798
vn -0.3579326 0.07645329 -0.9306121
vn -0.2920636 -0.1386746 -0.9462917
vn -0.2454943 0.4084294 -0.8791574
vn -0.2183984 0.3828181 -0.8976371
vn -0.19452 0.5052508 -0.8407636
vn 0.8090041 -3.034886E-07 -0.587803
vn 0.8090041 -3.034886E-07 -0.587803
vn 0.8090041 -3.034886E-07 -0.587803
vn 1.788139E-07 0.9999999 -2.702051E-07
vn 1.788139E-07 0.9999999 -2.702051E-07
vn 1.788139E-07 0.9999999 -2.702051E-07
vn 1.788139E-07 0.9999999 -2.702051E-07
vn 1.788139E-07 0.9999999 -2.702051E-07
vn 1.788139E-07 0.9999999 -2.702051E-07
vn 1.788139E-07 0.9999999 -2.702051E-07
vn 1.788139E-07 0.9999999 -2.702051E-07
vn 1.788139E-07 0.9999999 -2.702051E-07
vn 1.788139E-07 0.9999999 -2.702051E-07
vn 1.788139E-07 0.9999999 -2.702051E-07
vn 1.788139E-07 0.9999999 -2.702051E-07
vn 1.788139E-07 0.9999999 -2.702051E-07
vn 1.788139E-07 0.9999999 -2.702051E-07
vn 0.6725026 7.972452E-08 0.7400947
vn 0.8097494 -0.1386744 0.5701537
vn 0.7744852 0.07645354 0.6279551
vn 0.7040626 6.59867E-08 0.710138
vn 0.7630736 3.818853E-08 0.6463117
vn 0.7905208 2.4127E-08 0.6124353
vn 0.8409503 -4.162302E-09 0.5411124
vn 0.8639115 -1.839237E-08 0.5036435
vn 0.9044659 -4.64762E-08 0.426546
vn 0.9221045 -6.033176E-08 0.3869408
vn 0.9523222 -8.785046E-08 0.3050942
vn 0.9648405 -1.015074E-07 0.2628356
vn 0.984072 -1.279314E-07 0.17777
vn 0.990849 -1.407065E-07 0.1349757
vn 0.9988409 -1.656002E-07 0.04813538
vn 0.9999917 -1.777097E-07 0.00408129
vn 0.9965417 -2.006477E-07 -0.08309291
vn 0.9920035 -2.114868E-07 -0.1262105
vn 0.977254 -2.320496E-07 -0.2120723
vn 0.9669918 -2.417619E-07 -0.2548074
vn 0.9410665 -2.59665E-07 -0.3382215
vn 0.9254308 -2.678652E-07 -0.3789168
vn 0.8890301 -2.826841E-07 -0.4578488
vn 0.8682711 -2.89305E-07 -0.49609
vn 0.8122942 -3.028461E-07 -0.5832479
vn 0.8122942 -3.028461E-07 -0.5832479
vn -1.788139E-07 -0.9999999 2.702051E-07
vn -1.788139E-07 -0.9999999 2.702051E-07
vn -1.788139E-07 -0.9999999 2.702051E-07
vn -1.788139E-07 -0.9999999 2.702051E-07
vn -1.788139E-07 -0.9999999 2.702051E-07
vn -1.788139E-07 -0.9999999 2.702051E-07
vn -1.788139E-07 -0.9999999 2.702051E-07
vn -1.788139E-07 -0.9999999 2.702051E-07
vn -1.788139E-07 -0.9999999 2.702051E-07
vn -1.788139E-07 -0.9999999 2.702051E-07
vn -1.788139E-07 -0.9999999 2.702051E-07
vn -1.788139E-07 -0.9999999 2.702051E-07
vn -1.788139E-07 -0.9999999 2.702051E-07
vn -1.788139E-07 -0.9999999 2.702051E-07
vn 0.8072755 -3.038203E-07 -0.5901747
vn 0.8028747 -3.046474E-07 -0.5961479
vn 1.788139E-07 0.9999999 -2.702051E-07
vn 1.788139E-07 0.9999999 -2.702051E-07
vn -1.788139E-07 -0.9999999 2.702051E-07
vn -1.788139E-07 -0.9999999 2.702051E-07
vn -1.788139E-07 -0.9999999 2.702051E-07
vn -1.788139E-07 -0.9999999 2.702051E-07
vn -1.788139E-07 -0.9999999 2.702051E-07
vn -1.788139E-07 -0.9999999 2.702051E-07
vn -1.788139E-07 -0.9999999 2.702051E-07
vn -1.788139E-07 -0.9999999 2.702051E-07
vn -1.788139E-07 -0.9999999 2.702051E-07
vn -1.788139E-07 -0.9999999 2.702051E-07
vn -1.788139E-07 -0.9999999 2.702051E-07
vn -1.788139E-07 -0.9999999 2.702051E-07
vn -1.788139E-07 -0.9999999 2.702051E-07
vn -1.788139E-07 -0.9999999 2.702051E-07
vn -0.4960916 -1.459029E-07 -0.8682701
vn -0.4578525 -1.583495E-07 -0.8890281
vn -0.3789234 -1.822986E-07 -0.925428
vn -0.3382274 -1.938006E-07 -0.9410644
vn -0.2548098 -2.157224E-07 -0.9669912
vn -0.2120733 -2.261373E-07 -0.9772537
vn -0.1262105 -2.454762E-07 -0.9920034
vn -0.08309291 -2.544125E-07 -0.9965417
vn 0.004081281 -2.709326E-07 -0.9999917
vn 0.04813515 -2.784991E-07 -0.9988407
vn 0.1349801 -2.918686E-07 -0.9908482
vn 0.1777799 -2.976903E-07 -0.9840702
vn 0.2628414 -3.077041E-07 -0.964839
vn 0.3050905 -3.11877E-07 -0.9523233
vn 0.3869317 -3.183472E-07 -0.9221083
vn 0.4265402 -3.206634E-07 -0.9044686
vn 0.5036426 -3.234918E-07 -0.8639121
vn 0.5411135 -3.239875E-07 -0.8409495
vn 0.6124365 -3.231146E-07 -0.7905197
vn 0.6463105 -3.217559E-07 -0.7630745
vn 0.7101367 -3.17224E-07 -0.7040638
vn 0.7400959 -3.140527E-07 -0.6725013
vn 1.788139E-07 0.9999999 -2.702051E-07
vn 1.788139E-07 0.9999999 -2.702051E-07
vn 1.788139E-07 0.9999999 -2.702051E-07
vn 1.788139E-07 0.9999999 -2.702051E-07
vn 1.788139E-07 0.9999999 -2.702051E-07
vn 1.788139E-07 0.9999999 -2.702051E-07
vn 1.788139E-07 0.9999999 -2.702051E-07
vn 1.788139E-07 0.9999999 -2.702051E-07
vn 1.788139E-07 0.9999999 -2.702051E-07
vn 1.788139E-07 0.9999999 -2.702051E-07
vn 1.788139E-07 0.9999999 -2.702051E-07
vn 1.788139E-07 0.9999999 -2.702051E-07
vn 0.5645701 0.07153576 0.8222792
vn 0.6673852 -0.1284419 0.7335526
vn 0.4581015 1.582703E-07 0.8888998
vn 0.4581015 1.582703E-07 0.8888998
vn 0.8090041 -3.034886E-07 -0.587803
vn 0.8090041 -3.034886E-07 -0.587803
vn 0.8090041 -3.034886E-07 -0.587803
vn -0.2454944 -0.4084298 -0.8791572
vn -0.1945201 -0.5052512 -0.8407633
vn -0.2183985 -0.3828185 -0.8976369
vn 0.7862359 -0.3828184 0.48506
vn 0.739523 -0.5052509 0.4447777
vn 0.7602884 -0.4084298 0.5051205
vn 0.7602885 0.4084299 0.5051202
vn 0.7395232 0.505251 0.4447774
vn 0.786236 0.3828184 0.4850598
vn 0.7071068 -3.175044E-07 -0.7071066
vn 0.7071068 -3.175044E-07 -0.7071066
vn 0.7071068 -3.175044E-07 -0.7071066
vn 0.7071068 -3.175044E-07 -0.7071066
vn 1.788139E-07 0.9999999 -2.702051E-07
vn 1.788139E-07 0.9999999 -2.702051E-07
vn 1.788139E-07 0.9999999 -2.702051E-07
vn 1.788139E-07 0.9999999 -2.702051E-07
vn -1.788139E-07 -0.9999999 2.702051E-07
vn -1.788139E-07 -0.9999999 2.702051E-07
vn -1.788139E-07 -0.9999999 2.702051E-07
vn -1.788139E-07 -0.9999999 2.702051E-07
vn -1.788139E-07 -0.9999999 2.702051E-07
vn -1.788139E-07 -0.9999999 2.702051E-07
vn -1.788139E-07 -0.9999999 2.702051E-07
vn 1.788139E-07 0.9999999 -2.702051E-07
vn 1.788139E-07 0.9999999 -2.702051E-07
vn 1.788139E-07 0.9999999 -2.702051E-07
vn -0.8222791 0.07153563 -0.5645702
vn -0.8888997 3.516625E-08 -0.4581017
vn -0.8888997 3.516625E-08 -0.4581017
vn -0.7335525 -0.1284421 -0.6673853
vn -0.6279549 0.07645341 -0.7744853
vn -0.5701535 -0.1386745 -0.8097495
vn -0.50512 0.4084297 -0.7602887
vn -0.4850597 0.3828183 -0.7862361
vn -0.4447773 0.5052509 -0.7395232
vn 0.5878032 -3.237044E-07 -0.8090039
vn 0.5878032 -3.237044E-07 -0.8090039
vn 0.5878032 -3.237044E-07 -0.8090039
vn 1.788139E-07 0.9999999 -2.702051E-07
vn 1.788139E-07 0.9999999 -2.702051E-07
vn 1.788139E-07 0.9999999 -2.702051E-07
vn 1.788139E-07 0.9999999 -2.702051E-07
vn 1.788139E-07 0.9999999 -2.702051E-07
vn 1.788139E-07 0.9999999 -2.702051E-07
vn 1.788139E-07 0.9999999 -2.702051E-07
vn 1.788139E-07 0.9999999 -2.702051E-07
vn 1.788139E-07 0.9999999 -2.702051E-07
vn 1.788139E-07 0.9999999 -2.702051E-07
vn 1.788139E-07 0.9999999 -2.702051E-07
vn 1.788139E-07 0.9999999 -2.702051E-07
vn 1.788139E-07 0.9999999 -2.702051E-07
vn 1.788139E-07 0.9999999 -2.702051E-07
vn 0.86827 -2.121225E-08 0.4960918
vn 0.9462917 -0.1386745 0.2920638
vn 0.9306121 0.07645341 0.3579328
vn 0.889028 -3.525646E-08 0.4578528
vn 0.9254279 -6.309233E-08 0.3789236
vn 0.9410643 -7.68846E-08 0.3382276
vn 0.9669911 -1.040605E-07 0.25481
vn 0.9772538 -1.174432E-07 0.2120735
vn 0.9920035 -1.432813E-07 0.1262107
vn 0.9965417 -1.557434E-07 0.08309314
vn 0.9999917 -1.799152E-07 -0.004081042
vn 0.9988408 -1.91613E-07 -0.04813491
vn 0.9908483 -2.136497E-07 -0.1349799
vn 0.9840703 -2.240024E-07 -0.1777796
vn 0.9648391 -2.435477E-07 -0.2628412
vn 0.9523234 -2.527256E-07 -0.3050903
vn 0.9221085 -2.694367E-07 -0.3869315
vn 0.9044688 -2.769849E-07 -0.42654
vn 0.8639123 -2.905663E-07 -0.5036423
vn 0.8409497 -2.965851E-07 -0.5411133
vn 0.7905199 -3.068394E-07 -0.6124362
vn 0.7630746 -3.110847E-07 -0.6463103
vn 0.704064 -3.17779E-07 -0.7101365
vn 0.6725014 -3.202303E-07 -0.7400957
vn 0.5923396 -3.236197E-07 -0.8056883
vn 0.5923396 -3.236197E-07 -0.8056883
vn -1.788139E-07 -0.9999999 2.702051E-07
vn -1.788139E-07 -0.9999999 2.702051E-07
vn -1.788139E-07 -0.9999999 2.702051E-07
vn -1.788139E-07 -0.9999999 2.702051E-07
vn -1.788139E-07 -0.9999999 2.702051E-07
vn -1.788139E-07 -0.9999999 2.702051E-07
vn -1.788139E-07 -0.9999999 2.702051E-07
vn -1.788139E-07 -0.9999999 2.702051E-07
vn -1.788139E-07 -0.9999999 2.702051E-07
vn -1.788139E-07 -0.9999999 2.702051E-07
vn -1.788139E-07 -0.9999999 2.702051E-07
vn -1.788139E-07 -0.9999999 2.702051E-07
vn -1.788139E-07 -0.9999999 2.702051E-07
vn -1.788139E-07 -0.9999999 2.702051E-07
vn 0.5854267 -3.237446E-07 -0.8107253
vn 0.5793943 -3.238337E-07 -0.8150474
vn 1.788139E-07 0.9999999 -2.702051E-07
vn 1.788139E-07 0.9999999 -2.702051E-07
vn -1.788139E-07 -0.9999999 2.702051E-07
vn -1.788139E-07 -0.9999999 2.702051E-07
vn -1.788139E-07 -0.9999999 2.702051E-07
vn -1.788139E-07 -0.9999999 2.702051E-07
vn -1.788139E-07 -0.9999999 2.702051E-07
vn -1.788139E-07 -0.9999999 2.702051E-07
vn -1.788139E-07 -0.9999999 2.702051E-07
vn -1.788139E-07 -0.9999999 2.702051E-07
vn -1.788139E-07 -0.9999999 2.702051E-07
vn -1.788139E-07 -0.9999999 2.702051E-07
vn -1.788139E-07 -0.9999999 2.702051E-07
vn -1.788139E-07 -0.9999999 2.702051E-07
vn -1.788139E-07 -0.9999999 2.702051E-07
vn -1.788139E-07 -0.9999999 2.702051E-07
vn -0.7400946 -4.937445E-08 -0.6725028
vn -0.7101378 -6.325879E-08 -0.7040627
vn -0.6463115 -9.061688E-08 -0.7630737
vn -0.6124351 -1.040908E-07 -0.7905208
vn -0.5411122 -1.304707E-07 -0.8409503
vn -0.5036433 -1.433749E-07 -0.8639116
vn -0.4265458 -1.68119E-07 -0.9044659
vn -0.3869406 -1.79967E-07 -0.9221046
vn -0.305094 -2.027673E-07 -0.9523222
vn -0.2628354 -2.137062E-07 -0.9648406
vn -0.1777698 -2.341136E-07 -0.984072
vn -0.1349754 -2.43597E-07 -0.990849
vn -0.04813515 -2.612846E-07 -0.9988408
vn -0.004081052 -2.694731E-07 -0.9999916
vn 0.08309315 -2.841288E-07 -0.9965417
vn 0.1262107 -2.906126E-07 -0.9920034
vn 0.2120725 -3.019805E-07 -0.9772539
vn 0.2548076 -3.068492E-07 -0.9669917
vn 0.3382217 -3.147597E-07 -0.9410663
vn 0.378917 -3.178117E-07 -0.9254307
vn 0.4578491 -3.220902E-07 -0.8890299
vn 0.4960902 -3.233191E-07 -0.8682709
vn 1.788139E-07 0.9999999 -2.702051E-07
vn 1.788139E-07 0.9999999 -2.702051E-07
vn 1.788139E-07 0.9999999 -2.702051E-07
vn 1.788139E-07 0.9999999 -2.702051E-07
vn 1.788139E-07 0.9999999 -2.702051E-07
vn 1.788139E-07 0.9999999 -2.702051E-07
vn 1.788139E-07 0.9999999 -2.702051E-07
vn 1.788139E-07 0.9999999 -2.702051E-07
vn 1.788139E-07 0.9999999 -2.702051E-07
vn 1.788139E-07 0.9999999 -2.702051E-07
vn 1.788139E-07 0.9999999 -2.702051E-07
vn 1.788139E-07 0.9999999 -2.702051E-07
vn 0.7910097 0.0715356 0.6076069
vn 0.8613797 -0.128442 0.4914546
vn 0.710335 6.31698E-08 0.7038638
vn 0.710335 6.316978E-08 0.7038637
vn 0.5878032 -3.237044E-07 -0.8090039
vn 0.5878032 -3.237044E-07 -0.8090039
vn 0.5878032 -3.237044E-07 -0.8090039
vn -0.5051202 -0.40843 -0.7602884
vn -0.4447775 -0.5052512 -0.739523
vn -0.4850598 -0.3828186 -0.7862359
vn 0.8976369 -0.3828184 0.2183988
vn 0.8407634 -0.505251 0.1945204
vn 0.8791572 -0.4084297 0.2454946
vn 0.8791574 0.4084295 0.2454944
vn 0.8407636 0.5052509 0.1945201
vn 0.8976371 0.3828182 0.2183986
vn 0.4539903 -3.219343E-07 -0.8910066
vn 0.4539903 -3.219343E-07 -0.8910066
vn 0.4539903 -3.219343E-07 -0.8910066
vn 0.4539903 -3.219343E-07 -0.8910066
vn 1.788139E-07 0.9999999 -2.702051E-07
vn 1.788139E-07 0.9999999 -2.702051E-07
vn 1.788139E-07 0.9999999 -2.702051E-07
vn 1.788139E-07 0.9999999 -2.702051E-07
vn -1.788139E-07 -0.9999999 2.702051E-07
vn -1.788139E-07 -0.9999999 2.702051E-07
vn -1.788139E-07 -0.9999999 2.702051E-07
vn -1.788139E-07 -0.9999999 2.702051E-07
vn -1.788139E-07 -0.9999999 2.702051E-07
vn -1.788139E-07 -0.9999999 2.702051E-07
vn -1.788139E-07 -0.9999999 2.702051E-07
vn 1.788139E-07 0.9999999 -2.702051E-07
vn 1.788139E-07 0.9999999 -2.702051E-07
vn 1.788139E-07 0.9999999 -2.702051E-07
vn -0.9565018 0.07153187 -0.2828204
vn -0.9869584 1.329856E-07 -0.1609753
vn -0.9869585 1.329856E-07 -0.1609753
vn -0.9038927 -0.1284351 -0.4080226
vn -0.8365614 0.07644948 -0.5425131
vn -0.7924878 -0.1386672 -0.5939143
vn -0.715358 0.4084113 -0.5669772
vn -0.7042975 0.3828007 -0.5978534
vn -0.6515543 0.5052304 -0.565879
vn 0.3090184 -1.158807E-07 -0.951056
vn 0.3090184 -1.158807E-07 -0.951056
vn 0.3090184 -1.158807E-07 -0.951056
vn 1.788139E-07 0.9999999 -2.702051E-07
vn 1.788139E-07 0.9999999 -2.702051E-07
vn 1.788139E-07 0.9999999 -2.702051E-07
vn 1.788139E-07 0.9999999 -2.702051E-07
vn 1.788139E-07 0.9999999 -2.702051E-07
vn 1.788139E-07 0.9999999 -2.702051E-07
vn 1.788139E-07 0.9999999 -2.702051E-07
vn 1.788139E-07 0.9999999 -2.702051E-07
vn 1.788139E-07 0.9999999 -2.702051E-07
vn 1.788139E-07 0.9999999 -2.702051E-07
vn 1.788139E-07 0.9999999 -2.702051E-07
vn 1.788139E-07 0.9999999 -2.702051E-07
vn 1.788139E-07 0.9999999 -2.702051E-07
vn 1.788139E-07 0.9999999 -2.702051E-07
vn 0.9790792 -1.200916E-07 0.2034802
vn 0.9902303 -0.1386673 -0.01467142
vn 0.9956735 0.07644928 0.05281888
vn 0.9870045 -1.3307E-07 0.1606932
vn 0.9972302 -1.582216E-07 0.07437699
vn 0.9995242 -1.703948E-07 0.03084356
vn 0.9984026 -1.937948E-07 -0.05649986
vn 0.9949557 -2.050176E-07 -0.100315
vn 0.9824491 -2.260772E-07 -0.1865308
vn 0.9734406 -2.359254E-07 -0.2289397
vn 0.9497812 -2.543853E-07 -0.3129148
vn 0.935072 -2.629803E-07 -0.354458
vn 0.9006343 -2.784711E-07 -0.4345777
vn 0.8809642 -2.853851E-07 -0.4731829
vn 0.8363854 -2.976681E-07 -0.5481418
vn 0.8114198 -3.030182E-07 -0.5844635
vn 0.7573895 -3.118658E-07 -0.6529633
vn 0.7283772 -3.153821E-07 -0.6851763
vn 0.6659818 -3.206512E-07 -0.7459679
vn 0.6325626 -3.223873E-07 -0.7745091
vn 0.5625584 -3.239874E-07 -0.8267575
vn 0.5259862 -3.238612E-07 -0.8504931
vn 0.4501373 -3.21773E-07 -0.8929592
vn 0.4108624 -3.198132E-07 -0.9116974
vn 0.3143578 -3.127185E-07 -0.9493045
vn 0.3143578 -3.127185E-07 -0.9493045
vn -1.788139E-07 -0.9999999 2.702051E-07
vn -1.788139E-07 -0.9999999 2.702051E-07
vn -1.788139E-07 -0.9999999 2.702051E-07
vn -1.788139E-07 -0.9999999 2.702051E-07
vn -1.788139E-07 -0.9999999 2.702051E-07
vn -1.788139E-07 -0.9999999 2.702051E-07
vn -1.788139E-07 -0.9999999 2.702051E-07
vn -1.788139E-07 -0.9999999 2.702051E-07
vn -1.788139E-07 -0.9999999 2.702051E-07
vn -1.788139E-07 -0.9999999 2.702051E-07
vn -1.788139E-07 -0.9999999 2.702051E-07
vn -1.788139E-07 -0.9999999 2.702051E-07
vn -1.788139E-07 -0.9999999 2.702051E-07
vn -1.788139E-07 -0.9999999 2.702051E-07
vn 0.3062268 -3.119817E-07 -0.9519585
vn 0.2991537 -3.113239E-07 -0.9542049
vn 1.788139E-07 0.9999999 -2.702051E-07
vn 1.788139E-07 0.9999999 -2.702051E-07
vn -1.788139E-07 -0.9999999 2.702051E-07
vn -1.788139E-07 -0.9999999 2.702051E-07
vn -1.788139E-07 -0.9999999 2.702051E-07
vn -1.788139E-07 -0.9999999 2.702051E-07
vn -1.788139E-07 -0.9999999 2.702051E-07
vn -1.788139E-07 -0.9999999 2.702051E-07
vn -1.788139E-07 -0.9999999 2.702051E-07
vn -1.788139E-07 -0.9999999 2.702051E-07
vn -1.788139E-07 -0.9999999 2.702051E-07
vn -1.788139E-07 -0.9999999 2.702051E-07
vn -1.788139E-07 -0.9999999 2.702051E-07
vn -1.788139E-07 -0.9999999 2.702051E-07
vn -1.788139E-07 -0.9999999 2.702051E-07
vn -1.788139E-07 -0.9999999 2.702051E-07
vn -0.9116933 5.200399E-08 -0.4108712
vn -0.8929564 3.804209E-08 -0.4501431
vn -0.8504937 9.956207E-09 -0.5259853
vn -0.8267596 -4.169139E-09 -0.5625552
vn -0.7745106 -3.242787E-08 -0.6325608
vn -0.745967 -4.656269E-08 -0.6659829
vn -0.6851732 -7.429352E-08 -0.7283802
vn -0.6529608 -8.789262E-08 -0.7573918
vn -0.5844624 -1.1474E-07 -0.8114207
vn -0.5481412 -1.279804E-07 -0.8363858
vn -0.4731845 -1.534288E-07 -0.8809634
vn -0.4345806 -1.656465E-07 -0.9006329
vn -0.3544587 -1.892789E-07 -0.9350716
vn -0.312913 -2.006826E-07 -0.9497817
vn -0.2289401 -2.220909E-07 -0.9734404
vn -0.1865351 -2.321075E-07 -0.9824482
vn -0.1003176 -2.509039E-07 -0.9949554
vn -0.05649737 -2.59671E-07 -0.9984027
vn 0.03084842 -2.755926E-07 -0.9995239
vn 0.07437969 -2.827567E-07 -0.9972299
vn 0.1606916 -2.954276E-07 -0.9870046
vn 0.203476 -3.009367E-07 -0.97908
vn 1.788139E-07 0.9999999 -2.702051E-07
vn 1.788139E-07 0.9999999 -2.702051E-07
vn 1.788139E-07 0.9999999 -2.702051E-07
vn 1.788139E-07 0.9999999 -2.702051E-07
vn 1.788139E-07 0.9999999 -2.702051E-07
vn 1.788139E-07 0.9999999 -2.702051E-07
vn 1.788139E-07 0.9999999 -2.702051E-07
vn 1.788139E-07 0.9999999 -2.702051E-07
vn 1.788139E-07 0.9999999 -2.702051E-07
vn 1.788139E-07 0.9999999 -2.702051E-07
vn 1.788139E-07 0.9999999 -2.702051E-07
vn 1.788139E-07 0.9999999 -2.702051E-07
vn 0.9400629 0.07153171 0.3334139
vn 0.9710937 -0.1284353 0.2012003
vn 0.8930838 -3.813314E-08 0.4498905
vn 0.8930837 -3.813313E-08 0.4498904
vn 0.3090184 -5.085932E-07 -0.951056
vn 0.3090184 -5.085932E-07 -0.951056
vn 0.3090184 -5.085932E-07 -0.951056
vn -0.7153581 -0.4084114 -0.566977
vn -0.6515545 -0.5052305 -0.5658787
vn -0.7042976 -0.3828008 -0.5978532
vn 0.9211981 -0.3828009 -0.06969512
vn 0.8597341 -0.5052305 -0.07482897
vn 0.9119976 -0.4084115 -0.03821444
vn 0.9119977 0.4084111 -0.03821466
vn 0.8597342 0.5052302 -0.07482925
vn 0.9211982 0.3828005 -0.06969532
vn 0.1573411 -2.949743E-07 -0.9875442
vn 0.1573411 -2.949743E-07 -0.9875442
vn 0.1573411 -2.949743E-07 -0.9875442
vn 0.1573411 -2.949743E-07 -0.9875442
vn 1.788139E-07 0.9999999 -2.702051E-07
vn 1.788139E-07 0.9999999 -2.702051E-07
vn 1.788139E-07 0.9999999 -2.702051E-07
vn 1.788139E-07 0.9999999 -2.702051E-07
vn -1.788139E-07 -0.9999999 2.702051E-07
vn -1.788139E-07 -0.9999999 2.702051E-07
vn -1.788139E-07 -0.9999999 2.702051E-07
vn -1.788139E-07 -0.9999999 2.702051E-07
vn -1.788139E-07 -0.9999999 2.702051E-07
vn -1.788139E-07 -0.9999999 2.702051E-07
vn -1.788139E-07 -0.9999999 2.702051E-07
vn 1.788139E-07 0.9999999 -2.702051E-07
vn 1.788139E-07 0.9999999 -2.702051E-07
vn 1.788139E-07 0.9999999 -2.702051E-07
vn -0.9970833 0.07153617 0.02659847
vn -0.9883972 2.177811E-07 0.1518916
vn -0.9883971 2.177811E-07 0.1518916
vn -0.9857381 -0.1284425 -0.1087329
vn -0.9632631 0.076454 -0.2574473
vn -0.9372299 -0.138675 -0.319952
vn -0.8555435 0.4084315 -0.3181652
vn -0.8545666 0.38282 -0.3509482
vn -0.7945197 0.5052528 -0.3368354
vn 1.192092E-07 -2.702051E-07 -0.9999999
vn 1.192092E-07 -2.702051E-07 -0.9999999
vn 1.192092E-07 -2.702051E-07 -0.9999999
vn 1.788139E-07 0.9999999 -2.702051E-07
vn 1.788139E-07 0.9999999 -2.702051E-07
vn 1.788139E-07 0.9999999 -2.702051E-07
vn 1.788139E-07 0.9999999 -2.702051E-07
vn 1.788139E-07 0.9999999 -2.702051E-07
vn 1.788139E-07 0.9999999 -2.702051E-07
vn 1.788139E-07 0.9999999 -2.702051E-07
vn 1.788139E-07 0.9999999 -2.702051E-07
vn 1.788139E-07 0.9999999 -2.702051E-07
vn 1.788139E-07 0.9999999 -2.702051E-07
vn 1.788139E-07 0.9999999 -2.702051E-07
vn 1.788139E-07 0.9999999 -2.702051E-07
vn 1.788139E-07 0.9999999 -2.702051E-07
vn 1.788139E-07 0.9999999 -2.702051E-07
vn 0.9940385 -2.072083E-07 -0.1090298
vn 0.9372299 -0.1386754 -0.3199518
vn 0.9632632 0.07645365 -0.257447
vn 0.988354 -2.178492E-07 -0.1521724
vn 0.9714052 -2.378548E-07 -0.2374272
vn 0.960134 -2.472186E-07 -0.2795404
vn 0.9320762 -2.645534E-07 -0.3622624
vn 0.9152585 -2.725178E-07 -0.4028672
vn 0.8767217 -2.867382E-07 -0.4809979
vn 0.8550491 -2.930088E-07 -0.5185471
vn 0.8065988 -3.039492E-07 -0.5910993
vn 0.7797724 -3.085996E-07 -0.626063
vn 0.7222614 -3.160297E-07 -0.6916202
vn 0.6916236 -3.188298E-07 -0.7222581
vn 0.6260661 -3.226472E-07 -0.77977
vn 0.5911025 -3.236438E-07 -0.8065964
vn 0.5185492 -3.237621E-07 -0.8550478
vn 0.4809978 -3.229038E-07 -0.8767216
vn 0.4028643 -3.193456E-07 -0.9152597
vn 0.3622595 -3.16629E-07 -0.9320772
vn 0.2795369 -3.094185E-07 -0.9601349
vn 0.2374229 -3.049335E-07 -0.9714063
vn 0.1521698 -2.942685E-07 -0.9883544
vn 0.1090298 -2.880903E-07 -0.9940384
vn 0.005619263 -2.712056E-07 -0.9999841
vn 0.005619263 -2.712056E-07 -0.9999841
vn -1.788139E-07 -0.9999999 2.702051E-07
vn -1.788139E-07 -0.9999999 2.702051E-07
vn -1.788139E-07 -0.9999999 2.702051E-07
vn -1.788139E-07 -0.9999999 2.702051E-07
vn -1.788139E-07 -0.9999999 2.702051E-07
vn -1.788139E-07 -0.9999999 2.702051E-07
vn -1.788139E-07 -0.9999999 2.702051E-07
vn -1.788139E-07 -0.9999999 2.702051E-07
vn -1.788139E-07 -0.9999999 2.702051E-07
vn -1.788139E-07 -0.9999999 2.702051E-07
vn -1.788139E-07 -0.9999999 2.702051E-07
vn -1.788139E-07 -0.9999999 2.702051E-07
vn -1.788139E-07 -0.9999999 2.702051E-07
vn -1.788139E-07 -0.9999999 2.702051E-07
vn -0.002934601 -2.696792E-07 -0.9999956
vn -0.01035482 -2.68339E-07 -0.9999464
vn 1.788139E-07 0.9999999 -2.702051E-07
vn 1.788139E-07 0.9999999 -2.702051E-07
vn -1.788139E-07 -0.9999999 2.702051E-07
vn -1.788139E-07 -0.9999999 2.702051E-07
vn -1.788139E-07 -0.9999999 2.702051E-07
vn -1.788139E-07 -0.9999999 2.702051E-07
vn -1.788139E-07 -0.9999999 2.702051E-07
vn -1.788139E-07 -0.9999999 2.702051E-07
vn -1.788139E-07 -0.9999999 2.702051E-07
vn -1.788139E-07 -0.9999999 2.702051E-07
vn -1.788139E-07 -0.9999999 2.702051E-07
vn -1.788139E-07 -0.9999999 2.702051E-07
vn -1.788139E-07 -0.9999999 2.702051E-07
vn -1.788139E-07 -0.9999999 2.702051E-07
vn -1.788139E-07 -0.9999999 2.702051E-07
vn -1.788139E-07 -0.9999999 2.702051E-07
vn -0.9940385 1.482875E-07 -0.10903
vn -0.988354 1.356136E-07 -0.1521726
vn -0.9714052 1.095467E-07 -0.2374275
vn -0.9601339 9.615201E-08 -0.2795407
vn -0.9320761 6.8783E-08 -0.3622626
vn -0.9152584 5.480413E-08 -0.4028674
vn -0.8767216 2.680189E-08 -0.4809982
vn -0.855049 1.278054E-08 -0.5185473
vn -0.8065987 -1.5487E-08 -0.5910994
vn -0.7797723 -2.973133E-08 -0.6260632
vn -0.7222613 -5.772897E-08 -0.6916203
vn -0.6916234 -7.148596E-08 -0.7222583
vn -0.6260659 -9.874854E-08 -0.7797701
vn -0.5911022 -1.122492E-07 -0.8065965
vn -0.518549 -1.383145E-07 -0.8550479
vn -0.4809976 -1.508856E-07 -0.8767217
vn -0.4028641 -1.752701E-07 -0.9152598
vn -0.3622592 -1.87075E-07 -0.9320773
vn -0.2795367 -2.094483E-07 -0.960135
vn -0.2374226 -2.200245E-07 -0.9714064
vn -0.1521695 -2.398484E-07 -0.9883544
vn -0.1090296 -2.490982E-07 -0.9940384
vn 1.788139E-07 0.9999999 -2.702051E-07
vn 1.788139E-07 0.9999999 -2.702051E-07
vn 1.788139E-07 0.9999999 -2.702051E-07
vn 1.788139E-07 0.9999999 -2.702051E-07
vn 1.788139E-07 0.9999999 -2.702051E-07
vn 1.788139E-07 0.9999999 -2.702051E-07
vn 1.788139E-07 0.9999999 -2.702051E-07
vn 1.788139E-07 0.9999999 -2.702051E-07
vn 1.788139E-07 0.9999999 -2.702051E-07
vn 1.788139E-07 0.9999999 -2.702051E-07
vn 1.788139E-07 0.9999999 -2.702051E-07
vn 1.788139E-07 0.9999999 -2.702051E-07
vn 0.9970833 0.07153581 0.02659872
vn 0.9857381 -0.1284429 -0.1087327
vn 0.9883971 -1.356972E-07 0.1518919
vn 0.9883972 -1.356972E-07 0.1518919
vn 1.192092E-07 -2.702051E-07 -0.9999999
vn 1.192092E-07 -2.702051E-07 -0.9999999
vn 1.192092E-07 -2.702051E-07 -0.9999999
vn -0.8555437 -0.4084314 -0.318165
vn -0.7945198 -0.5052528 -0.3368351
vn -0.8545667 -0.3828199 -0.350948
vn 0.8545667 -0.3828202 -0.3509478
vn 0.7945197 -0.505253 -0.336835
vn 0.8555436 -0.4084316 -0.3181648
vn 0.8555437 0.4084312 -0.318165
vn 0.7945199 0.5052526 -0.3368352
vn 0.8545668 0.3828197 -0.350948
vn -0.155542 -2.391034E-07 -0.9878293
vn -0.155542 -2.391034E-07 -0.9878293
vn -0.155542 -2.391034E-07 -0.9878293
vn -0.155542 -2.391034E-07 -0.9878293
vn 1.788139E-07 0.9999999 -2.702051E-07
vn 1.788139E-07 0.9999999 -2.702051E-07
vn 1.788139E-07 0.9999999 -2.702051E-07
vn 1.788139E-07 0.9999999 -2.702051E-07
vn -1.788139E-07 -0.9999999 2.702051E-07
vn -1.788139E-07 -0.9999999 2.702051E-07
vn -1.788139E-07 -0.9999999 2.702051E-07
vn -1.788139E-07 -0.9999999 2.702051E-07
vn -1.788139E-07 -0.9999999 2.702051E-07
vn -1.788139E-07 -0.9999999 2.702051E-07
vn -1.788139E-07 -0.9999999 2.702051E-07
vn 1.788139E-07 0.9999999 -2.702051E-07
vn 1.788139E-07 0.9999999 -2.702051E-07
vn 1.788139E-07 0.9999999 -2.702051E-07
vn -0.940063 0.07153205 0.3334137
vn -0.8930838 2.812585E-07 0.4498902
vn -0.8930839 2.812585E-07 0.4498902
vn -0.9710938 -0.128435 0.2012001
vn -0.9956735 0.07644963 0.05281864
vn -0.9902303 -0.138667 -0.01467165
vn -0.9119976 0.4084115 -0.03821487
vn -0.9211981 0.3828008 -0.06969554
vn -0.859734 0.5052305 -0.07482945
vn -0.3090181 -5.367175E-09 -0.9510561
vn -0.3090181 -5.367175E-09 -0.9510561
vn -0.3090181 -5.367175E-09 -0.9510561
vn 1.788139E-07 0.9999999 -2.702051E-07
vn 1.788139E-07 0.9999999 -2.702051E-07
vn 1.788139E-07 0.9999999 -2.702051E-07
vn 1.788139E-07 0.9999999 -2.702051E-07
vn 1.788139E-07 0.9999999 -2.702051E-07
vn 1.788139E-07 0.9999999 -2.702051E-07
vn 1.788139E-07 0.9999999 -2.702051E-07
vn 1.788139E-07 0.9999999 -2.702051E-07
vn 1.788139E-07 0.9999999 -2.702051E-07
vn 1.788139E-07 0.9999999 -2.702051E-07
vn 1.788139E-07 0.9999999 -2.702051E-07
vn 1.788139E-07 0.9999999 -2.702051E-07
vn 1.788139E-07 0.9999999 -2.702051E-07
vn 1.788139E-07 0.9999999 -2.702051E-07
vn 0.9116935 -2.740429E-07 -0.410871
vn 0.7924879 -0.1386675 -0.5939142
vn 0.8365616 0.07644918 -0.542513
vn 0.8929565 -2.81304E-07 -0.4501429
vn 0.8504938 -2.94204E-07 -0.5259851
vn 0.8267598 -2.998414E-07 -0.562555
vn 0.7745107 -3.094144E-07 -0.6325607
vn 0.7459671 -3.133412E-07 -0.6659827
vn 0.6851733 -3.193306E-07 -0.72838
vn 0.652961 -3.214096E-07 -0.7573916
vn 0.5844626 -3.2376E-07 -0.8114206
vn 0.5481415 -3.24011E-07 -0.8363857
vn 0.4731847 -3.226528E-07 -0.8809633
vn 0.4345809 -3.210647E-07 -0.9006328
vn 0.354459 -3.160433E-07 -0.9350715
vn 0.3129132 -3.125891E-07 -0.9497816
vn 0.2289404 -3.039663E-07 -0.9734404
vn 0.1865353 -2.988176E-07 -0.9824482
vn 0.1003178 -2.867802E-07 -0.9949554
vn 0.05649761 -2.79876E-07 -0.9984027
vn -0.03084818 -2.645604E-07 -0.9995239
vn -0.07437945 -2.561565E-07 -0.9972299
vn -0.1606914 -2.379598E-07 -0.9870046
vn -0.2034758 -2.281681E-07 -0.97908
vn -0.3036697 -2.031449E-07 -0.9527773
vn -0.3036697 -2.031449E-07 -0.9527773
vn -1.788139E-07 -0.9999999 2.702051E-07
vn -1.788139E-07 -0.9999999 2.702051E-07
vn -1.788139E-07 -0.9999999 2.702051E-07
vn -1.788139E-07 -0.9999999 2.702051E-07
vn -1.788139E-07 -0.9999999 2.702051E-07
vn -1.788139E-07 -0.9999999 2.702051E-07
vn -1.788139E-07 -0.9999999 2.702051E-07
vn -1.788139E-07 -0.9999999 2.702051E-07
vn -1.788139E-07 -0.9999999 2.702051E-07
vn -1.788139E-07 -0.9999999 2.702051E-07
vn -1.788139E-07 -0.9999999 2.702051E-07
vn -1.788139E-07 -0.9999999 2.702051E-07
vn -1.788139E-07 -0.9999999 2.702051E-07
vn -1.788139E-07 -0.9999999 2.702051E-07
vn -0.3118086 -2.009783E-07 -0.9501449
vn -0.3188491 -1.990872E-07 -0.9478055
vn 1.788139E-07 0.9999999 -2.702051E-07
vn 1.788139E-07 0.9999999 -2.702051E-07
vn -1.788139E-07 -0.9999999 2.702051E-07
vn -1.788139E-07 -0.9999999 2.702051E-07
vn -1.788139E-07 -0.9999999 2.702051E-07
vn -1.788139E-07 -0.9999999 2.702051E-07
vn -1.788139E-07 -0.9999999 2.702051E-07
vn -1.788139E-07 -0.9999999 2.702051E-07
vn -1.788139E-07 -0.9999999 2.702051E-07
vn -1.788139E-07 -0.9999999 2.702051E-07
vn -1.788139E-07 -0.9999999 2.702051E-07
vn -1.788139E-07 -0.9999999 2.702051E-07
vn -1.788139E-07 -0.9999999 2.702051E-07
vn -1.788139E-07 -0.9999999 2.702051E-07
vn -1.788139E-07 -0.9999999 2.702051E-07
vn -1.788139E-07 -0.9999999 2.702051E-07
vn -0.9790792 2.300543E-07 0.2034799
vn -0.9870045 2.199102E-07 0.160693
vn -0.9972302 1.984156E-07 0.07437675
vn -0.9995242 1.870629E-07 0.03084332
vn -0.9984026 1.632617E-07 -0.0565001
vn -0.9949557 1.508062E-07 -0.1003153
vn -0.9824491 1.25274E-07 -0.186531
vn -0.9734406 1.12204E-07 -0.22894
vn -0.9497811 8.528287E-08 -0.312915
vn -0.9350719 7.142748E-08 -0.3544582
vn -0.9006342 4.362077E-08 -0.4345779
vn -0.880964 2.967216E-08 -0.4731831
vn -0.8363853 1.446595E-09 -0.548142
vn -0.8114197 -1.283192E-08 -0.5844637
vn -0.7573894 -4.10023E-08 -0.6529635
vn -0.728377 -5.489422E-08 -0.6851765
vn -0.6659817 -8.247756E-08 -0.745968
vn -0.6325624 -9.616538E-08 -0.7745093
vn -0.5625581 -1.228009E-07 -0.8267576
vn -0.525986 -1.35754E-07 -0.8504932
vn -0.4501371 -1.607914E-07 -0.8929594
vn -0.4108621 -1.728775E-07 -0.9116976
vn 1.788139E-07 0.9999999 -2.702051E-07
vn 1.788139E-07 0.9999999 -2.702051E-07
vn 1.788139E-07 0.9999999 -2.702051E-07
vn 1.788139E-07 0.9999999 -2.702051E-07
vn 1.788139E-07 0.9999999 -2.702051E-07
vn 1.788139E-07 0.9999999 -2.702051E-07
vn 1.788139E-07 0.9999999 -2.702051E-07
vn 1.788139E-07 0.9999999 -2.702051E-07
vn 1.788139E-07 0.9999999 -2.702051E-07
vn 1.788139E-07 0.9999999 -2.702051E-07
vn 1.788139E-07 0.9999999 -2.702051E-07
vn 1.788139E-07 0.9999999 -2.702051E-07
vn 0.956502 0.07153152 -0.2828201
vn 0.9038927 -0.1284355 -0.4080223
vn 0.9869585 -2.199782E-07 -0.1609751
vn 0.9869584 -2.199782E-07 -0.160975
vn -0.3090181 -3.980797E-07 -0.9510561
vn -0.3090181 -3.980797E-07 -0.9510561
vn -0.3090181 -3.980797E-07 -0.9510561
vn -0.9119977 -0.4084112 -0.03821465
vn -0.8597342 -0.5052302 -0.07482918
vn -0.9211982 -0.3828005 -0.06969533
vn 0.7042976 -0.3828011 -0.597853
vn 0.6515545 -0.5052306 -0.5658786
vn 0.7153581 -0.4084117 -0.5669768
vn 0.7153583 0.4084111 -0.566977
vn 0.6515546 0.5052302 -0.5658789
vn 0.7042977 0.3828005 -0.5978532
vn -0.45399 -1.595748E-07 -0.8910068
vn -0.45399 -1.595748E-07 -0.8910068
vn -0.45399 -1.595748E-07 -0.8910068
vn -0.45399 -1.595748E-07 -0.8910068
vn 1.788139E-07 0.9999999 -2.702051E-07
vn 1.788139E-07 0.9999999 -2.702051E-07
vn 1.788139E-07 0.9999999 -2.702051E-07
vn 1.788139E-07 0.9999999 -2.702051E-07
vn -1.788139E-07 -0.9999999 2.702051E-07
vn -1.788139E-07 -0.9999999 2.702051E-07
vn -1.788139E-07 -0.9999999 2.702051E-07
vn -1.788139E-07 -0.9999999 2.702051E-07
vn -1.788139E-07 -0.9999999 2.702051E-07
vn -1.788139E-07 -0.9999999 2.702051E-07
vn -1.788139E-07 -0.9999999 2.702051E-07
vn 1.788139E-07 0.9999999 -2.702051E-07
vn 1.788139E-07 0.9999999 -2.702051E-07
vn 1.788139E-07 0.9999999 -2.702051E-07
vn -0.7910098 0.07153589 0.6076067
vn -0.7103351 3.172053E-07 0.7038636
vn -0.7103351 3.172053E-07 0.7038636
vn -0.8613799 -0.1284417 0.4914543
vn -0.9306121 0.07645375 0.3579326
vn -0.9462919 -0.1386741 0.2920636
vn -0.8791572 0.4084299 0.2454942
vn -0.897637 0.3828185 0.2183983
vn -0.8407634 0.5052512 0.1945199
vn -0.587803 -1.134896E-07 -0.809004
vn -0.587803 -1.134896E-07 -0.809004
vn -0.587803 -1.134896E-07 -0.809004
vn 1.788139E-07 0.9999999 -2.702051E-07
vn 1.788139E-07 0.9999999 -2.702051E-07
vn 1.788139E-07 0.9999999 -2.702051E-07
vn 1.788139E-07 0.9999999 -2.702051E-07
vn 1.788139E-07 0.9999999 -2.702051E-07
vn 1.788139E-07 0.9999999 -2.702051E-07
vn 1.788139E-07 0.9999999 -2.702051E-07
vn 1.788139E-07 0.9999999 -2.702051E-07
vn 1.788139E-07 0.9999999 -2.702051E-07
vn 1.788139E-07 0.9999999 -2.702051E-07
vn 1.788139E-07 0.9999999 -2.702051E-07
vn 1.788139E-07 0.9999999 -2.702051E-07
vn 1.788139E-07 0.9999999 -2.702051E-07
vn 1.788139E-07 0.9999999 -2.702051E-07
vn 0.7400947 -3.140529E-07 -0.6725026
vn 0.5701536 -0.1386747 -0.8097493
vn 0.6279551 0.07645318 -0.7744851
vn 0.710138 -3.172239E-07 -0.7040625
vn 0.6463118 -3.217559E-07 -0.7630735
vn 0.6124353 -3.231147E-07 -0.7905207
vn 0.5411124 -3.239875E-07 -0.8409502
vn 0.5036436 -3.234918E-07 -0.8639114
vn 0.426546 -3.206636E-07 -0.9044658
vn 0.3869409 -3.183478E-07 -0.9221045
vn 0.3050943 -3.118774E-07 -0.9523221
vn 0.2628357 -3.077035E-07 -0.9648405
vn 0.17777 -2.97689E-07 -0.984072
vn 0.1349757 -2.91868E-07 -0.990849
vn 0.04813538 -2.784992E-07 -0.9988408
vn 0.00408129 -2.709326E-07 -0.9999916
vn -0.08309291 -2.544125E-07 -0.9965417
vn -0.1262105 -2.454762E-07 -0.9920034
vn -0.2120723 -2.261375E-07 -0.9772539
vn -0.2548074 -2.15723E-07 -0.9669918
vn -0.3382215 -1.938022E-07 -0.9410664
vn -0.3789168 -1.823005E-07 -0.9254308
vn -0.4578488 -1.583507E-07 -0.88903
vn -0.4960901 -1.459034E-07 -0.868271
vn -0.5832479 -1.151932E-07 -0.8122941
vn -0.5832479 -1.151932E-07 -0.8122941
vn -1.788139E-07 -0.9999999 2.702051E-07
vn -1.788139E-07 -0.9999999 2.702051E-07
vn -1.788139E-07 -0.9999999 2.702051E-07
vn -1.788139E-07 -0.9999999 2.702051E-07
vn -1.788139E-07 -0.9999999 2.702051E-07
vn -1.788139E-07 -0.9999999 2.702051E-07
vn -1.788139E-07 -0.9999999 2.702051E-07
vn -1.788139E-07 -0.9999999 2.702051E-07
vn -1.788139E-07 -0.9999999 2.702051E-07
vn -1.788139E-07 -0.9999999 2.702051E-07
vn -1.788139E-07 -0.9999999 2.702051E-07
vn -1.788139E-07 -0.9999999 2.702051E-07
vn -1.788139E-07 -0.9999999 2.702051E-07
vn -1.788139E-07 -0.9999999 2.702051E-07
vn -0.5901747 -1.125985E-07 -0.8072755
vn -0.5961479 -1.103413E-07 -0.8028746
vn 1.788139E-07 0.9999999 -2.702051E-07
vn 1.788139E-07 0.9999999 -2.702051E-07
vn -1.788139E-07 -0.9999999 2.702051E-07
vn -1.788139E-07 -0.9999999 2.702051E-07
vn -1.788139E-07 -0.9999999 2.702051E-07
vn -1.788139E-07 -0.9999999 2.702051E-07
vn -1.788139E-07 -0.9999999 2.702051E-07
vn -1.788139E-07 -0.9999999 2.702051E-07
vn -1.788139E-07 -0.9999999 2.702051E-07
vn -1.788139E-07 -0.9999999 2.702051E-07
vn -1.788139E-07 -0.9999999 2.702051E-07
vn -1.788139E-07 -0.9999999 2.702051E-07
vn -1.788139E-07 -0.9999999 2.702051E-07
vn -1.788139E-07 -0.9999999 2.702051E-07
vn -1.788139E-07 -0.9999999 2.702051E-07
vn -1.788139E-07 -0.9999999 2.702051E-07
vn -0.8682702 2.893053E-07 0.4960916
vn -0.8890281 2.826847E-07 0.4578525
vn -0.925428 2.678665E-07 0.3789234
vn -0.9410644 2.596662E-07 0.3382274
vn -0.9669912 2.417624E-07 0.2548098
vn -0.9772538 2.320499E-07 0.2120733
vn -0.9920035 2.114868E-07 0.1262105
vn -0.9965417 2.006477E-07 0.08309291
vn -0.9999917 1.777097E-07 -0.00408128
vn -0.9988408 1.656003E-07 -0.04813515
vn -0.9908483 1.407052E-07 -0.1349801
vn -0.9840703 1.279285E-07 -0.1777798
vn -0.964839 1.015056E-07 -0.2628414
vn -0.9523233 8.785167E-08 -0.3050905
vn -0.9221084 6.033491E-08 -0.3869317
vn -0.9044687 4.647828E-08 -0.4265402
vn -0.8639122 1.839276E-08 -0.5036425
vn -0.8409495 4.161884E-09 -0.5411134
vn -0.7905198 -2.412749E-08 -0.6124364
vn -0.7630745 -3.818802E-08 -0.6463104
vn -0.7040638 -6.598614E-08 -0.7101367
vn -0.6725013 -7.972508E-08 -0.7400959
vn 1.788139E-07 0.9999999 -2.702051E-07
vn 1.788139E-07 0.9999999 -2.702051E-07
vn 1.788139E-07 0.9999999 -2.702051E-07
vn 1.788139E-07 0.9999999 -2.702051E-07
vn 1.788139E-07 0.9999999 -2.702051E-07
vn 1.788139E-07 0.9999999 -2.702051E-07
vn 1.788139E-07 0.9999999 -2.702051E-07
vn 1.788139E-07 0.9999999 -2.702051E-07
vn 1.788139E-07 0.9999999 -2.702051E-07
vn 1.788139E-07 0.9999999 -2.702051E-07
vn 1.788139E-07 0.9999999 -2.702051E-07
vn 1.788139E-07 0.9999999 -2.702051E-07
vn 0.8222792 0.07153533 -0.5645701
vn 0.7335526 -0.1284423 -0.6673851
vn 0.8888999 -2.82729E-07 -0.4581015
vn 0.8888999 -2.82729E-07 -0.4581015
vn -0.587803 -1.134896E-07 -0.809004
vn -0.587803 -1.134896E-07 -0.809004
vn -0.587803 -1.134896E-07 -0.809004
vn -0.8791574 -0.4084294 0.2454944
vn -0.8407636 -0.5052508 0.1945202
vn -0.8976371 -0.3828181 0.2183986
vn 0.4850599 -0.3828187 -0.7862358
vn 0.4447775 -0.5052512 -0.7395229
vn 0.5051203 -0.4084301 -0.7602883
vn 0.5051205 0.4084296 -0.7602885
vn 0.4447776 0.5052508 -0.7395232
vn 0.48506 0.3828181 -0.786236
vn -0.7071067 -6.462334E-08 -0.7071068
vn -0.7071067 -6.462334E-08 -0.7071068
vn -0.7071067 -6.462334E-08 -0.7071068
vn -0.7071067 -6.462334E-08 -0.7071068
vn 1.788139E-07 0.9999999 -2.702051E-07
vn 1.788139E-07 0.9999999 -2.702051E-07
vn 1.788139E-07 0.9999999 -2.702051E-07
vn 1.788139E-07 0.9999999 -2.702051E-07
vn -1.788139E-07 -0.9999999 2.702051E-07
vn -1.788139E-07 -0.9999999 2.702051E-07
vn -1.788139E-07 -0.9999999 2.702051E-07
vn -1.788139E-07 -0.9999999 2.702051E-07
vn -1.788139E-07 -0.9999999 2.702051E-07
vn -1.788139E-07 -0.9999999 2.702051E-07
vn -1.788139E-07 -0.9999999 2.702051E-07
vn 1.788139E-07 0.9999999 -2.702051E-07
vn 1.788139E-07 0.9999999 -2.702051E-07
vn 1.788139E-07 0.9999999 -2.702051E-07
vn -0.5645702 0.07153596 0.822279
vn -0.4581017 3.221002E-07 0.8888997
vn -0.4581017 3.221002E-07 0.8888997
vn -0.6673854 -0.1284417 0.7335525
vn -0.7744853 0.07645382 0.6279548
vn -0.8097496 -0.1386741 0.5701534
vn -0.7602885 0.4084301 0.50512
vn -0.786236 0.3828187 0.4850596
vn -0.7395231 0.5052513 0.4447772
vn -0.8090039 -1.416624E-08 -0.5878032
vn -0.8090039 -1.416624E-08 -0.5878032
vn -0.8090039 -1.416624E-08 -0.5878032
vn 1.788139E-07 0.9999999 -2.702051E-07
vn 1.788139E-07 0.9999999 -2.702051E-07
vn 1.788139E-07 0.9999999 -2.702051E-07
vn 1.788139E-07 0.9999999 -2.702051E-07
vn 1.788139E-07 0.9999999 -2.702051E-07
vn 1.788139E-07 0.9999999 -2.702051E-07
vn 1.788139E-07 0.9999999 -2.702051E-07
vn 1.788139E-07 0.9999999 -2.702051E-07
vn 1.788139E-07 0.9999999 -2.702051E-07
vn 1.788139E-07 0.9999999 -2.702051E-07
vn 1.788139E-07 0.9999999 -2.702051E-07
vn 1.788139E-07 0.9999999 -2.702051E-07
vn 1.788139E-07 0.9999999 -2.702051E-07
vn 1.788139E-07 0.9999999 -2.702051E-07
vn 0.4960918 -3.233191E-07 -0.86827
vn 0.2920638 -0.1386747 -0.9462917
vn 0.3579328 0.07645316 -0.9306121
vn 0.4578528 -3.220904E-07 -0.889028
vn 0.3789236 -3.178122E-07 -0.9254279
vn 0.3382276 -3.147602E-07 -0.9410642
vn 0.25481 -3.068495E-07 -0.9669911
vn 0.2120735 -3.019806E-07 -0.9772537
vn 0.1262107 -2.906126E-07 -0.9920034
vn 0.08309315 -2.841288E-07 -0.9965417
vn -0.004081042 -2.694731E-07 -0.9999917
vn -0.04813491 -2.612847E-07 -0.9988407
vn -0.1349799 -2.43596E-07 -0.9908482
vn -0.1777796 -2.341113E-07 -0.9840702
vn -0.2628412 -2.137048E-07 -0.964839
vn -0.3050903 -2.027682E-07 -0.9523234
vn -0.3869315 -1.799696E-07 -0.9221084
vn -0.42654 -1.681208E-07 -0.9044687
vn -0.5036423 -1.433752E-07 -0.8639122
vn -0.5411133 -1.304703E-07 -0.8409496
vn -0.6124362 -1.040904E-07 -0.7905198
vn -0.6463103 -9.061736E-08 -0.7630746
vn -0.7101366 -6.325935E-08 -0.704064
vn -0.7400958 -4.937388E-08 -0.6725014
vn -0.8056884 -1.598485E-08 -0.5923395
vn -0.8056884 -1.598485E-08 -0.5923395
vn -1.788139E-07 -0.9999999 2.702051E-07
vn -1.788139E-07 -0.9999999 2.702051E-07
vn -1.788139E-07 -0.9999999 2.702051E-07
vn -1.788139E-07 -0.9999999 2.702051E-07
vn -1.788139E-07 -0.9999999 2.702051E-07
vn -1.788139E-07 -0.9999999 2.702051E-07
vn -1.788139E-07 -0.9999999 2.702051E-07
vn -1.788139E-07 -0.9999999 2.702051E-07
vn -1.788139E-07 -0.9999999 2.702051E-07
vn -1.788139E-07 -0.9999999 2.702051E-07
vn -1.788139E-07 -0.9999999 2.702051E-07
vn -1.788139E-07 -0.9999999 2.702051E-07
vn -1.788139E-07 -0.9999999 2.702051E-07
vn -1.788139E-07 -0.9999999 2.702051E-07
vn -0.8107254 -1.321628E-08 -0.5854267
vn -0.8150474 -1.081345E-08 -0.5793943
vn 1.788139E-07 0.9999999 -2.702051E-07
vn 1.788139E-07 0.9999999 -2.702051E-07
vn -1.788139E-07 -0.9999999 2.702051E-07
vn -1.788139E-07 -0.9999999 2.702051E-07
vn -1.788139E-07 -0.9999999 2.702051E-07
vn -1.788139E-07 -0.9999999 2.702051E-07
vn -1.788139E-07 -0.9999999 2.702051E-07
vn -1.788139E-07 -0.9999999 2.702051E-07
vn -1.788139E-07 -0.9999999 2.702051E-07
vn -1.788139E-07 -0.9999999 2.702051E-07
vn -1.788139E-07 -0.9999999 2.702051E-07
vn -1.788139E-07 -0.9999999 2.702051E-07
vn -1.788139E-07 -0.9999999 2.702051E-07
vn -1.788139E-07 -0.9999999 2.702051E-07
vn -1.788139E-07 -0.9999999 2.702051E-07
vn -1.788139E-07 -0.9999999 2.702051E-07
vn -0.6725028 3.202302E-07 0.7400945
vn -0.7040627 3.177791E-07 0.7101378
vn -0.7630737 3.110849E-07 0.6463115
vn -0.7905209 3.068392E-07 0.6124351
vn -0.8409504 2.965849E-07 0.5411122
vn -0.8639116 2.905664E-07 0.5036433
vn -0.904466 2.76986E-07 0.4265458
vn -0.9221047 2.694385E-07 0.3869406
vn -0.9523223 2.527265E-07 0.305094
vn -0.9648407 2.435464E-07 0.2628354
vn -0.984072 2.240001E-07 0.1777697
vn -0.990849 2.136487E-07 0.1349754
vn -0.9988409 1.91613E-07 0.04813514
vn -0.9999917 1.799152E-07 0.004081051
vn -0.9965417 1.557434E-07 -0.08309314
vn -0.9920035 1.432813E-07 -0.1262107
vn -0.977254 1.174435E-07 -0.2120725
vn -0.9669917 1.040613E-07 -0.2548076
vn -0.9410664 7.688656E-08 -0.3382217
vn -0.9254307 6.309461E-08 -0.378917
vn -0.88903 3.525781E-08 -0.457849
vn -0.8682709 2.121284E-08 -0.4960902
vn 1.788139E-07 0.9999999 -2.702051E-07
vn 1.788139E-07 0.9999999 -2.702051E-07
vn 1.788139E-07 0.9999999 -2.702051E-07
vn 1.788139E-07 0.9999999 -2.702051E-07
vn 1.788139E-07 0.9999999 -2.702051E-07
vn 1.788139E-07 0.9999999 -2.702051E-07
vn 1.788139E-07 0.9999999 -2.702051E-07
vn 1.788139E-07 0.9999999 -2.702051E-07
vn 1.788139E-07 0.9999999 -2.702051E-07
vn 1.788139E-07 0.9999999 -2.702051E-07
vn 1.788139E-07 0.9999999 -2.702051E-07
vn 1.788139E-07 0.9999999 -2.702051E-07
vn 0.607607 0.07153526 -0.7910097
vn 0.4914545 -0.1284423 -0.8613797
vn 0.7038638 -3.177968E-07 -0.7103349
vn 0.7038637 -3.177968E-07 -0.7103349
vn -0.8090039 -1.416624E-08 -0.5878032
vn -0.8090039 -1.416624E-08 -0.5878032
vn -0.8090039 -1.416624E-08 -0.5878032
vn -0.7602887 -0.4084296 0.5051202
vn -0.7395232 -0.5052508 0.4447775
vn -0.7862361 -0.3828182 0.4850598
vn 0.2183986 -0.3828186 -0.8976368
vn 0.1945202 -0.5052512 -0.8407633
vn 0.2454945 -0.4084299 -0.8791571
vn 0.2454946 0.4084294 -0.8791573
vn 0.1945204 0.5052507 -0.8407636
vn 0.2183987 0.382818 -0.897637
vn -0.8910067 3.665395E-08 -0.4539902
vn -0.8910067 3.665395E-08 -0.4539902
vn -0.8910067 3.665395E-08 -0.4539902
vn -0.8910067 3.665395E-08 -0.4539902
vn 1.788139E-07 0.9999999 -2.702051E-07
vn 1.788139E-07 0.9999999 -2.702051E-07
vn 1.788139E-07 0.9999999 -2.702051E-07
vn 1.788139E-07 0.9999999 -2.702051E-07
vn -1.788139E-07 -0.9999999 2.702051E-07
vn -1.788139E-07 -0.9999999 2.702051E-07
vn -1.788139E-07 -0.9999999 2.702051E-07
vn -1.788139E-07 -0.9999999 2.702051E-07
vn -1.788139E-07 -0.9999999 2.702051E-07
vn -1.788139E-07 -0.9999999 2.702051E-07
vn -1.788139E-07 -0.9999999 2.702051E-07
vn 1.788139E-07 0.9999999 -2.702051E-07
vn 1.788139E-07 0.9999999 -2.702051E-07
vn 1.788139E-07 0.9999999 -2.702051E-07
vn -0.2828204 0.07153209 0.9565018
vn -0.1609753 2.954658E-07 0.9869584
vn -0.1609753 2.954658E-07 0.9869584
vn -0.4080226 -0.1284349 0.9038926
vn -0.5425131 0.0764498 0.8365614
vn -0.5939144 -0.1386669 0.7924878
vn -0.566977 0.4084117 0.7153579
vn -0.5978532 0.3828011 0.7042974
vn -0.5658789 0.5052307 0.6515542
vn -0.9510561 2.8292E-07 -0.3090183
vn -0.9510561 2.8292E-07 -0.3090183
vn -0.9510561 2.8292E-07 -0.3090183
vn 1.788139E-07 0.9999999 -2.702051E-07
vn 1.788139E-07 0.9999999 -2.702051E-07
vn 1.788139E-07 0.9999999 -2.702051E-07
vn 1.788139E-07 0.9999999 -2.702051E-07
vn 1.788139E-07 0.9999999 -2.702051E-07
vn 1.788139E-07 0.9999999 -2.702051E-07
vn 1.788139E-07 0.9999999 -2.702051E-07
vn 1.788139E-07 0.9999999 -2.702051E-07
vn 1.788139E-07 0.9999999 -2.702051E-07
vn 1.788139E-07 0.9999999 -2.702051E-07
vn 1.788139E-07 0.9999999 -2.702051E-07
vn 1.788139E-07 0.9999999 -2.702051E-07
vn 1.788139E-07 0.9999999 -2.702051E-07
vn 1.788139E-07 0.9999999 -2.702051E-07
vn 0.2034802 -3.009373E-07 -0.9790791
vn -0.01467148 -0.1386674 -0.9902302
vn 0.05281892 0.07644916 -0.9956734
vn 0.1606932 -2.954278E-07 -0.9870044
vn 0.074377 -2.827563E-07 -0.9972301
vn 0.03084356 -2.755918E-07 -0.9995242
vn -0.05649986 -2.596705E-07 -0.9984025
vn -0.100315 -2.509043E-07 -0.9949556
vn -0.1865308 -2.321084E-07 -0.982449
vn -0.2289397 -2.22091E-07 -0.9734405
vn -0.3129148 -2.006822E-07 -0.9497812
vn -0.354458 -1.892792E-07 -0.9350719
vn -0.4345777 -1.656474E-07 -0.9006342
vn -0.4731829 -1.534293E-07 -0.8809641
vn -0.5481418 -1.279802E-07 -0.8363854
vn -0.5844635 -1.147395E-07 -0.8114198
vn -0.6529633 -8.789154E-08 -0.7573895
vn -0.6851764 -7.429214E-08 -0.7283772
vn -0.7459679 -4.656222E-08 -0.6659818
vn -0.7745092 -3.24286E-08 -0.6325626
vn -0.8267576 -4.17035E-09 -0.5625583
vn -0.8504931 9.955886E-09 -0.5259861
vn -0.8929593 3.804418E-08 -0.4501373
vn -0.9116975 5.200713E-08 -0.4108623
vn -0.9493045 8.480779E-08 -0.3143578
vn -0.9493045 8.480779E-08 -0.3143578
vn -1.788139E-07 -0.9999999 2.702051E-07
vn -1.788139E-07 -0.9999999 2.702051E-07
vn -1.788139E-07 -0.9999999 2.702051E-07
vn -1.788139E-07 -0.9999999 2.702051E-07
vn -1.788139E-07 -0.9999999 2.702051E-07
vn -1.788139E-07 -0.9999999 2.702051E-07
vn -1.788139E-07 -0.9999999 2.702051E-07
vn -1.788139E-07 -0.9999999 2.702051E-07
vn -1.788139E-07 -0.9999999 2.702051E-07
vn -1.788139E-07 -0.9999999 2.702051E-07
vn -1.788139E-07 -0.9999999 2.702051E-07
vn -1.788139E-07 -0.9999999 2.702051E-07
vn -1.788139E-07 -0.9999999 2.702051E-07
vn -1.788139E-07 -0.9999999 2.702051E-07
vn -0.9519585 8.747941E-08 -0.3062268
vn -0.954205 8.97923E-08 -0.2991537
vn 1.788139E-07 0.9999999 -2.702051E-07
vn 1.788139E-07 0.9999999 -2.702051E-07
vn -1.788139E-07 -0.9999999 2.702051E-07
vn -1.788139E-07 -0.9999999 2.702051E-07
vn -1.788139E-07 -0.9999999 2.702051E-07
vn -1.788139E-07 -0.9999999 2.702051E-07
vn -1.788139E-07 -0.9999999 2.702051E-07
vn -1.788139E-07 -0.9999999 2.702051E-07
vn -1.788139E-07 -0.9999999 2.702051E-07
vn -1.788139E-07 -0.9999999 2.702051E-07
vn -1.788139E-07 -0.9999999 2.702051E-07
vn -1.788139E-07 -0.9999999 2.702051E-07
vn -1.788139E-07 -0.9999999 2.702051E-07
vn -1.788139E-07 -0.9999999 2.702051E-07
vn -1.788139E-07 -0.9999999 2.702051E-07
vn -1.788139E-07 -0.9999999 2.702051E-07
vn -0.4108712 3.198137E-07 0.9116933
vn -0.4501431 3.217732E-07 0.8929563
vn -0.5259854 3.238612E-07 0.8504936
vn -0.5625553 3.239874E-07 0.8267596
vn -0.6325609 3.223874E-07 0.7745106
vn -0.6659829 3.206511E-07 0.7459669
vn -0.7283802 3.153818E-07 0.6851732
vn -0.7573918 3.118655E-07 0.6529608
vn -0.8114207 3.030181E-07 0.5844624
vn -0.8363858 2.97668E-07 0.5481412
vn -0.8809634 2.853854E-07 0.4731845
vn -0.900633 2.784716E-07 0.4345806
vn -0.9350716 2.629804E-07 0.3544587
vn -0.9497818 2.543849E-07 0.312913
vn -0.9734405 2.359255E-07 0.2289401
vn -0.9824483 2.260782E-07 0.186535
vn -0.9949555 2.050182E-07 0.1003176
vn -0.9984027 1.937942E-07 0.05649737
vn -0.999524 1.703934E-07 -0.03084842
vn -0.9972299 1.582208E-07 -0.07437968
vn -0.9870046 1.330705E-07 -0.1606916
vn -0.97908 1.200929E-07 -0.203476
vn 1.788139E-07 0.9999999 -2.702051E-07
vn 1.788139E-07 0.9999999 -2.702051E-07
vn 1.788139E-07 0.9999999 -2.702051E-07
vn 1.788139E-07 0.9999999 -2.702051E-07
vn 1.788139E-07 0.9999999 -2.702051E-07
vn 1.788139E-07 0.9999999 -2.702051E-07
vn 1.788139E-07 0.9999999 -2.702051E-07
vn 1.788139E-07 0.9999999 -2.702051E-07
vn 1.788139E-07 0.9999999 -2.702051E-07
vn 1.788139E-07 0.9999999 -2.702051E-07
vn 1.788139E-07 0.9999999 -2.702051E-07
vn 1.788139E-07 0.9999999 -2.702051E-07
vn 0.3334139 0.07153147 -0.9400629
vn 0.2012002 -0.1284355 -0.9710936
vn 0.4498905 -3.217625E-07 -0.8930838
vn 0.4498905 -3.217624E-07 -0.8930836
vn -0.9510561 -1.097925E-07 -0.3090183
vn -0.9510561 -1.097925E-07 -0.3090183
vn -0.9510561 -1.097925E-07 -0.3090183
vn -0.5669772 -0.4084111 0.7153581
vn -0.565879 -0.5052302 0.6515545
vn -0.5978534 -0.3828005 0.7042976
vn -0.06969529 -0.3828009 -0.921198
vn -0.07482921 -0.5052306 -0.8597339
vn -0.03821462 -0.4084116 -0.9119975
vn -0.03821447 0.4084111 -0.9119977
vn -0.07482903 0.5052301 -0.8597342
vn -0.06969515 0.3828005 -0.9211982
vn -0.9875443 1.340723E-07 -0.1573411
vn -0.9875443 1.340723E-07 -0.1573411
vn -0.9875443 1.340723E-07 -0.1573411
vn -0.9875443 1.340723E-07 -0.1573411
vn 1.788139E-07 0.9999999 -2.702051E-07
vn 1.788139E-07 0.9999999 -2.702051E-07
vn 1.788139E-07 0.9999999 -2.702051E-07
vn 1.788139E-07 0.9999999 -2.702051E-07
vn -1.788139E-07 -0.9999999 2.702051E-07
vn -1.788139E-07 -0.9999999 2.702051E-07
vn -1.788139E-07 -0.9999999 2.702051E-07
vn -1.788139E-07 -0.9999999 2.702051E-07
vn -1.788139E-07 -0.9999999 2.702051E-07
vn -1.788139E-07 -0.9999999 2.702051E-07
vn -1.788139E-07 -0.9999999 2.702051E-07
vn 1.788139E-07 0.9999999 -2.702051E-07
vn 1.788139E-07 0.9999999 -2.702051E-07
vn 1.788139E-07 0.9999999 -2.702051E-07
vn 0.02659851 0.07153625 0.9970832
vn 0.1518917 2.399096E-07 0.9883971
vn 0.1518916 2.399096E-07 0.988397
vn -0.108733 -0.1284424 0.985738
vn -0.2574473 0.07645421 0.963263
vn -0.3199521 -0.1386748 0.9372299
vn -0.318165 0.4084317 0.8555434
vn -0.3509481 0.3828203 0.8545665
vn -0.3368352 0.5052531 0.7945195
vn -1 1.788139E-07 -1.192093E-07
vn -1 1.788139E-07 -1.192093E-07
vn -1 1.788139E-07 -1.192093E-07
vn 1.788139E-07 0.9999999 -2.702051E-07
vn 1.788139E-07 0.9999999 -2.702051E-07
vn 1.788139E-07 0.9999999 -2.702051E-07
vn 1.788139E-07 0.9999999 -2.702051E-07
vn 1.788139E-07 0.9999999 -2.702051E-07
vn 1.788139E-07 0.9999999 -2.702051E-07
vn 1.788139E-07 0.9999999 -2.702051E-07
vn 1.788139E-07 0.9999999 -2.702051E-07
vn 1.788139E-07 0.9999999 -2.702051E-07
vn 1.788139E-07 0.9999999 -2.702051E-07
vn 1.788139E-07 0.9999999 -2.702051E-07
vn 1.788139E-07 0.9999999 -2.702051E-07
vn 1.788139E-07 0.9999999 -2.702051E-07
vn 1.788139E-07 0.9999999 -2.702051E-07
vn -0.1090298 -2.490982E-07 -0.9940384
vn -0.3199519 -0.1386753 -0.9372299
vn -0.257447 0.07645368 -0.9632632
vn -0.1521724 -2.398477E-07 -0.9883539
vn -0.2374273 -2.200233E-07 -0.9714052
vn -0.2795404 -2.094474E-07 -0.9601339
vn -0.3622624 -1.870742E-07 -0.9320762
vn -0.4028672 -1.752692E-07 -0.9152585
vn -0.4809979 -1.508855E-07 -0.8767217
vn -0.5185471 -1.383152E-07 -0.855049
vn -0.5910993 -1.122503E-07 -0.8065987
vn -0.626063 -9.874967E-08 -0.7797723
vn -0.6916202 -7.148737E-08 -0.7222614
vn -0.7222582 -5.773039E-08 -0.6916236
vn -0.77977 -2.97325E-08 -0.6260661
vn -0.8065965 -1.54882E-08 -0.5911024
vn -0.8550478 1.277984E-08 -0.5185491
vn -0.8767217 2.6802E-08 -0.4809978
vn -0.9152597 5.480521E-08 -0.4028643
vn -0.9320772 6.878405E-08 -0.3622594
vn -0.960135 9.615323E-08 -0.2795369
vn -0.9714064 1.095481E-07 -0.2374228
vn -0.9883544 1.356145E-07 -0.1521698
vn -0.9940385 1.482875E-07 -0.1090298
vn -0.9999842 1.772928E-07 -0.005619262
vn -0.9999842 1.772928E-07 -0.005619262
vn -1.788139E-07 -0.9999999 2.702051E-07
vn -1.788139E-07 -0.9999999 2.702051E-07
vn -1.788139E-07 -0.9999999 2.702051E-07
vn -1.788139E-07 -0.9999999 2.702051E-07
vn -1.788139E-07 -0.9999999 2.702051E-07
vn -1.788139E-07 -0.9999999 2.702051E-07
vn -1.788139E-07 -0.9999999 2.702051E-07
vn -1.788139E-07 -0.9999999 2.702051E-07
vn -1.788139E-07 -0.9999999 2.702051E-07
vn -1.788139E-07 -0.9999999 2.702051E-07
vn -1.788139E-07 -0.9999999 2.702051E-07
vn -1.788139E-07 -0.9999999 2.702051E-07
vn -1.788139E-07 -0.9999999 2.702051E-07
vn -1.788139E-07 -0.9999999 2.702051E-07
vn -0.9999956 1.796061E-07 0.002934601
vn -0.9999464 1.816023E-07 0.01035482
vn 1.788139E-07 0.9999999 -2.702051E-07
vn 1.788139E-07 0.9999999 -2.702051E-07
vn -1.788139E-07 -0.9999999 2.702051E-07
vn -1.788139E-07 -0.9999999 2.702051E-07
vn -1.788139E-07 -0.9999999 2.702051E-07
vn -1.788139E-07 -0.9999999 2.702051E-07
vn -1.788139E-07 -0.9999999 2.702051E-07
vn -1.788139E-07 -0.9999999 2.702051E-07
vn -1.788139E-07 -0.9999999 2.702051E-07
vn -1.788139E-07 -0.9999999 2.702051E-07
vn -1.788139E-07 -0.9999999 2.702051E-07
vn -1.788139E-07 -0.9999999 2.702051E-07
vn -1.788139E-07 -0.9999999 2.702051E-07
vn -1.788139E-07 -0.9999999 2.702051E-07
vn -1.788139E-07 -0.9999999 2.702051E-07
vn -1.788139E-07 -0.9999999 2.702051E-07
vn -0.1090301 2.880903E-07 0.9940384
vn -0.1521726 2.942689E-07 0.9883539
vn -0.2374275 3.04934E-07 0.9714051
vn -0.2795407 3.094188E-07 0.9601338
vn -0.3622626 3.166293E-07 0.932076
vn -0.4028675 3.193458E-07 0.9152583
vn -0.4809982 3.229038E-07 0.8767216
vn -0.5185474 3.237621E-07 0.8550489
vn -0.5910995 3.236439E-07 0.8065986
vn -0.6260633 3.226473E-07 0.7797722
vn -0.6916203 3.1883E-07 0.7222612
vn -0.7222583 3.1603E-07 0.6916234
vn -0.7797701 3.086E-07 0.6260659
vn -0.8065966 3.039495E-07 0.5911022
vn -0.8550479 2.930091E-07 0.518549
vn -0.8767218 2.867381E-07 0.4809976
vn -0.9152598 2.725172E-07 0.4028641
vn -0.9320773 2.645527E-07 0.3622592
vn -0.9601351 2.472178E-07 0.2795367
vn -0.9714064 2.378538E-07 0.2374226
vn -0.9883544 2.178485E-07 0.1521695
vn -0.9940385 2.072083E-07 0.1090296
vn 1.788139E-07 0.9999999 -2.702051E-07
vn 1.788139E-07 0.9999999 -2.702051E-07
vn 1.788139E-07 0.9999999 -2.702051E-07
vn 1.788139E-07 0.9999999 -2.702051E-07
vn 1.788139E-07 0.9999999 -2.702051E-07
vn 1.788139E-07 0.9999999 -2.702051E-07
vn 1.788139E-07 0.9999999 -2.702051E-07
vn 1.788139E-07 0.9999999 -2.702051E-07
vn 1.788139E-07 0.9999999 -2.702051E-07
vn 1.788139E-07 0.9999999 -2.702051E-07
vn 1.788139E-07 0.9999999 -2.702051E-07
vn 1.788139E-07 0.9999999 -2.702051E-07
vn 0.02659876 0.07153571 -0.9970832
vn -0.1087328 -0.1284429 -0.985738
vn 0.1518919 -2.942303E-07 -0.988397
vn 0.1518919 -2.942303E-07 -0.9883971
vn -1 1.788139E-07 -1.192093E-07
vn -1 1.788139E-07 -1.192093E-07
vn -1 1.788139E-07 -1.192093E-07
vn -0.3181652 -0.4084311 0.8555436
vn -0.3368354 -0.5052525 0.7945198
vn -0.3509482 -0.3828197 0.8545667
vn -0.350948 -0.3828202 -0.8545666
vn -0.3368352 -0.505253 -0.7945197
vn -0.318165 -0.4084316 -0.8555435
vn -0.3181648 0.4084312 -0.8555437
vn -0.336835 0.5052527 -0.7945199
vn -0.3509479 0.3828198 -0.8545668
vn -0.9878293 2.186659E-07 0.155542
vn -0.9878293 2.186659E-07 0.155542
vn -0.9878293 2.186659E-07 0.155542
vn -0.9878293 2.186659E-07 0.155542
vn 1.788139E-07 0.9999999 -2.702051E-07
vn 1.788139E-07 0.9999999 -2.702051E-07
vn 1.788139E-07 0.9999999 -2.702051E-07
vn 1.788139E-07 0.9999999 -2.702051E-07
vn -1.788139E-07 -0.9999999 2.702051E-07
vn -1.788139E-07 -0.9999999 2.702051E-07
vn -1.788139E-07 -0.9999999 2.702051E-07
vn -1.788139E-07 -0.9999999 2.702051E-07
vn -1.788139E-07 -0.9999999 2.702051E-07
vn -1.788139E-07 -0.9999999 2.702051E-07
vn -1.788139E-07 -0.9999999 2.702051E-07
vn 1.788139E-07 0.9999999 -2.702051E-07
vn 1.788139E-07 0.9999999 -2.702051E-07
vn 1.788139E-07 0.9999999 -2.702051E-07
vn 0.3334137 0.07153199 0.9400629
vn 0.4498902 1.608691E-07 0.8930838
vn 0.4498902 1.608692E-07 0.8930839
vn 0.2012 -0.128435 0.9710937
vn 0.05281868 0.07644969 0.9956734
vn -0.01467172 -0.1386669 0.9902303
vn -0.03821469 0.4084116 0.9119975
vn -0.06969538 0.382801 0.921198
vn -0.07482924 0.5052306 0.8597339
vn -0.9510562 4.499167E-07 0.3090181
vn -0.9510562 4.499167E-07 0.3090181
vn -0.9510562 4.499167E-07 0.3090181
vn 1.788139E-07 0.9999999 -2.702051E-07
vn 1.788139E-07 0.9999999 -2.702051E-07
vn 1.788139E-07 0.9999999 -2.702051E-07
vn 1.788139E-07 0.9999999 -2.702051E-07
vn 1.788139E-07 0.9999999 -2.702051E-07
vn 1.788139E-07 0.9999999 -2.702051E-07
vn 1.788139E-07 0.9999999 -2.702051E-07
vn 1.788139E-07 0.9999999 -2.702051E-07
vn 1.788139E-07 0.9999999 -2.702051E-07
vn 1.788139E-07 0.9999999 -2.702051E-07
vn 1.788139E-07 0.9999999 -2.702051E-07
vn 1.788139E-07 0.9999999 -2.702051E-07
vn 1.788139E-07 0.9999999 -2.702051E-07
vn 1.788139E-07 0.9999999 -2.702051E-07
vn -0.410871 -1.728747E-07 -0.9116934
vn -0.5939143 -0.1386673 -0.7924879
vn -0.542513 0.07644934 -0.8365616
vn -0.4501429 -1.607896E-07 -0.8929564
vn -0.5259851 -1.357543E-07 -0.8504937
vn -0.562555 -1.22802E-07 -0.8267597
vn -0.6325607 -9.616608E-08 -0.7745107
vn -0.6659828 -8.247711E-08 -0.7459671
vn -0.7283801 -5.489282E-08 -0.6851733
vn -0.7573916 -4.10012E-08 -0.652961
vn -0.8114206 -1.283146E-08 -0.5844626
vn -0.8363857 1.446815E-09 -0.5481414
vn -0.8809633 2.96716E-08 -0.4731847
vn -0.9006329 4.361975E-08 -0.4345808
vn -0.9350715 7.142721E-08 -0.354459
vn -0.9497817 8.528345E-08 -0.3129132
vn -0.9734405 1.122039E-07 -0.2289404
vn -0.9824483 1.252726E-07 -0.1865353
vn -0.9949555 1.508055E-07 -0.1003178
vn -0.9984027 1.632624E-07 -0.05649761
vn -0.999524 1.870642E-07 0.03084818
vn -0.9972299 1.984163E-07 0.07437944
vn -0.9870046 2.199098E-07 0.1606914
vn -0.97908 2.300533E-07 0.2034757
vn -0.9527773 2.52423E-07 0.3036697
vn -0.9527773 2.52423E-07 0.3036697
vn -1.788139E-07 -0.9999999 2.702051E-07
vn -1.788139E-07 -0.9999999 2.702051E-07
vn -1.788139E-07 -0.9999999 2.702051E-07
vn -1.788139E-07 -0.9999999 2.702051E-07
vn -1.788139E-07 -0.9999999 2.702051E-07
vn -1.788139E-07 -0.9999999 2.702051E-07
vn -1.788139E-07 -0.9999999 2.702051E-07
vn -1.788139E-07 -0.9999999 2.702051E-07
vn -1.788139E-07 -0.9999999 2.702051E-07
vn -1.788139E-07 -0.9999999 2.702051E-07
vn -1.788139E-07 -0.9999999 2.702051E-07
vn -1.788139E-07 -0.9999999 2.702051E-07
vn -1.788139E-07 -0.9999999 2.702051E-07
vn -1.788139E-07 -0.9999999 2.702051E-07
vn -0.9501449 2.541514E-07 0.3118086
vn -0.9478055 2.556355E-07 0.3188491
vn 1.788139E-07 0.9999999 -2.702051E-07
vn 1.788139E-07 0.9999999 -2.702051E-07
vn -1.788139E-07 -0.9999999 2.702051E-07
vn -1.788139E-07 -0.9999999 2.702051E-07
vn -1.788139E-07 -0.9999999 2.702051E-07
vn -1.788139E-07 -0.9999999 2.702051E-07
vn -1.788139E-07 -0.9999999 2.702051E-07
vn -1.788139E-07 -0.9999999 2.702051E-07
vn -1.788139E-07 -0.9999999 2.702051E-07
vn -1.788139E-07 -0.9999999 2.702051E-07
vn -1.788139E-07 -0.9999999 2.702051E-07
vn -1.788139E-07 -0.9999999 2.702051E-07
vn -1.788139E-07 -0.9999999 2.702051E-07
vn -1.788139E-07 -0.9999999 2.702051E-07
vn -1.788139E-07 -0.9999999 2.702051E-07
vn -1.788139E-07 -0.9999999 2.702051E-07
vn 0.2034799 2.281671E-07 0.9790791
vn 0.160693 2.379595E-07 0.9870044
vn 0.07437676 2.561571E-07 0.9972301
vn 0.03084332 2.645613E-07 0.9995242
vn -0.0565001 2.798765E-07 0.9984025
vn -0.1003153 2.867799E-07 0.9949556
vn -0.186531 2.988171E-07 0.982449
vn -0.22894 3.039663E-07 0.9734405
vn -0.3129151 3.125893E-07 0.9497811
vn -0.3544582 3.160432E-07 0.9350718
vn -0.434578 3.210645E-07 0.9006341
vn -0.4731832 3.226527E-07 0.880964
vn -0.548142 3.24011E-07 0.8363853
vn -0.5844638 3.2376E-07 0.8114197
vn -0.6529636 3.214094E-07 0.7573893
vn -0.6851765 3.193303E-07 0.728377
vn -0.745968 3.133411E-07 0.6659817
vn -0.7745093 3.094146E-07 0.6325624
vn -0.8267577 2.998419E-07 0.5625581
vn -0.8504933 2.942041E-07 0.525986
vn -0.8929594 2.813029E-07 0.4501371
vn -0.9116976 2.740413E-07 0.4108621
vn 1.788139E-07 0.9999999 -2.702051E-07
vn 1.788139E-07 0.9999999 -2.702051E-07
vn 1.788139E-07 0.9999999 -2.702051E-07
vn 1.788139E-07 0.9999999 -2.702051E-07
vn 1.788139E-07 0.9999999 -2.702051E-07
vn 1.788139E-07 0.9999999 -2.702051E-07
vn 1.788139E-07 0.9999999 -2.702051E-07
vn 1.788139E-07 0.9999999 -2.702051E-07
vn 1.788139E-07 0.9999999 -2.702051E-07
vn 1.788139E-07 0.9999999 -2.702051E-07
vn 1.788139E-07 0.9999999 -2.702051E-07
vn 1.788139E-07 0.9999999 -2.702051E-07
vn -0.2828201 0.07153156 -0.9565019
vn -0.4080224 -0.1284354 -0.9038926
vn -0.1609751 -2.378966E-07 -0.9869584
vn -0.1609751 -2.378966E-07 -0.9869583
vn -0.9510562 5.720409E-08 0.3090181
vn -0.9510562 5.720409E-08 0.3090181
vn -0.9510562 5.720409E-08 0.3090181
vn -0.03821484 -0.4084111 0.9119977
vn -0.07482941 -0.5052301 0.8597342
vn -0.06969551 -0.3828004 0.9211982
vn -0.5978532 -0.3828008 -0.7042975
vn -0.5658789 -0.5052304 -0.6515543
vn -0.566977 -0.4084114 -0.7153581
vn -0.5669768 0.4084113 -0.7153583
vn -0.5658787 0.5052304 -0.6515546
vn -0.5978531 0.3828007 -0.7042977
vn -0.8910068 2.819949E-07 0.45399
vn -0.8910068 2.819949E-07 0.45399
vn -0.8910068 2.819949E-07 0.45399
vn -0.8910068 2.819949E-07 0.45399
vn 1.788139E-07 0.9999999 -2.702051E-07
vn 1.788139E-07 0.9999999 -2.702051E-07
vn 1.788139E-07 0.9999999 -2.702051E-07
vn 1.788139E-07 0.9999999 -2.702051E-07
vn -1.788139E-07 -0.9999999 2.702051E-07
vn -1.788139E-07 -0.9999999 2.702051E-07
vn -1.788139E-07 -0.9999999 2.702051E-07
vn -1.788139E-07 -0.9999999 2.702051E-07
vn -1.788139E-07 -0.9999999 2.702051E-07
vn -1.788139E-07 -0.9999999 2.702051E-07
vn -1.788139E-07 -0.9999999 2.702051E-07
vn 1.788139E-07 0.9999999 -2.702051E-07
vn 1.788139E-07 0.9999999 -2.702051E-07
vn 1.788139E-07 0.9999999 -2.702051E-07
vn 0.6076068 0.07153569 0.7910098
vn 0.7038636 6.607554E-08 0.7103351
vn 0.7038637 6.607552E-08 0.7103351
vn 0.4914543 -0.1284418 0.8613799
vn 0.3579326 0.07645367 0.9306121
vn 0.2920636 -0.1386742 0.9462918
vn 0.2454944 0.4084298 0.8791572
vn 0.2183985 0.3828185 0.8976369
vn 0.1945201 0.5052512 0.8407633
vn -0.8090041 3.034886E-07 0.587803
vn -0.8090041 3.034886E-07 0.587803
vn -0.8090041 3.034886E-07 0.587803
vn 1.788139E-07 0.9999999 -2.702051E-07
vn 1.788139E-07 0.9999999 -2.702051E-07
vn 1.788139E-07 0.9999999 -2.702051E-07
vn 1.788139E-07 0.9999999 -2.702051E-07
vn 1.788139E-07 0.9999999 -2.702051E-07
vn 1.788139E-07 0.9999999 -2.702051E-07
vn 1.788139E-07 0.9999999 -2.702051E-07
vn 1.788139E-07 0.9999999 -2.702051E-07
vn 1.788139E-07 0.9999999 -2.702051E-07
vn 1.788139E-07 0.9999999 -2.702051E-07
vn 1.788139E-07 0.9999999 -2.702051E-07
vn 1.788139E-07 0.9999999 -2.702051E-07
vn 1.788139E-07 0.9999999 -2.702051E-07
vn 1.788139E-07 0.9999999 -2.702051E-07
vn -0.6725026 -7.972452E-08 -0.7400947
vn -0.8097494 -0.1386744 -0.5701535
vn -0.7744852 0.07645347 -0.6279551
vn -0.7040626 -6.59867E-08 -0.710138
vn -0.7630736 -3.818853E-08 -0.6463117
vn -0.7905208 -2.4127E-08 -0.6124353
vn -0.8409503 4.162302E-09 -0.5411124
vn -0.8639115 1.839237E-08 -0.5036435
vn -0.9044659 4.64762E-08 -0.426546
vn -0.9221045 6.033176E-08 -0.3869408
vn -0.9523222 8.785046E-08 -0.3050942
vn -0.9648405 1.015074E-07 -0.2628356
vn -0.984072 1.279314E-07 -0.17777
vn -0.990849 1.407065E-07 -0.1349757
vn -0.9988409 1.656002E-07 -0.04813538
vn -0.9999917 1.777097E-07 -0.00408129
vn -0.9965417 2.006477E-07 0.08309291
vn -0.9920035 2.114868E-07 0.1262105
vn -0.977254 2.320496E-07 0.2120723
vn -0.9669918 2.417619E-07 0.2548074
vn -0.9410665 2.59665E-07 0.3382215
vn -0.9254308 2.678652E-07 0.3789168
vn -0.8890301 2.826841E-07 0.4578488
vn -0.8682711 2.89305E-07 0.49609
vn -0.8122942 3.028461E-07 0.5832479
vn -0.8122942 3.028461E-07 0.5832479
vn -1.788139E-07 -0.9999999 2.702051E-07
vn -1.788139E-07 -0.9999999 2.702051E-07
vn -1.788139E-07 -0.9999999 2.702051E-07
vn -1.788139E-07 -0.9999999 2.702051E-07
vn -1.788139E-07 -0.9999999 2.702051E-07
vn -1.788139E-07 -0.9999999 2.702051E-07
vn -1.788139E-07 -0.9999999 2.702051E-07
vn -1.788139E-07 -0.9999999 2.702051E-07
vn -1.788139E-07 -0.9999999 2.702051E-07
vn -1.788139E-07 -0.9999999 2.702051E-07
vn -1.788139E-07 -0.9999999 2.702051E-07
vn -1.788139E-07 -0.9999999 2.702051E-07
vn -1.788139E-07 -0.9999999 2.702051E-07
vn -1.788139E-07 -0.9999999 2.702051E-07
vn -0.8072755 3.038203E-07 0.5901747
vn -0.8028747 3.046474E-07 0.5961479
vn 1.788139E-07 0.9999999 -2.702051E-07
vn 1.788139E-07 0.9999999 -2.702051E-07
vn -1.788139E-07 -0.9999999 2.702051E-07
vn -1.788139E-07 -0.9999999 2.702051E-07
vn -1.788139E-07 -0.9999999 2.702051E-07
vn -1.788139E-07 -0.9999999 2.702051E-07
vn -1.788139E-07 -0.9999999 2.702051E-07
vn -1.788139E-07 -0.9999999 2.702051E-07
vn -1.788139E-07 -0.9999999 2.702051E-07
vn -1.788139E-07 -0.9999999 2.702051E-07
vn -1.788139E-07 -0.9999999 2.702051E-07
vn -1.788139E-07 -0.9999999 2.702051E-07
vn -1.788139E-07 -0.9999999 2.702051E-07
vn -1.788139E-07 -0.9999999 2.702051E-07
vn -1.788139E-07 -0.9999999 2.702051E-07
vn -1.788139E-07 -0.9999999 2.702051E-07
vn 0.4960916 1.459029E-07 0.8682701
vn 0.4578525 1.583495E-07 0.8890281
vn 0.3789234 1.822986E-07 0.925428
vn 0.3382274 1.938006E-07 0.9410644
vn 0.2548098 2.157224E-07 0.9669912
vn 0.2120733 2.261373E-07 0.9772537
vn 0.1262105 2.454762E-07 0.9920034
vn 0.08309291 2.544125E-07 0.9965417
vn -0.004081281 2.709326E-07 0.9999917
vn -0.04813515 2.784991E-07 0.9988407
vn -0.1349801 2.918686E-07 0.9908482
vn -0.1777799 2.976903E-07 0.9840702
vn -0.2628414 3.077041E-07 0.964839
vn -0.3050905 3.11877E-07 0.9523233
vn -0.3869317 3.183472E-07 0.9221083
vn -0.4265402 3.206634E-07 0.9044686
vn -0.5036426 3.234918E-07 0.8639121
vn -0.5411135 3.239875E-07 0.8409495
vn -0.6124365 3.231146E-07 0.7905197
vn -0.6463105 3.217559E-07 0.7630745
vn -0.7101367 3.17224E-07 0.7040638
vn -0.7400959 3.140527E-07 0.6725013
vn 1.788139E-07 0.9999999 -2.702051E-07
vn 1.788139E-07 0.9999999 -2.702051E-07
vn 1.788139E-07 0.9999999 -2.702051E-07
vn 1.788139E-07 0.9999999 -2.702051E-07
vn 1.788139E-07 0.9999999 -2.702051E-07
vn 1.788139E-07 0.9999999 -2.702051E-07
vn 1.788139E-07 0.9999999 -2.702051E-07
vn 1.788139E-07 0.9999999 -2.702051E-07
vn 1.788139E-07 0.9999999 -2.702051E-07
vn 1.788139E-07 0.9999999 -2.702051E-07
vn 1.788139E-07 0.9999999 -2.702051E-07
vn 1.788139E-07 0.9999999 -2.702051E-07
vn -0.5645701 0.07153551 -0.8222792
vn -0.6673852 -0.1284421 -0.7335525
vn -0.4581015 -1.582703E-07 -0.8888998
vn -0.4581015 -1.582703E-07 -0.8888998
vn -0.8090041 3.034886E-07 0.587803
vn -0.8090041 3.034886E-07 0.587803
vn -0.8090041 3.034886E-07 0.587803
vn 0.2454943 -0.4084294 0.8791574
vn 0.19452 -0.5052508 0.8407636
vn 0.2183984 -0.3828181 0.8976371
vn -0.786236 -0.3828184 -0.4850598
vn -0.7395232 -0.5052509 -0.4447774
vn -0.7602885 -0.4084298 -0.5051202
vn -0.7602884 0.4084299 -0.5051205
vn -0.739523 0.505251 -0.4447777
vn -0.7862359 0.3828184 -0.48506
vn -0.7071068 3.175044E-07 0.7071066
vn -0.7071068 3.175044E-07 0.7071066
vn -0.7071068 3.175044E-07 0.7071066
vn -0.7071068 3.175044E-07 0.7071066
vn 1.788139E-07 0.9999999 -2.702051E-07
vn 1.788139E-07 0.9999999 -2.702051E-07
vn 1.788139E-07 0.9999999 -2.702051E-07
vn 1.788139E-07 0.9999999 -2.702051E-07
vn -1.788139E-07 -0.9999999 2.702051E-07
vn -1.788139E-07 -0.9999999 2.702051E-07
vn -1.788139E-07 -0.9999999 2.702051E-07
vn -1.788139E-07 -0.9999999 2.702051E-07
vn -1.788139E-07 -0.9999999 2.702051E-07
vn -1.788139E-07 -0.9999999 2.702051E-07
vn -1.788139E-07 -0.9999999 2.702051E-07
vn 1.788139E-07 0.9999999 -2.702051E-07
vn 1.788139E-07 0.9999999 -2.702051E-07
vn 1.788139E-07 0.9999999 -2.702051E-07
vn 0.8222791 0.07153564 0.5645702
vn 0.8888997 -3.516625E-08 0.4581017
vn 0.8888997 -3.516625E-08 0.4581017
vn 0.7335524 -0.128442 0.6673853
vn 0.627955 0.0764536 0.7744852
vn 0.5701534 -0.1386743 0.8097495
vn 0.5051202 0.40843 0.7602884
vn 0.4850598 0.3828186 0.7862359
vn 0.4447775 0.5052512 0.739523
vn -0.5878032 3.237044E-07 0.8090039
vn -0.5878032 3.237044E-07 0.8090039
vn -0.5878032 3.237044E-07 0.8090039
vn 1.788139E-07 0.9999999 -2.702051E-07
vn 1.788139E-07 0.9999999 -2.702051E-07
vn 1.788139E-07 0.9999999 -2.702051E-07
vn 1.788139E-07 0.9999999 -2.702051E-07
vn 1.788139E-07 0.9999999 -2.702051E-07
vn 1.788139E-07 0.9999999 -2.702051E-07
vn 1.788139E-07 0.9999999 -2.702051E-07
vn 1.788139E-07 0.9999999 -2.702051E-07
vn 1.788139E-07 0.9999999 -2.702051E-07
vn 1.788139E-07 0.9999999 -2.702051E-07
vn 1.788139E-07 0.9999999 -2.702051E-07
vn 1.788139E-07 0.9999999 -2.702051E-07
vn 1.788139E-07 0.9999999 -2.702051E-07
vn 1.788139E-07 0.9999999 -2.702051E-07
vn -0.86827 2.121225E-08 -0.4960918
vn -0.9462918 -0.1386743 -0.2920638
vn -0.9306121 0.07645355 -0.3579328
vn -0.889028 3.525646E-08 -0.4578528
vn -0.9254279 6.309233E-08 -0.3789236
vn -0.9410643 7.68846E-08 -0.3382276
vn -0.9669911 1.040605E-07 -0.25481
vn -0.9772538 1.174432E-07 -0.2120735
vn -0.9920035 1.432813E-07 -0.1262107
vn -0.9965417 1.557434E-07 -0.08309314
vn -0.9999917 1.799152E-07 0.004081042
vn -0.9988408 1.91613E-07 0.04813491
vn -0.9908483 2.136497E-07 0.1349799
vn -0.9840703 2.240024E-07 0.1777796
vn -0.9648391 2.435477E-07 0.2628412
vn -0.9523234 2.527256E-07 0.3050903
vn -0.9221085 2.694367E-07 0.3869315
vn -0.9044688 2.769849E-07 0.42654
vn -0.8639123 2.905663E-07 0.5036423
vn -0.8409497 2.965851E-07 0.5411133
vn -0.7905199 3.068394E-07 0.6124362
vn -0.7630746 3.110847E-07 0.6463103
vn -0.704064 3.17779E-07 0.7101365
vn -0.6725014 3.202303E-07 0.7400957
vn -0.5923396 3.236197E-07 0.8056883
vn -0.5923396 3.236197E-07 0.8056883
vn -1.788139E-07 -0.9999999 2.702051E-07
vn -1.788139E-07 -0.9999999 2.702051E-07
vn -1.788139E-07 -0.9999999 2.702051E-07
vn -1.788139E-07 -0.9999999 2.702051E-07
vn -1.788139E-07 -0.9999999 2.702051E-07
vn -1.788139E-07 -0.9999999 2.702051E-07
vn -1.788139E-07 -0.9999999 2.702051E-07
vn -1.788139E-07 -0.9999999 2.702051E-07
vn -1.788139E-07 -0.9999999 2.702051E-07
vn -1.788139E-07 -0.9999999 2.702051E-07
vn -1.788139E-07 -0.9999999 2.702051E-07
vn -1.788139E-07 -0.9999999 2.702051E-07
vn -1.788139E-07 -0.9999999 2.702051E-07
vn -1.788139E-07 -0.9999999 2.702051E-07
vn -0.5854267 3.237446E-07 0.8107253
vn -0.5793943 3.238337E-07 0.8150474
vn 1.788139E-07 0.9999999 -2.702051E-07
vn 1.788139E-07 0.9999999 -2.702051E-07
vn -1.788139E-07 -0.9999999 2.702051E-07
vn -1.788139E-07 -0.9999999 2.702051E-07
vn -1.788139E-07 -0.9999999 2.702051E-07
vn -1.788139E-07 -0.9999999 2.702051E-07
vn -1.788139E-07 -0.9999999 2.702051E-07
vn -1.788139E-07 -0.9999999 2.702051E-07
vn -1.788139E-07 -0.9999999 2.702051E-07
vn -1.788139E-07 -0.9999999 2.702051E-07
vn -1.788139E-07 -0.9999999 2.702051E-07
vn -1.788139E-07 -0.9999999 2.702051E-07
vn -1.788139E-07 -0.9999999 2.702051E-07
vn -1.788139E-07 -0.9999999 2.702051E-07
vn -1.788139E-07 -0.9999999 2.702051E-07
vn -1.788139E-07 -0.9999999 2.702051E-07
vn 0.7400946 4.937445E-08 0.6725028
vn 0.7101378 6.325879E-08 0.7040627
vn 0.6463115 9.061688E-08 0.7630737
vn 0.6124351 1.040908E-07 0.7905208
vn 0.5411122 1.304707E-07 0.8409503
vn 0.5036433 1.433749E-07 0.8639116
vn 0.4265458 1.68119E-07 0.9044659
vn 0.3869406 1.79967E-07 0.9221046
vn 0.305094 2.027673E-07 0.9523222
vn 0.2628354 2.137062E-07 0.9648406
vn 0.1777698 2.341136E-07 0.984072
vn 0.1349754 2.43597E-07 0.990849
vn 0.04813515 2.612846E-07 0.9988408
vn 0.004081052 2.694731E-07 0.9999916
vn -0.08309315 2.841288E-07 0.9965417
vn -0.1262107 2.906126E-07 0.9920034
vn -0.2120725 3.019805E-07 0.9772539
vn -0.2548076 3.068492E-07 0.9669917
vn -0.3382217 3.147597E-07 0.9410663
vn -0.378917 3.178117E-07 0.9254307
vn -0.4578491 3.220902E-07 0.8890299
vn -0.4960902 3.233191E-07 0.8682709
vn 1.788139E-07 0.9999999 -2.702051E-07
vn 1.788139E-07 0.9999999 -2.702051E-07
vn 1.788139E-07 0.9999999 -2.702051E-07
vn 1.788139E-07 0.9999999 -2.702051E-07
vn 1.788139E-07 0.9999999 -2.702051E-07
vn 1.788139E-07 0.9999999 -2.702051E-07
vn 1.788139E-07 0.9999999 -2.702051E-07
vn 1.788139E-07 0.9999999 -2.702051E-07
vn 1.788139E-07 0.9999999 -2.702051E-07
vn 1.788139E-07 0.9999999 -2.702051E-07
vn 1.788139E-07 0.9999999 -2.702051E-07
vn 1.788139E-07 0.9999999 -2.702051E-07
vn -0.7910097 0.07153556 -0.6076069
vn -0.8613797 -0.1284419 -0.4914545
vn -0.710335 -6.31698E-08 -0.7038638
vn -0.710335 -6.316978E-08 -0.7038637
vn -0.5878032 3.237044E-07 0.8090039
vn -0.5878032 3.237044E-07 0.8090039
vn -0.5878032 3.237044E-07 0.8090039
vn 0.50512 -0.4084297 0.7602887
vn 0.4447773 -0.5052509 0.7395232
vn 0.4850597 -0.3828183 0.7862361
vn -0.8976371 -0.3828182 -0.2183986
vn -0.8407636 -0.5052509 -0.1945201
vn -0.8791574 -0.4084295 -0.2454944
vn -0.8791572 0.4084297 -0.2454946
vn -0.8407634 0.505251 -0.1945204
vn -0.8976369 0.3828184 -0.2183988
vn -0.4539903 3.219343E-07 0.8910066
vn -0.4539903 3.219343E-07 0.8910066
vn -0.4539903 3.219343E-07 0.8910066
vn -0.4539903 3.219343E-07 0.8910066
vn 1.788139E-07 0.9999999 -2.702051E-07
vn 1.788139E-07 0.9999999 -2.702051E-07
vn 1.788139E-07 0.9999999 -2.702051E-07
vn 1.788139E-07 0.9999999 -2.702051E-07
vn -1.788139E-07 -0.9999999 2.702051E-07
vn -1.788139E-07 -0.9999999 2.702051E-07
vn -1.788139E-07 -0.9999999 2.702051E-07
vn -1.788139E-07 -0.9999999 2.702051E-07
vn -1.788139E-07 -0.9999999 2.702051E-07
vn -1.788139E-07 -0.9999999 2.702051E-07
vn -1.788139E-07 -0.9999999 2.702051E-07
vn 1.788139E-07 0.9999999 -2.702051E-07
vn 1.788139E-07 0.9999999 -2.702051E-07
vn 1.788139E-07 0.9999999 -2.702051E-07
vn 0.9565019 0.07153168 0.2828204
vn 0.9869584 -1.329856E-07 0.1609753
vn 0.9869585 -1.329856E-07 0.1609753
vn 0.9038926 -0.1284352 0.4080226
vn 0.8365614 0.07644947 0.5425131
vn 0.7924877 -0.1386672 0.5939144
vn 0.7153581 0.4084114 0.566977
vn 0.7042976 0.3828008 0.5978532
vn 0.6515545 0.5052305 0.5658787
vn -0.3090184 5.085932E-07 0.951056
vn -0.3090184 5.085932E-07 0.951056
vn -0.3090184 5.085932E-07 0.951056
vn 1.788139E-07 0.9999999 -2.702051E-07
vn 1.788139E-07 0.9999999 -2.702051E-07
vn 1.788139E-07 0.9999999 -2.702051E-07
vn 1.788139E-07 0.9999999 -2.702051E-07
vn 1.788139E-07 0.9999999 -2.702051E-07
vn 1.788139E-07 0.9999999 -2.702051E-07
vn 1.788139E-07 0.9999999 -2.702051E-07
vn 1.788139E-07 0.9999999 -2.702051E-07
vn 1.788139E-07 0.9999999 -2.702051E-07
vn 1.788139E-07 0.9999999 -2.702051E-07
vn 1.788139E-07 0.9999999 -2.702051E-07
vn 1.788139E-07 0.9999999 -2.702051E-07
vn 1.788139E-07 0.9999999 -2.702051E-07
vn 1.788139E-07 0.9999999 -2.702051E-07
vn -0.9790792 1.200916E-07 -0.2034802
vn -0.9902303 -0.138667 0.01467149
vn -0.9956735 0.0764496 -0.05281892
vn -0.9870045 1.3307E-07 -0.1606932
vn -0.9972302 1.582216E-07 -0.07437699
vn -0.9995242 1.703948E-07 -0.03084356
vn -0.9984026 1.937948E-07 0.05649986
vn -0.9949557 2.050176E-07 0.100315
vn -0.9824491 2.260772E-07 0.1865308
vn -0.9734406 2.359254E-07 0.2289397
vn -0.9497812 2.543853E-07 0.3129148
vn -0.935072 2.629803E-07 0.354458
vn -0.9006343 2.784711E-07 0.4345777
vn -0.8809642 2.853851E-07 0.4731829
vn -0.8363854 2.976681E-07 0.5481418
vn -0.8114198 3.030182E-07 0.5844635
vn -0.7573895 3.118658E-07 0.6529633
vn -0.7283772 3.153821E-07 0.6851763
vn -0.6659818 3.206512E-07 0.7459679
vn -0.6325626 3.223873E-07 0.7745091
vn -0.5625584 3.239874E-07 0.8267575
vn -0.5259862 3.238612E-07 0.8504931
vn -0.4501373 3.21773E-07 0.8929592
vn -0.4108624 3.198132E-07 0.9116974
vn -0.3143578 3.127185E-07 0.9493045
vn -0.3143578 3.127185E-07 0.9493045
vn -1.788139E-07 -0.9999999 2.702051E-07
vn -1.788139E-07 -0.9999999 2.702051E-07
vn -1.788139E-07 -0.9999999 2.702051E-07
vn -1.788139E-07 -0.9999999 2.702051E-07
vn -1.788139E-07 -0.9999999 2.702051E-07
vn -1.788139E-07 -0.9999999 2.702051E-07
vn -1.788139E-07 -0.9999999 2.702051E-07
vn -1.788139E-07 -0.9999999 2.702051E-07
vn -1.788139E-07 -0.9999999 2.702051E-07
vn -1.788139E-07 -0.9999999 2.702051E-07
vn -1.788139E-07 -0.9999999 2.702051E-07
vn -1.788139E-07 -0.9999999 2.702051E-07
vn -1.788139E-07 -0.9999999 2.702051E-07
vn -1.788139E-07 -0.9999999 2.702051E-07
vn -0.3062268 3.119817E-07 0.9519585
vn -0.2991537 3.113239E-07 0.9542049
vn 1.788139E-07 0.9999999 -2.702051E-07
vn 1.788139E-07 0.9999999 -2.702051E-07
vn -1.788139E-07 -0.9999999 2.702051E-07
vn -1.788139E-07 -0.9999999 2.702051E-07
vn -1.788139E-07 -0.9999999 2.702051E-07
vn -1.788139E-07 -0.9999999 2.702051E-07
vn -1.788139E-07 -0.9999999 2.702051E-07
vn -1.788139E-07 -0.9999999 2.702051E-07
vn -1.788139E-07 -0.9999999 2.702051E-07
vn -1.788139E-07 -0.9999999 2.702051E-07
vn -1.788139E-07 -0.9999999 2.702051E-07
vn -1.788139E-07 -0.9999999 2.702051E-07
vn -1.788139E-07 -0.9999999 2.702051E-07
vn -1.788139E-07 -0.9999999 2.702051E-07
vn -1.788139E-07 -0.9999999 2.702051E-07
vn -1.788139E-07 -0.9999999 2.702051E-07
vn 0.9116933 -5.200399E-08 0.4108712
vn 0.8929564 -3.804209E-08 0.4501431
vn 0.8504937 -9.956207E-09 0.5259853
vn 0.8267596 4.169139E-09 0.5625552
vn 0.7745106 3.242787E-08 0.6325608
vn 0.745967 4.656269E-08 0.6659829
vn 0.6851732 7.429352E-08 0.7283802
vn 0.6529608 8.789262E-08 0.7573918
vn 0.5844624 1.1474E-07 0.8114207
vn 0.5481412 1.279804E-07 0.8363858
vn 0.4731845 1.534288E-07 0.8809634
vn 0.4345806 1.656465E-07 0.9006329
vn 0.3544587 1.892789E-07 0.9350716
vn 0.312913 2.006826E-07 0.9497817
vn 0.2289401 2.220909E-07 0.9734404
vn 0.1865351 2.321075E-07 0.9824482
vn 0.1003176 2.509039E-07 0.9949554
vn 0.05649737 2.59671E-07 0.9984027
vn -0.03084842 2.755926E-07 0.9995239
vn -0.07437969 2.827567E-07 0.9972299
vn -0.1606916 2.954276E-07 0.9870046
vn -0.203476 3.009367E-07 0.97908
vn 1.788139E-07 0.9999999 -2.702051E-07
vn 1.788139E-07 0.9999999 -2.702051E-07
vn 1.788139E-07 0.9999999 -2.702051E-07
vn 1.788139E-07 0.9999999 -2.702051E-07
vn 1.788139E-07 0.9999999 -2.702051E-07
vn 1.788139E-07 0.9999999 -2.702051E-07
vn 1.788139E-07 0.9999999 -2.702051E-07
vn 1.788139E-07 0.9999999 -2.702051E-07
vn 1.788139E-07 0.9999999 -2.702051E-07
vn 1.788139E-07 0.9999999 -2.702051E-07
vn 1.788139E-07 0.9999999 -2.702051E-07
vn 1.788139E-07 0.9999999 -2.702051E-07
vn -0.9400629 0.07153186 -0.3334139
vn -0.9710937 -0.1284351 -0.2012002
vn -0.8930838 3.813314E-08 -0.4498905
vn -0.8930837 3.813313E-08 -0.4498904
vn -0.3090184 1.158807E-07 0.951056
vn -0.3090184 1.158807E-07 0.951056
vn -0.3090184 1.158807E-07 0.951056
vn 0.715358 -0.4084113 0.5669772
vn 0.6515543 -0.5052304 0.565879
vn 0.7042975 -0.3828007 0.5978534
vn -0.9211982 -0.3828005 0.06969532
vn -0.8597342 -0.5052302 0.07482925
vn -0.9119977 -0.4084111 0.03821466
vn -0.9119976 0.4084115 0.03821444
vn -0.8597341 0.5052305 0.07482897
vn -0.9211981 0.3828009 0.06969512
vn -0.1573411 2.949743E-07 0.9875442
vn -0.1573411 2.949743E-07 0.9875442
vn -0.1573411 2.949743E-07 0.9875442
vn -0.1573411 2.949743E-07 0.9875442
vn 1.788139E-07 0.9999999 -2.702051E-07
vn 1.788139E-07 0.9999999 -2.702051E-07
vn 1.788139E-07 0.9999999 -2.702051E-07
vn 1.788139E-07 0.9999999 -2.702051E-07
vn -1.788139E-07 -0.9999999 2.702051E-07
vn -1.788139E-07 -0.9999999 2.702051E-07
vn -1.788139E-07 -0.9999999 2.702051E-07
vn -1.788139E-07 -0.9999999 2.702051E-07
vn -0.9940385 1.482874E-07 -0.1090303
vn -0.9997588 1.847049E-07 0.02196149
vn -0.9997588 1.728366E-07 -0.02196173
vn -0.9883541 1.356138E-07 -0.1521721
vn -0.9714056 1.095471E-07 -0.237426
vn -0.9601342 9.615247E-08 -0.2795392
vn -0.9320764 6.87833E-08 -0.3622617
vn -0.9152584 5.480418E-08 -0.4028673
vn -0.876722 2.680214E-08 -0.4809975
vn -0.8550502 1.278136E-08 -0.5185451
vn -0.8065996 -1.548648E-08 -0.5910981
vn -0.7797714 -2.973181E-08 -0.6260644
vn -0.722259 -5.772997E-08 -0.6916226
vn -0.6916226 -7.148635E-08 -0.7222592
vn -0.6260642 -9.874921E-08 -0.7797714
vn -0.591098 -1.122508E-07 -0.8065997
vn -0.5185449 -1.383159E-07 -0.8550503
vn -0.4809972 -1.508858E-07 -0.876722
vn -0.402867 -1.752693E-07 -0.9152585
vn -0.3622615 -1.870744E-07 -0.9320765
vn -0.279539 -2.094477E-07 -0.9601343
vn -0.2374258 -2.200237E-07 -0.9714056
vn -0.1521719 -2.398479E-07 -0.988354
vn -0.1090301 -2.490982E-07 -0.9940384
vn -0.02196149 -2.662129E-07 -0.9997588
vn 0.02196173 -2.74067E-07 -0.9997588
vn 0.1090303 -2.880904E-07 -0.9940384
vn 0.1521721 -2.942688E-07 -0.988354
vn 0.2374261 -3.049338E-07 -0.9714056
vn 0.2795392 -3.094187E-07 -0.9601341
vn 0.3622617 -3.166292E-07 -0.9320763
vn 0.4028673 -3.193458E-07 -0.9152583
vn 0.4809975 -3.229038E-07 -0.8767219
vn 0.5185452 -3.23762E-07 -0.8550501
vn 0.5910982 -3.236439E-07 -0.8065996
vn 0.6260645 -3.226473E-07 -0.7797713
vn 0.6916226 -3.188298E-07 -0.722259
vn 0.7222592 -3.160299E-07 -0.6916225
vn 0.7797715 -3.085998E-07 -0.6260642
vn 0.8065997 -3.03949E-07 -0.591098
vn 0.8550503 -2.930084E-07 -0.5185449
vn 0.8767221 -2.86738E-07 -0.4809972
vn 0.9152585 -2.725177E-07 -0.402867
vn 0.9320765 -2.645532E-07 -0.3622615
vn 0.9601343 -2.472183E-07 -0.279539
vn 0.9714056 -2.378545E-07 -0.2374258
vn 0.9883541 -2.178491E-07 -0.1521719
vn 0.9940385 -2.072084E-07 -0.1090301
vn 0.9997588 -1.847049E-07 -0.02196149
vn 0.9997588 -1.728366E-07 0.02196173
vn 0.9940385 -1.482874E-07 0.1090303
vn 0.9883541 -1.356138E-07 0.1521721
vn 0.9714056 -1.095471E-07 0.237426
vn 0.9601342 -9.615247E-08 0.2795392
vn 0.9320764 -6.87833E-08 0.3622617
vn 0.9152584 -5.480418E-08 0.4028673
vn 0.876722 -2.680214E-08 0.4809975
vn 0.8550502 -1.278136E-08 0.5185451
vn 0.8065996 1.548648E-08 0.5910981
vn 0.7797714 2.973181E-08 0.6260644
vn 0.722259 5.772997E-08 0.6916226
vn 0.6916226 7.148635E-08 0.7222592
vn 0.6260642 9.874921E-08 0.7797714
vn 0.591098 1.122508E-07 0.8065997
vn 0.5185449 1.383159E-07 0.8550503
vn 0.4809972 1.508858E-07 0.876722
vn 0.402867 1.752693E-07 0.9152585
vn 0.3622615 1.870744E-07 0.9320765
vn 0.279539 2.094477E-07 0.9601343
vn 0.2374258 2.200237E-07 0.9714056
vn 0.1521719 2.398479E-07 0.988354
vn 0.1090301 2.490982E-07 0.9940384
vn 0.02196149 2.662129E-07 0.9997588
vn -0.02196173 2.74067E-07 0.9997588
vn -0.1090303 2.880904E-07 0.9940384
vn -0.1521721 2.942688E-07 0.988354
vn -0.2374261 3.049338E-07 0.9714056
vn -0.2795392 3.094187E-07 0.9601341
vn -0.3622617 3.166292E-07 0.9320763
vn -0.4028673 3.193458E-07 0.9152583
vn -0.4809975 3.229038E-07 0.8767219
vn -0.5185452 3.23762E-07 0.8550501
vn -0.5910982 3.236439E-07 0.8065996
vn -0.6260645 3.226473E-07 0.7797713
vn -0.6916226 3.188298E-07 0.722259
vn -0.7222592 3.160299E-07 0.6916225
vn -0.7797715 3.085998E-07 0.6260642
vn -0.8065997 3.03949E-07 0.591098
vn -0.8550503 2.930084E-07 0.5185449
vn -0.8767221 2.86738E-07 0.4809972
vn -0.9152585 2.725177E-07 0.402867
vn -0.9320765 2.645532E-07 0.3622615
vn -0.9601343 2.472183E-07 0.279539
vn -0.9714056 2.378545E-07 0.2374258
vn -0.9883541 2.178491E-07 0.1521719
vn -0.9940385 2.072084E-07 0.1090301
vn -1.788139E-07 -0.9999999 2.702051E-07
vn -1.788139E-07 -0.9999999 2.702051E-07
vn -1.788139E-07 -0.9999999 2.702051E-07
vn -1.788139E-07 -0.9999999 2.702051E-07
vn -1.788139E-07 -0.9999999 2.702051E-07
vn -1.788139E-07 -0.9999999 2.702051E-07
vn -1.788139E-07 -0.9999999 2.702051E-07
vn -1.788139E-07 -0.9999999 2.702051E-07
vn -1.788139E-07 -0.9999999 2.702051E-07
vn -1.788139E-07 -0.9999999 2.702051E-07
vn -1.788139E-07 -0.9999999 2.702051E-07
vn -1.788139E-07 -0.9999999 2.702051E-07
vn -1.788139E-07 -0.9999999 2.702051E-07
vn -1.788139E-07 -0.9999999 2.702051E-07
vn -1.788139E-07 -0.9999999 2.702051E-07
vn -1.788139E-07 -0.9999999 2.702051E-07
vn -1.788139E-07 -0.9999999 2.702051E-07
vn -1.788139E-07 -0.9999999 2.702051E-07
vn -1.788139E-07 -0.9999999 2.702051E-07
vn -1.788139E-07 -0.9999999 2.702051E-07
vn -1.788139E-07 -0.9999999 2.702051E-07
vn -1.788139E-07 -0.9999999 2.702051E-07
vn -1.788139E-07 -0.9999999 2.702051E-07
vn -1.788139E-07 -0.9999999 2.702051E-07
vn -1.788139E-07 -0.9999999 2.702051E-07
vn -1.788139E-07 -0.9999999 2.702051E-07
vn -1.788139E-07 -0.9999999 2.702051E-07
vn -1.788139E-07 -0.9999999 2.702051E-07
vn -1.788139E-07 -0.9999999 2.702051E-07
vn -1.788139E-07 -0.9999999 2.702051E-07
vn -1.788139E-07 -0.9999999 2.702051E-07
vn -1.788139E-07 -0.9999999 2.702051E-07
vn -1.788139E-07 -0.9999999 2.702051E-07
vn -1.788139E-07 -0.9999999 2.702051E-07
vn -1.788139E-07 -0.9999999 2.702051E-07
vn -1.788139E-07 -0.9999999 2.702051E-07
vn -1.788139E-07 -0.9999999 2.702051E-07
vn -1.788139E-07 -0.9999999 2.702051E-07
vn -1.788139E-07 -0.9999999 2.702051E-07
vn -1.788139E-07 -0.9999999 2.702051E-07
vn -1.788139E-07 -0.9999999 2.702051E-07
vn -1.788139E-07 -0.9999999 2.702051E-07
vn -1.788139E-07 -0.9999999 2.702051E-07
vn -1.788139E-07 -0.9999999 2.702051E-07
vn -1.788139E-07 -0.9999999 2.702051E-07
vn -1.788139E-07 -0.9999999 2.702051E-07
vn -1.788139E-07 -0.9999999 2.702051E-07
vn -1.788139E-07 -0.9999999 2.702051E-07
vn -1.788139E-07 -0.9999999 2.702051E-07
vn -1.788139E-07 -0.9999999 2.702051E-07
vn -1.788139E-07 -0.9999999 2.702051E-07
vn -1.788139E-07 -0.9999999 2.702051E-07
vn -1.788139E-07 -0.9999999 2.702051E-07
vn -1.788139E-07 -0.9999999 2.702051E-07
vn -1.788139E-07 -0.9999999 2.702051E-07
vn -1.788139E-07 -0.9999999 2.702051E-07
vn -1.788139E-07 -0.9999999 2.702051E-07
vn -1.788139E-07 -0.9999999 2.702051E-07
vn -1.788139E-07 -0.9999999 2.702051E-07
vn -1.788139E-07 -0.9999999 2.702051E-07
vn -1.788139E-07 -0.9999999 2.702051E-07
vn -1.788139E-07 -0.9999999 2.702051E-07
vn -1.788139E-07 -0.9999999 2.702051E-07
vn -1.788139E-07 -0.9999999 2.702051E-07
vn -1.788139E-07 -0.9999999 2.702051E-07
vn -1.788139E-07 -0.9999999 2.702051E-07
vn -1.788139E-07 -0.9999999 2.702051E-07
vn -1.788139E-07 -0.9999999 2.702051E-07
vn -1.788139E-07 -0.9999999 2.702051E-07
vn -1.788139E-07 -0.9999999 2.702051E-07
vn -1.788139E-07 -0.9999999 2.702051E-07
vn -1.788139E-07 -0.9999999 2.702051E-07
vn -1.788139E-07 -0.9999999 2.702051E-07
vn -1.788139E-07 -0.9999999 2.702051E-07
vn -1.788139E-07 -0.9999999 2.702051E-07
vn -1.788139E-07 -0.9999999 2.702051E-07
vn -1.788139E-07 -0.9999999 2.702051E-07
vn -1.788139E-07 -0.9999999 2.702051E-07
vn -1.788139E-07 -0.9999999 2.702051E-07
vn -1.788139E-07 -0.9999999 2.702051E-07
vn -1.788139E-07 -0.9999999 2.702051E-07
vn -1.788139E-07 -0.9999999 2.702051E-07
vn -1.788139E-07 -0.9999999 2.702051E-07
vn -1.788139E-07 -0.9999999 2.702051E-07
vn -1.788139E-07 -0.9999999 2.702051E-07
vn -1.788139E-07 -0.9999999 2.702051E-07
vn -1.788139E-07 -0.9999999 2.702051E-07
vn -1.788139E-07 -0.9999999 2.702051E-07
vn -1.788139E-07 -0.9999999 2.702051E-07
vn -1.788139E-07 -0.9999999 2.702051E-07
vn -1.788139E-07 -0.9999999 2.702051E-07
vn -1.788139E-07 -0.9999999 2.702051E-07
vn -1.788139E-07 -0.9999999 2.702051E-07
vn -1.788139E-07 -0.9999999 2.702051E-07
vn -1.788139E-07 -0.9999999 2.702051E-07
vn -1.788139E-07 -0.9999999 2.702051E-07
vn 1.788139E-07 0.9999999 -2.702051E-07
vn 1.788139E-07 0.9999999 -2.702051E-07
vn 1.788139E-07 0.9999999 -2.702051E-07
vn 1.788139E-07 0.9999999 -2.702051E-07
vn 1.788139E-07 0.9999999 -2.702051E-07
vn 1.788139E-07 0.9999999 -2.702051E-07
vn 1.788139E-07 0.9999999 -2.702051E-07
vn 1.788139E-07 0.9999999 -2.702051E-07
vn 1.788139E-07 0.9999999 -2.702051E-07
vn 1.788139E-07 0.9999999 -2.702051E-07
vn 1.788139E-07 0.9999999 -2.702051E-07
vn 1.788139E-07 0.9999999 -2.702051E-07
vn 1.788139E-07 0.9999999 -2.702051E-07
vn 1.788139E-07 0.9999999 -2.702051E-07
vn 1.788139E-07 0.9999999 -2.702051E-07
vn 1.788139E-07 0.9999999 -2.702051E-07
vn 1.788139E-07 0.9999999 -2.702051E-07
vn 1.788139E-07 0.9999999 -2.702051E-07
vn 1.788139E-07 0.9999999 -2.702051E-07
vn 1.788139E-07 0.9999999 -2.702051E-07
vn 1.788139E-07 0.9999999 -2.702051E-07
vn 1.788139E-07 0.9999999 -2.702051E-07
vn 1.788139E-07 0.9999999 -2.702051E-07
vn 1.788139E-07 0.9999999 -2.702051E-07
vn 1.788139E-07 0.9999999 -2.702051E-07
vn 1.788139E-07 0.9999999 -2.702051E-07
vn 1.788139E-07 0.9999999 -2.702051E-07
vn 1.788139E-07 0.9999999 -2.702051E-07
vn 1.788139E-07 0.9999999 -2.702051E-07
vn 1.788139E-07 0.9999999 -2.702051E-07
vn 1.788139E-07 0.9999999 -2.702051E-07
vn 1.788139E-07 0.9999999 -2.702051E-07
vn 1.788139E-07 0.9999999 -2.702051E-07
vn 1.788139E-07 0.9999999 -2.702051E-07
vn 1.788139E-07 0.9999999 -2.702051E-07
vn 1.788139E-07 0.9999999 -2.702051E-07
vn 1.788139E-07 0.9999999 -2.702051E-07
vn 1.788139E-07 0.9999999 -2.702051E-07
vn 1.788139E-07 0.9999999 -2.702051E-07
vn 1.788139E-07 0.9999999 -2.702051E-07
vn 1.788139E-07 0.9999999 -2.702051E-07
vn 1.788139E-07 0.9999999 -2.702051E-07
vn 1.788139E-07 0.9999999 -2.702051E-07
vn 1.788139E-07 0.9999999 -2.702051E-07
vn 1.788139E-07 0.9999999 -2.702051E-07
vn 1.788139E-07 0.9999999 -2.702051E-07
vn 1.788139E-07 0.9999999 -2.702051E-07
vn 1.788139E-07 0.9999999 -2.702051E-07
vn 1.788139E-07 0.9999999 -2.702051E-07
vn 1.788139E-07 0.9999999 -2.702051E-07
vn 1.788139E-07 0.9999999 -2.702051E-07
vn 1.788139E-07 0.9999999 -2.702051E-07
vn 1.788139E-07 0.9999999 -2.702051E-07
vn 1.788139E-07 0.9999999 -2.702051E-07
vn 1.788139E-07 0.9999999 -2.702051E-07
vn 1.788139E-07 0.9999999 -2.702051E-07
vn 1.788139E-07 0.9999999 -2.702051E-07
vn 1.788139E-07 0.9999999 -2.702051E-07
vn 1.788139E-07 0.9999999 -2.702051E-07
vn 1.788139E-07 0.9999999 -2.702051E-07
vn 1.788139E-07 0.9999999 -2.702051E-07
vn 1.788139E-07 0.9999999 -2.702051E-07
vn 1.788139E-07 0.9999999 -2.702051E-07
vn 1.788139E-07 0.9999999 -2.702051E-07
vn 1.788139E-07 0.9999999 -2.702051E-07
vn 1.788139E-07 0.9999999 -2.702051E-07
vn 1.788139E-07 0.9999999 -2.702051E-07
vn 1.788139E-07 0.9999999 -2.702051E-07
vn 1.788139E-07 0.9999999 -2.702051E-07
vn 1.788139E-07 0.9999999 -2.702051E-07
vn 1.788139E-07 0.9999999 -2.702051E-07
vn 1.788139E-07 0.9999999 -2.702051E-07
vn 1.788139E-07 0.9999999 -2.702051E-07
vn 1.788139E-07 0.9999999 -2.702051E-07
vn 1.788139E-07 0.9999999 -2.702051E-07
vn 1.788139E-07 0.9999999 -2.702051E-07
vn 1.788139E-07 0.9999999 -2.702051E-07
vn 1.788139E-07 0.9999999 -2.702051E-07
vn 1.788139E-07 0.9999999 -2.702051E-07
vn 1.788139E-07 0.9999999 -2.702051E-07
vn 1.788139E-07 0.9999999 -2.702051E-07
vn 1.788139E-07 0.9999999 -2.702051E-07
vn 1.788139E-07 0.9999999 -2.702051E-07
vn 1.788139E-07 0.9999999 -2.702051E-07
vn 1.788139E-07 0.9999999 -2.702051E-07
vn 1.788139E-07 0.9999999 -2.702051E-07
vn 1.788139E-07 0.9999999 -2.702051E-07
vn 1.788139E-07 0.9999999 -2.702051E-07
vn 1.788139E-07 0.9999999 -2.702051E-07
vn 1.788139E-07 0.9999999 -2.702051E-07
vn 1.788139E-07 0.9999999 -2.702051E-07
vn 1.788139E-07 0.9999999 -2.702051E-07
vn 1.788139E-07 0.9999999 -2.702051E-07
vn 1.788139E-07 0.9999999 -2.702051E-07
vn 1.788139E-07 0.9999999 -2.702051E-07
vn 1.788139E-07 0.9999999 -2.702051E-07
vn -1.788139E-07 -0.9999999 2.702051E-07
vn -1.788139E-07 -0.9999999 2.702051E-07
vn -1.788139E-07 -0.9999999 2.702051E-07
vn -1.788139E-07 -0.9999999 2.702051E-07
vn -1.788139E-07 -0.9999999 2.702051E-07
vn -1.788139E-07 -0.9999999 2.702051E-07
vn -1.788139E-07 -0.9999999 2.702051E-07
vn -1.788139E-07 -0.9999999 2.702051E-07
vn -1.788139E-07 -0.9999999 2.702051E-07
vn -1.788139E-07 -0.9999999 2.702051E-07
vn -1.788139E-07 -0.9999999 2.702051E-07
vn -1.788139E-07 -0.9999999 2.702051E-07
vn -1.788139E-07 -0.9999999 2.702051E-07
vn -1.788139E-07 -0.9999999 2.702051E-07
vn -1.788139E-07 -0.9999999 2.702051E-07
vn -1.788139E-07 -0.9999999 2.702051E-07
vn -1.788139E-07 -0.9999999 2.702051E-07
vn -1.788139E-07 -0.9999999 2.702051E-07
vn -1.788139E-07 -0.9999999 2.702051E-07
vn -1.788139E-07 -0.9999999 2.702051E-07
vn -1.788139E-07 -0.9999999 2.702051E-07
vn -1.788139E-07 -0.9999999 2.702051E-07
vn -1.788139E-07 -0.9999999 2.702051E-07
vn -1.788139E-07 -0.9999999 2.702051E-07
vn -1.788139E-07 -0.9999999 2.702051E-07
vn -1.788139E-07 -0.9999999 2.702051E-07
vn -1.788139E-07 -0.9999999 2.702051E-07
vn -1.788139E-07 -0.9999999 2.702051E-07
vn -1.788139E-07 -0.9999999 2.702051E-07
vn -1.788139E-07 -0.9999999 2.702051E-07
vn -1.788139E-07 -0.9999999 2.702051E-07
vn -1.788139E-07 -0.9999999 2.702051E-07
vn -1.788139E-07 -0.9999999 2.702051E-07
vn -1.788139E-07 -0.9999999 2.702051E-07
vn -1.788139E-07 -0.9999999 2.702051E-07
vn -1.788139E-07 -0.9999999 2.702051E-07
vn -1.788139E-07 -0.9999999 2.702051E-07
vn -1.788139E-07 -0.9999999 2.702051E-07
vn -1.788139E-07 -0.9999999 2.702051E-07
vn -1.788139E-07 -0.9999999 2.702051E-07
vn -1.788139E-07 -0.9999999 2.702051E-07
vn -1.788139E-07 -0.9999999 2.702051E-07
vn -1.788139E-07 -0.9999999 2.702051E-07
vn -1.788139E-07 -0.9999999 2.702051E-07
vn -1.788139E-07 -0.9999999 2.702051E-07
vn -1.788139E-07 -0.9999999 2.702051E-07
vn -1.788139E-07 -0.9999999 2.702051E-07
vn -1.788139E-07 -0.9999999 2.702051E-07
vn -1.788139E-07 -0.9999999 2.702051E-07
vn -1.788139E-07 -0.9999999 2.702051E-07
vn -1.788139E-07 -0.9999999 2.702051E-07
vn -1.788139E-07 -0.9999999 2.702051E-07
vn -1.788139E-07 -0.9999999 2.702051E-07
vn -1.788139E-07 -0.9999999 2.702051E-07
vn -1.788139E-07 -0.9999999 2.702051E-07
vn -1.788139E-07 -0.9999999 2.702051E-07
vn -1.788139E-07 -0.9999999 2.702051E-07
vn -1.788139E-07 -0.9999999 2.702051E-07
vn -1.788139E-07 -0.9999999 2.702051E-07
vn -1.788139E-07 -0.9999999 2.702051E-07
vn -1.788139E-07 -0.9999999 2.702051E-07
vn -1.788139E-07 -0.9999999 2.702051E-07
vn -1.788139E-07 -0.9999999 2.702051E-07
vn -1.788139E-07 -0.9999999 2.702051E-07
vn -1.788139E-07 -0.9999999 2.702051E-07
vn -1.788139E-07 -0.9999999 2.702051E-07
vn -1.788139E-07 -0.9999999 2.702051E-07
vn -1.788139E-07 -0.9999999 2.702051E-07
vn -1.788139E-07 -0.9999999 2.702051E-07
vn -1.788139E-07 -0.9999999 2.702051E-07
vn -1.788139E-07 -0.9999999 2.702051E-07
vn -1.788139E-07 -0.9999999 2.702051E-07
vn -1.788139E-07 -0.9999999 2.702051E-07
vn -1.788139E-07 -0.9999999 2.702051E-07
vn -1.788139E-07 -0.9999999 2.702051E-07
vn -1.788139E-07 -0.9999999 2.702051E-07
vn -1.788139E-07 -0.9999999 2.702051E-07
vn -1.788139E-07 -0.9999999 2.702051E-07
vn -1.788139E-07 -0.9999999 2.702051E-07
vn -1.788139E-07 -0.9999999 2.702051E-07
vn -1.788139E-07 -0.9999999 2.702051E-07
vn -1.788139E-07 -0.9999999 2.702051E-07
vn -1.788139E-07 -0.9999999 2.702051E-07
vn -1.788139E-07 -0.9999999 2.702051E-07
vn -1.788139E-07 -0.9999999 2.702051E-07
vn -1.788139E-07 -0.9999999 2.702051E-07
vn -1.788139E-07 -0.9999999 2.702051E-07
vn -1.788139E-07 -0.9999999 2.702051E-07
vn -1.788139E-07 -0.9999999 2.702051E-07
vn -1.788139E-07 -0.9999999 2.702051E-07
vn -1.788139E-07 -0.9999999 2.702051E-07
vn -1.788139E-07 -0.9999999 2.702051E-07
vn -1.788139E-07 -0.9999999 2.702051E-07
vn -1.788139E-07 -0.9999999 2.702051E-07
vn -1.788139E-07 -0.9999999 2.702051E-07
vn -1.788139E-07 -0.9999999 2.702051E-07
vn 1.788139E-07 0.9999999 -2.702051E-07
vn 1.788139E-07 0.9999999 -2.702051E-07
vn 1.788139E-07 0.9999999 -2.702051E-07
vn 1.788139E-07 0.9999999 -2.702051E-07
vn 1.788139E-07 0.9999999 -2.702051E-07
vn 1.788139E-07 0.9999999 -2.702051E-07
vn 1.788139E-07 0.9999999 -2.702051E-07
vn 1.788139E-07 0.9999999 -2.702051E-07
vn 1.788139E-07 0.9999999 -2.702051E-07
vn 1.788139E-07 0.9999999 -2.702051E-07
vn 1.788139E-07 0.9999999 -2.702051E-07
vn 1.788139E-07 0.9999999 -2.702051E-07
vn 1.788139E-07 0.9999999 -2.702051E-07
vn 1.788139E-07 0.9999999 -2.702051E-07
vn 1.788139E-07 0.9999999 -2.702051E-07
vn 1.788139E-07 0.9999999 -2.702051E-07
vn 1.788139E-07 0.9999999 -2.702051E-07
vn 1.788139E-07 0.9999999 -2.702051E-07
vn 1.788139E-07 0.9999999 -2.702051E-07
vn 1.788139E-07 0.9999999 -2.702051E-07
vn 1.788139E-07 0.9999999 -2.702051E-07
vn 1.788139E-07 0.9999999 -2.702051E-07
vn 1.788139E-07 0.9999999 -2.702051E-07
vn 1.788139E-07 0.9999999 -2.702051E-07
vn 1.788139E-07 0.9999999 -2.702051E-07
vn 1.788139E-07 0.9999999 -2.702051E-07
vn 1.788139E-07 0.9999999 -2.702051E-07
vn 1.788139E-07 0.9999999 -2.702051E-07
vn 1.788139E-07 0.9999999 -2.702051E-07
vn 1.788139E-07 0.9999999 -2.702051E-07
vn 1.788139E-07 0.9999999 -2.702051E-07
vn 1.788139E-07 0.9999999 -2.702051E-07
vn 1.788139E-07 0.9999999 -2.702051E-07
vn 1.788139E-07 0.9999999 -2.702051E-07
vn 1.788139E-07 0.9999999 -2.702051E-07
vn 1.788139E-07 0.9999999 -2.702051E-07
vn 1.788139E-07 0.9999999 -2.702051E-07
vn 1.788139E-07 0.9999999 -2.702051E-07
vn 1.788139E-07 0.9999999 -2.702051E-07
vn 1.788139E-07 0.9999999 -2.702051E-07
vn 1.788139E-07 0.9999999 -2.702051E-07
vn 1.788139E-07 0.9999999 -2.702051E-07
vn 1.788139E-07 0.9999999 -2.702051E-07
vn 1.788139E-07 0.9999999 -2.702051E-07
vn 1.788139E-07 0.9999999 -2.702051E-07
vn 1.788139E-07 0.9999999 -2.702051E-07
vn 1.788139E-07 0.9999999 -2.702051E-07
vn 1.788139E-07 0.9999999 -2.702051E-07
vn 1.788139E-07 0.9999999 -2.702051E-07
vn 1.788139E-07 0.9999999 -2.702051E-07
vn 1.788139E-07 0.9999999 -2.702051E-07
vn 1.788139E-07 0.9999999 -2.702051E-07
vn 1.788139E-07 0.9999999 -2.702051E-07
vn 1.788139E-07 0.9999999 -2.702051E-07
vn 1.788139E-07 0.9999999 -2.702051E-07
vn 1.788139E-07 0.9999999 -2.702051E-07
vn 1.788139E-07 0.9999999 -2.702051E-07
vn 1.788139E-07 0.9999999 -2.702051E-07
vn 1.788139E-07 0.9999999 -2.702051E-07
vn 1.788139E-07 0.9999999 -2.702051E-07
vn 1.788139E-07 0.9999999 -2.702051E-07
vn 1.788139E-07 0.9999999 -2.702051E-07
vn 1.788139E-07 0.9999999 -2.702051E-07
vn 1.788139E-07 0.9999999 -2.702051E-07
vn 1.788139E-07 0.9999999 -2.702051E-07
vn 1.788139E-07 0.9999999 -2.702051E-07
vn 1.788139E-07 0.9999999 -2.702051E-07
vn 1.788139E-07 0.9999999 -2.702051E-07
vn 1.788139E-07 0.9999999 -2.702051E-07
vn 1.788139E-07 0.9999999 -2.702051E-07
vn 1.788139E-07 0.9999999 -2.702051E-07
vn 1.788139E-07 0.9999999 -2.702051E-07
vn 1.788139E-07 0.9999999 -2.702051E-07
vn 1.788139E-07 0.9999999 -2.702051E-07
vn 1.788139E-07 0.9999999 -2.702051E-07
vn 1.788139E-07 0.9999999 -2.702051E-07
vn 1.788139E-07 0.9999999 -2.702051E-07
vn 1.788139E-07 0.9999999 -2.702051E-07
vn 1.788139E-07 0.9999999 -2.702051E-07
vn 1.788139E-07 0.9999999 -2.702051E-07
vn 1.788139E-07 0.9999999 -2.702051E-07
vn 1.788139E-07 0.9999999 -2.702051E-07
vn 1.788139E-07 0.9999999 -2.702051E-07
vn 1.788139E-07 0.9999999 -2.702051E-07
vn 1.788139E-07 0.9999999 -2.702051E-07
vn 1.788139E-07 0.9999999 -2.702051E-07
vn 1.788139E-07 0.9999999 -2.702051E-07
vn 1.788139E-07 0.9999999 -2.702051E-07
vn 1.788139E-07 0.9999999 -2.702051E-07
vn 1.788139E-07 0.9999999 -2.702051E-07
vn 1.788139E-07 0.9999999 -2.702051E-07
vn 1.788139E-07 0.9999999 -2.702051E-07
vn 1.788139E-07 0.9999999 -2.702051E-07
vn 1.788139E-07 0.9999999 -2.702051E-07
vn 1.788139E-07 0.9999999 -2.702051E-07
vn 1.788139E-07 0.9999999 -2.702051E-07
vn 0.9940384 -1.482874E-07 0.1090304
vn 0.9997588 -1.847049E-07 -0.0219614
vn 0.9997588 -1.728367E-07 0.02196164
vn 0.988354 -1.356137E-07 0.1521725
vn 0.9714056 -1.09547E-07 0.2374265
vn 0.9601342 -9.615244E-08 0.2795393
vn 0.9320765 -6.878338E-08 0.3622614
vn 0.9152586 -5.48043E-08 0.4028669
vn 0.876722 -2.68022E-08 0.4809973
vn 0.8550502 -1.278135E-08 0.5185452
vn 0.8065996 1.548649E-08 0.5910982
vn 0.7797714 2.973178E-08 0.6260644
vn 0.722259 5.772997E-08 0.6916226
vn 0.6916225 7.148637E-08 0.7222592
vn 0.6260642 9.874924E-08 0.7797715
vn 0.591098 1.122508E-07 0.8065996
vn 0.518545 1.383159E-07 0.8550503
vn 0.4809971 1.508858E-07 0.876722
vn 0.4028667 1.752694E-07 0.9152586
vn 0.3622612 1.870745E-07 0.9320765
vn 0.2795391 2.094477E-07 0.9601343
vn 0.2374263 2.200236E-07 0.9714056
vn 0.1521723 2.398477E-07 0.9883539
vn 0.1090301 2.490981E-07 0.9940383
vn 0.0219614 2.662129E-07 0.9997588
vn -0.02196164 2.74067E-07 0.9997588
vn -0.1090304 2.880904E-07 0.9940383
vn -0.1521725 2.942688E-07 0.9883539
vn -0.2374265 3.049339E-07 0.9714055
vn -0.2795393 3.094187E-07 0.9601341
vn -0.3622614 3.166292E-07 0.9320764
vn -0.4028669 3.193458E-07 0.9152585
vn -0.4809973 3.229038E-07 0.8767219
vn -0.5185452 3.23762E-07 0.8550501
vn -0.5910982 3.236439E-07 0.8065996
vn -0.6260644 3.226473E-07 0.7797714
vn -0.6916226 3.188298E-07 0.722259
vn -0.7222592 3.160299E-07 0.6916224
vn -0.7797716 3.085998E-07 0.6260642
vn -0.8065997 3.03949E-07 0.591098
vn -0.8550503 2.930084E-07 0.518545
vn -0.8767221 2.86738E-07 0.4809971
vn -0.9152587 2.725176E-07 0.4028667
vn -0.9320766 2.645531E-07 0.3622612
vn -0.9601344 2.472183E-07 0.2795391
vn -0.9714056 2.378546E-07 0.2374263
vn -0.988354 2.178492E-07 0.1521723
vn -0.9940384 2.072084E-07 0.1090301
vn -0.9997588 1.847049E-07 0.0219614
vn -0.9997588 1.728367E-07 -0.02196164
vn -0.9940384 1.482874E-07 -0.1090304
vn -0.988354 1.356137E-07 -0.1521725
vn -0.9714056 1.09547E-07 -0.2374265
vn -0.9601342 9.615244E-08 -0.2795393
vn -0.9320765 6.878338E-08 -0.3622614
vn -0.9152586 5.48043E-08 -0.4028669
vn -0.876722 2.68022E-08 -0.4809973
vn -0.8550502 1.278135E-08 -0.5185452
vn -0.8065996 -1.548649E-08 -0.5910982
vn -0.7797714 -2.973178E-08 -0.6260644
vn -0.722259 -5.772997E-08 -0.6916226
vn -0.6916225 -7.148637E-08 -0.7222592
vn -0.6260642 -9.874924E-08 -0.7797715
vn -0.591098 -1.122508E-07 -0.8065996
vn -0.518545 -1.383159E-07 -0.8550503
vn -0.4809971 -1.508858E-07 -0.876722
vn -0.4028667 -1.752694E-07 -0.9152586
vn -0.3622612 -1.870745E-07 -0.9320765
vn -0.2795391 -2.094477E-07 -0.9601343
vn -0.2374263 -2.200236E-07 -0.9714056
vn -0.1521723 -2.398477E-07 -0.9883539
vn -0.1090301 -2.490981E-07 -0.9940383
vn -0.0219614 -2.662129E-07 -0.9997588
vn 0.02196164 -2.74067E-07 -0.9997588
vn 0.1090304 -2.880904E-07 -0.9940383
vn 0.1521725 -2.942688E-07 -0.9883539
vn 0.2374265 -3.049339E-07 -0.9714055
vn 0.2795393 -3.094187E-07 -0.9601341
vn 0.3622614 -3.166292E-07 -0.9320764
vn 0.4028669 -3.193458E-07 -0.9152585
vn 0.4809973 -3.229038E-07 -0.8767219
vn 0.5185452 -3.23762E-07 -0.8550501
vn 0.5910982 -3.236439E-07 -0.8065996
vn 0.6260644 -3.226473E-07 -0.7797714
vn 0.6916226 -3.188298E-07 -0.722259
vn 0.7222592 -3.160299E-07 -0.6916224
vn 0.7797716 -3.085998E-07 -0.6260642
vn 0.8065997 -3.03949E-07 -0.591098
vn 0.8550503 -2.930084E-07 -0.518545
vn 0.8767221 -2.86738E-07 -0.4809971
vn 0.9152587 -2.725176E-07 -0.4028667
vn 0.9320766 -2.645531E-07 -0.3622612
vn 0.9601344 -2.472183E-07 -0.2795391
vn 0.9714056 -2.378546E-07 -0.2374263
vn 0.988354 -2.178492E-07 -0.1521723
vn 0.9940384 -2.072084E-07 -0.1090301
vn -1.788139E-07 -0.9999999 2.702051E-07
vn -1.788139E-07 -0.9999999 2.702051E-07
vn -1.788139E-07 -0.9999999 2.702051E-07
vn -1.788139E-07 -0.9999999 2.702051E-07
vn -0.195173 2.999084E-07 0.9807688
vn -0.195173 2.999084E-07 0.9807688
vn -0.195173 2.999084E-07 0.9807688
vn -0.195173 2.999084E-07 0.9807688
vn -1 1.788139E-07 -1.192093E-07
vn -1 1.788139E-07 -1.192093E-07
vn -1 1.788139E-07 -1.192093E-07
vn -1 1.788139E-07 -1.192093E-07
vn -1 1.788139E-07 -1.192093E-07
vn -1 1.788139E-07 -1.192093E-07
vn -1 1.788139E-07 -1.192093E-07
vn -1 1.788139E-07 -1.192093E-07
vn 1.788139E-07 0.9999999 -2.702051E-07
vn 1.788139E-07 0.9999999 -2.702051E-07
vn 1.788139E-07 0.9999999 -2.702051E-07
vn 1.788139E-07 0.9999999 -2.702051E-07
vn -0.195173 2.999084E-07 0.9807688
vn -0.195173 2.999084E-07 0.9807688
vn -0.195173 2.999084E-07 0.9807688
vn -0.195173 2.999084E-07 0.9807688
vn -1 1.788139E-07 -1.192093E-07
vn -1 1.788139E-07 -1.192093E-07
vn -1 1.788139E-07 -1.192093E-07
vn -1 1.788139E-07 -1.192093E-07
vn -1.788139E-07 -0.9999999 2.702051E-07
vn -1.788139E-07 -0.9999999 2.702051E-07
vn -1.788139E-07 -0.9999999 2.702051E-07
vn -1.788139E-07 -0.9999999 2.702051E-07
vn 0.1951728 2.301091E-07 0.9807688
vn 0.1951728 2.301091E-07 0.9807688
vn 0.1951728 2.301091E-07 0.9807688
vn 0.1951728 2.301091E-07 0.9807688
vn 1 -1.788139E-07 1.192093E-07
vn 1 -1.788139E-07 1.192093E-07
vn 1 -1.788139E-07 1.192093E-07
vn 1 -1.788139E-07 1.192093E-07
vn 1 -1.788139E-07 1.192093E-07
vn 1 -1.788139E-07 1.192093E-07
vn 1 -1.788139E-07 1.192093E-07
vn 1 -1.788139E-07 1.192093E-07
vn 1.788139E-07 0.9999999 -2.702051E-07
vn 1.788139E-07 0.9999999 -2.702051E-07
vn 1.788139E-07 0.9999999 -2.702051E-07
vn 1.788139E-07 0.9999999 -2.702051E-07
vn 0.1951728 2.301091E-07 0.9807688
vn 0.1951728 2.301091E-07 0.9807688
vn 0.1951728 2.301091E-07 0.9807688
vn 0.1951728 2.301091E-07 0.9807688
vn 1 -1.788139E-07 1.192093E-07
vn 1 -1.788139E-07 1.192093E-07
vn 1 -1.788139E-07 1.192093E-07
vn 1 -1.788139E-07 1.192093E-07
vn 0.9940384 -1.482874E-07 0.1090303
vn 0.9978356 -1.606588E-07 0.06575777
vn 0.9978356 -1.606588E-07 0.06575777
vn 0.988354 -1.356137E-07 0.1521725
vn 0.9714055 -1.09547E-07 0.2374265
vn 0.9601343 -9.615243E-08 0.2795393
vn 0.9320764 -6.878332E-08 0.3622616
vn 0.9152584 -5.480421E-08 0.4028671
vn 0.876722 -2.680221E-08 0.4809973
vn 0.8550504 -1.278144E-08 0.5185449
vn 0.8065997 1.548641E-08 0.591098
vn 0.7797713 2.97318E-08 0.6260644
vn 0.722259 5.773002E-08 0.6916227
vn 0.6916226 7.148633E-08 0.7222591
vn 0.6260642 9.87492E-08 0.7797714
vn 0.5910978 1.122509E-07 0.8065998
vn 0.5185447 1.38316E-07 0.8550504
vn 0.4809971 1.508858E-07 0.8767221
vn 0.4028669 1.752693E-07 0.9152585
vn 0.3622614 1.870744E-07 0.9320765
vn 0.2795391 2.094477E-07 0.9601343
vn 0.2374262 2.200236E-07 0.9714055
vn 0.1521722 2.398478E-07 0.988354
vn 0.10903 2.490982E-07 0.9940385
vn 0.06575754 2.578619E-07 0.9978355
vn 0.06575754 2.578619E-07 0.9978355
vn -1.192092E-07 2.702051E-07 0.9999999
vn -1.192092E-07 2.702051E-07 0.9999999
vn -1.192092E-07 2.702051E-07 0.9999999
vn -1.192092E-07 2.702051E-07 0.9999999
vn 0.9999999 -1.788139E-07 1.192093E-07
vn 0.9999999 -1.788139E-07 1.192093E-07
vn 0.9999999 -1.788139E-07 1.192093E-07
vn 0.9999999 -1.788139E-07 1.192093E-07
vn -1.788139E-07 -0.9999999 2.702051E-07
vn -1.788139E-07 -0.9999999 2.702051E-07
vn -1.788139E-07 -0.9999999 2.702051E-07
vn -1.788139E-07 -0.9999999 2.702051E-07
vn 0.9807689 -1.226384E-07 0.195173
vn 0.9807689 -1.226384E-07 0.195173
vn 0.9807689 -1.226384E-07 0.195173
vn 0.9807689 -1.226384E-07 0.195173
vn -1.192092E-07 2.702051E-07 0.9999999
vn -1.192092E-07 2.702051E-07 0.9999999
vn -1.192092E-07 2.702051E-07 0.9999999
vn -1.192092E-07 2.702051E-07 0.9999999
vn -1.192092E-07 2.702051E-07 0.9999999
vn -1.192092E-07 2.702051E-07 0.9999999
vn -1.192092E-07 2.702051E-07 0.9999999
vn -1.192092E-07 2.702051E-07 0.9999999
vn 1.788139E-07 0.9999999 -2.702051E-07
vn 1.788139E-07 0.9999999 -2.702051E-07
vn 1.788139E-07 0.9999999 -2.702051E-07
vn 1.788139E-07 0.9999999 -2.702051E-07
vn 0.9807689 -1.226384E-07 0.195173
vn 0.9807689 -1.226384E-07 0.195173
vn 0.9807689 -1.226384E-07 0.195173
vn 0.9807689 -1.226384E-07 0.195173
vn -1.192092E-07 2.702051E-07 0.9999999
vn -1.192092E-07 2.702051E-07 0.9999999
vn -1.192092E-07 2.702051E-07 0.9999999
vn -1.192092E-07 2.702051E-07 0.9999999
vn -1.788139E-07 -0.9999999 2.702051E-07
vn -1.788139E-07 -0.9999999 2.702051E-07
vn -1.788139E-07 -0.9999999 2.702051E-07
vn -1.788139E-07 -0.9999999 2.702051E-07
vn 0.9807689 -2.281118E-07 -0.1951727
vn 0.9807689 -2.281118E-07 -0.1951727
vn 0.9807689 -2.281118E-07 -0.1951727
vn 0.9807689 -2.281118E-07 -0.1951727
vn 1.192092E-07 -2.702051E-07 -0.9999999
vn 1.192092E-07 -2.702051E-07 -0.9999999
vn 1.192092E-07 -2.702051E-07 -0.9999999
vn 1.192092E-07 -2.702051E-07 -0.9999999
vn 1.192092E-07 -2.702051E-07 -0.9999999
vn 1.192092E-07 -2.702051E-07 -0.9999999
vn 1.192092E-07 -2.702051E-07 -0.9999999
vn 1.192092E-07 -2.702051E-07 -0.9999999
vn 1.788139E-07 0.9999999 -2.702051E-07
vn 1.788139E-07 0.9999999 -2.702051E-07
vn 1.788139E-07 0.9999999 -2.702051E-07
vn 1.788139E-07 0.9999999 -2.702051E-07
vn 0.9807689 -2.281118E-07 -0.1951727
vn 0.9807689 -2.281118E-07 -0.1951727
vn 0.9807689 -2.281118E-07 -0.1951727
vn 0.9807689 -2.281118E-07 -0.1951727
vn 1.192092E-07 -2.702051E-07 -0.9999999
vn 1.192092E-07 -2.702051E-07 -0.9999999
vn 1.192092E-07 -2.702051E-07 -0.9999999
vn 1.192092E-07 -2.702051E-07 -0.9999999
vn 1.192092E-07 -2.702051E-07 -0.9999999
vn 1.192092E-07 -2.702051E-07 -0.9999999
vn 1.192092E-07 -2.702051E-07 -0.9999999
vn 1.192092E-07 -2.702051E-07 -0.9999999
vn 0.1090303 -2.880903E-07 -0.9940383
vn 0.06575778 -2.813786E-07 -0.9978355
vn 0.06575778 -2.813786E-07 -0.9978355
vn 0.1521725 -2.942688E-07 -0.988354
vn 0.2374265 -3.049338E-07 -0.9714054
vn 0.2795394 -3.094187E-07 -0.9601342
vn 0.3622616 -3.166292E-07 -0.9320763
vn 0.4028672 -3.193457E-07 -0.9152583
vn 0.4809973 -3.229038E-07 -0.876722
vn 0.518545 -3.23762E-07 -0.8550503
vn 0.591098 -3.236439E-07 -0.8065997
vn 0.6260644 -3.226472E-07 -0.7797713
vn 0.6916227 -3.188298E-07 -0.7222589
vn 0.7222591 -3.160299E-07 -0.6916226
vn 0.7797714 -3.085997E-07 -0.6260642
vn 0.8065999 -3.039489E-07 -0.5910978
vn 0.8550505 -2.930084E-07 -0.5185447
vn 0.8767222 -2.86738E-07 -0.4809971
vn 0.9152585 -2.725177E-07 -0.4028669
vn 0.9320765 -2.645531E-07 -0.3622614
vn 0.9601344 -2.472183E-07 -0.2795391
vn 0.9714055 -2.378546E-07 -0.2374262
vn 0.988354 -2.178492E-07 -0.1521722
vn 0.9940385 -2.072084E-07 -0.10903
vn 0.9978356 -1.961949E-07 -0.06575754
vn 0.9978356 -1.961949E-07 -0.06575754
vn 0.9999999 -1.788139E-07 1.192093E-07
vn 0.9999999 -1.788139E-07 1.192093E-07
vn 0.9999999 -1.788139E-07 1.192093E-07
vn 0.9999999 -1.788139E-07 1.192093E-07
vn -1.788139E-07 -0.9999999 2.702051E-07
vn -1.788139E-07 -0.9999999 2.702051E-07
vn -1.788139E-07 -0.9999999 2.702051E-07
vn -1.788139E-07 -0.9999999 2.702051E-07
vn 0.195173 -2.999084E-07 -0.9807688
vn 0.195173 -2.999084E-07 -0.9807688
vn 0.195173 -2.999084E-07 -0.9807688
vn 0.195173 -2.999084E-07 -0.9807688
vn 1 -1.788139E-07 1.192093E-07
vn 1 -1.788139E-07 1.192093E-07
vn 1 -1.788139E-07 1.192093E-07
vn 1 -1.788139E-07 1.192093E-07
vn 1 -1.788139E-07 1.192093E-07
vn 1 -1.788139E-07 1.192093E-07
vn 1 -1.788139E-07 1.192093E-07
vn 1 -1.788139E-07 1.192093E-07
vn 1.788139E-07 0.9999999 -2.702051E-07
vn 1.788139E-07 0.9999999 -2.702051E-07
vn 1.788139E-07 0.9999999 -2.702051E-07
vn 1.788139E-07 0.9999999 -2.702051E-07
vn 0.195173 -2.999084E-07 -0.9807688
vn 0.195173 -2.999084E-07 -0.9807688
vn 0.195173 -2.999084E-07 -0.9807688
vn 0.195173 -2.999084E-07 -0.9807688
vn 1 -1.788139E-07 1.192093E-07
vn 1 -1.788139E-07 1.192093E-07
vn 1 -1.788139E-07 1.192093E-07
vn 1 -1.788139E-07 1.192093E-07
vn -1.788139E-07 -0.9999999 2.702051E-07
vn -1.788139E-07 -0.9999999 2.702051E-07
vn -1.788139E-07 -0.9999999 2.702051E-07
vn -1.788139E-07 -0.9999999 2.702051E-07
vn -0.1951728 -2.301091E-07 -0.9807688
vn -0.1951728 -2.301091E-07 -0.9807688
vn -0.1951728 -2.301091E-07 -0.9807688
vn -0.1951728 -2.301091E-07 -0.9807688
vn -1 1.788139E-07 -1.192093E-07
vn -1 1.788139E-07 -1.192093E-07
vn -1 1.788139E-07 -1.192093E-07
vn -1 1.788139E-07 -1.192093E-07
vn -1 1.788139E-07 -1.192093E-07
vn -1 1.788139E-07 -1.192093E-07
vn -1 1.788139E-07 -1.192093E-07
vn -1 1.788139E-07 -1.192093E-07
vn 1.788139E-07 0.9999999 -2.702051E-07
vn 1.788139E-07 0.9999999 -2.702051E-07
vn 1.788139E-07 0.9999999 -2.702051E-07
vn 1.788139E-07 0.9999999 -2.702051E-07
vn -0.1951728 -2.301091E-07 -0.9807688
vn -0.1951728 -2.301091E-07 -0.9807688
vn -0.1951728 -2.301091E-07 -0.9807688
vn -0.1951728 -2.301091E-07 -0.9807688
vn -1 1.788139E-07 -1.192093E-07
vn -1 1.788139E-07 -1.192093E-07
vn -1 1.788139E-07 -1.192093E-07
vn -1 1.788139E-07 -1.192093E-07
vn -0.9999999 1.788139E-07 -1.192093E-07
vn -0.9999999 1.788139E-07 -1.192093E-07
vn -0.9999999 1.788139E-07 -1.192093E-07
vn -0.9999999 1.788139E-07 -1.192093E-07
vn -0.9940384 1.482874E-07 -0.1090303
vn -0.9978356 1.606588E-07 -0.06575777
vn -0.9978356 1.606588E-07 -0.06575777
vn -0.988354 1.356137E-07 -0.1521725
vn -0.9714055 1.09547E-07 -0.2374265
vn -0.9601343 9.615243E-08 -0.2795393
vn -0.9320764 6.878332E-08 -0.3622616
vn -0.9152584 5.480421E-08 -0.4028671
vn -0.876722 2.680221E-08 -0.4809973
vn -0.8550504 1.278144E-08 -0.5185449
vn -0.8065997 -1.548641E-08 -0.591098
vn -0.7797713 -2.97318E-08 -0.6260644
vn -0.722259 -5.773002E-08 -0.6916227
vn -0.6916226 -7.148633E-08 -0.7222591
vn -0.6260642 -9.87492E-08 -0.7797714
vn -0.5910978 -1.122509E-07 -0.8065998
vn -0.5185447 -1.38316E-07 -0.8550504
vn -0.4809971 -1.508858E-07 -0.8767221
vn -0.4028669 -1.752693E-07 -0.9152585
vn -0.3622614 -1.870744E-07 -0.9320765
vn -0.2795391 -2.094477E-07 -0.9601343
vn -0.2374262 -2.200236E-07 -0.9714055
vn -0.1521722 -2.398478E-07 -0.988354
vn -0.10903 -2.490982E-07 -0.9940385
vn -0.06575754 -2.578619E-07 -0.9978355
vn -0.06575754 -2.578619E-07 -0.9978355
vn 1.192092E-07 -2.702051E-07 -0.9999999
vn 1.192092E-07 -2.702051E-07 -0.9999999
vn 1.192092E-07 -2.702051E-07 -0.9999999
vn 1.192092E-07 -2.702051E-07 -0.9999999
vn -1.788139E-07 -0.9999999 2.702051E-07
vn -1.788139E-07 -0.9999999 2.702051E-07
vn -1.788139E-07 -0.9999999 2.702051E-07
vn -1.788139E-07 -0.9999999 2.702051E-07
vn -0.9807689 1.226384E-07 -0.195173
vn -0.9807689 1.226384E-07 -0.195173
vn -0.9807689 1.226384E-07 -0.195173
vn -0.9807689 1.226384E-07 -0.195173
vn 1.192092E-07 -2.702051E-07 -0.9999999
vn 1.192092E-07 -2.702051E-07 -0.9999999
vn 1.192092E-07 -2.702051E-07 -0.9999999
vn 1.192092E-07 -2.702051E-07 -0.9999999
vn 1.192092E-07 -2.702051E-07 -0.9999999
vn 1.192092E-07 -2.702051E-07 -0.9999999
vn 1.192092E-07 -2.702051E-07 -0.9999999
vn 1.192092E-07 -2.702051E-07 -0.9999999
vn 1.788139E-07 0.9999999 -2.702051E-07
vn 1.788139E-07 0.9999999 -2.702051E-07
vn 1.788139E-07 0.9999999 -2.702051E-07
vn 1.788139E-07 0.9999999 -2.702051E-07
vn -0.9807689 1.226384E-07 -0.195173
vn -0.9807689 1.226384E-07 -0.195173
vn -0.9807689 1.226384E-07 -0.195173
vn -0.9807689 1.226384E-07 -0.195173
vn 1.192092E-07 -2.702051E-07 -0.9999999
vn 1.192092E-07 -2.702051E-07 -0.9999999
vn 1.192092E-07 -2.702051E-07 -0.9999999
vn 1.192092E-07 -2.702051E-07 -0.9999999
vn -1.788139E-07 -0.9999999 2.702051E-07
vn -1.788139E-07 -0.9999999 2.702051E-07
vn -1.788139E-07 -0.9999999 2.702051E-07
vn -1.788139E-07 -0.9999999 2.702051E-07
vn -0.9807689 2.281118E-07 0.1951727
vn -0.9807689 2.281118E-07 0.1951727
vn -0.9807689 2.281118E-07 0.1951727
vn -0.9807689 2.281118E-07 0.1951727
vn -1.192092E-07 2.702051E-07 0.9999999
vn -1.192092E-07 2.702051E-07 0.9999999
vn -1.192092E-07 2.702051E-07 0.9999999
vn -1.192092E-07 2.702051E-07 0.9999999
vn -1.192092E-07 2.702051E-07 0.9999999
vn -1.192092E-07 2.702051E-07 0.9999999
vn -1.192092E-07 2.702051E-07 0.9999999
vn -1.192092E-07 2.702051E-07 0.9999999
vn 1.788139E-07 0.9999999 -2.702051E-07
vn 1.788139E-07 0.9999999 -2.702051E-07
vn 1.788139E-07 0.9999999 -2.702051E-07
vn 1.788139E-07 0.9999999 -2.702051E-07
vn -0.9807689 2.281118E-07 0.1951727
vn -0.9807689 2.281118E-07 0.1951727
vn -0.9807689 2.281118E-07 0.1951727
vn -0.9807689 2.281118E-07 0.1951727
vn -1.192092E-07 2.702051E-07 0.9999999
vn -1.192092E-07 2.702051E-07 0.9999999
vn -1.192092E-07 2.702051E-07 0.9999999
vn -1.192092E-07 2.702051E-07 0.9999999
vn -1.192092E-07 2.702051E-07 0.9999999
vn -1.192092E-07 2.702051E-07 0.9999999
vn -1.192092E-07 2.702051E-07 0.9999999
vn -1.192092E-07 2.702051E-07 0.9999999
vn -0.1090303 2.880903E-07 0.9940383
vn -0.06575778 2.813786E-07 0.9978355
vn -0.06575778 2.813786E-07 0.9978355
vn -0.1521725 2.942688E-07 0.988354
vn -0.2374265 3.049338E-07 0.9714054
vn -0.2795394 3.094187E-07 0.9601342
vn -0.3622616 3.166292E-07 0.9320763
vn -0.4028672 3.193457E-07 0.9152583
vn -0.4809973 3.229038E-07 0.876722
vn -0.518545 3.23762E-07 0.8550503
vn -0.591098 3.236439E-07 0.8065997
vn -0.6260644 3.226472E-07 0.7797713
vn -0.6916227 3.188298E-07 0.7222589
vn -0.7222591 3.160299E-07 0.6916226
vn -0.7797714 3.085997E-07 0.6260642
vn -0.8065999 3.039489E-07 0.5910978
vn -0.8550505 2.930084E-07 0.5185447
vn -0.8767222 2.86738E-07 0.4809971
vn -0.9152585 2.725177E-07 0.4028669
vn -0.9320765 2.645531E-07 0.3622614
vn -0.9601344 2.472183E-07 0.2795391
vn -0.9714055 2.378546E-07 0.2374262
vn -0.988354 2.178492E-07 0.1521722
vn -0.9940385 2.072084E-07 0.10903
vn -0.9978356 1.961949E-07 0.06575754
vn -0.9978356 1.961949E-07 0.06575754
vn -0.9999999 1.788139E-07 -1.192093E-07
vn -0.9999999 1.788139E-07 -1.192093E-07
vn -0.9999999 1.788139E-07 -1.192093E-07
vn -0.9999999 1.788139E-07 -1.192093E-07
vn -0.9940384 1.482873E-07 -0.1090304
vn -0.9999995 1.785413E-07 -0.001008644
vn -0.9999925 1.777704E-07 -0.00385711
vn -0.9883539 1.356136E-07 -0.1521727
vn -0.9714056 1.09547E-07 -0.2374265
vn -0.9601342 9.615255E-08 -0.2795389
vn -0.9320767 6.878359E-08 -0.3622608
vn -0.9152586 5.480439E-08 -0.4028666
vn -0.876722 2.680217E-08 -0.4809974
vn -0.8550503 1.278134E-08 -0.5185452
vn -0.8065996 -1.548652E-08 -0.5910982
vn -0.7797714 -2.973181E-08 -0.6260644
vn -0.7222589 -5.773004E-08 -0.6916228
vn -0.6916222 -7.148652E-08 -0.7222595
vn -0.6260643 -9.874915E-08 -0.7797713
vn -0.5910989 -1.122504E-07 -0.8065989
vn -0.5185452 -1.383158E-07 -0.85505
vn -0.4809957 -1.508862E-07 -0.8767228
vn -0.4028662 -1.752695E-07 -0.9152588
vn -0.3622636 -1.870738E-07 -0.9320757
vn -0.2795412 -2.094472E-07 -0.9601337
vn -0.2374249 -2.200239E-07 -0.9714059
vn -0.1521695 -2.398484E-07 -0.9883543
vn -0.1090296 -2.490982E-07 -0.9940384
vn -0.02196197 -2.662128E-07 -0.9997587
vn 0.02196221 -2.74067E-07 -0.9997587
vn 0.1090298 -2.880903E-07 -0.9940384
vn 0.1521697 -2.942684E-07 -0.9883543
vn 0.2374251 -3.049337E-07 -0.9714058
vn 0.2795414 -3.094189E-07 -0.9601335
vn 0.3622638 -3.166294E-07 -0.9320756
vn 0.4028665 -3.193457E-07 -0.9152587
vn 0.480996 -3.229038E-07 -0.8767228
vn 0.5185454 -3.23762E-07 -0.8550499
vn 0.5910991 -3.236439E-07 -0.8065988
vn 0.6260645 -3.226472E-07 -0.7797711
vn 0.6916223 -3.188299E-07 -0.7222593
vn 0.722259 -3.160299E-07 -0.6916226
vn 0.7797715 -3.085998E-07 -0.6260642
vn 0.8065997 -3.03949E-07 -0.5910981
vn 0.8550504 -2.930084E-07 -0.518545
vn 0.8767221 -2.86738E-07 -0.4809971
vn 0.9152588 -2.725176E-07 -0.4028664
vn 0.9320768 -2.64553E-07 -0.3622606
vn 0.9601343 -2.472182E-07 -0.2795387
vn 0.9714056 -2.378547E-07 -0.2374263
vn 0.9883539 -2.178492E-07 -0.1521724
vn 0.9940384 -2.072084E-07 -0.1090302
vn 0.999998 -1.793504E-07 -0.001986524
vn 0.999998 -1.793504E-07 -0.001986524
vn -1.788139E-07 -0.9999999 2.702051E-07
vn -1.788139E-07 -0.9999999 2.702051E-07
vn -1.788139E-07 -0.9999999 2.702051E-07
vn -1.788139E-07 -0.9999999 2.702051E-07
vn -1.788139E-07 -0.9999999 2.702051E-07
vn -1.788139E-07 -0.9999999 2.702051E-07
vn -1.788139E-07 -0.9999999 2.702051E-07
vn -1.788139E-07 -0.9999999 2.702051E-07
vn -1.788139E-07 -0.9999999 2.702051E-07
vn -1.788139E-07 -0.9999999 2.702051E-07
vn -1.788139E-07 -0.9999999 2.702051E-07
vn -1.788139E-07 -0.9999999 2.702051E-07
vn -1.788139E-07 -0.9999999 2.702051E-07
vn -1.788139E-07 -0.9999999 2.702051E-07
vn -1.788139E-07 -0.9999999 2.702051E-07
vn -1.788139E-07 -0.9999999 2.702051E-07
vn -1.788139E-07 -0.9999999 2.702051E-07
vn -1.788139E-07 -0.9999999 2.702051E-07
vn -1.788139E-07 -0.9999999 2.702051E-07
vn -1.788139E-07 -0.9999999 2.702051E-07
vn -1.788139E-07 -0.9999999 2.702051E-07
vn -1.788139E-07 -0.9999999 2.702051E-07
vn -1.788139E-07 -0.9999999 2.702051E-07
vn -1.788139E-07 -0.9999999 2.702051E-07
vn -1.788139E-07 -0.9999999 2.702051E-07
vn -1.788139E-07 -0.9999999 2.702051E-07
vn -1.788139E-07 -0.9999999 2.702051E-07
vn 1.788139E-07 0.9999999 -2.702051E-07
vn 1.788139E-07 0.9999999 -2.702051E-07
vn 1.788139E-07 0.9999999 -2.702051E-07
vn 1.788139E-07 0.9999999 -2.702051E-07
vn 1.788139E-07 0.9999999 -2.702051E-07
vn 1.788139E-07 0.9999999 -2.702051E-07
vn 1.788139E-07 0.9999999 -2.702051E-07
vn 1.788139E-07 0.9999999 -2.702051E-07
vn 1.788139E-07 0.9999999 -2.702051E-07
vn 1.788139E-07 0.9999999 -2.702051E-07
vn 1.788139E-07 0.9999999 -2.702051E-07
vn 1.788139E-07 0.9999999 -2.702051E-07
vn 1.788139E-07 0.9999999 -2.702051E-07
vn 1.788139E-07 0.9999999 -2.702051E-07
vn 1.788139E-07 0.9999999 -2.702051E-07
vn 1.788139E-07 0.9999999 -2.702051E-07
vn 1.788139E-07 0.9999999 -2.702051E-07
vn 1.788139E-07 0.9999999 -2.702051E-07
vn 1.788139E-07 0.9999999 -2.702051E-07
vn 1.788139E-07 0.9999999 -2.702051E-07
vn 1.788139E-07 0.9999999 -2.702051E-07
vn 1.788139E-07 0.9999999 -2.702051E-07
vn 1.788139E-07 0.9999999 -2.702051E-07
vn 1.788139E-07 0.9999999 -2.702051E-07
vn 1.788139E-07 0.9999999 -2.702051E-07
vn 1.788139E-07 0.9999999 -2.702051E-07
vn 1.788139E-07 0.9999999 -2.702051E-07
vn -1 1.788139E-07 -1.192093E-07
vn -1 1.788139E-07 -1.192093E-07
vn -0.1949843 -2.301529E-07 -0.9808062
vn -0.1949843 -2.301529E-07 -0.9808062
vn -0.1949843 -2.301529E-07 -0.9808062
vn -0.1949843 -2.301529E-07 -0.9808062
vn 1.192092E-07 -2.702051E-07 -0.9999999
vn 1.192092E-07 -2.702051E-07 -0.9999999
vn 1.192092E-07 -2.702051E-07 -0.9999999
vn 1.192092E-07 -2.702051E-07 -0.9999999
vn -1 1.788139E-07 -1.192093E-07
vn -1 1.788139E-07 -1.192093E-07
vn -1 1.788139E-07 -1.192093E-07
vn -1 1.788139E-07 -1.192093E-07
vn -1.788139E-07 -0.9999999 2.702051E-07
vn -1.788139E-07 -0.9999999 2.702051E-07
vn -1.788139E-07 -0.9999999 2.702051E-07
vn -1.788139E-07 -0.9999999 2.702051E-07
vn -1.788139E-07 -0.9999999 2.702051E-07
vn 1.788139E-07 0.9999999 -2.702051E-07
vn 1.788139E-07 0.9999999 -2.702051E-07
vn 1.788139E-07 0.9999999 -2.702051E-07
vn 1.788139E-07 0.9999999 -2.702051E-07
vn 1.788139E-07 0.9999999 -2.702051E-07
vn -1.788139E-07 -0.9999999 2.702051E-07
vn -1.788139E-07 -0.9999999 2.702051E-07
vn -1.788139E-07 -0.9999999 2.702051E-07
vn -1.788139E-07 -0.9999999 2.702051E-07
vn -1.788139E-07 -0.9999999 2.702051E-07
vn 1.788139E-07 0.9999999 -2.702051E-07
vn 1.788139E-07 0.9999999 -2.702051E-07
vn 1.788139E-07 0.9999999 -2.702051E-07
vn 1.788139E-07 0.9999999 -2.702051E-07
vn 1.788139E-07 0.9999999 -2.702051E-07
vn -0.9808063 1.22696E-07 -0.1949845
vn -0.9808063 1.22696E-07 -0.1949845
vn -0.9808063 1.22696E-07 -0.1949845
vn -0.9808063 1.22696E-07 -0.1949845
vn 1.192092E-07 -2.702051E-07 -0.9999999
vn -0.001986524 -2.698493E-07 -0.999998
vn -0.001986524 -2.698493E-07 -0.999998
vn 1.192092E-07 -2.702051E-07 -0.9999999
vn -0.1090304 2.880904E-07 0.9940383
vn -0.001008644 2.703853E-07 0.9999994
vn -0.00385711 2.708928E-07 0.9999925
vn -0.1521727 2.942688E-07 0.9883538
vn -0.2374265 3.049339E-07 0.9714056
vn -0.2795389 3.094186E-07 0.9601341
vn -0.3622608 3.166292E-07 0.9320766
vn -0.4028667 3.193457E-07 0.9152586
vn -0.4809974 3.229038E-07 0.8767219
vn -0.5185453 3.23762E-07 0.8550502
vn -0.5910983 3.236439E-07 0.8065995
vn -0.6260645 3.226473E-07 0.7797713
vn -0.6916228 3.188298E-07 0.7222589
vn -0.7222595 3.160299E-07 0.6916221
vn -0.7797713 3.085997E-07 0.6260643
vn -0.806599 3.039491E-07 0.5910989
vn -0.8550501 2.930084E-07 0.5185452
vn -0.8767229 2.867378E-07 0.4809957
vn -0.9152588 2.725175E-07 0.4028662
vn -0.9320757 2.645536E-07 0.3622636
vn -0.9601337 2.472187E-07 0.2795412
vn -0.9714059 2.378543E-07 0.2374249
vn -0.9883544 2.178485E-07 0.1521695
vn -0.9940385 2.072083E-07 0.1090296
vn -0.9997587 1.84705E-07 0.02196197
vn -0.9997587 1.728365E-07 -0.02196221
vn -0.9940385 1.482875E-07 -0.1090298
vn -0.9883544 1.356145E-07 -0.1521697
vn -0.9714059 1.095474E-07 -0.2374251
vn -0.9601336 9.615175E-08 -0.2795414
vn -0.9320756 6.878259E-08 -0.3622638
vn -0.9152588 5.480446E-08 -0.4028664
vn -0.8767228 2.68027E-08 -0.480996
vn -0.85505 1.278124E-08 -0.5185454
vn -0.8065989 -1.548686E-08 -0.5910991
vn -0.7797712 -2.973186E-08 -0.6260645
vn -0.7222594 -5.772983E-08 -0.6916223
vn -0.6916227 -7.14863E-08 -0.722259
vn -0.6260642 -9.874921E-08 -0.7797714
vn -0.5910981 -1.122508E-07 -0.8065996
vn -0.518545 -1.383159E-07 -0.8550503
vn -0.4809971 -1.508858E-07 -0.876722
vn -0.4028664 -1.752694E-07 -0.9152587
vn -0.3622606 -1.870746E-07 -0.9320768
vn -0.2795387 -2.094478E-07 -0.9601343
vn -0.2374263 -2.200236E-07 -0.9714056
vn -0.1523264 -2.398138E-07 -0.9883301
vn -0.1092523 -2.490518E-07 -0.9940139
vn -1.788139E-07 -0.9999999 2.702051E-07
vn -1.788139E-07 -0.9999999 2.702051E-07
vn -1.788139E-07 -0.9999999 2.702051E-07
vn -1.788139E-07 -0.9999999 2.702051E-07
vn -1.788139E-07 -0.9999999 2.702051E-07
vn -1.788139E-07 -0.9999999 2.702051E-07
vn -1.788139E-07 -0.9999999 2.702051E-07
vn -1.788139E-07 -0.9999999 2.702051E-07
vn -1.788139E-07 -0.9999999 2.702051E-07
vn -1.788139E-07 -0.9999999 2.702051E-07
vn -1.788139E-07 -0.9999999 2.702051E-07
vn -1.788139E-07 -0.9999999 2.702051E-07
vn -1.788139E-07 -0.9999999 2.702051E-07
vn -1.788139E-07 -0.9999999 2.702051E-07
vn -1.788139E-07 -0.9999999 2.702051E-07
vn -1.788139E-07 -0.9999999 2.702051E-07
vn -1.788139E-07 -0.9999999 2.702051E-07
vn -1.788139E-07 -0.9999999 2.702051E-07
vn -1.788139E-07 -0.9999999 2.702051E-07
vn -1.788139E-07 -0.9999999 2.702051E-07
vn -1.788139E-07 -0.9999999 2.702051E-07
vn -1.788139E-07 -0.9999999 2.702051E-07
vn -1.788139E-07 -0.9999999 2.702051E-07
vn -1.788139E-07 -0.9999999 2.702051E-07
vn -1.788139E-07 -0.9999999 2.702051E-07
vn -1.788139E-07 -0.9999999 2.702051E-07
vn -1.788139E-07 -0.9999999 2.702051E-07
vn 1.788139E-07 0.9999999 -2.702051E-07
vn 1.788139E-07 0.9999999 -2.702051E-07
vn 1.788139E-07 0.9999999 -2.702051E-07
vn 1.788139E-07 0.9999999 -2.702051E-07
vn 1.788139E-07 0.9999999 -2.702051E-07
vn 1.788139E-07 0.9999999 -2.702051E-07
vn 1.788139E-07 0.9999999 -2.702051E-07
vn 1.788139E-07 0.9999999 -2.702051E-07
vn 1.788139E-07 0.9999999 -2.702051E-07
vn 1.788139E-07 0.9999999 -2.702051E-07
vn 1.788139E-07 0.9999999 -2.702051E-07
vn 1.788139E-07 0.9999999 -2.702051E-07
vn 1.788139E-07 0.9999999 -2.702051E-07
vn 1.788139E-07 0.9999999 -2.702051E-07
vn 1.788139E-07 0.9999999 -2.702051E-07
vn 1.788139E-07 0.9999999 -2.702051E-07
vn 1.788139E-07 0.9999999 -2.702051E-07
vn 1.788139E-07 0.9999999 -2.702051E-07
vn 1.788139E-07 0.9999999 -2.702051E-07
vn 1.788139E-07 0.9999999 -2.702051E-07
vn 1.788139E-07 0.9999999 -2.702051E-07
vn 1.788139E-07 0.9999999 -2.702051E-07
vn 1.788139E-07 0.9999999 -2.702051E-07
vn 1.788139E-07 0.9999999 -2.702051E-07
vn 1.788139E-07 0.9999999 -2.702051E-07
vn 1.788139E-07 0.9999999 -2.702051E-07
vn 1.788139E-07 0.9999999 -2.702051E-07
vn -1.192092E-07 2.702051E-07 0.9999999
vn -1.192092E-07 2.702051E-07 0.9999999
vn -0.9807839 2.280941E-07 0.1950973
vn -0.9807839 2.280941E-07 0.1950973
vn -0.9807839 2.280941E-07 0.1950973
vn -0.9807839 2.280941E-07 0.1950973
vn -0.8314826 2.987933E-07 0.5555508
vn -0.8314826 2.987933E-07 0.5555508
vn -0.8314826 2.987933E-07 0.5555508
vn -0.8314826 2.987933E-07 0.5555508
vn 0.476916 1.522172E-07 0.8789488
vn 0.476916 1.522172E-07 0.8789488
vn 0.476916 1.522172E-07 0.8789488
vn 0.476916 1.522172E-07 0.8789488
vn -0.8789487 2.830311E-08 -0.4769162
vn -0.8789487 2.830311E-08 -0.4769162
vn -0.8789487 2.830311E-08 -0.4769162
vn -0.8789487 2.830311E-08 -0.4769162
vn -0.555551 3.24011E-07 0.8314824
vn -0.555551 3.24011E-07 0.8314824
vn -0.555551 3.24011E-07 0.8314824
vn -0.555551 3.24011E-07 0.8314824
vn -0.1950975 2.998989E-07 0.9807839
vn -0.1950975 2.998989E-07 0.9807839
vn -0.1950975 2.998989E-07 0.9807839
vn -0.1950975 2.998989E-07 0.9807839
vn -1 1.788139E-07 -1.192093E-07
vn -0.999998 1.793504E-07 0.001986524
vn -0.999998 1.793504E-07 0.001986524
vn -1 1.788139E-07 -1.192093E-07
vn 0.9940384 -1.482873E-07 0.1090304
vn 0.9999995 -1.785413E-07 0.001008644
vn 0.9999925 -1.777704E-07 0.00385711
vn 0.9883539 -1.356136E-07 0.1521727
vn 0.9714056 -1.09547E-07 0.2374265
vn 0.9601342 -9.615255E-08 0.2795389
vn 0.9320767 -6.878359E-08 0.3622608
vn 0.9152586 -5.480439E-08 0.4028666
vn 0.876722 -2.680217E-08 0.4809974
vn 0.8550503 -1.278134E-08 0.5185452
vn 0.8065996 1.548652E-08 0.5910982
vn 0.7797714 2.973181E-08 0.6260644
vn 0.7222589 5.773004E-08 0.6916228
vn 0.6916222 7.148652E-08 0.7222595
vn 0.6260643 9.874915E-08 0.7797713
vn 0.5910989 1.122504E-07 0.8065989
vn 0.5185452 1.383158E-07 0.85505
vn 0.4809957 1.508862E-07 0.8767228
vn 0.4028662 1.752695E-07 0.9152588
vn 0.3622636 1.870738E-07 0.9320757
vn 0.2795412 2.094472E-07 0.9601337
vn 0.2374249 2.200239E-07 0.9714059
vn 0.1521695 2.398484E-07 0.9883543
vn 0.1090296 2.490982E-07 0.9940384
vn 0.02196197 2.662128E-07 0.9997587
vn -0.02196221 2.74067E-07 0.9997587
vn -0.1090298 2.880903E-07 0.9940384
vn -0.1521697 2.942684E-07 0.9883543
vn -0.2374251 3.049337E-07 0.9714058
vn -0.2795414 3.094189E-07 0.9601335
vn -0.3622638 3.166294E-07 0.9320756
vn -0.4028665 3.193457E-07 0.9152587
vn -0.480996 3.229038E-07 0.8767228
vn -0.5185454 3.23762E-07 0.8550499
vn -0.5910991 3.236439E-07 0.8065988
vn -0.6260645 3.226472E-07 0.7797711
vn -0.6916223 3.188299E-07 0.7222593
vn -0.722259 3.160299E-07 0.6916226
vn -0.7797715 3.085998E-07 0.6260642
vn -0.8065997 3.03949E-07 0.5910981
vn -0.8550504 2.930084E-07 0.518545
vn -0.8767221 2.86738E-07 0.4809971
vn -0.9152588 2.725176E-07 0.4028664
vn -0.9320768 2.64553E-07 0.3622606
vn -0.9601343 2.472182E-07 0.2795387
vn -0.9714056 2.378547E-07 0.2374263
vn -0.9883302 2.178866E-07 0.1523264
vn -0.994014 2.072641E-07 0.1092523
vn -1.788139E-07 -0.9999999 2.702051E-07
vn -1.788139E-07 -0.9999999 2.702051E-07
vn -1.788139E-07 -0.9999999 2.702051E-07
vn -1.788139E-07 -0.9999999 2.702051E-07
vn -1.788139E-07 -0.9999999 2.702051E-07
vn -1.788139E-07 -0.9999999 2.702051E-07
vn -1.788139E-07 -0.9999999 2.702051E-07
vn -1.788139E-07 -0.9999999 2.702051E-07
vn -1.788139E-07 -0.9999999 2.702051E-07
vn -1.788139E-07 -0.9999999 2.702051E-07
vn -1.788139E-07 -0.9999999 2.702051E-07
vn -1.788139E-07 -0.9999999 2.702051E-07
vn -1.788139E-07 -0.9999999 2.702051E-07
vn -1.788139E-07 -0.9999999 2.702051E-07
vn -1.788139E-07 -0.9999999 2.702051E-07
vn -1.788139E-07 -0.9999999 2.702051E-07
vn -1.788139E-07 -0.9999999 2.702051E-07
vn -1.788139E-07 -0.9999999 2.702051E-07
vn -1.788139E-07 -0.9999999 2.702051E-07
vn -1.788139E-07 -0.9999999 2.702051E-07
vn -1.788139E-07 -0.9999999 2.702051E-07
vn -1.788139E-07 -0.9999999 2.702051E-07
vn -1.788139E-07 -0.9999999 2.702051E-07
vn -1.788139E-07 -0.9999999 2.702051E-07
vn -1.788139E-07 -0.9999999 2.702051E-07
vn -1.788139E-07 -0.9999999 2.702051E-07
vn -1.788139E-07 -0.9999999 2.702051E-07
vn 1.788139E-07 0.9999999 -2.702051E-07
vn 1.788139E-07 0.9999999 -2.702051E-07
vn 1.788139E-07 0.9999999 -2.702051E-07
vn 1.788139E-07 0.9999999 -2.702051E-07
vn 1.788139E-07 0.9999999 -2.702051E-07
vn 1.788139E-07 0.9999999 -2.702051E-07
vn 1.788139E-07 0.9999999 -2.702051E-07
vn 1.788139E-07 0.9999999 -2.702051E-07
vn 1.788139E-07 0.9999999 -2.702051E-07
vn 1.788139E-07 0.9999999 -2.702051E-07
vn 1.788139E-07 0.9999999 -2.702051E-07
vn 1.788139E-07 0.9999999 -2.702051E-07
vn 1.788139E-07 0.9999999 -2.702051E-07
vn 1.788139E-07 0.9999999 -2.702051E-07
vn 1.788139E-07 0.9999999 -2.702051E-07
vn 1.788139E-07 0.9999999 -2.702051E-07
vn 1.788139E-07 0.9999999 -2.702051E-07
vn 1.788139E-07 0.9999999 -2.702051E-07
vn 1.788139E-07 0.9999999 -2.702051E-07
vn 1.788139E-07 0.9999999 -2.702051E-07
vn 1.788139E-07 0.9999999 -2.702051E-07
vn 1.788139E-07 0.9999999 -2.702051E-07
vn 1.788139E-07 0.9999999 -2.702051E-07
vn 1.788139E-07 0.9999999 -2.702051E-07
vn 1.788139E-07 0.9999999 -2.702051E-07
vn 1.788139E-07 0.9999999 -2.702051E-07
vn 1.788139E-07 0.9999999 -2.702051E-07
vn 1 -1.788139E-07 1.192093E-07
vn 1 -1.788139E-07 1.192093E-07
vn 0.1949843 2.301529E-07 0.9808062
vn 0.1949843 2.301529E-07 0.9808062
vn 0.1949843 2.301529E-07 0.9808062
vn 0.1949843 2.301529E-07 0.9808062
vn -1.192092E-07 2.702051E-07 0.9999999
vn -1.192092E-07 2.702051E-07 0.9999999
vn -1.192092E-07 2.702051E-07 0.9999999
vn -1.192092E-07 2.702051E-07 0.9999999
vn 1 -1.788139E-07 1.192093E-07
vn 1 -1.788139E-07 1.192093E-07
vn 1 -1.788139E-07 1.192093E-07
vn 1 -1.788139E-07 1.192093E-07
vn -1.788139E-07 -0.9999999 2.702051E-07
vn -1.788139E-07 -0.9999999 2.702051E-07
vn -1.788139E-07 -0.9999999 2.702051E-07
vn -1.788139E-07 -0.9999999 2.702051E-07
vn -1.788139E-07 -0.9999999 2.702051E-07
vn 1.788139E-07 0.9999999 -2.702051E-07
vn 1.788139E-07 0.9999999 -2.702051E-07
vn 1.788139E-07 0.9999999 -2.702051E-07
vn 1.788139E-07 0.9999999 -2.702051E-07
vn 1.788139E-07 0.9999999 -2.702051E-07
vn -1.788139E-07 -0.9999999 2.702051E-07
vn -1.788139E-07 -0.9999999 2.702051E-07
vn -1.788139E-07 -0.9999999 2.702051E-07
vn -1.788139E-07 -0.9999999 2.702051E-07
vn -1.788139E-07 -0.9999999 2.702051E-07
vn 1.788139E-07 0.9999999 -2.702051E-07
vn 1.788139E-07 0.9999999 -2.702051E-07
vn 1.788139E-07 0.9999999 -2.702051E-07
vn 1.788139E-07 0.9999999 -2.702051E-07
vn 1.788139E-07 0.9999999 -2.702051E-07
vn 0.9808063 -1.22696E-07 0.1949845
vn 0.9808063 -1.22696E-07 0.1949845
vn 0.9808063 -1.22696E-07 0.1949845
vn 0.9808063 -1.22696E-07 0.1949845
vn -1.192092E-07 2.702051E-07 0.9999999
vn 0.001986524 2.698493E-07 0.999998
vn 0.001986524 2.698493E-07 0.999998
vn -1.192092E-07 2.702051E-07 0.9999999
vn 0.1090304 -2.880904E-07 -0.9940383
vn 0.001008644 -2.703853E-07 -0.9999994
vn 0.00385711 -2.708928E-07 -0.9999925
vn 0.1521727 -2.942688E-07 -0.9883538
vn 0.2374265 -3.049339E-07 -0.9714056
vn 0.2795389 -3.094186E-07 -0.9601341
vn 0.3622608 -3.166292E-07 -0.9320766
vn 0.4028667 -3.193457E-07 -0.9152586
vn 0.4809974 -3.229038E-07 -0.8767219
vn 0.5185453 -3.23762E-07 -0.8550502
vn 0.5910983 -3.236439E-07 -0.8065995
vn 0.6260645 -3.226473E-07 -0.7797713
vn 0.6916228 -3.188298E-07 -0.7222589
vn 0.7222595 -3.160299E-07 -0.6916221
vn 0.7797713 -3.085997E-07 -0.6260643
vn 0.806599 -3.039491E-07 -0.5910989
vn 0.8550501 -2.930084E-07 -0.5185452
vn 0.8767229 -2.867378E-07 -0.4809957
vn 0.9152588 -2.725175E-07 -0.4028662
vn 0.9320757 -2.645536E-07 -0.3622636
vn 0.9601337 -2.472187E-07 -0.2795412
vn 0.9714059 -2.378543E-07 -0.2374249
vn 0.9883544 -2.178485E-07 -0.1521695
vn 0.9940385 -2.072083E-07 -0.1090296
vn 0.9997587 -1.84705E-07 -0.02196197
vn 0.9997587 -1.728365E-07 0.02196221
vn 0.9940385 -1.482875E-07 0.1090298
vn 0.9883544 -1.356145E-07 0.1521697
vn 0.9714059 -1.095474E-07 0.2374251
vn 0.9601336 -9.615175E-08 0.2795414
vn 0.9320756 -6.878259E-08 0.3622638
vn 0.9152588 -5.480446E-08 0.4028664
vn 0.8767228 -2.68027E-08 0.480996
vn 0.85505 -1.278124E-08 0.5185454
vn 0.8065989 1.548686E-08 0.5910991
vn 0.7797712 2.973186E-08 0.6260645
vn 0.7222594 5.772983E-08 0.6916223
vn 0.6916227 7.14863E-08 0.722259
vn 0.6260642 9.874921E-08 0.7797714
vn 0.5910981 1.122508E-07 0.8065996
vn 0.518545 1.383159E-07 0.8550503
vn 0.4809971 1.508858E-07 0.876722
vn 0.4028664 1.752694E-07 0.9152587
vn 0.3622606 1.870746E-07 0.9320768
vn 0.2795387 2.094478E-07 0.9601343
vn 0.2374263 2.200236E-07 0.9714056
vn 0.1523264 2.398138E-07 0.9883301
vn 0.1092523 2.490518E-07 0.9940139
vn -1.788139E-07 -0.9999999 2.702051E-07
vn -1.788139E-07 -0.9999999 2.702051E-07
vn -1.788139E-07 -0.9999999 2.702051E-07
vn -1.788139E-07 -0.9999999 2.702051E-07
vn -1.788139E-07 -0.9999999 2.702051E-07
vn -1.788139E-07 -0.9999999 2.702051E-07
vn -1.788139E-07 -0.9999999 2.702051E-07
vn -1.788139E-07 -0.9999999 2.702051E-07
vn -1.788139E-07 -0.9999999 2.702051E-07
vn -1.788139E-07 -0.9999999 2.702051E-07
vn -1.788139E-07 -0.9999999 2.702051E-07
vn -1.788139E-07 -0.9999999 2.702051E-07
vn -1.788139E-07 -0.9999999 2.702051E-07
vn -1.788139E-07 -0.9999999 2.702051E-07
vn -1.788139E-07 -0.9999999 2.702051E-07
vn -1.788139E-07 -0.9999999 2.702051E-07
vn -1.788139E-07 -0.9999999 2.702051E-07
vn -1.788139E-07 -0.9999999 2.702051E-07
vn -1.788139E-07 -0.9999999 2.702051E-07
vn -1.788139E-07 -0.9999999 2.702051E-07
vn -1.788139E-07 -0.9999999 2.702051E-07
vn -1.788139E-07 -0.9999999 2.702051E-07
vn -1.788139E-07 -0.9999999 2.702051E-07
vn -1.788139E-07 -0.9999999 2.702051E-07
vn -1.788139E-07 -0.9999999 2.702051E-07
vn -1.788139E-07 -0.9999999 2.702051E-07
vn -1.788139E-07 -0.9999999 2.702051E-07
vn 1.788139E-07 0.9999999 -2.702051E-07
vn 1.788139E-07 0.9999999 -2.702051E-07
vn 1.788139E-07 0.9999999 -2.702051E-07
vn 1.788139E-07 0.9999999 -2.702051E-07
vn 1.788139E-07 0.9999999 -2.702051E-07
vn 1.788139E-07 0.9999999 -2.702051E-07
vn 1.788139E-07 0.9999999 -2.702051E-07
vn 1.788139E-07 0.9999999 -2.702051E-07
vn 1.788139E-07 0.9999999 -2.702051E-07
vn 1.788139E-07 0.9999999 -2.702051E-07
vn 1.788139E-07 0.9999999 -2.702051E-07
vn 1.788139E-07 0.9999999 -2.702051E-07
vn 1.788139E-07 0.9999999 -2.702051E-07
vn 1.788139E-07 0.9999999 -2.702051E-07
vn 1.788139E-07 0.9999999 -2.702051E-07
vn 1.788139E-07 0.9999999 -2.702051E-07
vn 1.788139E-07 0.9999999 -2.702051E-07
vn 1.788139E-07 0.9999999 -2.702051E-07
vn 1.788139E-07 0.9999999 -2.702051E-07
vn 1.788139E-07 0.9999999 -2.702051E-07
vn 1.788139E-07 0.9999999 -2.702051E-07
vn 1.788139E-07 0.9999999 -2.702051E-07
vn 1.788139E-07 0.9999999 -2.702051E-07
vn 1.788139E-07 0.9999999 -2.702051E-07
vn 1.788139E-07 0.9999999 -2.702051E-07
vn 1.788139E-07 0.9999999 -2.702051E-07
vn 1.788139E-07 0.9999999 -2.702051E-07
vn 1.192092E-07 -2.702051E-07 -0.9999999
vn 1.192092E-07 -2.702051E-07 -0.9999999
vn 0.9807839 -2.280941E-07 -0.1950973
vn 0.9807839 -2.280941E-07 -0.1950973
vn 0.9807839 -2.280941E-07 -0.1950973
vn 0.9807839 -2.280941E-07 -0.1950973
vn 0.8314826 -2.987933E-07 -0.5555508
vn 0.8314826 -2.987933E-07 -0.5555508
vn 0.8314826 -2.987933E-07 -0.5555508
vn 0.8314826 -2.987933E-07 -0.5555508
vn -0.476916 -1.522172E-07 -0.8789488
vn -0.476916 -1.522172E-07 -0.8789488
vn -0.476916 -1.522172E-07 -0.8789488
vn -0.476916 -1.522172E-07 -0.8789488
vn 0.8789487 -2.830311E-08 0.4769162
vn 0.8789487 -2.830311E-08 0.4769162
vn 0.8789487 -2.830311E-08 0.4769162
vn 0.8789487 -2.830311E-08 0.4769162
vn 0.555551 -3.24011E-07 -0.8314824
vn 0.555551 -3.24011E-07 -0.8314824
vn 0.555551 -3.24011E-07 -0.8314824
vn 0.555551 -3.24011E-07 -0.8314824
vn 0.1950975 -2.998989E-07 -0.9807839
vn 0.1950975 -2.998989E-07 -0.9807839
vn 0.1950975 -2.998989E-07 -0.9807839
vn 0.1950975 -2.998989E-07 -0.9807839
vn 1 -1.788139E-07 1.192093E-07
vn 1 -1.788139E-07 1.192093E-07
vn -1.788139E-07 -0.9999999 2.702051E-07
vn -1.788139E-07 -0.9999999 2.702051E-07
vn -1.788139E-07 -0.9999999 2.702051E-07
vn -1.788139E-07 -0.9999999 2.702051E-07
vn -1.788139E-07 -0.9999999 2.702051E-07
vn -1.788139E-07 -0.9999999 2.702051E-07
vn -1.788139E-07 -0.9999999 2.702051E-07
vn -1.788139E-07 -0.9999999 2.702051E-07
vn -1.788139E-07 -0.9999999 2.702051E-07
vn -1.788139E-07 -0.9999999 2.702051E-07
vn -1.788139E-07 -0.9999999 2.702051E-07
vn -1.788139E-07 -0.9999999 2.702051E-07
vn -1.788139E-07 -0.9999999 2.702051E-07
vn -1.788139E-07 -0.9999999 2.702051E-07
vn -1.788139E-07 -0.9999999 2.702051E-07
vn -1.788139E-07 -0.9999999 2.702051E-07
vn -1.788139E-07 -0.9999999 2.702051E-07
vn -1.788139E-07 -0.9999999 2.702051E-07
vn -1.788139E-07 -0.9999999 2.702051E-07
vn -1.788139E-07 -0.9999999 2.702051E-07
vn -1.788139E-07 -0.9999999 2.702051E-07
vn -1.788139E-07 -0.9999999 2.702051E-07
vn -1.788139E-07 -0.9999999 2.702051E-07
vn -1.788139E-07 -0.9999999 2.702051E-07
vn -1.788139E-07 -0.9999999 2.702051E-07
vn -1.788139E-07 -0.9999999 2.702051E-07
vn -1.788139E-07 -0.9999999 2.702051E-07
vn -1.788139E-07 -0.9999999 2.702051E-07
vn -1.788139E-07 -0.9999999 2.702051E-07
vn -1.788139E-07 -0.9999999 2.702051E-07
vn -1.788139E-07 -0.9999999 2.702051E-07
vn -1.788139E-07 -0.9999999 2.702051E-07
vn -1.788139E-07 -0.9999999 2.702051E-07
vn -1.788139E-07 -0.9999999 2.702051E-07
vn -1.788139E-07 -0.9999999 2.702051E-07
vn -1.788139E-07 -0.9999999 2.702051E-07
vn -1.788139E-07 -0.9999999 2.702051E-07
vn -1.788139E-07 -0.9999999 2.702051E-07
vn -1.788139E-07 -0.9999999 2.702051E-07
vn -1.788139E-07 -0.9999999 2.702051E-07
vn -1.788139E-07 -0.9999999 2.702051E-07
vn -1.788139E-07 -0.9999999 2.702051E-07
vn -1.788139E-07 -0.9999999 2.702051E-07
vn -1.788139E-07 -0.9999999 2.702051E-07
vn -1.788139E-07 -0.9999999 2.702051E-07
vn -1.788139E-07 -0.9999999 2.702051E-07
vn -1.788139E-07 -0.9999999 2.702051E-07
vn -1.788139E-07 -0.9999999 2.702051E-07
vn -1.788139E-07 -0.9999999 2.702051E-07
vn -1.788139E-07 -0.9999999 2.702051E-07
vn -1.788139E-07 -0.9999999 2.702051E-07
vn -1.788139E-07 -0.9999999 2.702051E-07
vn -1.788139E-07 -0.9999999 2.702051E-07
vn -1.788139E-07 -0.9999999 2.702051E-07
vn -1.788139E-07 -0.9999999 2.702051E-07
vn -1.788139E-07 -0.9999999 2.702051E-07
vn -1.788139E-07 -0.9999999 2.702051E-07
vn -1.788139E-07 -0.9999999 2.702051E-07
vn -1.788139E-07 -0.9999999 2.702051E-07
vn -1.788139E-07 -0.9999999 2.702051E-07
vn -1.788139E-07 -0.9999999 2.702051E-07
vn -1.788139E-07 -0.9999999 2.702051E-07
vn 1.788139E-07 0.9999999 -2.702051E-07
vn 1.788139E-07 0.9999999 -2.702051E-07
vn 1.788139E-07 0.9999999 -2.702051E-07
vn 1.788139E-07 0.9999999 -2.702051E-07
vn 1.788139E-07 0.9999999 -2.702051E-07
vn 1.788139E-07 0.9999999 -2.702051E-07
vn 1.788139E-07 0.9999999 -2.702051E-07
vn 1.788139E-07 0.9999999 -2.702051E-07
vn 1.788139E-07 0.9999999 -2.702051E-07
vn 1.788139E-07 0.9999999 -2.702051E-07
vn 1.788139E-07 0.9999999 -2.702051E-07
vn 1.788139E-07 0.9999999 -2.702051E-07
vn 1.788139E-07 0.9999999 -2.702051E-07
vn 1.788139E-07 0.9999999 -2.702051E-07
vn 1.788139E-07 0.9999999 -2.702051E-07
vn 1.788139E-07 0.9999999 -2.702051E-07
vn 1.788139E-07 0.9999999 -2.702051E-07
vn 1.788139E-07 0.9999999 -2.702051E-07
vn 1.788139E-07 0.9999999 -2.702051E-07
vn 1.788139E-07 0.9999999 -2.702051E-07
vn 1.788139E-07 0.9999999 -2.702051E-07
vn 1.788139E-07 0.9999999 -2.702051E-07
vn 1.788139E-07 0.9999999 -2.702051E-07
vn 1.788139E-07 0.9999999 -2.702051E-07
vn 1.788139E-07 0.9999999 -2.702051E-07
vn 1.788139E-07 0.9999999 -2.702051E-07
vn 1.788139E-07 0.9999999 -2.702051E-07
vn 1.788139E-07 0.9999999 -2.702051E-07
vn 1.788139E-07 0.9999999 -2.702051E-07
vn 1.788139E-07 0.9999999 -2.702051E-07
vn 1.788139E-07 0.9999999 -2.702051E-07
vn 1.788139E-07 0.9999999 -2.702051E-07
vn 1.788139E-07 0.9999999 -2.702051E-07
vn 1.788139E-07 0.9999999 -2.702051E-07
vn 1.788139E-07 0.9999999 -2.702051E-07
vn 1.788139E-07 0.9999999 -2.702051E-07
vn 1.788139E-07 0.9999999 -2.702051E-07
vn 1.788139E-07 0.9999999 -2.702051E-07
vn 1.788139E-07 0.9999999 -2.702051E-07
vn 1.788139E-07 0.9999999 -2.702051E-07
vn 1.788139E-07 0.9999999 -2.702051E-07
vn 1.788139E-07 0.9999999 -2.702051E-07
vn 1.788139E-07 0.9999999 -2.702051E-07
vn 1.788139E-07 0.9999999 -2.702051E-07
vn 1.788139E-07 0.9999999 -2.702051E-07
vn 1.788139E-07 0.9999999 -2.702051E-07
vn 1.788139E-07 0.9999999 -2.702051E-07
vn 1.788139E-07 0.9999999 -2.702051E-07
vn 1.788139E-07 0.9999999 -2.702051E-07
vn 1.788139E-07 0.9999999 -2.702051E-07
vn 1.788139E-07 0.9999999 -2.702051E-07
vn 1.788139E-07 0.9999999 -2.702051E-07
vn 1.788139E-07 0.9999999 -2.702051E-07
vn 1.788139E-07 0.9999999 -2.702051E-07
vn 1.788139E-07 0.9999999 -2.702051E-07
vn 1.788139E-07 0.9999999 -2.702051E-07
vn 1.788139E-07 0.9999999 -2.702051E-07
vn 1.788139E-07 0.9999999 -2.702051E-07
vn 1.788139E-07 0.9999999 -2.702051E-07
vn 1.788139E-07 0.9999999 -2.702051E-07
vn 1.788139E-07 0.9999999 -2.702051E-07
vn 1.788139E-07 0.9999999 -2.702051E-07
vt 19.91 8.690001
vt 19.91 11.31
vt 23 10
vt -0.09000015 -8.690001
vt -0.09000015 -11.31
vt 3 -10
vt 12.4 -6.72
vt -0.09000015 -11.31
vt 19.91 8.690001
vt 19.12 2.72
vt 14.3 -4.7
vt 14.3 1.3
vt 8.6 -11.31
vt 16 -8
vt 13 -10
vt 13 14.3
vt 13 17.7
vt 8 16
vt 13.2588 -1.3341
vt 13.1305 -1.3086
vt 13 -1.3
vt 13 -2.3
vt 13.5 -1.434
vt 13.3827 -1.3761
vt 13.7071 -1.5929
vt 13.6088 -1.5066
vt 13.866 -1.8
vt 13.7934 -1.6912
vt 13.9659 -2.0412
vt 13.9239 -1.9173
vt 14 -2.3
vt 13.9914 -2.1695
vt 17.8219 4.6914
vt 17.7 4.7
vt 17.7 -1.3
vt 17.8219 -1.3086
vt 17.9247 4.6659
vt 17.9247 -1.3341
vt 18.0066 4.6239
vt 18.0066 -1.3761
vt 18.066 4.566
vt 18.066 -1.434
vt 18.1022 4.4934
vt 18.1022 -1.5066
vt 18.1142 4.4071
vt 13.7071 -1.5929
vt 19.7934 4.3088
vt 13.7934 -1.6912
vt 19.866 4.2
vt 13.866 -1.8
vt 19.9239 4.0827
vt 13.9239 -1.9173
vt 19.9659 3.9588
vt 13.9659 -2.0412
vt 19.9914 3.8305
vt 13.9914 -2.1695
vt 20 3.7
vt 14 -2.3
vt 19.2588 4.6659
vt 19.1305 4.6914
vt 19 4.7
vt 19 3.7
vt 19.5 4.566
vt 19.3827 4.6239
vt 19.7071 4.4071
vt 19.6088 4.4934
vt 19.866 4.2
vt 19.7934 4.3088
vt 19.9659 3.9588
vt 19.9239 4.0827
vt 20 3.7
vt 19.9914 3.8305
vt 16.3 -3.7
vt 16.3 2.3
vt 14 -3.7
vt 13 -3.7
vt 19 2.3
vt 20 2.3
vt 19.2588 1.3341
vt 19.1305 1.3086
vt 19 1.3
vt 19.5 1.434
vt 19.3827 1.3761
vt 19.7071 1.5929
vt 19.6088 1.5066
vt 19.866 1.8
vt 19.7934 1.6912
vt 19.9659 2.0412
vt 19.9239 1.9173
vt 19.9914 2.1695
vt 14.4391 1.3086
vt 14.4391 -4.6914
vt 14.5929 1.3341
vt 14.5929 -4.6659
vt 14.7588 1.3761
vt 14.7588 -4.6239
vt 14.934 1.434
vt 14.934 -4.566
vt 15.1154 1.5066
vt 15.1154 -4.4934
vt 15.3 1.5929
vt 15.3 -4.4071
vt 15.4846 1.6912
vt 15.4846 -4.3088
vt 15.666 1.8
vt 15.666 -4.2
vt 15.8412 1.9173
vt 15.8412 -4.0827
vt 16.0071 2.0412
vt 16.0071 -3.9588
vt 16.1609 2.1695
vt 16.1609 -3.8305
vt 13.2588 -4.6659
vt 13.1305 -4.6914
vt 13 -4.7
vt 13.5 -4.566
vt 13.3827 -4.6239
vt 13.7071 -4.4071
vt 13.6088 -4.4934
vt 13.866 -4.2
vt 13.7934 -4.3088
vt 13.9659 -3.9588
vt 13.9239 -4.0827
vt 13.9914 -3.8305
vt 16.4 -2.72
vt 16.4 6.72
vt 11.22 11.31
vt 11.22 -8.690001
vt 19 17.7
vt 19 14.3
vt 24 16
vt 19.91 8.690001
vt 23 10
vt 24 8
vt 16 8
vt 13 10
vt 11.22 11.31
vt 11.22 -8.690001
vt 13 -10
vt 16 -8
vt 19.23706 13.82054
vt 17.92706 16.08946
vt 21.258 16.5
vt -2.07294 -3.91054
vt -0.7629404 -6.17946
vt 1.257999 -3.5
vt 18.9384 0.7480001
vt 13.0576 -6.17946
vt 13.0576 13.82054
vt 18.9384 10.188
vt 21.2338 3.5278
vt 21.2338 9.5278
vt 13.0576 -6.17946
vt 21.856 0
vt 17.758 -3.5
vt 11.706 3.5278
vt 10.006 6.4722
vt 5.856 0
vt 10.24717 6.572069
vt 10.12331 6.530003
vt 10.006 6.4722
vt 10.506 5.6062
vt 10.506 6.606155
vt 10.37547 6.597647
vt 10.7648 6.572099
vt 10.63652 6.597685
vt 11.00596 6.4722
vt 10.88868 6.530121
vt 11.21307 6.313271
vt 11.11475 6.399569
vt 11.372 6.1062
vt 11.2993 6.214912
vt 22.65332 12.53
vt 22.4782 12.4722
vt 22.4782 6.4722
vt 22.65332 6.530003
vt 22.81924 12.57207
vt 22.81924 6.572069
vt 22.97311 12.59765
vt 22.97311 6.597647
vt 23.11216 12.60616
vt 23.11216 6.606155
vt 23.23421 12.59768
vt 23.23421 6.597685
vt 23.3369 12.5721
vt 23.3369 6.572099
vt 23.4188 12.53012
vt 23.4188 6.530121
vt 23.47816 12.4722
vt 23.47816 6.4722
vt 23.51432 12.39957
vt 23.51432 6.399569
vt 23.52634 12.31327
vt 11.21307 6.313271
vt 17.2993 12.21491
vt 11.2993 6.214912
vt 17.372 12.1062
vt 11.372 6.1062
vt 16.24717 12.57207
vt 16.12331 12.53
vt 16.006 12.4722
vt 16.506 11.6062
vt 16.506 12.60616
vt 16.37547 12.59765
vt 16.7648 12.5721
vt 16.63652 12.59768
vt 17.00596 12.4722
vt 16.88868 12.53012
vt 17.21307 12.31327
vt 17.11475 12.39957
vt 17.372 12.1062
vt 17.2993 12.21491
vt 12.072 4.8938
vt 18.072 10.8938
vt 12.072 4.8938
vt 11.206 4.3938
vt 17.206 10.3938
vt 18.072 10.8938
vt 17.91307 9.68673
vt 17.81471 9.600497
vt 17.706 9.5278
vt 18.072 9.893845
vt 17.99937 9.785053
vt 18.1719 10.135
vt 18.12992 10.01112
vt 18.20596 10.3938
vt 18.19748 10.26328
vt 18.17187 10.65263
vt 18.19745 10.52433
vt 18.1298 10.77649
vt 21.41521 9.600497
vt 21.41521 3.600497
vt 21.5998 9.68673
vt 21.5998 3.68673
vt 21.78442 9.785053
vt 21.78442 3.785053
vt 21.96585 9.893845
vt 21.96585 3.893844
vt 22.14104 10.01112
vt 22.14104 4.011116
vt 22.3069 10.135
vt 22.3069 4.135001
vt 22.46076 10.26328
vt 22.46076 4.263279
vt 22.59975 10.3938
vt 12.20596 4.3938
vt 18.19745 10.52433
vt 12.19745 4.524332
vt 18.17187 10.65263
vt 12.17187 4.652629
vt 18.1298 10.77649
vt 12.1298 4.776487
vt 11.91307 3.68673
vt 11.81471 3.600497
vt 11.706 3.5278
vt 12.072 3.893844
vt 11.99937 3.785053
vt 12.1719 4.135001
vt 12.12992 4.011116
vt 12.20596 4.3938
vt 12.19748 4.263279
vt 12.17187 4.652629
vt 12.19745 4.524332
vt 12.1298 4.776487
vt 20.4024 4.212
vt 20.4024 13.652
vt 14.01652 16.08946
vt 14.01652 -3.91054
vt 16.006 12.4722
vt 17.706 9.5278
vt 21.856 16
vt 13.0576 13.82054
vt 17.758 16.5
vt 21.856 16
vt 21.856 16
vt 17.758 16.5
vt 14.01652 16.08946
vt 14.01652 -3.91054
vt 17.758 -3.5
vt 21.856 0
vt 16.08946 17.92706
vt 13.82054 19.23706
vt 16.5 21.258
vt -6.17946 -0.7629404
vt -3.91054 -2.07294
vt -3.5 1.257999
vt 20.4024 6.7504
vt 14.01652 -2.07294
vt 14.01652 17.92706
vt 20.4024 16.1904
vt 22.4782 10.006
vt 22.4782 16.006
vt -3.91054 -2.07294
vt 0 5.856
vt -3.5 1.257999
vt 22.4782 10.006
vt 21.2338 11.706
vt 21.856 5.856
vt 3.68673 11.91307
vt 3.600497 11.81471
vt 3.5278 11.706
vt 4.3938 11.206
vt 3.893844 12.072
vt 3.785053 11.99937
vt 4.135001 12.1719
vt 4.011116 12.12992
vt 4.3938 12.20596
vt 4.263279 12.19748
vt 4.652629 12.17187
vt 4.524332 12.19745
vt 4.8938 12.072
vt 4.776487 12.1298
vt 21.41521 17.81471
vt 21.2338 17.706
vt 21.2338 11.706
vt 21.41521 11.81471
vt 21.5998 17.91307
vt 21.5998 11.91307
vt 21.78442 17.99937
vt 21.78442 11.99937
vt 21.96585 18.072
vt 21.96585 12.072
vt 22.14104 18.12992
vt 22.14104 12.12992
vt 22.3069 18.1719
vt 22.3069 12.1719
vt 22.46076 18.19748
vt 22.46076 12.19748
vt 22.59975 18.20596
vt 22.59975 12.20596
vt 22.72178 18.19745
vt 22.72178 12.19745
vt 22.8245 18.17187
vt 22.8245 12.17187
vt 22.90629 18.1298
vt 22.90629 12.1298
vt 22.9658 18.072
vt 22.9658 12.072
vt 9.68673 17.91307
vt 9.600497 17.81471
vt 9.5278 17.706
vt 10.3938 17.206
vt 9.893845 18.072
vt 9.785053 17.99937
vt 10.135 18.1719
vt 10.01112 18.12992
vt 10.3938 18.20596
vt 10.26328 18.19748
vt 10.65263 18.17187
vt 10.52433 18.19745
vt 10.8938 18.072
vt 10.77649 18.1298
vt 23.4782 11.372
vt 23.4782 17.372
vt 6.1062 11.372
vt 5.6062 10.506
vt 11.6062 16.506
vt 12.1062 17.372
vt 12.57207 16.24717
vt 12.53 16.12331
vt 12.4722 16.006
vt 12.60616 16.506
vt 12.59765 16.37547
vt 12.5721 16.7648
vt 12.59768 16.63652
vt 12.4722 17.00596
vt 12.53012 16.88868
vt 12.31327 17.21307
vt 12.39957 17.11475
vt 12.21491 17.2993
vt 22.65332 16.12331
vt 22.65332 10.12331
vt 22.81924 16.24717
vt 22.81924 10.24717
vt 22.97311 16.37547
vt 22.97311 10.37547
vt 23.11216 16.506
vt 6.606155 10.506
vt 12.59768 16.63652
vt 6.597685 10.63652
vt 12.5721 16.7648
vt 6.572099 10.7648
vt 12.53012 16.88868
vt 6.530121 10.88868
vt 12.4722 17.00596
vt 6.4722 11.00596
vt 12.39957 17.11475
vt 6.399569 11.11475
vt 12.31327 17.21307
vt 23.52634 11.21307
vt 23.51421 17.2993
vt 23.51421 11.2993
vt 6.572069 10.24717
vt 6.530003 10.12331
vt 6.4722 10.006
vt 6.606155 10.506
vt 6.597647 10.37547
vt 6.572099 10.7648
vt 6.597685 10.63652
vt 6.4722 11.00596
vt 6.530121 10.88868
vt 6.313271 11.21307
vt 6.399569 11.11475
vt 6.214912 11.2993
vt 18.9384 8.750401
vt 18.9384 18.1904
vt 13.0576 19.23706
vt 13.0576 -0.7629404
vt 21.2338 17.706
vt 22.4782 16.006
vt 21.856 21.856
vt 14.01652 17.92706
vt 17.758 21.258
vt 21.856 21.856
vt 21.856 21.856
vt 17.758 21.258
vt 13.0576 19.23706
vt 13.0576 -0.7629404
vt 17.758 1.257999
vt 21.856 5.856
vt 11.31 19.91
vt 8.690001 19.91
vt 10 23
vt -11.31 -0.09000015
vt -8.690001 -0.09000015
vt -10 3
vt -2.72 9.68
vt 11.22 -0.09000015
vt 11.22 19.91
vt 16.4 19.12
vt -1.3 13
vt 4.7 19
vt -8.690001 -0.09000015
vt -8 8
vt -10 3
vt 17.7 13
vt 14.3 13
vt 16 8
vt -4.6659 13.2588
vt -4.6914 13.1305
vt -4.7 13
vt -3.7 13
vt -4.566 13.5
vt -4.6239 13.3827
vt -4.4071 13.7071
vt -4.4934 13.6088
vt -4.2 13.866
vt -4.3088 13.7934
vt -3.9588 13.9659
vt -4.0827 13.9239
vt -3.7 14
vt -3.8305 13.9914
vt 14.4391 19.1305
vt 14.3 19
vt 14.3 13
vt 14.4391 13.1305
vt 14.5929 19.2588
vt 14.5929 13.2588
vt 14.7588 19.3827
vt 14.7588 13.3827
vt 14.934 19.5
vt 14.934 13.5
vt 15.1154 19.6088
vt 15.1154 13.6088
vt 15.3 19.7071
vt 15.3 13.7071
vt 15.4846 19.7934
vt 15.4846 13.7934
vt 15.666 19.866
vt 15.666 13.866
vt 15.8412 19.9239
vt 15.8412 13.9239
vt 16.0071 19.9659
vt 16.0071 13.9659
vt 16.1609 19.9914
vt 16.1609 13.9914
vt 16.3 20
vt 16.3 14
vt 1.3341 19.2588
vt 1.3086 19.1305
vt 1.3 19
vt 2.3 19
vt 1.434 19.5
vt 1.3761 19.3827
vt 1.5929 19.7071
vt 1.5066 19.6088
vt 1.8 19.866
vt 1.6912 19.7934
vt 2.0412 19.9659
vt 1.9173 19.9239
vt 2.3 20
vt 2.1695 19.9914
vt 17.7 14
vt 17.7 20
vt -2.3 14
vt -2.3 13
vt 3.7 19
vt 3.7 20
vt 4.6659 19.2588
vt 4.6914 19.1305
vt 4.7 19
vt 4.566 19.5
vt 4.6239 19.3827
vt 4.4071 19.7071
vt 4.4934 19.6088
vt 4.2 19.866
vt 4.3088 19.7934
vt 3.9588 19.9659
vt 4.0827 19.9239
vt 3.8305 19.9914
vt 4.6914 19.1305
vt -1.3086 13.1305
vt 4.6659 19.2588
vt -1.3341 13.2588
vt 4.6239 19.3827
vt -1.3761 13.3827
vt 4.566 19.5
vt -1.434 13.5
vt 4.4934 19.6088
vt -1.5066 13.6088
vt 4.4071 19.7071
vt 18.1142 13.7071
vt 18.1022 19.7934
vt 18.1022 13.7934
vt 18.066 19.866
vt 18.066 13.866
vt 18.0066 19.9239
vt 18.0066 13.9239
vt 17.9247 19.9659
vt 17.9247 13.9659
vt 17.8219 19.9914
vt 17.8219 13.9914
vt -1.3341 13.2588
vt -1.3086 13.1305
vt -1.3 13
vt -1.434 13.5
vt -1.3761 13.3827
vt -1.5929 13.7071
vt -1.5066 13.6088
vt -1.8 13.866
vt -1.6912 13.7934
vt -2.0412 13.9659
vt -1.9173 13.9239
vt -2.1695 13.9914
vt 12.4 9.68
vt 2.72 19.12
vt 8.690001 19.91
vt -11.31 -0.09000015
vt 14.3 19
vt 17.7 19
vt 16 24
vt 11.22 19.91
vt 13 23
vt 16 24
vt 8 24
vt 10 23
vt 8.690001 19.91
vt 8.6 -0.09000015
vt 13 3
vt 16 8
vt 6.17946 19.23706
vt 3.91054 17.92706
vt 3.5 21.258
vt -16.08946 -2.07294
vt -13.82054 -0.7629404
vt -16.5 1.257999
vt -10.188 8.750401
vt -13.82054 -0.7629404
vt 6.17946 19.23706
vt -0.7480001 18.1904
vt -9.5278 11.706
vt 8.1782 17.706
vt 5.41652 -0.7629404
vt 5.856 5.856
vt 4.757999 1.257999
vt 8.1782 11.706
vt 3.5338 10.006
vt 5.856 5.856
vt -12.57207 10.24717
vt -12.53 10.12331
vt -12.4722 10.006
vt -11.6062 10.506
vt -12.60616 10.506
vt -12.59765 10.37547
vt -12.5721 10.7648
vt -12.59768 10.63652
vt -12.4722 11.00596
vt -12.53012 10.88868
vt -12.31327 11.21307
vt -12.39957 11.11475
vt -12.1062 11.372
vt -12.21491 11.2993
vt -6.530003 16.12331
vt -6.4722 16.006
vt -12.4722 10.006
vt -12.53 10.12331
vt -6.572069 16.24717
vt -12.57207 10.24717
vt -6.597647 16.37547
vt -12.59765 10.37547
vt -6.606155 16.506
vt 3.899845 10.506
vt 4.038836 16.63652
vt 4.038836 10.63652
vt 4.1927 16.7648
vt 4.1927 10.7648
vt 4.358563 16.88868
vt 4.358563 10.88868
vt 4.533756 17.00596
vt 4.533756 11.00596
vt 4.715179 17.11475
vt 4.715179 11.11475
vt 4.899798 17.21307
vt 4.899798 11.21307
vt 5.08439 17.2993
vt 5.08439 11.2993
vt 5.2658 17.372
vt 5.2658 11.372
vt -6.572069 16.24717
vt -6.530003 16.12331
vt -6.4722 16.006
vt -5.6062 16.506
vt -6.606155 16.506
vt -6.597647 16.37547
vt -6.572099 16.7648
vt -6.597685 16.63652
vt -6.4722 17.00596
vt -6.530121 16.88868
vt -6.313271 17.21307
vt -6.399569 17.11475
vt -6.1062 17.372
vt -6.214912 17.2993
vt 7.1782 12.072
vt 7.1782 18.072
vt -10.8938 12.072
vt -10.3938 11.206
vt -4.3938 17.206
vt -4.8938 18.072
vt -3.68673 17.91307
vt -3.600497 17.81471
vt -3.5278 17.706
vt -3.893844 18.072
vt -3.785053 17.99937
vt -4.135001 18.1719
vt -4.011116 18.12992
vt -4.3938 18.20596
vt -4.263279 18.19748
vt -4.652629 18.17187
vt -4.524332 18.19745
vt -4.776487 18.1298
vt -3.600497 17.81471
vt -9.600497 11.81471
vt -3.68673 17.91307
vt 8.22634 11.91307
vt 8.214315 17.99937
vt 8.214315 11.99937
vt 8.178156 18.072
vt 8.178156 12.072
vt 8.118805 18.12992
vt 8.118805 12.12992
vt 8.036897 18.1719
vt 8.036897 12.1719
vt 7.934205 18.19748
vt 7.934205 12.19748
vt 7.812156 18.20596
vt 7.812156 12.20596
vt 7.673115 18.19745
vt 7.673115 12.19745
vt 7.51924 18.17187
vt 7.51924 12.17187
vt 7.353315 18.1298
vt 7.353315 12.1298
vt -9.68673 11.91307
vt -9.600497 11.81471
vt -9.5278 11.706
vt -9.893845 12.072
vt -9.785053 11.99937
vt -10.135 12.1719
vt -10.01112 12.12992
vt -10.3938 12.20596
vt -10.26328 12.19748
vt -10.65263 12.17187
vt -10.52433 12.19745
vt -10.77649 12.1298
vt -13.652 6.7504
vt -4.212 16.1904
vt 3.91054 17.92706
vt -16.08946 -2.07294
vt 3.5338 16.006
vt 8.1782 17.706
vt 5.856 21.856
vt 5.41652 19.23706
vt 4.757999 21.258
vt 5.856 21.856
vt 0 21.856
vt 3.5 21.258
vt 3.91054 17.92706
vt 1.8376 -2.07294
vt 4.757999 1.257999
vt 5.856 5.856
vt 2.07294 16.08946
vt 0.7629404 13.82054
vt -1.257999 16.5
vt -19.23706 -6.17946
vt -17.92706 -3.91054
vt -21.258 -3.5
vt -2.5384 4.212
vt -1.8376 -3.91054
vt -1.8376 16.08946
vt -2.5384 13.652
vt -3.5338 6.4722
vt -3.5338 12.4722
vt -1.8376 -3.91054
vt -5.856 0
vt -4.757999 -3.5
vt -3.5338 6.4722
vt -8.1782 3.5278
vt -5.856 0
vt -17.91307 3.68673
vt -17.81471 3.600497
vt -17.706 3.5278
vt -17.206 4.3938
vt -18.072 3.893844
vt -17.99937 3.785053
vt -18.1719 4.135001
vt -18.12992 4.011116
vt -18.20596 4.3938
vt -18.19748 4.263279
vt -18.17187 4.652629
vt -18.19745 4.524332
vt -18.072 4.8938
vt -18.1298 4.776487
vt -11.81471 9.600497
vt -11.706 9.5278
vt -17.706 3.5278
vt -17.81471 3.600497
vt -11.91307 9.68673
vt -17.91307 3.68673
vt -11.99937 9.785053
vt -17.99937 3.785053
vt -12.072 9.893845
vt -18.072 3.893844
vt -12.12992 10.01112
vt -18.12992 4.011116
vt -12.1719 10.135
vt -18.1719 4.135001
vt -12.19748 10.26328
vt -18.19748 4.263279
vt -12.20596 10.3938
vt -7.812156 4.3938
vt -7.673115 10.52433
vt -7.673115 4.524332
vt -7.51924 10.65263
vt -7.51924 4.652629
vt -7.353315 10.77649
vt -7.353315 4.776487
vt -7.1782 10.8938
vt -7.1782 4.8938
vt -11.91307 9.68673
vt -11.81471 9.600497
vt -11.706 9.5278
vt -11.206 10.3938
vt -12.072 9.893845
vt -11.99937 9.785053
vt -12.1719 10.135
vt -12.12992 10.01112
vt -12.20596 10.3938
vt -12.19748 10.26328
vt -12.17187 10.65263
vt -12.19745 10.52433
vt -12.072 10.8938
vt -12.1298 10.77649
vt -5.2658 6.1062
vt -5.2658 12.1062
vt -17.372 6.1062
vt -16.506 5.6062
vt -10.506 11.6062
vt -11.372 12.1062
vt -10.24717 12.57207
vt -10.12331 12.53
vt -10.006 12.4722
vt -10.506 12.60616
vt -10.37547 12.59765
vt -10.7648 12.5721
vt -10.63652 12.59768
vt -11.00596 12.4722
vt -10.88868 12.53012
vt -11.21307 12.31327
vt -11.11475 12.39957
vt -11.2993 12.21491
vt -3.59331 12.53
vt -3.59331 6.530003
vt -3.675101 12.57207
vt -3.675101 6.572069
vt -3.777822 12.59765
vt -3.777822 6.597647
vt -3.899845 12.60616
vt -3.899845 6.606155
vt -4.038836 12.59768
vt -4.038836 6.597685
vt -4.1927 12.5721
vt -4.1927 6.572099
vt -4.358563 12.53012
vt -4.358563 6.530121
vt -4.533756 12.4722
vt -4.533756 6.4722
vt -4.715179 12.39957
vt -4.715179 6.399569
vt -4.899798 12.31327
vt -4.899798 6.313271
vt -5.08439 12.21491
vt -5.08439 6.214912
vt -16.24717 6.572069
vt -16.12331 6.530003
vt -16.006 6.4722
vt -16.506 6.606155
vt -16.37547 6.597647
vt -16.7648 6.572099
vt -16.63652 6.597685
vt -17.00596 6.4722
vt -16.88868 6.530121
vt -17.21307 6.313271
vt -17.11475 6.399569
vt -17.2993 6.214912
vt -18.1904 0.7480001
vt -8.750401 10.188
vt 0.7629404 13.82054
vt -19.23706 -6.17946
vt -8.1782 9.5278
vt -3.5338 12.4722
vt -5.856 16
vt -1.8376 16.08946
vt -4.757999 16.5
vt -5.856 16
vt -5.856 16
vt -1.257999 16.5
vt 0.7629404 13.82054
vt -19.23706 -6.17946
vt -21.258 -3.5
vt -21.856 0
vt 0.09000015 11.31
vt 0.09000015 8.690001
vt -3 10
vt -19.91 -11.31
vt -19.91 -8.690001
vt -23 -10
vt -12.4 -2.72
vt -8.6 -8.690001
vt -8.6 11.31
vt -12.4 6.72
vt -14.3 -1.3
vt -14.3 4.7
vt -8.6 -8.690001
vt -16 -8
vt -13 -10
vt -19 -14.3
vt -19 -17.7
vt -24 -16
vt -19.2588 -4.6659
vt -19.1305 -4.6914
vt -19 -4.7
vt -19 -3.7
vt -19.5 -4.566
vt -19.3827 -4.6239
vt -19.7071 -4.4071
vt -19.6088 -4.4934
vt -19.866 -4.2
vt -19.7934 -4.3088
vt -19.9659 -3.9588
vt -19.9239 -4.0827
vt -20 -3.7
vt -19.9914 -3.8305
vt -13.1305 1.3086
vt -13 1.3
vt -19 -4.7
vt -19.1305 -4.6914
vt -13.2588 1.3341
vt -19.2588 -4.6659
vt -13.3827 1.3761
vt -19.3827 -4.6239
vt -13.5 1.434
vt -19.5 -4.566
vt -13.6088 1.5066
vt -19.6088 -4.4934
vt -13.7071 1.5929
vt -19.7071 -4.4071
vt -13.7934 1.6912
vt -19.7934 -4.3088
vt -13.866 1.8
vt -19.866 -4.2
vt -13.9239 1.9173
vt -19.9239 -4.0827
vt -13.9659 2.0412
vt -19.9659 -3.9588
vt -13.9914 2.1695
vt -19.9914 -3.8305
vt -14 2.3
vt -20 -3.7
vt -13.2588 1.3341
vt -13.1305 1.3086
vt -13 1.3
vt -13 2.3
vt -13.5 1.434
vt -13.3827 1.3761
vt -13.7071 1.5929
vt -13.6088 1.5066
vt -13.866 1.8
vt -13.7934 1.6912
vt -13.9659 2.0412
vt -13.9239 1.9173
vt -14 2.3
vt -13.9914 2.1695
vt -16.3 -2.3
vt -16.3 3.7
vt -20 -2.3
vt -19 -2.3
vt -13 3.7
vt -14 3.7
vt -13.2588 4.6659
vt -13.1305 4.6914
vt -13 4.7
vt -13.5 4.566
vt -13.3827 4.6239
vt -13.7071 4.4071
vt -13.6088 4.4934
vt -13.866 4.2
vt -13.7934 4.3088
vt -13.9659 3.9588
vt -13.9239 4.0827
vt -13.9914 3.8305
vt -14.4391 4.6914
vt -14.4391 -1.3086
vt -14.5929 4.6659
vt -14.5929 -1.3341
vt -14.7588 4.6239
vt -14.7588 -1.3761
vt -14.934 4.566
vt -14.934 -1.434
vt -15.1154 4.4934
vt -15.1154 -1.5066
vt -15.3 4.4071
vt -15.3 -1.5929
vt -15.4846 4.3088
vt -15.4846 -1.6912
vt -15.666 4.2
vt -15.666 -1.8
vt -15.8412 4.0827
vt -15.8412 -1.9173
vt -16.0071 3.9588
vt -16.0071 -2.0412
vt -16.1609 3.8305
vt -16.1609 -2.1695
vt -19.2588 -1.3341
vt -19.1305 -1.3086
vt -19 -1.3
vt -19.5 -1.434
vt -19.3827 -1.3761
vt -19.7071 -1.5929
vt -19.6088 -1.5066
vt -19.866 -1.8
vt -19.7934 -1.6912
vt -19.9659 -2.0412
vt -19.9239 -1.9173
vt -19.9914 -2.1695
vt -16.4 -6.72
vt -9.68 2.72
vt -11.22 8.690001
vt -11.22 -11.31
vt -13 -17.7
vt -13 -14.3
vt -8 -16
vt -8.6 11.31
vt -13 10
vt -16 8
vt -8 8
vt -3 10
vt 0.09000015 8.690001
vt -11.22 -11.31
vt -13 -10
vt -16 -8
vt 0.7629404 6.17946
vt 2.07294 3.91054
vt -1.257999 3.5
vt -17.92706 -16.08946
vt -19.23706 -13.82054
vt -21.258 -16.5
vt -18.9384 -10.188
vt -13.0576 -13.82054
vt -13.0576 6.17946
vt -18.9384 -0.7480001
vt -21.2338 -9.5278
vt -21.2338 -3.5278
vt -13.0576 -13.82054
vt -21.856 -16
vt -17.758 -16.5
vt -17.706 -9.5278
vt -16.006 -12.4722
vt -21.856 -16
vt -16.24717 -12.57207
vt -16.12331 -12.53
vt -16.006 -12.4722
vt -16.506 -11.6062
vt -16.506 -12.60616
vt -16.37547 -12.59765
vt -16.7648 -12.5721
vt -16.63652 -12.59768
vt -17.00596 -12.4722
vt -16.88868 -12.53012
vt -17.21307 -12.31327
vt -17.11475 -12.39957
vt -17.372 -12.1062
vt -17.2993 -12.21491
vt -22.65332 -6.530003
vt -22.4782 -6.4722
vt -22.4782 -12.4722
vt -22.65332 -12.53
vt -22.81924 -6.572069
vt -22.81924 -12.57207
vt -22.97311 -6.597647
vt -22.97311 -12.59765
vt -23.11216 -6.606155
vt -16.506 -12.60616
vt -10.63652 -6.597685
vt -16.63652 -12.59768
vt -10.7648 -6.572099
vt -16.7648 -12.5721
vt -10.88868 -6.530121
vt -16.88868 -12.53012
vt -11.00596 -6.4722
vt -17.00596 -12.4722
vt -11.11475 -6.399569
vt -17.11475 -12.39957
vt -11.21307 -6.313271
vt -17.21307 -12.31327
vt -11.2993 -6.214912
vt -17.2993 -12.21491
vt -11.372 -6.1062
vt -17.372 -12.1062
vt -10.24717 -6.572069
vt -10.12331 -6.530003
vt -10.006 -6.4722
vt -10.506 -5.6062
vt -10.506 -6.606155
vt -10.37547 -6.597647
vt -10.7648 -6.572099
vt -10.63652 -6.597685
vt -11.00596 -6.4722
vt -10.88868 -6.530121
vt -11.21307 -6.313271
vt -11.11475 -6.399569
vt -11.372 -6.1062
vt -11.2993 -6.214912
vt -18.072 -10.8938
vt -12.072 -4.8938
vt -18.072 -10.8938
vt -17.206 -10.3938
vt -11.206 -4.3938
vt -12.072 -4.8938
vt -11.91307 -3.68673
vt -11.81471 -3.600497
vt -11.706 -3.5278
vt -12.072 -3.893844
vt -11.99937 -3.785053
vt -12.1719 -4.135001
vt -12.12992 -4.011116
vt -12.20596 -4.3938
vt -12.19748 -4.263279
vt -12.17187 -4.652629
vt -12.19745 -4.524332
vt -12.1298 -4.776487
vt -21.41521 -3.600497
vt -21.41521 -9.600497
vt -21.5998 -3.68673
vt -21.5998 -9.68673
vt -21.78442 -3.785053
vt -21.78442 -9.785053
vt -21.96585 -3.893844
vt -21.96585 -9.893845
vt -22.14104 -4.011116
vt -22.14104 -10.01112
vt -22.3069 -4.135001
vt -22.3069 -10.135
vt -22.46076 -4.263279
vt -22.46076 -10.26328
vt -22.59975 -4.3938
vt -18.20596 -10.3938
vt -12.19745 -4.524332
vt -18.19745 -10.52433
vt -12.17187 -4.652629
vt -18.17187 -10.65263
vt -12.1298 -4.776487
vt -18.1298 -10.77649
vt -17.91307 -9.68673
vt -17.81471 -9.600497
vt -17.706 -9.5278
vt -18.072 -9.893845
vt -17.99937 -9.785053
vt -18.1719 -10.135
vt -18.12992 -10.01112
vt -18.20596 -10.3938
vt -18.19748 -10.26328
vt -18.17187 -10.65263
vt -18.19745 -10.52433
vt -18.1298 -10.77649
vt -20.4024 -13.652
vt -20.4024 -4.212
vt -14.01652 3.91054
vt -14.01652 -16.08946
vt -10.006 -6.4722
vt -11.706 -3.5278
vt -5.856 0
vt -13.0576 6.17946
vt -17.758 3.5
vt -21.856 0
vt -5.856 0
vt -1.257999 3.5
vt 2.07294 3.91054
vt -14.01652 -16.08946
vt -17.758 -16.5
vt -21.856 -16
vt 3.91054 2.07294
vt 6.17946 0.7629404
vt 3.5 -1.257999
vt -13.82054 -19.23706
vt -16.08946 -17.92706
vt -16.5 -21.258
vt -20.4024 -16.1904
vt -14.01652 -17.92706
vt -14.01652 2.07294
vt -20.4024 -6.7504
vt -22.4782 -16.006
vt -22.4782 -10.006
vt -14.01652 -17.92706
vt -21.856 -21.856
vt -17.758 -21.258
vt -12.4722 -16.006
vt -9.5278 -17.706
vt -16 -21.856
vt -9.68673 -17.91307
vt -9.600497 -17.81471
vt -9.5278 -17.706
vt -10.3938 -17.206
vt -9.893845 -18.072
vt -9.785053 -17.99937
vt -10.135 -18.1719
vt -10.01112 -18.12992
vt -10.3938 -18.20596
vt -10.26328 -18.19748
vt -10.65263 -18.17187
vt -10.52433 -18.19745
vt -10.8938 -18.072
vt -10.77649 -18.1298
vt -21.41521 -11.81471
vt -21.2338 -11.706
vt -21.2338 -17.706
vt -21.41521 -17.81471
vt -21.5998 -11.91307
vt -21.5998 -17.91307
vt -21.78442 -11.99937
vt -21.78442 -17.99937
vt -21.96585 -12.072
vt -21.96585 -18.072
vt -22.14104 -12.12992
vt -22.14104 -18.12992
vt -22.3069 -12.1719
vt -22.3069 -18.1719
vt -22.46076 -12.19748
vt -22.46076 -18.19748
vt -22.59975 -12.20596
vt -10.3938 -18.20596
vt -4.524332 -12.19745
vt -10.52433 -18.19745
vt -4.652629 -12.17187
vt -10.65263 -18.17187
vt -4.776487 -12.1298
vt -10.77649 -18.1298
vt -4.8938 -12.072
vt -10.8938 -18.072
vt -3.68673 -11.91307
vt -3.600497 -11.81471
vt -3.5278 -11.706
vt -4.3938 -11.206
vt -3.893844 -12.072
vt -3.785053 -11.99937
vt -4.135001 -12.1719
vt -4.011116 -12.12992
vt -4.3938 -12.20596
vt -4.263279 -12.19748
vt -4.652629 -12.17187
vt -4.524332 -12.19745
vt -4.8938 -12.072
vt -4.776487 -12.1298
vt -12.1062 -17.372
vt -6.1062 -11.372
vt -12.1062 -17.372
vt -11.6062 -16.506
vt -5.6062 -10.506
vt -6.1062 -11.372
vt -6.572069 -10.24717
vt -6.530003 -10.12331
vt -6.4722 -10.006
vt -6.606155 -10.506
vt -6.597647 -10.37547
vt -6.572099 -10.7648
vt -6.597685 -10.63652
vt -6.4722 -11.00596
vt -6.530121 -10.88868
vt -6.313271 -11.21307
vt -6.399569 -11.11475
vt -6.214912 -11.2993
vt -22.65332 -10.12331
vt -22.65332 -16.12331
vt -22.81924 -10.24717
vt -22.81924 -16.24717
vt -22.97311 -10.37547
vt -22.97311 -16.37547
vt -23.11216 -10.506
vt -12.60616 -16.506
vt -6.597685 -10.63652
vt -12.59768 -16.63652
vt -6.572099 -10.7648
vt -12.5721 -16.7648
vt -6.530121 -10.88868
vt -12.53012 -16.88868
vt -6.4722 -11.00596
vt -12.4722 -17.00596
vt -6.399569 -11.11475
vt -12.39957 -17.11475
vt -6.313271 -11.21307
vt -12.31327 -17.21307
vt -6.214912 -11.2993
vt -12.21491 -17.2993
vt -12.57207 -16.24717
vt -12.53 -16.12331
vt -12.4722 -16.006
vt -12.60616 -16.506
vt -12.59765 -16.37547
vt -12.5721 -16.7648
vt -12.59768 -16.63652
vt -12.4722 -17.00596
vt -12.53012 -16.88868
vt -12.31327 -17.21307
vt -12.39957 -17.11475
vt -12.21491 -17.2993
vt -18.9384 -18.1904
vt -18.9384 -8.750401
vt -13.0576 0.7629404
vt -13.0576 -19.23706
vt -3.5278 -11.706
vt -6.4722 -10.006
vt 0 -5.856
vt 3.91054 2.07294
vt 3.5 -1.257999
vt 0 -5.856
vt -21.856 -5.856
vt -17.758 -1.257999
vt -13.0576 0.7629404
vt -13.0576 -19.23706
vt -17.758 -21.258
vt -21.856 -21.856
vt 8.690001 0.09000015
vt 11.31 0.09000015
vt 10 -3
vt -8.690001 -19.91
vt -11.31 -19.91
vt -10 -23
vt -16.4 -19.12
vt -11.22 -19.91
vt -11.22 0.09000015
vt 2.72 -9.68
vt -4.7 -19
vt 1.3 -13
vt -11.22 -19.91
vt -16 -24
vt -13 -23
vt -17.7 -19
vt -14.3 -19
vt -16 -24
vt -1.3341 -19.2588
vt -1.3086 -19.1305
vt -1.3 -19
vt -2.3 -19
vt -1.434 -19.5
vt -1.3761 -19.3827
vt -1.5929 -19.7071
vt -1.5066 -19.6088
vt -1.8 -19.866
vt -1.6912 -19.7934
vt -2.0412 -19.9659
vt -1.9173 -19.9239
vt -2.3 -20
vt -2.1695 -19.9914
vt -14.4391 -13.1305
vt -14.3 -13
vt -14.3 -19
vt -14.4391 -19.1305
vt -14.5929 -13.2588
vt -14.5929 -19.2588
vt -14.7588 -13.3827
vt -14.7588 -19.3827
vt -14.934 -13.5
vt -14.934 -19.5
vt -15.1154 -13.6088
vt -15.1154 -19.6088
vt -15.3 -13.7071
vt -15.3 -19.7071
vt -15.4846 -13.7934
vt -15.4846 -19.7934
vt -15.666 -13.866
vt -15.666 -19.866
vt -15.8412 -13.9239
vt -15.8412 -19.9239
vt -16.0071 -13.9659
vt -16.0071 -19.9659
vt -16.1609 -13.9914
vt -16.1609 -19.9914
vt -16.3 -14
vt -16.3 -20
vt 4.6659 -13.2588
vt 4.6914 -13.1305
vt 4.7 -13
vt 3.7 -13
vt 4.566 -13.5
vt 4.6239 -13.3827
vt 4.4071 -13.7071
vt 4.4934 -13.6088
vt 4.2 -13.866
vt 4.3088 -13.7934
vt 3.9588 -13.9659
vt 4.0827 -13.9239
vt 3.7 -14
vt 3.8305 -13.9914
vt -3.7 -20
vt 2.3 -14
vt -3.7 -20
vt -3.7 -19
vt 2.3 -13
vt 2.3 -14
vt 1.3341 -13.2588
vt 1.3086 -13.1305
vt 1.3 -13
vt 1.434 -13.5
vt 1.3761 -13.3827
vt 1.5929 -13.7071
vt 1.5066 -13.6088
vt 1.8 -13.866
vt 1.6912 -13.7934
vt 2.0412 -13.9659
vt 1.9173 -13.9239
vt 2.1695 -13.9914
vt 1.3086 -13.1305
vt -4.6914 -19.1305
vt 1.3341 -13.2588
vt -4.6659 -19.2588
vt 1.3761 -13.3827
vt -4.6239 -19.3827
vt 1.434 -13.5
vt -4.566 -19.5
vt 1.5066 -13.6088
vt -4.4934 -19.6088
vt 1.5929 -13.7071
vt -4.4071 -19.7071
vt 1.6912 -13.7934
vt -4.3088 -19.7934
vt 1.8 -13.866
vt -4.2 -19.866
vt 1.9173 -13.9239
vt -4.0827 -19.9239
vt 2.0412 -13.9659
vt -3.9588 -19.9659
vt 2.1695 -13.9914
vt -3.8305 -19.9914
vt -4.6659 -19.2588
vt -4.6914 -19.1305
vt -4.7 -19
vt -4.566 -19.5
vt -4.6239 -19.3827
vt -4.4071 -19.7071
vt -4.4934 -19.6088
vt -4.2 -19.866
vt -4.3088 -19.7934
vt -3.9588 -19.9659
vt -4.0827 -19.9239
vt -3.8305 -19.9914
vt -2.72 -19.12
vt -12.4 -9.68
vt 11.31 0.09000015
vt -8.690001 -19.91
vt -14.3 -13
vt -17.7 -13
vt -16 -8
vt 8.690001 0.09000015
vt 10 -3
vt 8 -8
vt -16 -8
vt -13 -3
vt -8.6 0.09000015
vt -8.690001 -19.91
vt -10 -23
vt -8 -24
vt 13.82054 0.7629404
vt 16.08946 2.07294
vt 16.5 -1.257999
vt -3.91054 -17.92706
vt -6.17946 -19.23706
vt -3.5 -21.258
vt 0.7480001 -18.1904
vt -6.17946 -19.23706
vt 13.82054 0.7629404
vt 10.188 -8.750401
vt 3.5278 -17.706
vt 9.5278 -11.706
vt -6.17946 -19.23706
vt 0 -21.856
vt -3.5 -21.258
vt -8.1782 -17.706
vt -3.5338 -16.006
vt -5.856 -21.856
vt 6.572069 -16.24717
vt 6.530003 -16.12331
vt 6.4722 -16.006
vt 5.6062 -16.506
vt 6.606155 -16.506
vt 6.597647 -16.37547
vt 6.572099 -16.7648
vt 6.597685 -16.63652
vt 6.4722 -17.00596
vt 6.530121 -16.88868
vt 6.313271 -17.21307
vt 6.399569 -17.11475
vt 6.1062 -17.372
vt 6.214912 -17.2993
vt 12.53 -10.12331
vt 12.4722 -10.006
vt 6.4722 -16.006
vt 6.530003 -16.12331
vt 12.57207 -10.24717
vt 6.572069 -16.24717
vt 12.59765 -10.37547
vt 6.597647 -16.37547
vt 12.60616 -10.506
vt -3.899845 -16.506
vt -4.038836 -10.63652
vt -4.038836 -16.63652
vt -4.1927 -10.7648
vt -4.1927 -16.7648
vt -4.358563 -10.88868
vt -4.358563 -16.88868
vt -4.533756 -11.00596
vt -4.533756 -17.00596
vt -4.715179 -11.11475
vt -4.715179 -17.11475
vt -4.899798 -11.21307
vt -4.899798 -17.21307
vt -5.08439 -11.2993
vt -5.08439 -17.2993
vt -5.2658 -11.372
vt -5.2658 -17.372
vt 12.57207 -10.24717
vt 12.53 -10.12331
vt 12.4722 -10.006
vt 11.6062 -10.506
vt 12.60616 -10.506
vt 12.59765 -10.37547
vt 12.5721 -10.7648
vt 12.59768 -10.63652
vt 12.4722 -11.00596
vt 12.53012 -10.88868
vt 12.31327 -11.21307
vt 12.39957 -11.11475
vt 12.1062 -11.372
vt 12.21491 -11.2993
vt -7.1782 -18.072
vt -7.1782 -12.072
vt 4.8938 -18.072
vt 4.3938 -17.206
vt 10.3938 -11.206
vt 10.8938 -12.072
vt 9.68673 -11.91307
vt 9.600497 -11.81471
vt 9.5278 -11.706
vt 9.893845 -12.072
vt 9.785053 -11.99937
vt 10.135 -12.1719
vt 10.01112 -12.12992
vt 10.3938 -12.20596
vt 10.26328 -12.19748
vt 10.65263 -12.17187
vt 10.52433 -12.19745
vt 10.77649 -12.1298
vt 9.600497 -11.81471
vt 3.600497 -17.81471
vt 9.68673 -11.91307
vt 3.68673 -17.91307
vt 9.785053 -11.99937
vt 3.785053 -17.99937
vt 9.893845 -12.072
vt 3.893844 -18.072
vt 10.01112 -12.12992
vt 4.011116 -18.12992
vt 10.135 -12.1719
vt 4.135001 -18.1719
vt 10.26328 -12.19748
vt 4.263279 -18.19748
vt 10.3938 -12.20596
vt -7.812156 -18.20596
vt -7.673115 -12.19745
vt -7.673115 -18.19745
vt -7.51924 -12.17187
vt -7.51924 -18.17187
vt -7.353315 -12.1298
vt -7.353315 -18.1298
vt 3.68673 -17.91307
vt 3.600497 -17.81471
vt 3.5278 -17.706
vt 3.893844 -18.072
vt 3.785053 -17.99937
vt 4.135001 -18.1719
vt 4.011116 -18.12992
vt 4.3938 -18.20596
vt 4.263279 -18.19748
vt 4.652629 -18.17187
vt 4.524332 -18.19745
vt 4.776487 -18.1298
vt 4.212 -16.1904
vt 13.652 -6.7504
vt 16.08946 2.07294
vt -3.91054 -17.92706
vt -3.5338 -10.006
vt -8.1782 -11.706
vt -5.856 -5.856
vt 13.82054 0.7629404
vt 16.5 -1.257999
vt 16 -5.856
vt -5.856 -5.856
vt -4.757999 -1.257999
vt -1.8376 2.07294
vt -3.91054 -17.92706
vt -3.5 -21.258
vt 0 -21.856
vt 17.92706 3.91054
vt 19.23706 6.17946
vt 21.258 3.5
vt -0.7629404 -13.82054
vt -2.07294 -16.08946
vt 1.257999 -16.5
vt 6.7504 -13.652
vt -2.07294 -16.08946
vt 17.92706 3.91054
vt 16.1904 -4.212
vt 10.006 -12.4722
vt 16.006 -6.4722
vt 1.8376 -16.08946
vt 5.856 -16
vt 4.757999 -16.5
vt 3.5338 -12.4722
vt 8.1782 -9.5278
vt 5.856 -16
vt 11.91307 -9.68673
vt 11.81471 -9.600497
vt 11.706 -9.5278
vt 11.206 -10.3938
vt 12.072 -9.893845
vt 11.99937 -9.785053
vt 12.1719 -10.135
vt 12.12992 -10.01112
vt 12.20596 -10.3938
vt 12.19748 -10.26328
vt 12.17187 -10.65263
vt 12.19745 -10.52433
vt 12.072 -10.8938
vt 12.1298 -10.77649
vt 8.214215 -3.600497
vt 17.706 -3.5278
vt 8.1782 -9.5278
vt 8.214215 -9.600497
vt 8.22634 -3.68673
vt 11.91307 -9.68673
vt 17.99937 -3.785053
vt 11.99937 -9.785053
vt 18.072 -3.893844
vt 12.072 -9.893845
vt 18.12992 -4.011116
vt 12.12992 -10.01112
vt 18.1719 -4.135001
vt 12.1719 -10.135
vt 18.19748 -4.263279
vt 12.19748 -10.26328
vt 18.20596 -4.3938
vt 7.812156 -10.3938
vt 7.673115 -4.524332
vt 7.673115 -10.52433
vt 7.51924 -4.652629
vt 7.51924 -10.65263
vt 7.353315 -4.776487
vt 7.353315 -10.77649
vt 7.1782 -4.8938
vt 7.1782 -10.8938
vt 17.91307 -3.68673
vt 17.81471 -3.600497
vt 17.706 -3.5278
vt 17.206 -4.3938
vt 18.072 -3.893844
vt 17.99937 -3.785053
vt 18.1719 -4.135001
vt 18.12992 -4.011116
vt 18.20596 -4.3938
vt 18.19748 -4.263279
vt 18.17187 -4.652629
vt 18.19745 -4.524332
vt 18.072 -4.8938
vt 18.1298 -4.776487
vt 5.2658 -12.1062
vt 5.2658 -6.1062
vt 11.372 -12.1062
vt 10.506 -11.6062
vt 16.506 -5.6062
vt 17.372 -6.1062
vt 16.24717 -6.572069
vt 16.12331 -6.530003
vt 16.006 -6.4722
vt 16.506 -6.606155
vt 16.37547 -6.597647
vt 16.7648 -6.572099
vt 16.63652 -6.597685
vt 17.00596 -6.4722
vt 16.88868 -6.530121
vt 17.21307 -6.313271
vt 17.11475 -6.399569
vt 17.2993 -6.214912
vt 16.12331 -6.530003
vt 10.12331 -12.53
vt 16.24717 -6.572069
vt 10.24717 -12.57207
vt 16.37547 -6.597647
vt 10.37547 -12.59765
vt 16.506 -6.606155
vt 3.899845 -12.60616
vt 4.038836 -6.597685
vt 4.038836 -12.59768
vt 4.1927 -6.572099
vt 4.1927 -12.5721
vt 4.358563 -6.530121
vt 4.358563 -12.53012
vt 4.533756 -6.4722
vt 4.533756 -12.4722
vt 4.715179 -6.399569
vt 4.715179 -12.39957
vt 4.899798 -6.313271
vt 4.899798 -12.31327
vt 5.08439 -6.214912
vt 5.08439 -12.21491
vt 10.24717 -12.57207
vt 10.12331 -12.53
vt 10.006 -12.4722
vt 10.506 -12.60616
vt 10.37547 -12.59765
vt 10.7648 -12.5721
vt 10.63652 -12.59768
vt 11.00596 -12.4722
vt 10.88868 -12.53012
vt 11.21307 -12.31327
vt 11.11475 -12.39957
vt 11.2993 -12.21491
vt 8.002399 -10.188
vt 8.002399 -0.7480001
vt 5.41652 6.17946
vt 5.41652 -13.82054
vt 8.1782 -3.5278
vt 3.5338 -6.4722
vt 5.856 0
vt 17.92706 3.91054
vt 21.258 3.5
vt 21.856 0
vt 21.856 0
vt 21.258 3.5
vt 19.23706 6.17946
vt -0.7629404 -13.82054
vt 1.257999 -16.5
vt 5.856 -16
vt 11.219 -0.08600044
vt 10 0
vt 10 20
vt 11.219 19.914
vt 12.247 -0.3409996
vt 12.247 19.659
vt 13.066 -0.7609997
vt 13.066 19.239
vt 13.66 -1.34
vt 13.66 18.66
vt 14.022 -2.066
vt 14.022 17.934
vt 14.142 -2.929
vt 17.071 17.071
vt -2.066 -3.912
vt 17.934 16.088
vt -1.34 -5
vt 18.66 15
vt -0.7609997 -6.173
vt 19.239 13.827
vt -0.3409996 -7.412
vt 19.659 12.588
vt -0.08600044 -8.695
vt 19.914 11.305
vt 0 -10
vt 10 10
vt 8.608999 -11.305
vt 8.608999 8.695
vt 7.071 -12.588
vt 7.071 7.412
vt 5.412001 -13.827
vt 5.412001 6.173
vt 3.66 -15
vt 3.66 5
vt 1.846 -16.088
vt 1.846 3.912
vt 0 -17.071
vt 0 2.929
vt -1.846 -17.934
vt -1.846 2.066
vt -3.66 -18.66
vt -3.66 1.34
vt -5.412001 -19.239
vt -5.412001 0.7609997
vt -7.071 -19.659
vt -7.071 0.3409996
vt -8.608999 -19.914
vt -8.608999 0.08600044
vt -10 -20
vt 10 0
vt -11.305 -19.914
vt 8.695 0.08600044
vt -12.588 -19.659
vt 7.412 0.3409996
vt -13.827 -19.239
vt 6.173 0.7609997
vt -15 -18.66
vt 5 1.34
vt -16.088 -17.934
vt 3.912 2.066
vt -17.071 -17.071
vt 2.929 2.929
vt -17.934 -16.088
vt 2.066 3.912
vt -18.66 -15
vt 1.34 5
vt -19.239 -13.827
vt 0.7609997 6.173
vt -19.659 -12.588
vt 0.3409996 7.412
vt -19.914 -11.305
vt 0.08600044 8.695
vt -20 -10
vt -10 10
vt -8.608999 -8.695
vt -8.608999 11.305
vt -7.071 -7.412
vt -7.071 12.588
vt -5.412001 -6.173
vt -5.412001 13.827
vt -3.66 -5
vt -3.66 15
vt -1.846 -3.912
vt -1.846 16.088
vt 0 -2.929
vt 0 17.071
vt 1.846 -2.066
vt 1.846 17.934
vt 3.66 -1.34
vt 3.66 18.66
vt 5.412001 -0.7609997
vt 5.412001 19.239
vt 7.071 -0.3409996
vt 7.071 19.659
vt 8.608999 -0.08600044
vt 8.608999 19.914
vt -10 -2
vt -8.956 -2.0688
vt -8.695 -0.08600044
vt -10 0
vt -7.9296 -2.2728
vt -7.412 -0.3409996
vt -6.9384 -2.6088
vt -6.173 -0.7609997
vt -6 -3.072
vt -5 -1.34
vt -5.1296 -3.6528
vt -3.912 -2.066
vt -4.3432 -4.3432
vt -2.929 -2.929
vt -3.6528 -5.1296
vt -2.066 -3.912
vt -3.072 -6
vt -1.34 -5
vt -2.6088 -6.9384
vt -0.7609997 -6.173
vt -2.2728 -7.9296
vt -0.3409996 -7.412
vt -2.0688 -8.956
vt -0.08600044 -8.695
vt -2 -10
vt 0 -10
vt -2.0688 -11.044
vt -0.08600044 -11.305
vt -2.2728 -12.0704
vt -0.3409996 -12.588
vt -2.6088 -13.0616
vt -0.7609997 -13.827
vt -3.072 -14
vt -1.34 -15
vt -3.6528 -14.8704
vt -2.066 -16.088
vt -4.3432 -15.6568
vt -2.929 -17.071
vt -5.1296 -16.3472
vt -3.912 -17.934
vt -6 -16.928
vt -5 -18.66
vt -6.9384 -17.3912
vt -6.173 -19.239
vt -7.9296 -17.7272
vt -7.412 -19.659
vt -8.956 -17.9312
vt -8.695 -19.914
vt -10 -18
vt -10 -20
vt -11.044 -17.9312
vt -11.305 -19.914
vt -12.0704 -17.7272
vt -12.588 -19.659
vt -13.0616 -17.3912
vt -13.827 -19.239
vt -14 -16.928
vt -15 -18.66
vt -14.8704 -16.3472
vt -16.088 -17.934
vt -15.6568 -15.6568
vt -17.071 -17.071
vt -16.3472 -14.8704
vt -17.934 -16.088
vt -16.928 -14
vt -18.66 -15
vt -17.3912 -13.0616
vt -19.239 -13.827
vt -17.7272 -12.0704
vt -19.659 -12.588
vt -17.9312 -11.044
vt -19.914 -11.305
vt -18 -10
vt -20 -10
vt -17.9312 -8.956
vt -19.914 -8.695
vt -17.7272 -7.9296
vt -19.659 -7.412
vt -17.3912 -6.9384
vt -19.239 -6.173
vt -16.928 -6
vt -18.66 -5
vt -16.3472 -5.1296
vt -17.934 -3.912
vt -15.6568 -4.3432
vt -17.071 -2.929
vt -14.8704 -3.6528
vt -16.088 -2.066
vt -14 -3.072
vt -15 -1.34
vt -13.0616 -2.6088
vt -13.827 -0.7609997
vt -12.0704 -2.2728
vt -12.588 -0.3409996
vt -11.044 -2.0688
vt -11.305 -0.08600044
vt 10 2
vt 11.044 2.0688
vt 11.305 0.08600044
vt 10 0
vt 12.0704 2.2728
vt 12.588 0.3409996
vt 13.0616 2.6088
vt 13.827 0.7609997
vt 14 3.072
vt 15 1.34
vt 14.8704 3.6528
vt 16.088 2.066
vt 15.6568 4.3432
vt 17.071 2.929
vt 16.3472 5.1296
vt 17.934 3.912
vt 16.928 6
vt 18.66 5
vt 17.3912 6.9384
vt 19.239 6.173
vt 17.7272 7.9296
vt 19.659 7.412
vt 17.9312 8.956
vt 19.914 8.695
vt 18 10
vt 20 10
vt 17.9312 11.044
vt 19.914 11.305
vt 17.7272 12.0704
vt 19.659 12.588
vt 17.3912 13.0616
vt 19.239 13.827
vt 16.928 14
vt 18.66 15
vt 16.3472 14.8704
vt 17.934 16.088
vt 15.6568 15.6568
vt 17.071 17.071
vt 14.8704 16.3472
vt 16.088 17.934
vt 14 16.928
vt 15 18.66
vt 13.0616 17.3912
vt 13.827 19.239
vt 12.0704 17.7272
vt 12.588 19.659
vt 11.044 17.9312
vt 11.305 19.914
vt 10 18
vt 10 20
vt 8.956 17.9312
vt 8.695 19.914
vt 7.9296 17.7272
vt 7.412 19.659
vt 6.9384 17.3912
vt 6.173 19.239
vt 6 16.928
vt 5 18.66
vt 5.1296 16.3472
vt 3.912 17.934
vt 4.3432 15.6568
vt 2.929 17.071
vt 3.6528 14.8704
vt 2.066 16.088
vt 3.072 14
vt 1.34 15
vt 2.6088 13.0616
vt 0.7609997 13.827
vt 2.2728 12.0704
vt 0.3409996 12.588
vt 2.0688 11.044
vt 0.08600044 11.305
vt 2 10
vt 0 10
vt 2.0688 8.956
vt 0.08600044 8.695
vt 2.2728 7.9296
vt 0.3409996 7.412
vt 2.6088 6.9384
vt 0.7609997 6.173
vt 3.072 6
vt 1.34 5
vt 3.6528 5.1296
vt 2.066 3.912
vt 4.3432 4.3432
vt 2.929 2.929
vt 5.1296 3.6528
vt 3.912 2.066
vt 6 3.072
vt 5 1.34
vt 6.9384 2.6088
vt 6.173 0.7609997
vt 7.9296 2.2728
vt 7.412 0.3409996
vt 8.956 2.0688
vt 8.695 0.08600044
vt -10 -4
vt -9.217 -4.0516
vt -8.8255 -1.0774
vt -10 -1
vt -8.4472 -4.2046
vt -7.6708 -1.3069
vt -7.7038 -4.4566
vt -6.5557 -1.6849
vt -7 -4.804
vt -5.5 -2.206
vt -6.3472 -5.2396
vt -4.5208 -2.8594
vt -5.7574 -5.7574
vt -3.6361 -3.6361
vt -5.2396 -6.3472
vt -2.8594 -4.5208
vt -4.804 -7
vt -2.206 -5.5
vt -4.4566 -7.7038
vt -1.6849 -6.5557
vt -4.2046 -8.4472
vt -1.3069 -7.6708
vt -4.0516 -9.217
vt -1.0774 -8.8255
vt -4 -10
vt -1 -10
vt -4.0516 -10.783
vt -1.0774 -11.1745
vt -4.2046 -11.5528
vt -1.3069 -12.3292
vt -4.4566 -12.2962
vt -1.6849 -13.4443
vt -4.804 -13
vt -2.206 -14.5
vt -5.2396 -13.6528
vt -2.8594 -15.4792
vt -5.7574 -14.2426
vt -3.6361 -16.3639
vt -6.3472 -14.7604
vt -4.5208 -17.1406
vt -7 -15.196
vt -5.5 -17.794
vt -7.7038 -15.5434
vt -6.5557 -18.3151
vt -8.4472 -15.7954
vt -7.6708 -18.6931
vt -9.217 -15.9484
vt -8.8255 -18.9226
vt -10 -16
vt -10 -19
vt -10.783 -15.9484
vt -11.1745 -18.9226
vt -11.5528 -15.7954
vt -12.3292 -18.6931
vt -12.2962 -15.5434
vt -13.4443 -18.3151
vt -13 -15.196
vt -14.5 -17.794
vt -13.6528 -14.7604
vt -15.4792 -17.1406
vt -14.2426 -14.2426
vt -16.3639 -16.3639
vt -14.7604 -13.6528
vt -17.1406 -15.4792
vt -15.196 -13
vt -17.794 -14.5
vt -15.5434 -12.2962
vt -18.3151 -13.4443
vt -15.7954 -11.5528
vt -18.6931 -12.3292
vt -15.9484 -10.783
vt -18.9226 -11.1745
vt -16 -10
vt -19 -10
vt -15.9484 -9.217
vt -18.9226 -8.8255
vt -15.7954 -8.4472
vt -18.6931 -7.6708
vt -15.5434 -7.7038
vt -18.3151 -6.5557
vt -15.196 -7
vt -17.794 -5.5
vt -14.7604 -6.3472
vt -17.1406 -4.5208
vt -14.2426 -5.7574
vt -16.3639 -3.6361
vt -13.6528 -5.2396
vt -15.4792 -2.8594
vt -13 -4.804
vt -14.5 -2.206
vt -12.2962 -4.4566
vt -13.4443 -1.6849
vt -11.5528 -4.2046
vt -12.3292 -1.3069
vt -10.783 -4.0516
vt -11.1745 -1.0774
vt 10 4
vt 10.783 4.0516
vt 11.1745 1.0774
vt 10 1
vt 11.5528 4.2046
vt 12.3292 1.3069
vt 12.2962 4.4566
vt 13.4443 1.6849
vt 13 4.804
vt 14.5 2.206
vt 13.6528 5.2396
vt 15.4792 2.8594
vt 14.2426 5.7574
vt 16.3639 3.6361
vt 14.7604 6.3472
vt 17.1406 4.5208
vt 15.196 7
vt 17.794 5.5
vt 15.5434 7.7038
vt 18.3151 6.5557
vt 15.7954 8.4472
vt 18.6931 7.6708
vt 15.9484 9.217
vt 18.9226 8.8255
vt 16 10
vt 19 10
vt 15.9484 10.783
vt 18.9226 11.1745
vt 15.7954 11.5528
vt 18.6931 12.3292
vt 15.5434 12.2962
vt 18.3151 13.4443
vt 15.196 13
vt 17.794 14.5
vt 14.7604 13.6528
vt 17.1406 15.4792
vt 14.2426 14.2426
vt 16.3639 16.3639
vt 13.6528 14.7604
vt 15.4792 17.1406
vt 13 15.196
vt 14.5 17.794
vt 12.2962 15.5434
vt 13.4443 18.3151
vt 11.5528 15.7954
vt 12.3292 18.6931
vt 10.783 15.9484
vt 11.1745 18.9226
vt 10 16
vt 10 19
vt 9.217 15.9484
vt 8.8255 18.9226
vt 8.4472 15.7954
vt 7.6708 18.6931
vt 7.7038 15.5434
vt 6.5557 18.3151
vt 7 15.196
vt 5.5 17.794
vt 6.3472 14.7604
vt 4.5208 17.1406
vt 5.7574 14.2426
vt 3.6361 16.3639
vt 5.2396 13.6528
vt 2.8594 15.4792
vt 4.804 13
vt 2.206 14.5
vt 4.4566 12.2962
vt 1.6849 13.4443
vt 4.2046 11.5528
vt 1.3069 12.3292
vt 4.0516 10.783
vt 1.0774 11.1745
vt 4 10
vt 1 10
vt 4.0516 9.217
vt 1.0774 8.8255
vt 4.2046 8.4472
vt 1.3069 7.6708
vt 4.4566 7.7038
vt 1.6849 6.5557
vt 4.804 7
vt 2.206 5.5
vt 5.2396 6.3472
vt 2.8594 4.5208
vt 5.7574 5.7574
vt 3.6361 3.6361
vt 6.3472 5.2396
vt 4.5208 2.8594
vt 7 4.804
vt 5.5 2.206
vt 7.7038 4.4566
vt 6.5557 1.6849
vt 8.4472 4.2046
vt 7.6708 1.3069
vt 9.217 4.0516
vt 8.8255 1.0774
vt 12 14
vt 12 7.644
vt -8 7.644
vt -8 -6
vt -7.5 -7.5
vt 12.5 12.5
vt -6 -8
vt 14 12
vt 12.5 12.5
vt -7.5 -7.5
vt 7.644 -8
vt 7.644 12
vt -8 -6
vt -8 -4.356
vt -7.5 -7.5
vt -6 -8
vt -4.356 -8
vt 12 14
vt 12 15.645
vt 12.5 12.5
vt 14 12
vt 15.644 12
vt 0 -12.5
vt 0 7.5
vt 0.8599999 6.22
vt 0.8599999 -13.78
vt -6.22 -14.64
vt 13.78 5.36
vt 12.5 7.5
vt -7.5 -12.5
vt -12.5 -7.5
vt 7.5 12.5
vt 5.36 13.78
vt -14.64 -6.22
vt -13.78 -5.36
vt 6.22 14.64
vt 7.5 12.5
vt -12.5 -7.5
vt -12 -14
vt 8 6
vt 8 -7.644
vt -12 -7.644
vt -12.5 -12.5
vt 7.5 7.5
vt -6 -12
vt -6 8
vt -5 7.5
vt -5 -12.5
vt -7.644 -12
vt -7.644 8
vt -12 -14
vt -12 -15.644
vt -12.5 -12.5
vt -14 -12
vt -15.644 -12
vt 8 6
vt 8 4.356
vt 7.5 7.5
vt 6 8
vt 4.356 8
vt 7.5 12.5
vt 6.22 14.64
vt 5.36 13.78
vt -12.5 -7.5
vt -14.64 -6.22
vt -13.78 -5.36
vt -7.5 -12.5
vt -5.36 -13.78
vt -6.22 -14.64
vt 12.5 7.5
vt 13.78 5.36
vt 14.64 6.22
vt 5.2402 6.3475
vt 6.3475 5.2402
vt 14.7598 13.6525
vt 13.6525 14.7598
vt -5.2402 -6.3475
vt -6.3475 -5.2402
vt -14.7598 -13.6525
vt -13.6525 -14.7598
vt 4.356 8
vt -15.644 -12
vt -15.7954 -11.5528
vt 4.2046 8.4472
vt -15.949 -10.7832
vt 4.051 9.2168
vt -15.9999 -5.9999
vt 4.0001 -5.9999
vt -5.1658 10.7832
vt -5.1658 -9.2168
vt -4.2426 -8.4472
vt -4.2426 11.5528
vt -3.2473 -7.7039
vt -3.2473 12.2961
vt -2.196 -7
vt -2.196 13
vt -1.1073 -6.3475
vt -1.1073 13.6525
vt -0.8599999 -6.22
vt -0.8599999 13.78
vt 0.8599999 14.64
vt 0.8599999 -5.36
vt 1.1073 -5.2402
vt 1.1073 14.7598
vt 2.196 -4.804
vt 2.196 15.196
vt 3.247 -4.457
vt 3.247 15.543
vt 4.2426 -4.2046
vt 4.2426 15.7954
vt 5.1658 -4.051
vt 5.1658 15.949
vt 5.9999 -4.0001
vt 10 16
vt -9.2168 -4.051
vt 10.7832 15.949
vt -8.4472 -4.2046
vt 11.5528 15.7954
vt -8 -4.356
vt 12 15.644
vt 15.644 12
vt -4.356 -8
vt -4.2046 -8.4472
vt 15.7954 11.5528
vt -4.051 -9.2168
vt 15.949 10.7832
vt -4.0001 -10
vt 6 10
vt 5.1658 -10.7832
vt 5.1658 9.2168
vt 4.2426 -11.5528
vt 4.2426 8.4472
vt 3.2473 -12.2961
vt 3.2473 7.7039
vt 2.196 -13
vt 2.196 7
vt 1.1073 -13.6525
vt 1.1073 6.3475
vt 0.8599999 -13.78
vt 0.8599999 6.22
vt -0.8599999 5.36
vt -0.8599999 -14.64
vt -1.1073 -14.7598
vt -1.1073 5.2402
vt -2.196 -15.196
vt -2.196 4.804
vt -3.247 -15.543
vt -3.247 4.457
vt -4.2426 -15.7954
vt -4.2426 4.2046
vt -5.1658 -15.949
vt -5.1658 4.051
vt -5.9999 -15.9999
vt -5.9999 4.0001
vt -6.7322 -15.949
vt -6.7322 4.051
vt -7.3482 -15.7954
vt -7.3482 4.2046
vt -7.644 -15.644
vt -7.644 4.356
vt -29.91 -11.31
vt -29.91 -8.690001
vt -33 -10
vt -9.91 11.31
vt -9.91 8.690001
vt -13 10
vt -19.68 2.72
vt -21.22 8.690001
vt -21.22 -11.31
vt -26.4 -6.72
vt -23 1.3
vt -29 -4.7
vt -9.91 8.690001
vt -18 8
vt -13 10
vt -23 -27.7
vt -23 -24.3
vt -18 -26
vt -23.2588 4.6659
vt -23.1305 4.6914
vt -23 4.7
vt -23 3.7
vt -23.5 4.566
vt -23.3827 4.6239
vt -23.7071 4.4071
vt -23.6088 4.4934
vt -23.866 4.2
vt -23.7934 4.3088
vt -23.9659 3.9588
vt -23.9239 4.0827
vt -24 3.7
vt -23.9914 3.8305
vt -24.4391 -1.3086
vt -24.3 -1.3
vt -24.3 4.7
vt -24.4391 4.6914
vt -24.5929 -1.3341
vt -24.5929 4.6659
vt -24.7588 -1.3761
vt -24.7588 4.6239
vt -24.934 -1.434
vt -24.934 4.566
vt -25.1154 -1.5066
vt -25.1154 4.4934
vt -25.3 -1.5929
vt -25.3 4.4071
vt -25.4846 -1.6912
vt -25.4846 4.3088
vt -25.666 -1.8
vt -25.666 4.2
vt -25.8412 -1.9173
vt -25.8412 4.0827
vt -26.0071 -2.0412
vt -26.0071 3.9588
vt -26.1609 -2.1695
vt -26.1609 3.8305
vt -26.3 -2.3
vt -26.3 3.7
vt -29.2588 -1.3341
vt -29.1305 -1.3086
vt -29 -1.3
vt -29 -2.3
vt -29.5 -1.434
vt -29.3827 -1.3761
vt -29.7071 -1.5929
vt -29.6088 -1.5066
vt -29.866 -1.8
vt -29.7934 -1.6912
vt -29.9659 -2.0412
vt -29.9239 -1.9173
vt -30 -2.3
vt -29.9914 -2.1695
vt -24 2.3
vt -30 -3.7
vt -24 2.3
vt -23 2.3
vt -29 -3.7
vt -30 -3.7
vt -29.2588 -4.6659
vt -29.1305 -4.6914
vt -29 -4.7
vt -29.5 -4.566
vt -29.3827 -4.6239
vt -29.7071 -4.4071
vt -29.6088 -4.4934
vt -29.866 -4.2
vt -29.7934 -4.3088
vt -29.9659 -3.9588
vt -29.9239 -4.0827
vt -29.9914 -3.8305
vt -29.1305 -4.6914
vt -23.1305 1.3086
vt -29.2588 -4.6659
vt -23.2588 1.3341
vt -29.3827 -4.6239
vt -23.3827 1.3761
vt -29.5 -4.566
vt -23.5 1.434
vt -29.6088 -4.4934
vt -23.6088 1.5066
vt -29.7071 -4.4071
vt -23.7071 1.5929
vt -29.7934 -4.3088
vt -23.7934 1.6912
vt -29.866 -4.2
vt -23.866 1.8
vt -29.9239 -4.0827
vt -23.9239 1.9173
vt -29.9659 -3.9588
vt -23.9659 2.0412
vt -29.9914 -3.8305
vt -23.9914 2.1695
vt -23.2588 1.3341
vt -23.1305 1.3086
vt -23 1.3
vt -23.5 1.434
vt -23.3827 1.3761
vt -23.7071 1.5929
vt -23.6088 1.5066
vt -23.866 1.8
vt -23.7934 1.6912
vt -23.9659 2.0412
vt -23.9239 1.9173
vt -23.9914 2.1695
vt -22.4 6.72
vt -22.4 -2.72
vt -18.6 -8.690001
vt -18.6 11.31
vt -29 -24.3
vt -29 -27.7
vt -34 -26
vt -21.22 -11.31
vt -23 -10
vt -26 -8
vt -26 -8
vt -23 -10
vt -18.6 -8.690001
vt -18.6 11.31
vt -23 10
vt -26 8
vt -23.965 -4.488
vt -17.965 1.512
vt -17.395 -2.108
vt -23.395 -8.108
vt -17.965 1.512
vt -16.965 1.693
vt -16.395 -1.927
vt -17.395 -2.108
vt -23.395 -8.108
vt -22.395 -7.927
vt -22.965 -4.307
vt -23.965 -4.488
vt -28.53462 -17.403
vt -29.3442 -14.91138
vt -31.878 -17.112
vt -9.3442 5.08862
vt -8.53462 2.597
vt -11.878 2.888
vt -32.038 -4.7266
vt -25.93762 2.597
vt -25.93762 -17.403
vt -32.038 -14.1666
vt -21.2057 -6.6557
vt -33.8614 -12.6557
vt -8.53462 2.597
vt -16.731 -0.03899956
vt -11.878 2.888
vt -21.2057 -6.6557
vt -22.2563 -3.4223
vt -16.731 -0.03899956
vt -22.49188 -3.534698
vt -22.37775 -3.470803
vt -22.2563 -3.4223
vt -21.9473 -4.3733
vt -22.69039 -3.704234
vt -22.59673 -3.612926
vt -22.83825 -3.919342
vt -22.77143 -3.806896
vt -22.92537 -4.165394
vt -22.88994 -4.039492
vt -22.94584 -4.425644
vt -22.94418 -4.294837
vt -22.8983 -4.6823
vt -22.93044 -4.555537
vt -31.84855 -9.470802
vt -31.6786 -9.4223
vt -31.6786 -3.4223
vt -31.84855 -3.470803
vt -32.02658 -9.534698
vt -32.02658 -3.534698
vt -32.20966 -9.612926
vt -32.20966 -3.612926
vt -32.39463 -9.704234
vt -32.39463 -3.704234
vt -32.57832 -9.806896
vt -32.57832 -3.806896
vt -32.75759 -9.919342
vt -32.75759 -3.919342
vt -32.92944 -10.03949
vt -32.92944 -4.039492
vt -33.09076 -10.16539
vt -33.09076 -4.165394
vt -33.23902 -10.29484
vt -33.23902 -4.294837
vt -28.94584 -10.42564
vt -22.94584 -4.425644
vt -28.93044 -10.55554
vt -22.93044 -4.555537
vt -28.8983 -10.6823
vt -22.8983 -4.6823
vt -28.49188 -9.534698
vt -28.37775 -9.470802
vt -28.2563 -9.4223
vt -27.9473 -10.3733
vt -28.69039 -9.704234
vt -28.59673 -9.612926
vt -28.83825 -9.919342
vt -28.77143 -9.806896
vt -28.92537 -10.16539
vt -28.88994 -10.03949
vt -28.94584 -10.42564
vt -28.94418 -10.29484
vt -28.8983 -10.6823
vt -28.93044 -10.55554
vt -22.4657 -6.0137
vt -28.4657 -12.0137
vt -22.4657 -6.0137
vt -21.5147 -5.7047
vt -27.5147 -11.7047
vt -28.4657 -12.0137
vt -27.46236 -12.70324
vt -27.33246 -12.68785
vt -27.2057 -12.6557
vt -27.72261 -12.68277
vt -27.59316 -12.70158
vt -27.96866 -12.59565
vt -27.84851 -12.64734
vt -28.18377 -12.44779
vt -28.0811 -12.52883
vt -28.3533 -12.24928
vt -28.27507 -12.35413
vt -28.4172 -12.13515
vt -34.02031 -12.68785
vt -34.02031 -6.687845
vt -34.1656 -12.70324
vt -34.1656 -6.703239
vt -27.59316 -12.70158
vt -21.59316 -6.701583
vt -27.72261 -12.68277
vt -21.72261 -6.682766
vt -27.84851 -12.64734
vt -21.84851 -6.647343
vt -27.96866 -12.59565
vt -21.96866 -6.595646
vt -28.0811 -12.52883
vt -22.0811 -6.52883
vt -28.18377 -12.44779
vt -22.18377 -6.447794
vt -28.27507 -12.35413
vt -22.27507 -6.354133
vt -28.3533 -12.24928
vt -22.3533 -6.249282
vt -28.4172 -12.13515
vt -22.4172 -6.135148
vt -21.46236 -6.703239
vt -21.33246 -6.687845
vt -21.2057 -6.6557
vt -21.72261 -6.682766
vt -21.59316 -6.701583
vt -21.96866 -6.595646
vt -21.84851 -6.647343
vt -22.18377 -6.447794
vt -22.0811 -6.52883
vt -22.3533 -6.249282
vt -22.27507 -6.354133
vt -22.4172 -6.135148
vt -29.47 -0.9226003
vt -29.47 -10.3626
vt -24.25558 -14.91138
vt -24.25558 5.08862
vt -28.2563 -9.4223
vt -27.2057 -12.6557
vt -32.731 -16.039
vt -25.93762 -17.403
vt -28.99 -17.112
vt -32.77 -16.039
vt -32.77 -16.039
vt -28.99 -17.112
vt -24.25558 -14.91138
vt -24.25558 5.08862
vt -28.99 2.888
vt -32.77 -0.03899956
vt -22.491 -10.8747
vt -16.491 -4.8747
vt -14.8274 -8.1397
vt -20.8274 -14.1397
vt -16.491 -4.8747
vt -15.5858 -4.413499
vt -13.9222 -7.678499
vt -14.8274 -8.1397
vt -20.8274 -14.1397
vt -19.9222 -13.6785
vt -21.5858 -10.4135
vt -22.491 -10.8747
vt -25.34217 -22.76689
vt -26.88221 -20.64731
vt -28.612 -23.5234
vt -6.882208 -0.6473083
vt -5.342172 -2.766889
vt -8.612 -3.5234
vt -34.53332 -11.24432
vt -28.10906 -2.766889
vt -28.10906 -22.76689
vt -34.53332 -20.68432
vt -36.70184 -13.6621
vt -36.70184 -19.6621
vt -5.342172 -2.766889
vt -13.039 -7.2868
vt -8.612 -3.5234
vt -17.03974 -13.6621
vt -19.03826 -10.9115
vt -13.039 -7.2868
vt -19.22758 -11.09121
vt -19.13878 -10.99517
vt -19.03826 -10.9115
vt -18.45046 -11.7205
vt -19.36399 -11.31381
vt -19.30313 -11.19802
vt -19.43814 -11.56409
vt -19.40934 -11.43649
vt -19.44495 -11.82504
vt -19.45017 -11.69434
vt -19.384 -12.07889
vt -19.42285 -11.95396
vt -19.25946 -12.3083
vt -19.32921 -12.19767
vt -36.13395 -16.99517
vt -35.94976 -16.9115
vt -35.94976 -10.9115
vt -36.13395 -10.99517
vt -36.31879 -17.09121
vt -36.31879 -11.09121
vt -36.50115 -17.19802
vt -36.50115 -11.19802
vt -36.6778 -17.31381
vt -36.6778 -11.31381
vt -36.84583 -17.43649
vt -36.84583 -11.43649
vt -37.00223 -17.56409
vt -37.00223 -11.56409
vt -37.14452 -17.69434
vt -37.14452 -11.69434
vt -25.44495 -17.82504
vt -19.44495 -11.82504
vt -25.42285 -17.95396
vt -19.42285 -11.95396
vt -25.384 -18.07889
vt -19.384 -12.07889
vt -25.32921 -18.19767
vt -19.32921 -12.19767
vt -25.25946 -18.3083
vt -19.25946 -12.3083
vt -25.22758 -17.09121
vt -25.13878 -16.99517
vt -25.03826 -16.9115
vt -24.45046 -17.7205
vt -25.36399 -17.31381
vt -25.30313 -17.19802
vt -25.43814 -17.56409
vt -25.40934 -17.43649
vt -25.44495 -17.82504
vt -25.45017 -17.69434
vt -25.384 -18.07889
vt -25.42285 -17.95396
vt -25.25946 -18.3083
vt -25.32921 -18.19767
vt -18.43654 -13.4409
vt -24.43654 -19.4409
vt -18.43654 -13.4409
vt -17.62754 -12.8531
vt -23.62754 -18.8531
vt -24.43654 -19.4409
vt -23.26915 -19.78664
vt -23.15037 -19.73185
vt -23.03974 -19.6621
vt -23.523 -19.8476
vt -23.39408 -19.82549
vt -23.78395 -19.84078
vt -23.6537 -19.85281
vt -24.03423 -19.76664
vt -23.91155 -19.81198
vt -24.25683 -19.63023
vt -24.15002 -19.70577
vt -24.35287 -19.54142
vt -36.88222 -19.73185
vt -36.88222 -13.73185
vt -37.05579 -19.78664
vt -37.05579 -13.78664
vt -37.21956 -19.82549
vt -37.21956 -13.82549
vt -37.3706 -19.8476
vt -37.3706 -13.8476
vt -23.6537 -19.85281
vt -17.6537 -13.85281
vt -23.78395 -19.84078
vt -17.78395 -13.84078
vt -23.91155 -19.81198
vt -17.91155 -13.81198
vt -24.03423 -19.76664
vt -18.03423 -13.76664
vt -24.15002 -19.70577
vt -18.15002 -13.70577
vt -24.25683 -19.63023
vt -18.25683 -13.63023
vt -24.35287 -19.54142
vt -18.35287 -13.54142
vt -17.26915 -13.78664
vt -17.15037 -13.73185
vt -17.03974 -13.6621
vt -17.523 -13.8476
vt -17.39408 -13.82549
vt -17.78395 -13.84078
vt -17.6537 -13.85281
vt -18.03423 -13.76664
vt -17.91155 -13.81198
vt -18.25683 -13.63023
vt -18.15002 -13.70577
vt -18.35287 -13.54142
vt -33.64852 -8.00832
vt -33.64852 -17.44832
vt -27.52952 -20.64731
vt -27.52952 -0.6473083
vt -25.03826 -16.9115
vt -23.03974 -19.6621
vt -29.039 -23.2868
vt -28.10906 -22.76689
vt -32.1354 -23.5234
vt -36.3258 -23.2868
vt -36.3258 -23.2868
vt -32.1354 -23.5234
vt -27.52952 -20.64731
vt -27.52952 -0.6473083
vt -8.612 -3.5234
vt -36.3258 -7.2868
vt -19.104 -16.5128
vt -13.104 -10.5128
vt -10.5128 -13.104
vt -16.5128 -19.104
vt -13.104 -10.5128
vt -12.3856 -9.7944
vt -9.7944 -12.3856
vt -10.5128 -13.104
vt -16.5128 -19.104
vt -15.7944 -18.3856
vt -18.3856 -15.7944
vt -19.104 -16.5128
vt -20.64731 -26.88221
vt -22.76689 -25.34217
vt -23.5234 -28.612
vt -2.766889 -5.342172
vt -0.6473083 -6.882208
vt -3.5234 -8.612
vt -33.64852 -16.2002
vt -27.52952 -6.882208
vt -27.52952 -26.88221
vt -33.64852 -25.6402
vt -35.94976 -19.03826
vt -35.94976 -25.03826
vt -27.52952 -6.882208
vt -36.3258 -13.039
vt -3.5234 -8.612
vt -10.9115 -19.03826
vt -13.6621 -17.03974
vt -7.2868 -13.039
vt -13.78664 -17.26915
vt -13.73185 -17.15037
vt -13.6621 -17.03974
vt -12.8531 -17.62754
vt -13.8476 -17.523
vt -13.82549 -17.39408
vt -13.84078 -17.78395
vt -13.85281 -17.6537
vt -13.76664 -18.03423
vt -13.81198 -17.91155
vt -13.63023 -18.25683
vt -13.70577 -18.15002
vt -13.4409 -18.43654
vt -13.54142 -18.35287
vt -36.88222 -23.15037
vt -36.70184 -23.03974
vt -36.70184 -17.03974
vt -36.88222 -17.15037
vt -37.05579 -23.26915
vt -37.05579 -17.26915
vt -37.21956 -23.39408
vt -37.21956 -17.39408
vt -37.3706 -23.523
vt -37.3706 -17.523
vt -19.85281 -23.6537
vt -13.85281 -17.6537
vt -19.84078 -23.78395
vt -13.84078 -17.78395
vt -19.81198 -23.91155
vt -13.81198 -17.91155
vt -19.76664 -24.03423
vt -13.76664 -18.03423
vt -19.70577 -24.15002
vt -13.70577 -18.15002
vt -19.63023 -24.25683
vt -13.63023 -18.25683
vt -19.54142 -24.35287
vt -13.54142 -18.35287
vt -19.4409 -24.43654
vt -13.4409 -18.43654
vt -19.78664 -23.26915
vt -19.73185 -23.15037
vt -19.6621 -23.03974
vt -18.8531 -23.62754
vt -19.8476 -23.523
vt -19.82549 -23.39408
vt -19.84078 -23.78395
vt -19.85281 -23.6537
vt -19.76664 -24.03423
vt -19.81198 -23.91155
vt -19.63023 -24.25683
vt -19.70577 -24.15002
vt -19.4409 -24.43654
vt -19.54142 -24.35287
vt -12.3083 -19.25946
vt -18.3083 -25.25946
vt -12.3083 -19.25946
vt -11.7205 -18.45046
vt -17.7205 -24.45046
vt -18.3083 -25.25946
vt -17.09121 -25.22758
vt -16.99517 -25.13878
vt -16.9115 -25.03826
vt -17.31381 -25.36399
vt -17.19802 -25.30313
vt -17.56409 -25.43814
vt -17.43649 -25.40934
vt -17.82504 -25.44495
vt -17.69434 -25.45017
vt -18.07889 -25.384
vt -17.95396 -25.42285
vt -18.19767 -25.32921
vt -36.13395 -25.13878
vt -36.13395 -19.13878
vt -36.31879 -25.22758
vt -36.31879 -19.22758
vt -36.50115 -25.30313
vt -36.50115 -19.30313
vt -36.6778 -25.36399
vt -36.6778 -19.36399
vt -36.84583 -25.40934
vt -36.84583 -19.40934
vt -37.00223 -25.43814
vt -37.00223 -19.43814
vt -37.14452 -25.45017
vt -37.14452 -19.45017
vt -17.82504 -25.44495
vt -11.82504 -19.44495
vt -17.95396 -25.42285
vt -11.95396 -19.42285
vt -18.07889 -25.384
vt -12.07889 -19.384
vt -18.19767 -25.32921
vt -12.19767 -19.32921
vt -11.09121 -19.22758
vt -10.99517 -19.13878
vt -10.9115 -19.03826
vt -11.31381 -19.36399
vt -11.19802 -19.30313
vt -11.56409 -19.43814
vt -11.43649 -19.40934
vt -11.82504 -19.44495
vt -11.69434 -19.45017
vt -12.07889 -19.384
vt -11.95396 -19.42285
vt -12.19767 -19.32921
vt -34.53332 -13.849
vt -34.53332 -23.289
vt -28.10906 -25.34217
vt -28.10906 -5.342172
vt -19.6621 -23.03974
vt -16.9115 -25.03826
vt -23.2868 -29.039
vt -27.52952 -26.88221
vt -32.1354 -28.612
vt -36.3258 -29.039
vt -36.3258 -29.039
vt -32.1354 -28.612
vt -28.10906 -25.34217
vt -2.766889 -5.342172
vt -3.5234 -8.612
vt -7.2868 -13.039
vt -14.1397 -20.8274
vt -8.1397 -14.8274
vt -4.8747 -16.491
vt -10.8747 -22.491
vt -8.1397 -14.8274
vt -7.678499 -13.9222
vt -4.413499 -15.5858
vt -4.8747 -16.491
vt -10.8747 -22.491
vt -10.4135 -21.5858
vt -13.6785 -19.9222
vt -14.1397 -20.8274
vt -14.91138 -29.3442
vt -17.403 -28.53462
vt -17.112 -31.878
vt 2.597 -8.53462
vt 5.08862 -9.3442
vt 2.888 -11.878
vt -29.47 -19.1074
vt -24.25558 -9.3442
vt -24.25558 -29.3442
vt -29.47 -28.5474
vt -31.6786 -22.2563
vt -31.6786 -28.2563
vt -24.25558 -9.3442
vt -32.77 -16.731
vt -28.99 -11.878
vt -3.4223 -22.2563
vt -6.6557 -21.2057
vt -0.03899956 -16.731
vt -6.703239 -21.46236
vt -6.687845 -21.33246
vt -6.6557 -21.2057
vt -5.7047 -21.5147
vt -6.682766 -21.72261
vt -6.701583 -21.59316
vt -6.595646 -21.96866
vt -6.647343 -21.84851
vt -6.447794 -22.18377
vt -6.52883 -22.0811
vt -6.249282 -22.3533
vt -6.354133 -22.27507
vt -6.0137 -22.4657
vt -6.135148 -22.4172
vt -34.02031 -27.33246
vt -33.8614 -27.2057
vt -6.6557 -21.2057
vt -34.02031 -21.33246
vt -34.1656 -27.46236
vt -34.1656 -21.46236
vt -12.70158 -27.59316
vt -6.701583 -21.59316
vt -12.68277 -27.72261
vt -6.682766 -21.72261
vt -12.64734 -27.84851
vt -6.647343 -21.84851
vt -12.59565 -27.96866
vt -6.595646 -21.96866
vt -12.52883 -28.0811
vt -6.52883 -22.0811
vt -12.44779 -28.18377
vt -6.447794 -22.18377
vt -12.35413 -28.27507
vt -6.354133 -22.27507
vt -12.24928 -28.3533
vt -6.249282 -22.3533
vt -12.13515 -28.4172
vt -6.135148 -22.4172
vt -12.0137 -28.4657
vt -6.0137 -22.4657
vt -12.70324 -27.46236
vt -12.68785 -27.33246
vt -12.6557 -27.2057
vt -11.7047 -27.5147
vt -12.68277 -27.72261
vt -12.70158 -27.59316
vt -12.59565 -27.96866
vt -12.64734 -27.84851
vt -12.44779 -28.18377
vt -12.52883 -28.0811
vt -12.24928 -28.3533
vt -12.35413 -28.27507
vt -12.0137 -28.4657
vt -12.13515 -28.4172
vt -4.6823 -22.8983
vt -10.6823 -28.8983
vt -4.6823 -22.8983
vt -4.3733 -21.9473
vt -10.3733 -27.9473
vt -10.6823 -28.8983
vt -9.534698 -28.49188
vt -9.470802 -28.37775
vt -9.4223 -28.2563
vt -9.704234 -28.69039
vt -9.612926 -28.59673
vt -9.919342 -28.83825
vt -9.806896 -28.77143
vt -10.16539 -28.92537
vt -10.03949 -28.88994
vt -10.42564 -28.94584
vt -10.29484 -28.94418
vt -10.55554 -28.93044
vt -31.84855 -28.37775
vt -31.84855 -22.37775
vt -32.02658 -28.49188
vt -32.02658 -22.49188
vt -32.20966 -28.59673
vt -32.20966 -22.59673
vt -32.39463 -28.69039
vt -32.39463 -22.69039
vt -32.57832 -28.77143
vt -32.57832 -22.77143
vt -32.75759 -28.83825
vt -32.75759 -22.83825
vt -32.92944 -28.88994
vt -32.92944 -22.88994
vt -33.09076 -28.92537
vt -33.09076 -22.92537
vt -33.23902 -28.94418
vt -33.23902 -22.94418
vt -10.42564 -28.94584
vt -4.425644 -22.94584
vt -10.55554 -28.93044
vt -4.555537 -22.93044
vt -3.534698 -22.49188
vt -3.470803 -22.37775
vt -3.4223 -22.2563
vt -3.704234 -22.69039
vt -3.612926 -22.59673
vt -3.919342 -22.83825
vt -3.806896 -22.77143
vt -4.165394 -22.92537
vt -4.039492 -22.88994
vt -4.425644 -22.94584
vt -4.294837 -22.94418
vt -4.555537 -22.93044
vt -32.038 -17.8714
vt -32.038 -27.3114
vt -25.93762 -28.53462
vt -25.93762 -8.53462
vt -12.6557 -27.2057
vt -9.4223 -28.2563
vt -16.039 -32.731
vt -24.25558 -29.3442
vt -28.99 -31.878
vt -32.77 -32.731
vt -32.77 -32.731
vt -28.99 -31.878
vt -25.93762 -28.53462
vt 2.597 -8.53462
vt 2.888 -11.878
vt -0.03899956 -16.731
vt -8.0634 -23.3987
vt -2.0634 -17.3987
vt 1.5556 -17.9753
vt -4.4444 -23.9753
vt -2.0634 -17.3987
vt -1.9265 -16.3917
vt 1.6925 -16.9683
vt 1.5556 -17.9753
vt -4.4444 -23.9753
vt -4.3075 -22.9683
vt -7.9265 -22.3917
vt -8.0634 -23.3987
vt -8.690001 -29.91
vt -11.31 -29.91
vt -10 -33
vt 8.690001 -9.91
vt 11.31 -9.91
vt 10 -13
vt -22.4 -19.68
vt 11.31 -9.91
vt -8.690001 -29.91
vt -2.72 -29.12
vt -24.3 -23
vt -24.3 -29
vt -18.6 -9.91
vt -26 -18
vt -23 -13
vt -24.3 -23
vt -27.7 -23
vt -26 -18
vt 1.3341 -23.2588
vt 1.3086 -23.1305
vt 1.3 -23
vt 2.3 -23
vt 1.434 -23.5
vt 1.3761 -23.3827
vt 1.5929 -23.7071
vt 1.5066 -23.6088
vt 1.8 -23.866
vt 1.6912 -23.7934
vt 2.0412 -23.9659
vt 1.9173 -23.9239
vt 2.3 -24
vt 2.1695 -23.9914
vt -4.6914 -29.1305
vt -4.7 -29
vt 1.3 -23
vt 1.3086 -23.1305
vt -4.6659 -29.2588
vt 1.3341 -23.2588
vt -4.6239 -29.3827
vt 1.3761 -23.3827
vt -4.566 -29.5
vt 1.434 -23.5
vt -4.4934 -29.6088
vt 1.5066 -23.6088
vt -4.4071 -29.7071
vt 1.5929 -23.7071
vt -4.3088 -29.7934
vt 1.6912 -23.7934
vt -4.2 -29.866
vt 1.8 -23.866
vt -4.0827 -29.9239
vt 1.9173 -23.9239
vt -3.9588 -29.9659
vt 2.0412 -23.9659
vt -3.8305 -29.9914
vt 2.1695 -23.9914
vt -3.7 -30
vt 2.3 -24
vt -4.6659 -29.2588
vt -4.6914 -29.1305
vt -4.7 -29
vt -3.7 -29
vt -4.566 -29.5
vt -4.6239 -29.3827
vt -4.4071 -29.7071
vt -4.4934 -29.6088
vt -4.2 -29.866
vt -4.3088 -29.7934
vt -3.9588 -29.9659
vt -4.0827 -29.9239
vt -3.7 -30
vt -3.8305 -29.9914
vt -26.3 -24
vt -26.3 -30
vt 3.7 -24
vt 3.7 -23
vt -2.3 -29
vt -2.3 -30
vt -1.3341 -29.2588
vt -1.3086 -29.1305
vt -1.3 -29
vt -1.434 -29.5
vt -1.3761 -29.3827
vt -1.5929 -29.7071
vt -1.5066 -29.6088
vt -1.8 -29.866
vt -1.6912 -29.7934
vt -2.0412 -29.9659
vt -1.9173 -29.9239
vt -2.1695 -29.9914
vt -24.4391 -29.1305
vt -24.4391 -23.1305
vt -24.5929 -29.2588
vt -24.5929 -23.2588
vt -24.7588 -29.3827
vt -24.7588 -23.3827
vt -24.934 -29.5
vt -24.934 -23.5
vt -25.1154 -29.6088
vt -25.1154 -23.6088
vt -25.3 -29.7071
vt -25.3 -23.7071
vt -25.4846 -29.7934
vt -25.4846 -23.7934
vt -25.666 -29.866
vt -25.666 -23.866
vt -25.8412 -29.9239
vt -25.8412 -23.9239
vt -26.0071 -29.9659
vt -26.0071 -23.9659
vt -26.1609 -29.9914
vt -26.1609 -23.9914
vt 4.6659 -23.2588
vt 4.6914 -23.1305
vt 4.7 -23
vt 4.566 -23.5
vt 4.6239 -23.3827
vt 4.4071 -23.7071
vt 4.4934 -23.6088
vt 4.2 -23.866
vt 4.3088 -23.7934
vt 3.9588 -23.9659
vt 4.0827 -23.9239
vt 3.8305 -23.9914
vt 2.72 -19.68
vt -26.4 -29.12
vt -21.22 -29.91
vt -21.22 -9.91
vt -27.7 -29
vt -24.3 -29
vt -26 -34
vt -8.690001 -29.91
vt -10 -33
vt -8 -34
vt -26 -34
vt -23 -33
vt -21.22 -29.91
vt 8.690001 -9.91
vt 10 -13
vt 8 -18
vt -19.477 -23.965
vt -19.477 -17.965
vt -15.287 -17.395
vt -15.287 -23.395
vt 4.488 -17.965
vt 4.307 -16.965
vt 7.927 -16.395
vt 8.108 -17.395
vt 2.108 -23.395
vt 1.927 -22.395
vt -1.693 -22.965
vt -1.512 -23.965
vt -2.597 -28.53462
vt -5.08862 -29.3442
vt -2.888 -31.878
vt 14.91138 -9.3442
vt 17.403 -8.53462
vt 17.112 -11.878
vt 14.1666 -17.8714
vt 17.403 -8.53462
vt -2.597 -28.53462
vt 4.7266 -27.3114
vt -14.55 -21.2057
vt 6.6557 -27.2057
vt -11.13162 -8.53462
vt -16.692 -16.731
vt -14.766 -11.878
vt -14.55 -21.2057
vt -18.834 -22.2563
vt -16.692 -16.731
vt 9.534698 -22.49188
vt 9.470802 -22.37775
vt 9.4223 -22.2563
vt 10.3733 -21.9473
vt 9.704234 -22.69039
vt 9.612926 -22.59673
vt 9.919342 -22.83825
vt 9.806896 -22.77143
vt 10.16539 -22.92537
vt 10.03949 -22.88994
vt 10.42564 -22.94584
vt 10.29484 -22.94418
vt 10.6823 -22.8983
vt 10.55554 -22.93044
vt 3.470803 -28.37775
vt 3.4223 -28.2563
vt 9.4223 -22.2563
vt 9.470802 -22.37775
vt 3.534698 -28.49188
vt 9.534698 -22.49188
vt 3.612926 -28.59673
vt 9.612926 -22.59673
vt 3.704234 -28.69039
vt 9.704234 -22.69039
vt 3.806896 -28.77143
vt 9.806896 -22.77143
vt 3.919342 -28.83825
vt 9.919342 -22.83825
vt 4.039492 -28.88994
vt 10.03949 -22.88994
vt 4.165394 -28.92537
vt 10.16539 -22.92537
vt 4.294837 -28.94418
vt 10.29484 -22.94418
vt -18.5202 -28.94584
vt -18.5202 -22.94584
vt -18.37491 -28.93044
vt -18.37491 -22.93044
vt -18.216 -28.8983
vt -18.216 -22.8983
vt 3.534698 -28.49188
vt 3.470803 -28.37775
vt 3.4223 -28.2563
vt 4.3733 -27.9473
vt 3.704234 -28.69039
vt 3.612926 -28.59673
vt 3.919342 -28.83825
vt 3.806896 -28.77143
vt 4.165394 -28.92537
vt 4.039492 -28.88994
vt 4.425644 -28.94584
vt 4.294837 -28.94418
vt 4.6823 -28.8983
vt 4.555537 -28.93044
vt -16.452 -22.4657
vt -16.452 -28.4657
vt 12.0137 -22.4657
vt 11.7047 -21.5147
vt 5.7047 -27.5147
vt 6.0137 -28.4657
vt 6.703239 -27.46236
vt 6.687845 -27.33246
vt 6.6557 -27.2057
vt 6.682766 -27.72261
vt 6.701583 -27.59316
vt 6.595646 -27.96866
vt 6.647343 -27.84851
vt 6.447794 -28.18377
vt 6.52883 -28.0811
vt 6.249282 -28.3533
vt 6.354133 -28.27507
vt 6.135148 -28.4172
vt 6.687845 -27.33246
vt 12.68785 -21.33246
vt 6.703239 -27.46236
vt 12.70324 -21.46236
vt -14.89158 -27.59316
vt -14.89158 -21.59316
vt -15.03984 -27.72261
vt -15.03984 -21.72261
vt -15.20116 -27.84851
vt -15.20116 -21.84851
vt -15.37301 -27.96866
vt -15.37301 -21.96866
vt -15.55227 -28.0811
vt -15.55227 -22.0811
vt -15.73597 -28.18377
vt -15.73597 -22.18377
vt -15.92094 -28.27507
vt -15.92094 -22.27507
vt -16.10402 -28.3533
vt -16.10402 -22.3533
vt -16.28205 -28.4172
vt -16.28205 -22.4172
vt 12.70324 -21.46236
vt 12.68785 -21.33246
vt 12.6557 -21.2057
vt 12.68277 -21.72261
vt 12.70158 -21.59316
vt 12.59565 -21.96866
vt 12.64734 -21.84851
vt 12.44779 -22.18377
vt 12.52883 -22.0811
vt 12.24928 -22.3533
vt 12.35413 -22.27507
vt 12.13515 -22.4172
vt 10.3626 -19.1074
vt 0.9226003 -28.5474
vt -5.08862 -29.3442
vt 14.91138 -9.3442
vt -18.834 -28.2563
vt -14.55 -27.2057
vt -16.692 -32.731
vt -2.597 -28.53462
vt -2.888 -31.878
vt 0.03899956 -32.731
vt 0.03899956 -32.731
vt -2.888 -31.878
vt -5.08862 -29.3442
vt 14.91138 -9.3442
vt 17.112 -11.878
vt 16.039 -16.731
vt -11.6163 -22.491
vt -11.6163 -16.491
vt -6.6877 -14.8274
vt -6.6877 -20.8274
vt 10.8747 -16.491
vt 10.4135 -15.5858
vt 13.6785 -13.9222
vt 14.1397 -14.8274
vt 8.1397 -20.8274
vt 7.678499 -19.9222
vt 4.413499 -21.5858
vt 4.8747 -22.491
vt 2.766889 -25.34217
vt 0.6473083 -26.88221
vt 3.5234 -28.612
vt 20.64731 -6.882208
vt 22.76689 -5.342172
vt 23.5234 -8.612
vt 20.68432 -13.849
vt 22.76689 -5.342172
vt 2.766889 -25.34217
vt 11.24432 -23.289
vt 19.6621 -17.03974
vt 13.6621 -23.03974
vt -2.575283 -5.342172
vt -5.752199 -13.039
vt -5.088599 -8.612
vt -3.37764 -17.03974
vt -8.126759 -19.03826
vt -5.752199 -13.039
vt 17.09121 -19.22758
vt 16.99517 -19.13878
vt 16.9115 -19.03826
vt 17.7205 -18.45046
vt 17.31381 -19.36399
vt 17.19802 -19.30313
vt 17.56409 -19.43814
vt 17.43649 -19.40934
vt 17.82504 -19.44495
vt 17.69434 -19.45017
vt 18.07889 -19.384
vt 17.95396 -19.42285
vt 18.3083 -19.25946
vt 18.19767 -19.32921
vt 10.99517 -25.13878
vt 10.9115 -25.03826
vt 16.9115 -19.03826
vt 16.99517 -19.13878
vt 11.09121 -25.22758
vt 17.09121 -19.22758
vt 11.19802 -25.30313
vt 17.19802 -19.30313
vt 11.31381 -25.36399
vt 17.31381 -19.36399
vt 11.43649 -25.40934
vt 17.43649 -19.40934
vt 11.56409 -25.43814
vt 17.56409 -19.43814
vt 11.69434 -25.45017
vt 17.69434 -19.45017
vt -7.619919 -25.44495
vt -7.619919 -19.44495
vt -7.468882 -25.42285
vt -7.468882 -19.42285
vt -7.305107 -25.384
vt -7.305107 -19.384
vt -7.13154 -25.32921
vt -7.13154 -19.32921
vt -6.95116 -25.25946
vt -6.95116 -19.25946
vt 11.09121 -25.22758
vt 10.99517 -25.13878
vt 10.9115 -25.03826
vt 11.7205 -24.45046
vt 11.31381 -25.36399
vt 11.19802 -25.30313
vt 11.56409 -25.43814
vt 11.43649 -25.40934
vt 11.82504 -25.44495
vt 11.69434 -25.45017
vt 12.07889 -25.384
vt 11.95396 -25.42285
vt 12.3083 -25.25946
vt 12.19767 -25.32921
vt -4.995638 -18.43654
vt -4.995638 -24.43654
vt 19.4409 -18.43654
vt 18.8531 -17.62754
vt 12.8531 -23.62754
vt 13.4409 -24.43654
vt 13.78664 -23.26915
vt 13.73185 -23.15037
vt 13.6621 -23.03974
vt 13.8476 -23.523
vt 13.82549 -23.39408
vt 13.84078 -23.78395
vt 13.85281 -23.6537
vt 13.76664 -24.03423
vt 13.81198 -23.91155
vt 13.63023 -24.25683
vt 13.70577 -24.15002
vt 13.54142 -24.35287
vt 13.73185 -23.15037
vt 19.73185 -17.15037
vt 13.78664 -23.26915
vt 19.78664 -17.26915
vt 13.82549 -23.39408
vt 19.82549 -17.39408
vt 13.8476 -23.523
vt 19.8476 -17.523
vt -3.800884 -23.6537
vt -3.800884 -17.6537
vt -3.943172 -23.78395
vt -3.943172 -17.78395
vt -4.099567 -23.91155
vt -4.099567 -17.91155
vt -4.267597 -24.03423
vt -4.267597 -18.03423
vt -4.444252 -24.15002
vt -4.444252 -18.15002
vt -4.626604 -24.25683
vt -4.626604 -18.25683
vt -4.811455 -24.35287
vt -4.811455 -18.35287
vt 19.78664 -17.26915
vt 19.73185 -17.15037
vt 19.6621 -17.03974
vt 19.8476 -17.523
vt 19.82549 -17.39408
vt 19.84078 -17.78395
vt 19.85281 -17.6537
vt 19.76664 -18.03423
vt 19.81198 -17.91155
vt 19.63023 -18.25683
vt 19.70577 -18.15002
vt 19.54142 -18.35287
vt 17.44832 -16.2002
vt 8.00832 -25.6402
vt 0.6473083 -26.88221
vt 20.64731 -6.882208
vt -8.126759 -25.03826
vt -3.37764 -23.03974
vt -5.752199 -29.039
vt 2.766889 -25.34217
vt 3.5234 -28.612
vt 7.2868 -29.039
vt 7.2868 -29.039
vt -5.088599 -28.612
vt 0.6473083 -26.88221
vt 20.64731 -6.882208
vt 23.5234 -8.612
vt 23.2868 -13.039
vt -2.5912 -19.104
vt -2.5912 -13.104
vt 2.5912 -10.5128
vt 2.5912 -16.5128
vt 16.5128 -13.104
vt 15.7944 -12.3856
vt 18.3856 -9.7944
vt 19.104 -10.5128
vt 13.104 -16.5128
vt 12.3856 -15.7944
vt 9.7944 -18.3856
vt 10.5128 -19.104
vt 6.882208 -20.64731
vt 5.342172 -22.76689
vt 8.612 -23.5234
vt 25.34217 -2.766889
vt 26.88221 -0.6473083
vt 28.612 -3.5234
vt 8.19188 -8.00832
vt 6.2349 -0.6473083
vt 6.2349 -20.64731
vt 8.19188 -17.44832
vt 25.03826 -10.9115
vt 19.03826 -16.9115
vt 26.88221 -0.6473083
vt 29.039 -7.2868
vt 5.088599 -3.5234
vt 8.126759 -10.9115
vt 3.37764 -13.6621
vt 5.752199 -7.2868
vt 23.26915 -13.78664
vt 23.15037 -13.73185
vt 23.03974 -13.6621
vt 23.62754 -12.8531
vt 23.523 -13.8476
vt 23.39408 -13.82549
vt 23.78395 -13.84078
vt 23.6537 -13.85281
vt 24.03423 -13.76664
vt 23.91155 -13.81198
vt 24.25683 -13.63023
vt 24.15002 -13.70577
vt 24.43654 -13.4409
vt 24.35287 -13.54142
vt 17.15037 -19.73185
vt 17.03974 -19.6621
vt 23.03974 -13.6621
vt 23.15037 -13.73185
vt 17.26915 -19.78664
vt 23.26915 -13.78664
vt 17.39408 -19.82549
vt 23.39408 -13.82549
vt 17.523 -19.8476
vt 23.523 -13.8476
vt 3.800884 -19.85281
vt 3.800884 -13.85281
vt 3.943172 -19.84078
vt 3.943172 -13.84078
vt 4.099567 -19.81198
vt 4.099567 -13.81198
vt 4.267597 -19.76664
vt 4.267597 -13.76664
vt 4.444252 -19.70577
vt 4.444252 -13.70577
vt 4.626604 -19.63023
vt 4.626604 -13.63023
vt 4.811455 -19.54142
vt 4.811455 -13.54142
vt 4.995638 -19.4409
vt 4.995638 -13.4409
vt 17.26915 -19.78664
vt 17.15037 -19.73185
vt 17.03974 -19.6621
vt 17.62754 -18.8531
vt 17.523 -19.8476
vt 17.39408 -19.82549
vt 17.78395 -19.84078
vt 17.6537 -19.85281
vt 18.03423 -19.76664
vt 17.91155 -19.81198
vt 18.25683 -19.63023
vt 18.15002 -19.70577
vt 18.43654 -19.4409
vt 18.35287 -19.54142
vt 6.95116 -12.3083
vt 6.95116 -18.3083
vt 25.25946 -12.3083
vt 24.45046 -11.7205
vt 18.45046 -17.7205
vt 19.25946 -18.3083
vt 19.22758 -17.09121
vt 19.13878 -16.99517
vt 19.03826 -16.9115
vt 19.36399 -17.31381
vt 19.30313 -17.19802
vt 19.43814 -17.56409
vt 19.40934 -17.43649
vt 19.44495 -17.82504
vt 19.45017 -17.69434
vt 19.384 -18.07889
vt 19.42285 -17.95396
vt 19.32921 -18.19767
vt 8.143613 -16.99517
vt 8.143613 -10.99517
vt 19.22758 -17.09121
vt 25.22758 -11.09121
vt 19.30313 -17.19802
vt 25.30313 -11.19802
vt 19.36399 -17.31381
vt 25.36399 -11.31381
vt 19.40934 -17.43649
vt 25.40934 -11.43649
vt 19.43814 -17.56409
vt 25.43814 -11.56409
vt 19.45017 -17.69434
vt 25.45017 -11.69434
vt 7.619919 -17.82504
vt 7.619919 -11.82504
vt 7.468882 -17.95396
vt 7.468882 -11.95396
vt 7.305107 -18.07889
vt 7.305107 -12.07889
vt 7.13154 -18.19767
vt 7.13154 -12.19767
vt 25.22758 -11.09121
vt 25.13878 -10.99517
vt 25.03826 -10.9115
vt 25.36399 -11.31381
vt 25.30313 -11.19802
vt 25.43814 -11.56409
vt 25.40934 -11.43649
vt 25.44495 -11.82504
vt 25.45017 -11.69434
vt 25.384 -12.07889
vt 25.42285 -11.95396
vt 25.32921 -12.19767
vt 23.289 -11.24432
vt 13.849 -20.68432
vt 5.342172 -22.76689
vt 25.34217 -2.766889
vt 3.37764 -19.6621
vt 8.126759 -16.9115
vt 5.752199 -23.2868
vt 6.882208 -20.64731
vt 8.612 -23.5234
vt 13.039 -23.2868
vt 5.752199 -23.2868
vt 5.088599 -23.5234
vt 2.575283 -22.76689
vt 25.34217 -2.766889
vt 28.612 -3.5234
vt 29.039 -7.2868
vt 6.6877 -14.1397
vt 6.6877 -8.1397
vt 11.6163 -4.8747
vt 11.6163 -10.8747
vt 20.8274 -8.1397
vt 19.9222 -7.678499
vt 21.5858 -4.413499
vt 22.491 -4.8747
vt 16.491 -10.8747
vt 15.5858 -10.4135
vt 13.9222 -13.6785
vt 14.8274 -14.1397
vt 9.3442 -14.91138
vt 8.53462 -17.403
vt 11.878 -17.112
vt 28.53462 2.597
vt 29.3442 5.08862
vt 31.878 2.888
vt 18.1848 -0.9226003
vt 14.43282 5.08862
vt 14.43282 -14.91138
vt 18.1848 -10.3626
vt 18.834 -3.4223
vt 18.834 -9.4223
vt 14.43282 5.08862
vt 16.692 -0.03899956
vt 14.766 2.888
vt 18.834 -3.4223
vt 14.55 -6.6557
vt 16.692 -0.03899956
vt 27.46236 -6.703239
vt 27.33246 -6.687845
vt 27.2057 -6.6557
vt 27.5147 -5.7047
vt 27.72261 -6.682766
vt 27.59316 -6.701583
vt 27.96866 -6.595646
vt 27.84851 -6.647343
vt 28.18377 -6.447794
vt 28.0811 -6.52883
vt 28.3533 -6.249282
vt 28.27507 -6.354133
vt 28.4657 -6.0137
vt 28.4172 -6.135148
vt 21.33246 -12.68785
vt 14.55 -12.6557
vt 27.2057 -6.6557
vt 27.33246 -6.687845
vt 21.46236 -12.70324
vt 27.46236 -6.703239
vt 14.89158 -12.70158
vt 14.89158 -6.701583
vt 15.03984 -12.68277
vt 15.03984 -6.682766
vt 15.20116 -12.64734
vt 15.20116 -6.647343
vt 15.37301 -12.59565
vt 15.37301 -6.595646
vt 15.55227 -12.52883
vt 15.55227 -6.52883
vt 15.73597 -12.44779
vt 15.73597 -6.447794
vt 15.92094 -12.35413
vt 15.92094 -6.354133
vt 16.10402 -12.24928
vt 16.10402 -6.249282
vt 16.28205 -12.13515
vt 16.28205 -6.135148
vt 16.452 -12.0137
vt 16.452 -6.0137
vt 21.46236 -12.70324
vt 21.33246 -12.68785
vt 21.2057 -12.6557
vt 21.5147 -11.7047
vt 21.72261 -12.68277
vt 21.59316 -12.70158
vt 21.96866 -12.59565
vt 21.84851 -12.64734
vt 22.18377 -12.44779
vt 22.0811 -12.52883
vt 22.3533 -12.24928
vt 22.27507 -12.35413
vt 22.4657 -12.0137
vt 22.4172 -12.13515
vt 18.216 -4.6823
vt 18.216 -10.6823
vt 28.8983 -4.6823
vt 27.9473 -4.3733
vt 21.9473 -10.3733
vt 22.8983 -10.6823
vt 22.49188 -9.534698
vt 22.37775 -9.470802
vt 22.2563 -9.4223
vt 22.69039 -9.704234
vt 22.59673 -9.612926
vt 22.83825 -9.919342
vt 22.77143 -9.806896
vt 22.92537 -10.16539
vt 22.88994 -10.03949
vt 22.94584 -10.42564
vt 22.94418 -10.29484
vt 22.93044 -10.55554
vt 18.90694 -9.470802
vt 18.90694 -3.470803
vt 18.95718 -9.534698
vt 18.95718 -3.534698
vt 18.98381 -9.612926
vt 18.98381 -3.612926
vt 22.69039 -9.704234
vt 28.69039 -3.704234
vt 22.77143 -9.806896
vt 28.77143 -3.806896
vt 22.83825 -9.919342
vt 28.83825 -3.919342
vt 22.88994 -10.03949
vt 28.88994 -4.039492
vt 22.92537 -10.16539
vt 28.92537 -4.165394
vt 22.94418 -10.29484
vt 28.94418 -4.294837
vt 18.5202 -10.42564
vt 18.5202 -4.425644
vt 18.37491 -10.55554
vt 18.37491 -4.555537
vt 28.49188 -3.534698
vt 28.37775 -3.470803
vt 28.2563 -3.4223
vt 28.69039 -3.704234
vt 28.59673 -3.612926
vt 28.83825 -3.919342
vt 28.77143 -3.806896
vt 28.92537 -4.165394
vt 28.88994 -4.039492
vt 28.94584 -4.425644
vt 28.94418 -4.294837
vt 28.93044 -4.555537
vt 27.3114 -4.7266
vt 17.8714 -14.1666
vt 8.53462 -17.403
vt 28.53462 2.597
vt 14.55 -12.6557
vt 18.834 -9.4223
vt 16.692 -16.039
vt 14.43282 -14.91138
vt 14.766 -17.112
vt 16.692 -16.039
vt 16.692 -16.039
vt 14.766 -17.112
vt 11.13162 -17.403
vt 28.53462 2.597
vt 31.878 2.888
vt 32.731 -0.03899956
vt 15.3353 -8.0634
vt 15.3353 -2.0634
vt 19.5309 1.5556
vt 19.5309 -4.4444
vt 23.3987 -2.0634
vt 22.3917 -1.9265
vt 22.9683 1.6925
vt 23.9753 1.5556
vt 17.9753 -4.4444
vt 16.9683 -4.3075
vt 16.3917 -7.9265
vt 17.3987 -8.0634
vt 9.91 -8.690001
vt 9.91 -11.31
vt 13 -10
vt 29.91 8.690001
vt 29.91 11.31
vt 33 10
vt 26.4 6.72
vt 21.22 11.31
vt 21.22 -8.690001
vt 26.4 -2.72
vt 27.7 4.7
vt 27.7 -1.3
vt 21.22 11.31
vt 26 8
vt 23 10
vt 29 27.7
vt 29 24.3
vt 34 26
vt 29.2588 1.3341
vt 29.1305 1.3086
vt 29 1.3
vt 29 2.3
vt 29.5 1.434
vt 29.3827 1.3761
vt 29.7071 1.5929
vt 29.6088 1.5066
vt 29.866 1.8
vt 29.7934 1.6912
vt 29.9659 2.0412
vt 29.9239 1.9173
vt 30 2.3
vt 29.9914 2.1695
vt 24.4391 -4.6914
vt 24.3 -4.7
vt 24.3 1.3
vt 24.4391 1.3086
vt 24.5929 -4.6659
vt 24.5929 1.3341
vt 24.7588 -4.6239
vt 24.7588 1.3761
vt 24.934 -4.566
vt 24.934 1.434
vt 25.1154 -4.4934
vt 25.1154 1.5066
vt 25.3 -4.4071
vt 25.3 1.5929
vt 25.4846 -4.3088
vt 25.4846 1.6912
vt 25.666 -4.2
vt 25.666 1.8
vt 25.8412 -4.0827
vt 25.8412 1.9173
vt 26.0071 -3.9588
vt 26.0071 2.0412
vt 26.1609 -3.8305
vt 26.1609 2.1695
vt 26.3 -3.7
vt 26.3 2.3
vt 23.2588 -4.6659
vt 23.1305 -4.6914
vt 23 -4.7
vt 23 -3.7
vt 23.5 -4.566
vt 23.3827 -4.6239
vt 23.7071 -4.4071
vt 23.6088 -4.4934
vt 23.866 -4.2
vt 23.7934 -4.3088
vt 23.9659 -3.9588
vt 23.9239 -4.0827
vt 24 -3.7
vt 23.9914 -3.8305
vt 30 3.7
vt 24 -2.3
vt 30 3.7
vt 29 3.7
vt 23 -2.3
vt 24 -2.3
vt 23.2588 -1.3341
vt 23.1305 -1.3086
vt 23 -1.3
vt 23.5 -1.434
vt 23.3827 -1.3761
vt 23.7071 -1.5929
vt 23.6088 -1.5066
vt 23.866 -1.8
vt 23.7934 -1.6912
vt 23.9659 -2.0412
vt 23.9239 -1.9173
vt 23.9914 -2.1695
vt 27.8219 -1.3086
vt 27.8219 4.6914
vt 27.9247 -1.3341
vt 27.9247 4.6659
vt 28.0066 -1.3761
vt 28.0066 4.6239
vt 28.066 -1.434
vt 28.066 4.566
vt 28.1022 -1.5066
vt 28.1022 4.4934
vt 28.1142 -1.5929
vt 29.7071 4.4071
vt 23.7934 -1.6912
vt 29.7934 4.3088
vt 23.866 -1.8
vt 29.866 4.2
vt 23.9239 -1.9173
vt 29.9239 4.0827
vt 23.9659 -2.0412
vt 29.9659 3.9588
vt 23.9914 -2.1695
vt 29.9914 3.8305
vt 29.2588 4.6659
vt 29.1305 4.6914
vt 29 4.7
vt 29.5 4.566
vt 29.3827 4.6239
vt 29.7071 4.4071
vt 29.6088 4.4934
vt 29.866 4.2
vt 29.7934 4.3088
vt 29.9659 3.9588
vt 29.9239 4.0827
vt 29.9914 3.8305
vt 29.12 2.72
vt 22.4 -6.72
vt 9.91 -11.31
vt 29.91 8.690001
vt 23 24.3
vt 23 27.7
vt 18 26
vt 21.22 -8.690001
vt 23 -10
vt 26 -8
vt 26 -8
vt 23 -10
vt 18.6 -11.31
vt 29.91 8.690001
vt 33 10
vt 34 8
vt 17.965 -1.512
vt 23.965 4.488
vt 23.395 8.108
vt 17.395 2.108
vt 23.965 4.488
vt 22.965 4.307
vt 22.395 7.927
vt 23.395 8.108
vt 17.395 2.108
vt 16.395 1.927
vt 16.965 -1.693
vt 17.965 -1.512
vt 8.53462 -2.597
vt 9.3442 -5.08862
vt 11.878 -2.888
vt 29.3442 14.91138
vt 28.53462 17.403
vt 31.878 17.112
vt 32.038 14.1666
vt 25.93762 17.403
vt 25.93762 -2.597
vt 32.038 4.7266
vt 33.8614 12.6557
vt 33.8614 6.6557
vt 25.93762 17.403
vt 32.77 16.039
vt 28.99 17.112
vt 27.2057 12.6557
vt 28.2563 9.4223
vt 32.731 16.039
vt 28.49188 9.534698
vt 28.37775 9.470802
vt 28.2563 9.4223
vt 27.9473 10.3733
vt 28.69039 9.704234
vt 28.59673 9.612926
vt 28.83825 9.919342
vt 28.77143 9.806896
vt 28.92537 10.16539
vt 28.88994 10.03949
vt 28.94584 10.42564
vt 28.94418 10.29484
vt 28.8983 10.6823
vt 28.93044 10.55554
vt 31.84855 3.470803
vt 31.6786 3.4223
vt 31.6786 9.4223
vt 31.84855 9.470802
vt 32.02658 3.534698
vt 32.02658 9.534698
vt 32.20966 3.612926
vt 32.20966 9.612926
vt 32.39463 3.704234
vt 32.39463 9.704234
vt 32.57832 3.806896
vt 32.57832 9.806896
vt 32.75759 3.919342
vt 32.75759 9.919342
vt 32.92944 4.039492
vt 32.92944 10.03949
vt 33.09076 4.165394
vt 33.09076 10.16539
vt 33.23902 4.294837
vt 33.23902 10.29484
vt 22.94584 4.425644
vt 28.94584 10.42564
vt 22.93044 4.555537
vt 28.93044 10.55554
vt 22.8983 4.6823
vt 28.8983 10.6823
vt 22.49188 3.534698
vt 22.37775 3.470803
vt 22.2563 3.4223
vt 21.9473 4.3733
vt 22.69039 3.704234
vt 22.59673 3.612926
vt 22.83825 3.919342
vt 22.77143 3.806896
vt 22.92537 4.165394
vt 22.88994 4.039492
vt 22.94584 4.425644
vt 22.94418 4.294837
vt 22.8983 4.6823
vt 22.93044 4.555537
vt 28.4657 12.0137
vt 22.4657 6.0137
vt 28.4657 12.0137
vt 27.5147 11.7047
vt 21.5147 5.7047
vt 22.4657 6.0137
vt 21.46236 6.703239
vt 21.33246 6.687845
vt 21.2057 6.6557
vt 21.72261 6.682766
vt 21.59316 6.701583
vt 21.96866 6.595646
vt 21.84851 6.647343
vt 22.18377 6.447794
vt 22.0811 6.52883
vt 22.3533 6.249282
vt 22.27507 6.354133
vt 22.4172 6.135148
vt 34.02031 6.687845
vt 34.02031 12.68785
vt 34.1656 6.703239
vt 34.1656 12.70324
vt 34.29475 6.701583
vt 34.29475 12.70158
vt 34.40537 6.682766
vt 34.40537 12.68277
vt 34.49585 6.647343
vt 34.49585 12.64734
vt 34.5643 6.595646
vt 34.5643 12.59565
vt 34.60993 6.52883
vt 34.60993 12.52883
vt 34.63156 6.447794
vt 34.63156 12.44779
vt 22.27507 6.354133
vt 28.27507 12.35413
vt 22.3533 6.249282
vt 28.3533 12.24928
vt 22.4172 6.135148
vt 28.4172 12.13515
vt 27.46236 12.70324
vt 27.33246 12.68785
vt 27.2057 12.6557
vt 27.72261 12.68277
vt 27.59316 12.70158
vt 27.96866 12.59565
vt 27.84851 12.64734
vt 28.18377 12.44779
vt 28.0811 12.52883
vt 28.3533 12.24928
vt 28.27507 12.35413
vt 28.4172 12.13515
vt 29.47 10.3626
vt 29.47 0.9226003
vt 24.25558 -5.08862
vt 24.25558 14.91138
vt 22.2563 3.4223
vt 21.2057 6.6557
vt 16.731 0.03899956
vt 25.93762 -2.597
vt 28.99 -2.888
vt 32.77 0.03899956
vt 32.77 0.03899956
vt 28.99 -2.888
vt 24.25558 -5.08862
vt 24.25558 14.91138
vt 28.99 17.112
vt 32.77 16.039
vt 16.491 4.8747
vt 22.491 10.8747
vt 20.8274 14.1397
vt 14.8274 8.1397
vt 22.491 10.8747
vt 21.5858 10.4135
vt 19.9222 13.6785
vt 20.8274 14.1397
vt 14.8274 8.1397
vt 13.9222 7.678499
vt 15.5858 4.413499
vt 16.491 4.8747
vt 5.342172 2.766889
vt 6.882208 0.6473083
vt 8.612 3.5234
vt 26.88221 20.64731
vt 25.34217 22.76689
vt 28.612 23.5234
vt 34.53332 20.68432
vt 28.10906 22.76689
vt 28.10906 2.766889
vt 34.53332 11.24432
vt 36.70184 19.6621
vt 36.70184 13.6621
vt 28.10906 22.76689
vt 36.3258 23.2868
vt 32.1354 23.5234
vt 23.03974 19.6621
vt 25.03826 16.9115
vt 29.039 23.2868
vt 25.22758 17.09121
vt 25.13878 16.99517
vt 25.03826 16.9115
vt 24.45046 17.7205
vt 25.36399 17.31381
vt 25.30313 17.19802
vt 25.43814 17.56409
vt 25.40934 17.43649
vt 25.44495 17.82504
vt 25.45017 17.69434
vt 25.384 18.07889
vt 25.42285 17.95396
vt 25.25946 18.3083
vt 25.32921 18.19767
vt 36.13395 10.99517
vt 35.94976 10.9115
vt 35.94976 16.9115
vt 36.13395 16.99517
vt 36.31879 11.09121
vt 36.31879 17.09121
vt 36.50115 11.19802
vt 36.50115 17.19802
vt 36.6778 11.31381
vt 36.6778 17.31381
vt 36.84583 11.43649
vt 36.84583 17.43649
vt 37.00223 11.56409
vt 37.00223 17.56409
vt 37.14452 11.69434
vt 37.14452 17.69434
vt 19.44495 11.82504
vt 25.44495 17.82504
vt 19.42285 11.95396
vt 25.42285 17.95396
vt 19.384 12.07889
vt 25.384 18.07889
vt 19.32921 12.19767
vt 25.32921 18.19767
vt 19.25946 12.3083
vt 25.25946 18.3083
vt 19.22758 11.09121
vt 19.13878 10.99517
vt 19.03826 10.9115
vt 18.45046 11.7205
vt 19.36399 11.31381
vt 19.30313 11.19802
vt 19.43814 11.56409
vt 19.40934 11.43649
vt 19.44495 11.82504
vt 19.45017 11.69434
vt 19.384 12.07889
vt 19.42285 11.95396
vt 19.25946 12.3083
vt 19.32921 12.19767
vt 24.43654 19.4409
vt 18.43654 13.4409
vt 24.43654 19.4409
vt 23.62754 18.8531
vt 17.62754 12.8531
vt 18.43654 13.4409
vt 17.26915 13.78664
vt 17.15037 13.73185
vt 17.03974 13.6621
vt 17.523 13.8476
vt 17.39408 13.82549
vt 17.78395 13.84078
vt 17.6537 13.85281
vt 18.03423 13.76664
vt 17.91155 13.81198
vt 18.25683 13.63023
vt 18.15002 13.70577
vt 18.35287 13.54142
vt 36.88222 13.73185
vt 36.88222 19.73185
vt 37.05579 13.78664
vt 37.05579 19.78664
vt 37.21956 13.82549
vt 37.21956 19.82549
vt 37.3706 13.8476
vt 37.3706 19.8476
vt 37.50651 13.85281
vt 37.50651 19.85281
vt 37.62473 13.84078
vt 37.62473 19.84078
vt 37.72353 13.81198
vt 37.72353 19.81198
vt 37.80087 13.76664
vt 37.80087 19.76664
vt 37.8558 13.70577
vt 37.8558 19.70577
vt 37.88705 13.63023
vt 37.88705 19.63023
vt 18.35287 13.54142
vt 24.35287 19.54142
vt 23.26915 19.78664
vt 23.15037 19.73185
vt 23.03974 19.6621
vt 23.523 19.8476
vt 23.39408 19.82549
vt 23.78395 19.84078
vt 23.6537 19.85281
vt 24.03423 19.76664
vt 23.91155 19.81198
vt 24.25683 19.63023
vt 24.15002 19.70577
vt 24.35287 19.54142
vt 33.64852 17.44832
vt 33.64852 8.00832
vt 27.52952 0.6473083
vt 27.52952 20.64731
vt 19.03826 10.9115
vt 17.03974 13.6621
vt 13.039 7.2868
vt 28.10906 2.766889
vt 32.1354 3.5234
vt 36.3258 7.2868
vt 36.3258 7.2868
vt 8.612 3.5234
vt 27.52952 0.6473083
vt 27.52952 20.64731
vt 32.1354 23.5234
vt 36.3258 23.2868
vt 13.104 10.5128
vt 19.104 16.5128
vt 16.5128 19.104
vt 10.5128 13.104
vt 19.104 16.5128
vt 18.3856 15.7944
vt 15.7944 18.3856
vt 16.5128 19.104
vt 10.5128 13.104
vt 9.7944 12.3856
vt 12.3856 9.7944
vt 13.104 10.5128
vt 0.6473083 6.882208
vt 2.766889 5.342172
vt 3.5234 8.612
vt 22.76689 25.34217
vt 20.64731 26.88221
vt 23.5234 28.612
vt 33.64852 25.6402
vt 27.52952 26.88221
vt 27.52952 6.882208
vt 33.64852 16.2002
vt 35.94976 25.03826
vt 35.94976 19.03826
vt 27.52952 26.88221
vt 36.3258 29.039
vt 32.1354 28.612
vt 35.94976 25.03826
vt 36.70184 23.03974
vt 36.3258 29.039
vt 19.78664 23.26915
vt 19.73185 23.15037
vt 19.6621 23.03974
vt 18.8531 23.62754
vt 19.8476 23.523
vt 19.82549 23.39408
vt 19.84078 23.78395
vt 19.85281 23.6537
vt 19.76664 24.03423
vt 19.81198 23.91155
vt 19.63023 24.25683
vt 19.70577 24.15002
vt 19.4409 24.43654
vt 19.54142 24.35287
vt 36.88222 17.15037
vt 36.70184 17.03974
vt 36.70184 23.03974
vt 36.88222 23.15037
vt 37.05579 17.26915
vt 37.05579 23.26915
vt 37.21956 17.39408
vt 37.21956 23.39408
vt 37.3706 17.523
vt 37.3706 23.523
vt 13.85281 17.6537
vt 19.85281 23.6537
vt 13.84078 17.78395
vt 19.84078 23.78395
vt 13.81198 17.91155
vt 19.81198 23.91155
vt 13.76664 18.03423
vt 19.76664 24.03423
vt 13.70577 18.15002
vt 19.70577 24.15002
vt 13.63023 18.25683
vt 19.63023 24.25683
vt 37.89429 18.35287
vt 37.89429 24.35287
vt 37.87744 18.43654
vt 37.87744 24.43654
vt 13.78664 17.26915
vt 13.73185 17.15037
vt 13.6621 17.03974
vt 12.8531 17.62754
vt 13.8476 17.523
vt 13.82549 17.39408
vt 13.84078 17.78395
vt 13.85281 17.6537
vt 13.76664 18.03423
vt 13.81198 17.91155
vt 13.63023 18.25683
vt 13.70577 18.15002
vt 13.4409 18.43654
vt 13.54142 18.35287
vt 37.56776 25.25946
vt 37.56776 19.25946
vt 18.3083 25.25946
vt 17.7205 24.45046
vt 11.7205 18.45046
vt 12.3083 19.25946
vt 11.09121 19.22758
vt 10.99517 19.13878
vt 10.9115 19.03826
vt 11.31381 19.36399
vt 11.19802 19.30313
vt 11.56409 19.43814
vt 11.43649 19.40934
vt 11.82504 19.44495
vt 11.69434 19.45017
vt 12.07889 19.384
vt 11.95396 19.42285
vt 12.19767 19.32921
vt 36.13395 19.13878
vt 36.13395 25.13878
vt 36.31879 19.22758
vt 36.31879 25.22758
vt 36.50115 19.30313
vt 36.50115 25.30313
vt 36.6778 19.36399
vt 36.6778 25.36399
vt 36.84583 19.40934
vt 36.84583 25.40934
vt 37.00223 19.43814
vt 37.00223 25.43814
vt 37.14452 19.45017
vt 37.14452 25.45017
vt 37.26999 19.44495
vt 37.26999 25.44495
vt 37.37681 19.42285
vt 37.37681 25.42285
vt 37.46288 19.384
vt 37.46288 25.384
vt 37.52688 19.32921
vt 37.52688 25.32921
vt 17.09121 25.22758
vt 16.99517 25.13878
vt 16.9115 25.03826
vt 17.31381 25.36399
vt 17.19802 25.30313
vt 17.56409 25.43814
vt 17.43649 25.40934
vt 17.82504 25.44495
vt 17.69434 25.45017
vt 18.07889 25.384
vt 17.95396 25.42285
vt 18.19767 25.32921
vt 34.53332 23.289
vt 34.53332 13.849
vt 28.10906 5.342172
vt 28.10906 25.34217
vt 36.70184 17.03974
vt 35.94976 19.03826
vt 36.3258 13.039
vt 27.52952 6.882208
vt 32.1354 8.612
vt 36.3258 13.039
vt 7.2868 13.039
vt 3.5234 8.612
vt 2.766889 5.342172
vt 28.10906 25.34217
vt 32.1354 28.612
vt 36.3258 29.039
vt 28.9671 14.8274
vt 28.9671 20.8274
vt 27.3657 22.491
vt 27.3657 16.491
vt 14.1397 20.8274
vt 13.6785 19.9222
vt 10.4135 21.5858
vt 10.8747 22.491
vt 4.8747 16.491
vt 4.413499 15.5858
vt 7.678499 13.9222
vt 8.1397 14.8274
vt -5.08862 9.3442
vt -2.597 8.53462
vt -2.888 11.878
vt 17.403 28.53462
vt 14.91138 29.3442
vt 17.112 31.878
vt 29.47 28.5474
vt 24.25558 29.3442
vt 24.25558 9.3442
vt 29.47 19.1074
vt 31.6786 28.2563
vt 31.6786 22.2563
vt 24.25558 29.3442
vt 32.77 32.731
vt 28.99 31.878
vt 31.6786 28.2563
vt 33.8614 27.2057
vt 32.77 32.731
vt 12.70324 27.46236
vt 12.68785 27.33246
vt 12.6557 27.2057
vt 11.7047 27.5147
vt 12.68277 27.72261
vt 12.70158 27.59316
vt 12.59565 27.96866
vt 12.64734 27.84851
vt 12.44779 28.18377
vt 12.52883 28.0811
vt 12.24928 28.3533
vt 12.35413 28.27507
vt 12.0137 28.4657
vt 12.13515 28.4172
vt 34.02031 21.33246
vt 6.6557 21.2057
vt 33.8614 27.2057
vt 34.02031 27.33246
vt 34.1656 21.46236
vt 34.1656 27.46236
vt 6.701583 21.59316
vt 12.70158 27.59316
vt 6.682766 21.72261
vt 12.68277 27.72261
vt 6.647343 21.84851
vt 12.64734 27.84851
vt 6.595646 21.96866
vt 12.59565 27.96866
vt 6.52883 22.0811
vt 12.52883 28.0811
vt 6.447794 22.18377
vt 12.44779 28.18377
vt 34.62921 22.27507
vt 34.62921 28.27507
vt 34.60258 22.3533
vt 34.60258 28.3533
vt 34.55235 22.4172
vt 34.55235 28.4172
vt 34.4794 22.4657
vt 34.4794 28.4657
vt 6.703239 21.46236
vt 6.687845 21.33246
vt 6.6557 21.2057
vt 5.7047 21.5147
vt 6.682766 21.72261
vt 6.701583 21.59316
vt 6.595646 21.96866
vt 6.647343 21.84851
vt 6.447794 22.18377
vt 6.52883 22.0811
vt 6.249282 22.3533
vt 6.354133 22.27507
vt 6.0137 22.4657
vt 6.135148 22.4172
vt 33.5806 28.8983
vt 33.5806 22.8983
vt 10.6823 28.8983
vt 10.3733 27.9473
vt 4.3733 21.9473
vt 4.6823 22.8983
vt 3.534698 22.49188
vt 3.470803 22.37775
vt 3.4223 22.2563
vt 3.704234 22.69039
vt 3.612926 22.59673
vt 3.919342 22.83825
vt 3.806896 22.77143
vt 4.165394 22.92537
vt 4.039492 22.88994
vt 4.425644 22.94584
vt 4.294837 22.94418
vt 4.555537 22.93044
vt 31.84855 22.37775
vt 31.84855 28.37775
vt 32.02658 22.49188
vt 32.02658 28.49188
vt 32.20966 22.59673
vt 32.20966 28.59673
vt 32.39463 22.69039
vt 32.39463 28.69039
vt 32.57832 22.77143
vt 32.57832 28.77143
vt 32.75759 22.83825
vt 32.75759 28.83825
vt 32.92944 22.88994
vt 32.92944 28.88994
vt 33.09076 22.92537
vt 33.09076 28.92537
vt 33.23902 22.94418
vt 33.23902 28.94418
vt 33.37148 22.94584
vt 33.37148 28.94584
vt 33.48598 22.93044
vt 33.48598 28.93044
vt 9.534698 28.49188
vt 9.470802 28.37775
vt 9.4223 28.2563
vt 9.704234 28.69039
vt 9.612926 28.59673
vt 9.919342 28.83825
vt 9.806896 28.77143
vt 10.16539 28.92537
vt 10.03949 28.88994
vt 10.42564 28.94584
vt 10.29484 28.94418
vt 10.55554 28.93044
vt 32.038 27.3114
vt 32.038 17.8714
vt 25.93762 8.53462
vt 25.93762 28.53462
vt 33.8614 21.2057
vt 31.6786 22.2563
vt 32.77 16.731
vt 24.25558 9.3442
vt 28.99 11.878
vt 32.77 16.731
vt 0.03899956 16.731
vt -2.888 11.878
vt -2.597 8.53462
vt 25.93762 28.53462
vt 28.99 31.878
vt 32.77 32.731
vt 25.4621 17.3987
vt 25.4621 23.3987
vt 22.4197 23.9753
vt 22.4197 17.9753
vt 8.0634 23.3987
vt 7.9265 22.3917
vt 4.3075 22.9683
vt 4.4444 23.9753
vt -1.5556 17.9753
vt -1.6925 16.9683
vt 1.9265 16.3917
vt 2.0634 17.3987
vt -11.31 9.91
vt -8.690001 9.91
vt -10 13
vt 11.31 29.91
vt 8.690001 29.91
vt 10 33
vt 2.72 29.12
vt 8.690001 29.91
vt -11.31 9.91
vt 22.4 19.68
vt 24.3 29
vt 24.3 23
vt 8.690001 29.91
vt 8 34
vt 10 33
vt 24.3 29
vt 27.7 29
vt 26 34
vt 4.6659 29.2588
vt 4.6914 29.1305
vt 4.7 29
vt 3.7 29
vt 4.566 29.5
vt 4.6239 29.3827
vt 4.4071 29.7071
vt 4.4934 29.6088
vt 4.2 29.866
vt 4.3088 29.7934
vt 3.9588 29.9659
vt 4.0827 29.9239
vt 3.7 30
vt 3.8305 29.9914
vt -1.3086 23.1305
vt -1.3 23
vt 4.7 29
vt 4.6914 29.1305
vt -1.3341 23.2588
vt 4.6659 29.2588
vt -1.3761 23.3827
vt 4.6239 29.3827
vt -1.434 23.5
vt 4.566 29.5
vt -1.5066 23.6088
vt 4.4934 29.6088
vt -1.5929 23.7071
vt 28.1142 29.7071
vt 28.1022 23.7934
vt 28.1022 29.7934
vt 28.066 23.866
vt 28.066 29.866
vt 28.0066 23.9239
vt 28.0066 29.9239
vt 27.9247 23.9659
vt 27.9247 29.9659
vt 27.8219 23.9914
vt 27.8219 29.9914
vt 27.7 24
vt 27.7 30
vt -1.3341 23.2588
vt -1.3086 23.1305
vt -1.3 23
vt -2.3 23
vt -1.434 23.5
vt -1.3761 23.3827
vt -1.5929 23.7071
vt -1.5066 23.6088
vt -1.8 23.866
vt -1.6912 23.7934
vt -2.0412 23.9659
vt -1.9173 23.9239
vt -2.3 24
vt -2.1695 23.9914
vt 26.3 30
vt 26.3 24
vt 2.3 30
vt 2.3 29
vt -3.7 23
vt -3.7 24
vt -4.6659 23.2588
vt -4.6914 23.1305
vt -4.7 23
vt -4.566 23.5
vt -4.6239 23.3827
vt -4.4071 23.7071
vt -4.4934 23.6088
vt -4.2 23.866
vt -4.3088 23.7934
vt -3.9588 23.9659
vt -4.0827 23.9239
vt -3.8305 23.9914
vt 24.4391 23.1305
vt 24.4391 29.1305
vt 24.5929 23.2588
vt 24.5929 29.2588
vt 24.7588 23.3827
vt 24.7588 29.3827
vt 24.934 23.5
vt 24.934 29.5
vt 25.1154 23.6088
vt 25.1154 29.6088
vt 25.3 23.7071
vt 25.3 29.7071
vt 25.4846 23.7934
vt 25.4846 29.7934
vt 25.666 23.866
vt 25.666 29.866
vt 25.8412 23.9239
vt 25.8412 29.9239
vt 26.0071 23.9659
vt 26.0071 29.9659
vt 26.1609 23.9914
vt 26.1609 29.9914
vt 1.3341 29.2588
vt 1.3086 29.1305
vt 1.3 29
vt 1.434 29.5
vt 1.3761 29.3827
vt 1.5929 29.7071
vt 1.5066 29.6088
vt 1.8 29.866
vt 1.6912 29.7934
vt 2.0412 29.9659
vt 1.9173 29.9239
vt 2.1695 29.9914
vt 26.4 29.12
vt -2.72 19.68
vt 21.22 9.91
vt 21.22 29.91
vt 27.7 23
vt 24.3 23
vt 26 18
vt 18.6 9.91
vt 23 13
vt 26 18
vt -8 18
vt -10 13
vt -8.690001 9.91
vt 21.22 29.91
vt 23 33
vt 26 34
vt 19.477 17.965
vt 19.477 23.965
vt 15.287 23.395
vt 15.287 17.395
vt 1.512 23.965
vt 1.693 22.965
vt -1.927 22.395
vt -2.108 23.395
vt -8.108 17.395
vt -7.927 16.395
vt -4.307 16.965
vt -4.488 17.965
vt -17.403 8.53462
vt -14.91138 9.3442
vt -17.112 11.878
vt 5.08862 29.3442
vt 2.597 28.53462
vt 2.888 31.878
vt -4.7266 27.3114
vt 2.597 28.53462
vt -17.403 8.53462
vt -14.1666 17.8714
vt -6.6557 27.2057
vt 14.55 21.2057
vt 2.597 28.53462
vt -0.03899956 32.731
vt 2.888 31.878
vt 14.55 27.2057
vt 18.834 28.2563
vt 16.692 32.731
vt -3.534698 28.49188
vt -3.470803 28.37775
vt -3.4223 28.2563
vt -4.3733 27.9473
vt -3.704234 28.69039
vt -3.612926 28.59673
vt -3.919342 28.83825
vt -3.806896 28.77143
vt -4.165394 28.92537
vt -4.039492 28.88994
vt -4.425644 28.94584
vt -4.294837 28.94418
vt -4.6823 28.8983
vt -4.555537 28.93044
vt -9.470802 22.37775
vt -9.4223 22.2563
vt -3.4223 28.2563
vt -3.470803 28.37775
vt -9.534698 22.49188
vt -3.534698 28.49188
vt -9.612926 22.59673
vt -3.612926 28.59673
vt 18.98616 22.69039
vt 18.98616 28.69039
vt 18.96453 22.77143
vt 18.96453 28.77143
vt 18.9189 22.83825
vt 18.9189 28.83825
vt 18.85045 22.88994
vt 18.85045 28.88994
vt 18.75997 22.92537
vt 18.75997 28.92537
vt 18.64935 22.94418
vt 18.64935 28.94418
vt 18.5202 22.94584
vt 18.5202 28.94584
vt 18.37491 22.93044
vt 18.37491 28.93044
vt 18.216 22.8983
vt 18.216 28.8983
vt -9.534698 22.49188
vt -9.470802 22.37775
vt -9.4223 22.2563
vt -10.3733 21.9473
vt -9.704234 22.69039
vt -9.612926 22.59673
vt -9.919342 22.83825
vt -9.806896 22.77143
vt -10.16539 22.92537
vt -10.03949 22.88994
vt -10.42564 22.94584
vt -10.29484 22.94418
vt -10.6823 22.8983
vt -10.55554 22.93044
vt 16.452 28.4657
vt 16.452 22.4657
vt -6.0137 28.4657
vt -5.7047 27.5147
vt -11.7047 21.5147
vt -12.0137 22.4657
vt -12.70324 21.46236
vt -12.68785 21.33246
vt -12.6557 21.2057
vt -12.68277 21.72261
vt -12.70158 21.59316
vt -12.59565 21.96866
vt -12.64734 21.84851
vt -12.44779 22.18377
vt -12.52883 22.0811
vt -12.24928 22.3533
vt -12.35413 22.27507
vt -12.13515 22.4172
vt -12.68785 21.33246
vt -6.687845 27.33246
vt -12.70324 21.46236
vt -6.703239 27.46236
vt 14.89158 21.59316
vt 14.89158 27.59316
vt 15.03984 21.72261
vt 15.03984 27.72261
vt 15.20116 21.84851
vt 15.20116 27.84851
vt 15.37301 21.96866
vt 15.37301 27.96866
vt 15.55227 22.0811
vt 15.55227 28.0811
vt 15.73597 22.18377
vt 15.73597 28.18377
vt 15.92094 22.27507
vt 15.92094 28.27507
vt 16.10402 22.3533
vt 16.10402 28.3533
vt 16.28205 22.4172
vt 16.28205 28.4172
vt -6.703239 27.46236
vt -6.687845 27.33246
vt -6.6557 27.2057
vt -6.682766 27.72261
vt -6.701583 27.59316
vt -6.595646 27.96866
vt -6.647343 27.84851
vt -6.447794 28.18377
vt -6.52883 28.0811
vt -6.249282 28.3533
vt -6.354133 28.27507
vt -6.135148 28.4172
vt -0.9226003 28.5474
vt -10.3626 19.1074
vt -14.91138 9.3442
vt 5.08862 29.3442
vt 18.834 22.2563
vt 14.55 21.2057
vt 16.692 16.731
vt 11.13162 8.53462
vt 14.766 11.878
vt 16.692 16.731
vt -16.039 16.731
vt -17.112 11.878
vt -14.91138 9.3442
vt 5.08862 29.3442
vt 2.888 31.878
vt -0.03899956 32.731
vt 11.6163 16.491
vt 11.6163 22.491
vt 6.6877 20.8274
vt 6.6877 14.8274
vt -4.8747 22.491
vt -4.413499 21.5858
vt -7.678499 19.9222
vt -8.1397 20.8274
vt -14.1397 14.8274
vt -13.6785 13.9222
vt -10.4135 15.5858
vt -10.8747 16.491
vt -22.76689 5.342172
vt -20.64731 6.882208
vt -23.5234 8.612
vt -0.6473083 26.88221
vt -2.766889 25.34217
vt -3.5234 28.612
vt -11.24432 23.289
vt -2.766889 25.34217
vt -22.76689 5.342172
vt -20.68432 13.849
vt -13.6621 23.03974
vt -19.6621 17.03974
vt -2.766889 25.34217
vt -7.2868 29.039
vt -3.5234 28.612
vt 3.37764 23.03974
vt 8.126759 25.03826
vt 5.752199 29.039
vt -11.09121 25.22758
vt -10.99517 25.13878
vt -10.9115 25.03826
vt -11.7205 24.45046
vt -11.31381 25.36399
vt -11.19802 25.30313
vt -11.56409 25.43814
vt -11.43649 25.40934
vt -11.82504 25.44495
vt -11.69434 25.45017
vt -12.07889 25.384
vt -11.95396 25.42285
vt -12.3083 25.25946
vt -12.19767 25.32921
vt -16.99517 19.13878
vt 8.126759 19.03826
vt 8.126759 25.03826
vt -10.99517 25.13878
vt 8.136375 19.22758
vt 8.136375 25.22758
vt 8.105115 19.30313
vt 8.105115 25.30313
vt 8.050188 19.36399
vt 8.050188 25.36399
vt 7.972847 19.40934
vt 7.972847 25.40934
vt 7.874047 19.43814
vt 7.874047 25.43814
vt 7.755831 19.45017
vt 7.755831 25.45017
vt 7.619919 19.44495
vt 7.619919 25.44495
vt 7.468882 19.42285
vt 7.468882 25.42285
vt 7.305107 19.384
vt 7.305107 25.384
vt 7.13154 19.32921
vt 7.13154 25.32921
vt 6.95116 19.25946
vt 6.95116 25.25946
vt -17.09121 19.22758
vt -16.99517 19.13878
vt -16.9115 19.03826
vt -17.7205 18.45046
vt -17.31381 19.36399
vt -17.19802 19.30313
vt -17.56409 19.43814
vt -17.43649 19.40934
vt -17.82504 19.44495
vt -17.69434 19.45017
vt -18.07889 19.384
vt -17.95396 19.42285
vt -18.3083 19.25946
vt -18.19767 19.32921
vt 4.995638 24.43654
vt 4.995638 18.43654
vt -13.4409 24.43654
vt -12.8531 23.62754
vt -18.8531 17.62754
vt -19.4409 18.43654
vt -19.78664 17.26915
vt -19.73185 17.15037
vt -19.6621 17.03974
vt -19.8476 17.523
vt -19.82549 17.39408
vt -19.84078 17.78395
vt -19.85281 17.6537
vt -19.76664 18.03423
vt -19.81198 17.91155
vt -19.63023 18.25683
vt -19.70577 18.15002
vt -19.54142 18.35287
vt -19.73185 17.15037
vt -13.73185 23.15037
vt -19.78664 17.26915
vt -13.78664 23.26915
vt -19.82549 17.39408
vt -13.82549 23.39408
vt -19.8476 17.523
vt -13.8476 23.523
vt 3.800884 17.6537
vt 3.800884 23.6537
vt 3.943172 17.78395
vt 3.943172 23.78395
vt 4.099567 17.91155
vt 4.099567 23.91155
vt 4.267597 18.03423
vt 4.267597 24.03423
vt 4.444252 18.15002
vt 4.444252 24.15002
vt 4.626604 18.25683
vt 4.626604 24.25683
vt 4.811455 18.35287
vt 4.811455 24.35287
vt -13.78664 23.26915
vt -13.73185 23.15037
vt -13.6621 23.03974
vt -13.8476 23.523
vt -13.82549 23.39408
vt -13.84078 23.78395
vt -13.85281 23.6537
vt -13.76664 24.03423
vt -13.81198 23.91155
vt -13.63023 24.25683
vt -13.70577 24.15002
vt -13.54142 24.35287
vt -8.00832 25.6402
vt -17.44832 16.2002
vt -20.64731 6.882208
vt -0.6473083 26.88221
vt 8.126759 19.03826
vt 3.37764 17.03974
vt 5.752199 13.039
vt 2.575283 5.342172
vt 5.088599 8.612
vt 5.752199 13.039
vt 5.752199 13.039
vt 5.088599 8.612
vt 6.2349 6.882208
vt 6.2349 26.88221
vt 5.088599 28.612
vt 5.752199 29.039
vt 2.5912 13.104
vt 2.5912 19.104
vt -2.5912 16.5128
vt -2.5912 10.5128
vt -10.5128 19.104
vt -9.7944 18.3856
vt -12.3856 15.7944
vt -13.104 16.5128
vt -19.104 10.5128
vt -18.3856 9.7944
vt -15.7944 12.3856
vt -16.5128 13.104
vt -26.88221 0.6473083
vt -25.34217 2.766889
vt -28.612 3.5234
vt -5.342172 22.76689
vt -6.882208 20.64731
vt -8.612 23.5234
vt -16.2002 17.44832
vt -6.882208 20.64731
vt -26.88221 0.6473083
vt -25.6402 8.00832
vt -19.03826 16.9115
vt -25.03826 10.9115
vt -6.882208 20.64731
vt -13.039 23.2868
vt -8.612 23.5234
vt -8.126759 16.9115
vt -3.37764 19.6621
vt -5.752199 23.2868
vt -17.26915 19.78664
vt -17.15037 19.73185
vt -17.03974 19.6621
vt -17.62754 18.8531
vt -17.523 19.8476
vt -17.39408 19.82549
vt -17.78395 19.84078
vt -17.6537 19.85281
vt -18.03423 19.76664
vt -17.91155 19.81198
vt -18.25683 19.63023
vt -18.15002 19.70577
vt -18.43654 19.4409
vt -18.35287 19.54142
vt -3.41852 13.73185
vt -3.37764 13.6621
vt -3.37764 19.6621
vt -3.41852 19.73185
vt -3.482517 13.78664
vt -3.482517 19.78664
vt -3.568588 13.82549
vt -3.568588 19.82549
vt -3.675409 13.8476
vt -3.675409 19.8476
vt -3.800884 13.85281
vt -3.800884 19.85281
vt -3.943172 13.84078
vt -3.943172 19.84078
vt -4.099567 13.81198
vt -4.099567 19.81198
vt -4.267597 13.76664
vt -4.267597 19.76664
vt -4.444252 13.70577
vt -4.444252 19.70577
vt -4.626604 13.63023
vt -4.626604 19.63023
vt -4.811455 13.54142
vt -4.811455 19.54142
vt -4.995638 13.4409
vt -4.995638 19.4409
vt -23.26915 13.78664
vt -23.15037 13.73185
vt -23.03974 13.6621
vt -23.62754 12.8531
vt -23.523 13.8476
vt -23.39408 13.82549
vt -23.78395 13.84078
vt -23.6537 13.85281
vt -24.03423 13.76664
vt -23.91155 13.81198
vt -24.25683 13.63023
vt -24.15002 13.70577
vt -24.43654 13.4409
vt -24.35287 13.54142
vt -6.95116 18.3083
vt -6.95116 12.3083
vt -19.25946 18.3083
vt -18.45046 17.7205
vt -24.45046 11.7205
vt -25.25946 12.3083
vt -25.22758 11.09121
vt -25.13878 10.99517
vt -25.03826 10.9115
vt -25.36399 11.31381
vt -25.30313 11.19802
vt -25.43814 11.56409
vt -25.40934 11.43649
vt -25.44495 11.82504
vt -25.45017 11.69434
vt -25.384 12.07889
vt -25.42285 11.95396
vt -25.32921 12.19767
vt -25.13878 10.99517
vt -19.13878 16.99517
vt -25.22758 11.09121
vt -19.22758 17.09121
vt -25.30313 11.19802
vt -19.30313 17.19802
vt -25.36399 11.31381
vt -19.36399 17.31381
vt -25.40934 11.43649
vt -19.40934 17.43649
vt -25.43814 11.56409
vt -19.43814 17.56409
vt -25.45017 11.69434
vt -19.45017 17.69434
vt -7.619919 11.82504
vt -7.619919 17.82504
vt -7.468882 11.95396
vt -7.468882 17.95396
vt -7.305107 12.07889
vt -7.305107 18.07889
vt -7.13154 12.19767
vt -7.13154 18.19767
vt -19.22758 17.09121
vt -19.13878 16.99517
vt -19.03826 16.9115
vt -19.36399 17.31381
vt -19.30313 17.19802
vt -19.43814 17.56409
vt -19.40934 17.43649
vt -19.44495 17.82504
vt -19.45017 17.69434
vt -19.384 18.07889
vt -19.42285 17.95396
vt -19.32921 18.19767
vt -2.60468 20.68432
vt -2.60468 11.24432
vt -2.575283 2.766889
vt -2.575283 22.76689
vt -3.37764 13.6621
vt -8.126759 10.9115
vt -5.752199 7.2868
vt -26.88221 0.6473083
vt -5.088599 3.5234
vt -29.039 7.2868
vt -5.752199 7.2868
vt -5.088599 3.5234
vt -2.575283 2.766889
vt -2.575283 22.76689
vt -5.088599 23.5234
vt -5.752199 23.2868
vt -6.6877 8.1397
vt -6.6877 14.1397
vt -11.6163 10.8747
vt -11.6163 4.8747
vt -14.8274 14.1397
vt -13.9222 13.6785
vt -15.5858 10.4135
vt -16.491 10.8747
vt -22.491 4.8747
vt -21.5858 4.413499
vt -19.9222 7.678499
vt -20.8274 8.1397
vt -29.3442 -5.08862
vt -28.53462 -2.597
vt -31.878 -2.888
vt -8.53462 17.403
vt -9.3442 14.91138
vt -11.878 17.112
vt -19.1074 10.3626
vt -9.3442 14.91138
vt -29.3442 -5.08862
vt -28.5474 0.9226003
vt -22.2563 9.4223
vt -28.2563 3.4223
vt -9.3442 14.91138
vt -16.731 16.039
vt -11.878 17.112
vt -18.834 9.4223
vt -14.55 12.6557
vt -16.692 16.039
vt -21.46236 12.70324
vt -21.33246 12.68785
vt -21.2057 12.6557
vt -21.5147 11.7047
vt -21.72261 12.68277
vt -21.59316 12.70158
vt -21.96866 12.59565
vt -21.84851 12.64734
vt -22.18377 12.44779
vt -22.0811 12.52883
vt -22.3533 12.24928
vt -22.27507 12.35413
vt -22.4657 12.0137
vt -22.4172 12.13515
vt -14.64462 6.687845
vt -14.55 6.6557
vt -14.55 12.6557
vt -14.64462 12.68785
vt -14.75912 6.703239
vt -14.75912 12.70324
vt -14.89158 6.701583
vt -14.89158 12.70158
vt -15.03984 6.682766
vt -15.03984 12.68277
vt -15.20116 6.647343
vt -15.20116 12.64734
vt -15.37301 6.595646
vt -15.37301 12.59565
vt -15.55227 6.52883
vt -15.55227 12.52883
vt -15.73597 6.447794
vt -15.73597 12.44779
vt -15.92094 6.354133
vt -15.92094 12.35413
vt -16.10402 6.249282
vt -16.10402 12.24928
vt -16.28205 6.135148
vt -16.28205 12.13515
vt -16.452 6.0137
vt -16.452 12.0137
vt -27.46236 6.703239
vt -27.33246 6.687845
vt -27.2057 6.6557
vt -27.5147 5.7047
vt -27.72261 6.682766
vt -27.59316 6.701583
vt -27.96866 6.595646
vt -27.84851 6.647343
vt -28.18377 6.447794
vt -28.0811 6.52883
vt -28.3533 6.249282
vt -28.27507 6.354133
vt -28.4657 6.0137
vt -28.4172 6.135148
vt -18.216 10.6823
vt -18.216 4.6823
vt -22.8983 10.6823
vt -21.9473 10.3733
vt -27.9473 4.3733
vt -28.8983 4.6823
vt -28.49188 3.534698
vt -28.37775 3.470803
vt -28.2563 3.4223
vt -28.69039 3.704234
vt -28.59673 3.612926
vt -28.83825 3.919342
vt -28.77143 3.806896
vt -28.92537 4.165394
vt -28.88994 4.039492
vt -28.94584 4.425644
vt -28.94418 4.294837
vt -28.93044 4.555537
vt -28.37775 3.470803
vt -22.37775 9.470802
vt -28.49188 3.534698
vt -22.49188 9.534698
vt -28.59673 3.612926
vt -22.59673 9.612926
vt -28.69039 3.704234
vt -22.69039 9.704234
vt -28.77143 3.806896
vt -22.77143 9.806896
vt -28.83825 3.919342
vt -22.83825 9.919342
vt -28.88994 4.039492
vt -22.88994 10.03949
vt -28.92537 4.165394
vt -22.92537 10.16539
vt -28.94418 4.294837
vt -22.94418 10.29484
vt -18.5202 4.425644
vt -18.5202 10.42564
vt -18.37491 4.555537
vt -18.37491 10.55554
vt -22.49188 9.534698
vt -22.37775 9.470802
vt -22.2563 9.4223
vt -22.69039 9.704234
vt -22.59673 9.612926
vt -22.83825 9.919342
vt -22.77143 9.806896
vt -22.92537 10.16539
vt -22.88994 10.03949
vt -22.94584 10.42564
vt -22.94418 10.29484
vt -22.93044 10.55554
vt -13.1448 14.1666
vt -13.1448 4.7266
vt -11.13162 -2.597
vt -11.13162 17.403
vt -14.55 6.6557
vt -18.834 3.4223
vt -16.692 0.03899956
vt -29.3442 -5.08862
vt -31.878 -2.888
vt -32.731 0.03899956
vt -16.692 0.03899956
vt -14.766 -2.888
vt -11.13162 -2.597
vt -11.13162 17.403
vt -14.766 17.112
vt -16.692 16.039
vt -15.3353 2.0634
vt -15.3353 8.0634
vt -19.5309 4.4444
vt -19.5309 -1.5556
vt -17.3987 8.0634
vt -16.3917 7.9265
vt -16.9683 4.3075
vt -17.9753 4.4444
vt -23.9753 -1.5556
vt -22.9683 -1.6925
vt -22.3917 1.9265
vt -23.3987 2.0634
vt 22.438 29.828
vt 20 30
vt 20 10
vt 22.438 9.827999
vt 24.494 29.318
vt 24.494 9.318001
vt 26.132 28.478
vt 26.132 8.478001
vt 27.32 27.32
vt 27.32 7.32
vt 28.044 25.868
vt 28.044 5.868
vt 28.284 24.142
vt 4.141999 4.141999
vt 25.868 22.176
vt 5.868 2.176
vt 27.32 20
vt 7.32 0
vt 28.478 17.654
vt 8.478001 -2.346
vt 29.318 15.176
vt 9.318001 -4.824
vt 29.828 12.61
vt 9.827999 -7.39
vt 30 10
vt 20 -10
vt 17.218 7.39
vt 17.218 -12.61
vt 14.142 4.824
vt 14.142 -15.176
vt 10.824 2.346
vt 10.824 -17.654
vt 7.32 0
vt 7.32 -20
vt 3.692 -2.176
vt 3.692 -22.176
vt 0 -4.141999
vt 0 -24.142
vt -3.692 -5.868
vt -3.692 -25.868
vt -7.32 -7.32
vt -7.32 -27.32
vt -10.824 -8.478001
vt -10.824 -28.478
vt -14.142 -9.318001
vt -14.142 -29.318
vt -17.218 -9.827999
vt -17.218 -29.828
vt -20 -10
vt -10 -30
vt 7.39 -9.827999
vt -12.61 -29.828
vt 4.824 -9.318001
vt -15.176 -29.318
vt 2.346 -8.478001
vt -17.654 -28.478
vt 0 -7.32
vt -20 -27.32
vt -2.176 -5.868
vt -22.176 -25.868
vt -4.141999 -4.141999
vt -24.142 -24.142
vt -5.868 -2.176
vt -25.868 -22.176
vt -7.32 0
vt -27.32 -20
vt -8.478001 2.346
vt -28.478 -17.654
vt -9.318001 4.824
vt -29.318 -15.176
vt -9.827999 7.39
vt -29.828 -12.61
vt -10 10
vt -20 -10
vt -17.218 12.61
vt -17.218 -7.39
vt -14.142 15.176
vt -14.142 -4.824
vt -10.824 17.654
vt -10.824 -2.346
vt -7.32 20
vt -7.32 0
vt -3.692 22.176
vt -3.692 2.176
vt 0 24.142
vt 0 4.141999
vt 3.692 25.868
vt 3.692 5.868
vt 7.32 27.32
vt 7.32 7.32
vt 10.824 28.478
vt 10.824 8.478001
vt 14.142 29.318
vt 14.142 9.318001
vt 17.218 29.828
vt 17.218 9.827999
vt -10 8
vt -7.651 7.8452
vt -7.39 9.827999
vt -10 10
vt -5.3416 7.3862
vt -4.824 9.318001
vt -3.1114 6.630199
vt -2.346 8.478001
vt -1 5.588
vt 0 7.32
vt 0.9583998 4.2812
vt 2.176 5.868
vt 2.7278 2.7278
vt 4.142 4.142
vt 4.2812 0.9583998
vt 5.868 2.176
vt 5.588 -1
vt 7.32 0
vt 6.630199 -3.1114
vt 8.478001 -2.346
vt 7.3862 -5.3416
vt 9.318001 -4.824
vt 7.8452 -7.651
vt 9.827999 -7.39
vt 8 -10
vt 10 -10
vt 7.8452 -12.349
vt 9.827999 -12.61
vt 7.3862 -14.6584
vt 9.318001 -15.176
vt 6.630199 -16.8886
vt 8.478001 -17.654
vt 5.588 -19
vt 7.32 -20
vt 4.2812 -20.9584
vt 5.868 -22.176
vt 2.7278 -22.7278
vt 4.142 -24.142
vt 0.9583998 -24.2812
vt 2.176 -25.868
vt -1 -25.588
vt 0 -27.32
vt -3.1114 -26.6302
vt -2.346 -28.478
vt -5.3416 -27.3862
vt -4.824 -29.318
vt -7.651 -27.8452
vt -7.39 -29.828
vt -10 -28
vt -10 -30
vt -12.349 -27.8452
vt -12.61 -29.828
vt -14.6584 -27.3862
vt -15.176 -29.318
vt -16.8886 -26.6302
vt -17.654 -28.478
vt -19 -25.588
vt -20 -27.32
vt -20.9584 -24.2812
vt -22.176 -25.868
vt -22.7278 -22.7278
vt -24.142 -24.142
vt -24.2812 -20.9584
vt -25.868 -22.176
vt -25.588 -19
vt -27.32 -20
vt -26.6302 -16.8886
vt -28.478 -17.654
vt -27.3862 -14.6584
vt -29.318 -15.176
vt -27.8452 -12.349
vt -29.828 -12.61
vt -28 -10
vt -30 -10
vt -27.8452 -7.651
vt -29.828 -7.39
vt -27.3862 -5.3416
vt -29.318 -4.824
vt -26.6302 -3.1114
vt -28.478 -2.346
vt -25.588 -1
vt -27.32 0
vt -24.2812 0.9583998
vt -25.868 2.176
vt -22.7278 2.7278
vt -24.142 4.142
vt -20.9584 4.2812
vt -22.176 5.868
vt -19 5.588
vt -20 7.32
vt -16.8886 6.630199
vt -17.654 8.478001
vt -14.6584 7.3862
vt -15.176 9.318001
vt -12.349 7.8452
vt -12.61 9.827999
vt 10 28
vt 12.349 27.8452
vt 12.61 29.828
vt 10 30
vt 14.6584 27.3862
vt 15.176 29.318
vt 16.8886 26.6302
vt 17.654 28.478
vt 19 25.588
vt 20 27.32
vt 20.9584 24.2812
vt 22.176 25.868
vt 22.7278 22.7278
vt 24.142 24.142
vt 24.2812 20.9584
vt 25.868 22.176
vt 25.588 19
vt 27.32 20
vt 26.6302 16.8886
vt 28.478 17.654
vt 27.3862 14.6584
vt 29.318 15.176
vt 27.8452 12.349
vt 29.828 12.61
vt 28 10
vt 30 10
vt 27.8452 7.651
vt 29.828 7.39
vt 27.3862 5.3416
vt 29.318 4.824
vt 26.6302 3.1114
vt 28.478 2.346
vt 25.588 1
vt 27.32 0
vt 24.2812 -0.9583998
vt 25.868 -2.176
vt 22.7278 -2.7278
vt 24.142 -4.142
vt 20.9584 -4.2812
vt 22.176 -5.868
vt 19 -5.588
vt 20 -7.32
vt 16.8886 -6.630199
vt 17.654 -8.478001
vt 14.6584 -7.3862
vt 15.176 -9.318001
vt 12.349 -7.8452
vt 12.61 -9.827999
vt 10 -8
vt 10 -10
vt 7.651 -7.8452
vt 7.39 -9.827999
vt 5.3416 -7.3862
vt 4.824 -9.318001
vt 3.1114 -6.630199
vt 2.346 -8.478001
vt 1 -5.588
vt 0 -7.32
vt -0.9583998 -4.2812
vt -2.176 -5.868
vt -2.7278 -2.7278
vt -4.142 -4.142
vt -4.2812 -0.9583998
vt -5.868 -2.176
vt -5.588 1
vt -7.32 0
vt -6.630199 3.1114
vt -8.478001 2.346
vt -7.3862 5.3416
vt -9.318001 4.824
vt -7.8452 7.651
vt -9.827999 7.39
vt -8 10
vt -10 10
vt -7.8452 12.349
vt -9.827999 12.61
vt -7.3862 14.6584
vt -9.318001 15.176
vt -6.630199 16.8886
vt -8.478001 17.654
vt -5.588 19
vt -7.32 20
vt -4.2812 20.9584
vt -5.868 22.176
vt -2.7278 22.7278
vt -4.142 24.142
vt -0.9583998 24.2812
vt -2.176 25.868
vt 1 25.588
vt 0 27.32
vt 3.1114 26.6302
vt 2.346 28.478
vt 5.3416 27.3862
vt 4.824 29.318
vt 7.651 27.8452
vt 7.39 29.828
vt -10 7.000401
vt -7.781448 6.854197
vt -7.596569 8.258713
vt -10 8.417101
vt -5.600296 6.420687
vt -5.233654 7.789076
vt -3.493947 5.706669
vt -2.951776 7.015558
vt -1.4998 4.722346
vt -0.7914495 5.949209
vt 0.349844 3.488117
vt 1.212331 4.612127
vt 2.020983 2.020983
vt 3.022731 3.022731
vt 3.488117 0.349844
vt 4.612127 1.212331
vt 4.722346 -1.4998
vt 5.949209 -0.7914495
vt 5.706669 -3.493947
vt 7.015558 -2.951776
vt 6.420687 -5.600296
vt 7.789076 -5.233654
vt 6.854197 -7.781448
vt 8.258713 -7.596569
vt 7.000401 -10
vt 8.417101 -10
vt 6.854197 -12.21855
vt 8.258713 -12.40343
vt 6.420687 -14.3997
vt 7.789076 -14.76635
vt 5.706669 -16.50605
vt 7.015558 -17.04823
vt 4.722346 -18.5002
vt 5.949209 -19.20855
vt 3.488117 -20.34984
vt 4.612127 -21.21233
vt 2.020983 -22.02098
vt 3.022731 -23.02273
vt 0.349844 -23.48812
vt 1.212331 -24.61213
vt -1.4998 -24.72235
vt -0.7914495 -25.94921
vt -3.493947 -25.70667
vt -2.951776 -27.01556
vt -5.600296 -26.42069
vt -5.233654 -27.78908
vt -7.781448 -26.8542
vt -7.596569 -28.25871
vt -10 -27.0004
vt -10 -28.4171
vt -12.21855 -26.8542
vt -12.40343 -28.25871
vt -14.3997 -26.42069
vt -14.76635 -27.78908
vt -16.50605 -25.70667
vt -17.04823 -27.01556
vt -18.5002 -24.72235
vt -19.20855 -25.94921
vt -20.34984 -23.48812
vt -21.21233 -24.61213
vt -22.02098 -22.02098
vt -23.02273 -23.02273
vt -23.48812 -20.34984
vt -24.61213 -21.21233
vt -24.72235 -18.5002
vt -25.94921 -19.20855
vt -25.70667 -16.50605
vt -27.01556 -17.04823
vt -26.42069 -14.3997
vt -27.78908 -14.76635
vt -26.8542 -12.21855
vt -28.25871 -12.40343
vt -27.0004 -10
vt -28.4171 -10
vt -26.8542 -7.781448
vt -28.25871 -7.596569
vt -26.42069 -5.600296
vt -27.78908 -5.233654
vt -25.70667 -3.493947
vt -27.01556 -2.951776
vt -24.72235 -1.4998
vt -25.94921 -0.7914495
vt -23.48812 0.349844
vt -24.61213 1.212331
vt -22.02098 2.020983
vt -23.02273 3.022731
vt -20.34984 3.488117
vt -21.21233 4.612127
vt -18.5002 4.722346
vt -19.20855 5.949209
vt -16.50605 5.706669
vt -17.04823 7.015558
vt -14.3997 6.420687
vt -14.76635 7.789076
vt -12.21855 6.854197
vt -12.40343 8.258713
vt 10 27.0004
vt 12.21855 26.8542
vt 12.40343 28.25871
vt 10 28.4171
vt 14.3997 26.42069
vt 14.76635 27.78908
vt 16.50605 25.70667
vt 17.04823 27.01556
vt 18.5002 24.72235
vt 19.20855 25.94921
vt 20.34984 23.48812
vt 21.21233 24.61213
vt 22.02098 22.02098
vt 23.02273 23.02273
vt 23.48812 20.34984
vt 24.61213 21.21233
vt 24.72235 18.5002
vt 25.94921 19.20855
vt 25.70667 16.50605
vt 27.01556 17.04823
vt 26.42069 14.3997
vt 27.78908 14.76635
vt 26.8542 12.21855
vt 28.25871 12.40343
vt 27.0004 10
vt 28.4171 10
vt 26.8542 7.781448
vt 28.25871 7.596569
vt 26.42069 5.600296
vt 27.78908 5.233654
vt 25.70667 3.493947
vt 27.01556 2.951776
vt 24.72235 1.4998
vt 25.94921 0.7914495
vt 23.48812 -0.349844
vt 24.61213 -1.212331
vt 22.02098 -2.020983
vt 23.02273 -3.022731
vt 20.34984 -3.488117
vt 21.21233 -4.612127
vt 18.5002 -4.722346
vt 19.20855 -5.949209
vt 16.50605 -5.706669
vt 17.04823 -7.015558
vt 14.3997 -6.420687
vt 14.76635 -7.789076
vt 12.21855 -6.854197
vt 12.40343 -8.258713
vt 10 -7.000401
vt 10 -8.417101
vt 7.781448 -6.854197
vt 7.596569 -8.258713
vt 5.600296 -6.420687
vt 5.233654 -7.789076
vt 3.493947 -5.706669
vt 2.951776 -7.015558
vt 1.4998 -4.722346
vt 0.7914495 -5.949209
vt -0.349844 -3.488117
vt -1.212331 -4.612127
vt -2.020983 -2.020983
vt -3.022731 -3.022731
vt -3.488117 -0.349844
vt -4.612127 -1.212331
vt -4.722346 1.4998
vt -5.949209 0.7914495
vt -5.706669 3.493947
vt -7.015558 2.951776
vt -6.420687 5.600296
vt -7.789076 5.233654
vt -6.854197 7.781448
vt -8.258713 7.596569
vt -7.000401 10
vt -8.417101 10
vt -6.854197 12.21855
vt -8.258713 12.40343
vt -6.420687 14.3997
vt -7.789076 14.76635
vt -5.706669 16.50605
vt -7.015558 17.04823
vt -4.722346 18.5002
vt -5.949209 19.20855
vt -3.488117 20.34984
vt -4.612127 21.21233
vt -2.020983 22.02098
vt -3.022731 23.02273
vt -0.349844 23.48812
vt -1.212331 24.61213
vt 1.4998 24.72235
vt 0.7914495 25.94921
vt 3.493947 25.70667
vt 2.951776 27.01556
vt 5.600296 26.42069
vt 5.233654 27.78908
vt 7.781448 26.8542
vt 7.596569 28.25871
vt 12.2185 26.8538
vt 17 27
vt -10 7
vt -7.7815 6.8538
vt 14.3996 26.4203
vt -5.6004 6.4203
vt 16.5059 25.7063
vt -3.4941 5.7063
vt 18.5 24.722
vt -1.5 4.722
vt 20.3496 23.4878
vt 0.3495998 3.4878
vt 22.0207 22.0207
vt 2.0207 2.0207
vt 23.4878 20.3496
vt 3.4878 0.3495998
vt 24.722 18.5
vt 4.722 -1.5
vt 25.7063 16.5059
vt 5.7063 -3.4941
vt 26.4203 14.3996
vt 6.4203 -5.6004
vt 26.8538 12.2185
vt 6.8538 -7.7815
vt 27 10
vt 17 -10
vt 14.6353 7.7815
vt 14.6353 -12.2185
vt 12.0207 5.6004
vt 12.0207 -14.3996
vt 9.200399 3.4941
vt 9.200399 -16.5059
vt 6.222 1.5
vt 6.222 -18.5
vt 3.1382 -0.3495998
vt 3.1382 -20.3496
vt 0 -2.0207
vt 0 -22.0207
vt -3.1382 -3.4878
vt -3.1382 -23.4878
vt -6.222 -4.722
vt -6.222 -24.722
vt -9.200399 -5.7063
vt -9.200399 -25.7063
vt -12.0207 -6.4203
vt -12.0207 -26.4203
vt -14.6353 -6.8538
vt -14.6353 -26.8538
vt -17 -7
vt -17 -27
vt -19.0723 -6.8538
vt -19.0723 -26.8538
vt -20.8199 -6.4203
vt -20.8199 -26.4203
vt -22.2122 -5.7063
vt -22.2122 -25.7063
vt -23.222 -4.722
vt -23.222 -24.722
vt -23.8374 -3.4878
vt -23.8374 -23.4878
vt -24.0414 -2.0207
vt -22.0207 -22.0207
vt -3.4878 -0.3495998
vt -23.4878 -20.3496
vt -4.722 1.5
vt -24.722 -18.5
vt -5.7063 3.4941
vt -25.7063 -16.5059
vt -6.4203 5.6004
vt -26.4203 -14.3996
vt -6.8538 7.7815
vt -26.8538 -12.2185
vt -7 10
vt -17 -10
vt -14.6353 12.2185
vt -14.6353 -7.7815
vt -12.0207 14.3996
vt -12.0207 -5.6004
vt -9.200399 16.5059
vt -9.200399 -3.4941
vt -6.222 18.5
vt -6.222 -1.5
vt -3.1382 20.3496
vt -3.1382 0.3495998
vt 0 22.0207
vt 0 2.0207
vt 3.1382 23.4878
vt 3.1382 3.4878
vt 6.222 24.722
vt 6.222 4.722
vt 9.200399 25.7063
vt 9.200399 5.7063
vt 12.0207 26.4203
vt 12.0207 6.4203
vt 14.6353 26.8538
vt 14.6353 6.8538
vt -17.798 0
vt -17.4 2
vt -12.6 2
vt -12.998 0
vt -8.6 2
vt -8.6 -7
vt -10.998 -9
vt -10.998 0
vt -10.998 -9
vt -15.798 -9
vt -15.798 0
vt -10.998 0
vt -13.403 2.001
vt -13.403 4.001
vt -8.603001 4.001
vt -8.603001 2.001
vt -15.798 2
vt -15.4 4
vt -10.6 4
vt -10.998 2
vt -8.6 4
vt -8.6 13
vt -10.998 11
vt -10.998 2
vt -10.998 11
vt -15.798 11
vt -15.798 2
vt -10.998 2
vt -17.798 -2
vt -17.4 -4
vt -12.6 -4
vt -12.998 -2
vt -12.6 -4
vt -21.6 -13
vt -21.998 -11
vt -12.998 -2
vt -12.998 -11
vt -17.798 -11
vt -17.798 -2
vt -12.998 -2
vt -19.403 -4
vt -19.403 -2
vt -14.603 -2
vt -14.603 -4
vt -15.798 0
vt -15.4 -2
vt -10.6 -2
vt -10.998 0
vt -10.6 -2
vt -1.6 7
vt -1.998 9
vt -10.998 0
vt -12.998 9
vt -17.798 9
vt -17.798 0
vt -12.998 0
vt 1.336555 6.941015
vt 0.4870005 6.997001
vt -19.513 -13.003
vt -18.66344 -13.05898
vt 2.171789 6.77501
vt -17.82821 -13.22499
vt 2.978377 6.50159
vt -17.02162 -13.49841
vt 3.742001 6.12466
vt -16.258 -13.87534
vt 4.450289 5.652035
vt -15.54971 -14.34797
vt 5.090221 5.090221
vt -14.90978 -14.90978
vt 5.652035 4.450289
vt -14.34797 -15.54971
vt 6.12466 3.742001
vt -13.87534 -16.258
vt 6.50159 2.978377
vt -13.49841 -17.02162
vt 6.77501 2.171789
vt -13.22499 -17.82821
vt 6.941015 1.336555
vt -13.05898 -18.66344
vt 6.997001 0.4870005
vt -13.003 -19.513
vt -13 -14.6205
vt 7 -14.6205
vt 7 -12.5135
vt -13 -12.5135
vt -14.6195 -13
vt -14.6195 7
vt -12.5125 7
vt -12.5125 -13
vt -2 -17.798
vt -4 -17.4
vt -4 -12.6
vt -2 -12.998
vt -4 -12.6
vt -13 -21.6
vt -11 -21.998
vt -2 -12.998
vt -11 -12.998
vt -11 -17.798
vt -2 -17.798
vt -2 -12.998
vt -4 -19.403
vt -2 -19.403
vt -2 -14.603
vt -4 -14.603
vt 0 -15.798
vt -2 -15.4
vt -2 -10.6
vt 0 -10.998
vt -2 -10.6
vt 7 -1.6
vt 9 -1.998
vt 0 -10.998
vt 9 -12.998
vt 9 -17.798
vt 0 -17.798
vt 0 -12.998
vt 0 -17.798
vt 2 -17.4
vt 2 -12.6
vt 0 -12.998
vt -8.6 -12.6
vt -8.6 -21.6
vt -10.998 -21.998
vt -10.998 -12.998
vt -9 -10.998
vt -9 -15.798
vt 0 -15.798
vt 0 -10.998
vt 2 -13.403
vt 4 -13.403
vt 4 -8.603001
vt 2 -8.603001
vt 2 -15.798
vt 4 -15.4
vt 4 -10.6
vt 2 -10.998
vt -8.6 -10.6
vt -8.6 -1.6
vt -10.998 -1.998
vt -10.998 -10.998
vt 11 -10.998
vt 11 -15.798
vt 2 -15.798
vt 2 -10.998
vt -7 -8.6195
vt 13 -8.6195
vt 13 -6.5125
vt -7 -6.5125
vt -5.604459 1.336555
vt -6.51 0.4870005
vt -6.51 -19.513
vt -5.604459 -18.66344
vt -4.603221 2.171789
vt -4.603221 -17.82821
vt -3.523212 2.978377
vt -3.523212 -17.02162
vt -2.38266 3.742001
vt -2.38266 -16.258
vt -1.201746 4.450289
vt -1.201746 -15.54971
vt 0 5.090221
vt 0 -14.90978
vt 1.201746 5.652035
vt 1.201746 -14.34797
vt 2.38266 6.12466
vt 2.38266 -13.87534
vt 3.523212 6.50159
vt 3.523212 -13.49841
vt 4.603221 6.77501
vt 4.603221 -13.22499
vt 5.604459 6.941015
vt 5.604459 -13.05898
vt 6.51 6.997001
vt 6.51 -13.003
vt 8.620501 -13
vt 8.620501 7
vt 6.5135 7
vt 6.5135 -13
vt 15.798 -2
vt 15.4 -4
vt 10.6 -4
vt 10.998 -2
vt 8.6 -4
vt 8.6 -13
vt 10.998 -11
vt 10.998 -2
vt 10.998 -11
vt 15.798 -11
vt 15.798 -2
vt 10.998 -2
vt 13.403 -4.001
vt 13.403 -2.001
vt 8.603001 -2.001
vt 8.603001 -4.001
vt 17.798 0
vt 17.4 -2
vt 12.6 -2
vt 12.998 0
vt 8.6 -2
vt 8.6 7
vt 10.998 9
vt 10.998 0
vt 10.998 9
vt 15.798 9
vt 15.798 0
vt 10.998 0
vt 15.798 0
vt 15.4 2
vt 10.6 2
vt 10.998 0
vt 10.6 2
vt 1.6 -7
vt 1.998 -9
vt 10.998 0
vt 12.998 -9
vt 17.798 -9
vt 17.798 0
vt 12.998 0
vt 19.403 2
vt 19.403 4
vt 14.603 4
vt 14.603 2
vt 17.798 2
vt 17.4 4
vt 12.6 4
vt 12.998 2
vt 12.6 4
vt 21.6 13
vt 21.998 11
vt 12.998 2
vt 12.998 11
vt 17.798 11
vt 17.798 2
vt 12.998 2
vt 14.6195 -7
vt 14.6195 13
vt 12.5125 13
vt 12.5125 -7
vt 11.72243 13.05898
vt 12.516 13.003
vt 12.516 -6.997001
vt 11.72243 -6.941015
vt 11.0532 13.22499
vt 11.0532 -6.77501
vt 10.52003 13.49841
vt 10.52003 -6.50159
vt 10.13334 13.87534
vt 10.13334 -6.12466
vt 9.897676 14.34797
vt 9.897676 -5.652035
vt 9.819557 14.90978
vt -5.090221 -5.090221
vt 14.34797 15.54971
vt -5.652035 -4.450289
vt 13.87534 16.258
vt -6.12466 -3.742001
vt 13.49841 17.02162
vt -6.50159 -2.978377
vt 13.22499 17.82821
vt -6.77501 -2.171789
vt 13.05898 18.66344
vt -6.941015 -1.336555
vt 13.003 19.513
vt -6.997001 -0.4870005
vt -7 14.6205
vt 13 14.6205
vt 13 12.5135
vt -7 12.5135
vt 0 15.798
vt 2 15.4
vt 2 10.6
vt 0 10.998
vt 14.6 10.6
vt 14.6 1.6
vt 12.998 1.998
vt 12.998 10.998
vt -9 12.998
vt -9 17.798
vt 0 17.798
vt 0 12.998
vt 2.001 19.405
vt 4.001 19.405
vt 4.001 14.605
vt 2.001 14.605
vt 2 17.798
vt 4 17.4
vt 4 12.6
vt 2 12.998
vt 14.6 12.6
vt 14.6 21.6
vt 12.998 21.998
vt 12.998 12.998
vt 11 12.998
vt 11 17.798
vt 2 17.798
vt 2 12.998
vt -2 15.798
vt -4 15.4
vt -4 10.6
vt -2 10.998
vt 8.6 10.6
vt 8.6 1.6
vt 10.998 1.998
vt 10.998 10.998
vt -11 10.998
vt -11 15.798
vt -2 15.798
vt -2 10.998
vt -4 13.403
vt -2 13.403
vt -2 8.603001
vt -4 8.603001
vt 0 17.798
vt -2 17.4
vt -2 12.6
vt 0 12.998
vt 8.6 12.6
vt 8.6 21.6
vt 10.998 21.998
vt 10.998 12.998
vt 9 10.998
vt 9 15.798
vt 0 15.798
vt 0 10.998
vt -13 8.6195
vt 7 8.6195
vt 7 6.5125
vt -13 6.5125
vt 5.604459 18.66344
vt 6.51 19.513
vt 6.51 -0.4870005
vt 5.604459 -1.336555
vt 4.603221 17.82821
vt 4.603221 -2.171789
vt 3.523212 17.02162
vt 3.523212 -2.978377
vt 2.38266 16.258
vt 2.38266 -3.742001
vt 1.201746 15.54971
vt 1.201746 -4.450289
vt 0 14.90978
vt 0 -5.090221
vt -1.201746 14.34797
vt -1.201746 -5.652035
vt -2.38266 13.87534
vt -2.38266 -6.12466
vt -3.523212 13.49841
vt -3.523212 -6.50159
vt -4.603221 13.22499
vt -4.603221 -6.77501
vt -5.604459 13.05898
vt -5.604459 -6.941015
vt -6.51 13.003
vt -6.51 -6.997001
vt -8.620501 -7
vt -8.620501 13
vt -6.5135 13
vt -6.5135 -7
vt -11.1219 9.0086
vt -11 9
vt -11 -11
vt -11.1219 -10.9914
vt -11.2247 9.0341
vt -11.2247 -10.9659
vt -11.3066 9.0761
vt -11.3066 -10.9239
vt -11.366 9.134
vt -11.366 -10.866
vt -11.4022 9.2066
vt -11.4022 -10.7934
vt -11.4142 9.2929
vt -20.7071 -10.7071
vt -0.7933998 9.3912
vt -20.7934 -10.6088
vt -0.8660002 9.5
vt -20.866 -10.5
vt -0.9238997 9.6173
vt -20.9239 -10.3827
vt -0.9659004 9.7412
vt -20.9659 -10.2588
vt -0.9913998 9.8695
vt -20.9914 -10.1305
vt -1 10
vt -11 -10
vt -10.8609 10.1305
vt -10.8609 -9.8695
vt -10.7071 10.2588
vt -10.7071 -9.7412
vt -10.5412 10.3827
vt -10.5412 -9.6173
vt -10.366 10.5
vt -10.366 -9.5
vt -10.1846 10.6088
vt -10.1846 -9.3912
vt -10 10.7071
vt -10 -9.2929
vt -9.8154 10.7934
vt -9.8154 -9.2066
vt -9.634 10.866
vt -9.634 -9.134
vt -9.4588 10.9239
vt -9.4588 -9.0761
vt -9.292899 10.9659
vt -9.292899 -9.0341
vt -9.1391 10.9914
vt -9.1391 -9.0086
vt -9 11
vt -9 -9
vt -20 -11
vt -20.1305 -10.9914
vt -21 -11
vt -20.2588 -10.9659
vt -20.3827 -10.9239
vt -20.5 -10.866
vt -20.6088 -10.7934
vt -20.7071 -10.7071
vt -20.7934 -10.6088
vt -20.866 -10.5
vt -20.9239 -10.3827
vt -20.9659 -10.2588
vt -20.9914 -10.1305
vt -21 -10
vt -20.9914 -9.8695
vt -21 -9
vt -20.9659 -9.7412
vt -20.9239 -9.6173
vt -20.866 -9.5
vt -20.7934 -9.3912
vt -20.7071 -9.2929
vt -20.6088 -9.2066
vt -20.5 -9.134
vt -20.3827 -9.0761
vt -20.2588 -9.0341
vt -20.1305 -9.0086
vt -20 -9
vt 0 9
vt -0.1304998 9.0086
vt -1 9
vt -0.2587996 9.0341
vt -0.3827 9.0761
vt -0.5 9.134
vt -0.6087999 9.2066
vt -0.7070999 9.2929
vt -0.7933998 9.3912
vt -0.8660002 9.5
vt -0.9238997 9.6173
vt -0.9659004 9.7412
vt -0.9913998 9.8695
vt -1 10
vt -0.9913998 10.1305
vt -1 11
vt -0.9659004 10.2588
vt -0.9238997 10.3827
vt -0.8660002 10.5
vt -0.7933998 10.6088
vt -0.7070999 10.7071
vt -0.6087999 10.7934
vt -0.5 10.866
vt -0.3827 10.9239
vt -0.2587996 10.9659
vt -0.1304998 10.9914
vt 0 11
vt -6.8016 -11
vt -6.8016 9
vt -15.801 -11
vt 4.199 9
vt 4.3978 8
vt -15.6022 -12
vt -12 -7.644
vt 8 -7.644
vt 8 -4
vt -12 -4
vt -4 -12
vt -4 8
vt -7.644 8
vt -7.644 -12
vt -12 -12
vt -12.296 -15.543
vt -12 -15.644
vt -15.644 -12
vt -15.543 -12.296
vt 8 4.356
vt 7.704 4.457
vt 8 8
vt 4.457 7.704
vt 4.356 8
vt -15.19647 -13.00017
vt -12.99975 -15.19597
vt -14.76006 -13.65243
vt -13.6524 -14.76002
vt -14.24278 -14.24272
vt 6.999827 4.803525
vt 4.804033 7.000248
vt 6.347569 5.239937
vt 5.239976 6.347596
vt 5.757281 5.75722
vt -6.801 -15.801
vt -6.801 4.199
vt -7.6022 4.3978
vt -7.6022 -15.6022
vt -11 -6.8016
vt -11 -20.0004
vt 9 -0.0004005432
vt 9 -6.8016
vt -9.1391 -0.1304998
vt -9 0
vt -9 -20
vt -9.1391 -20.1305
vt -9.292899 -0.2587996
vt -9.292899 -20.2588
vt -9.4588 -0.3827
vt -9.4588 -20.3827
vt -9.634 -0.5
vt -9.634 -20.5
vt -9.8154 -0.6087999
vt -9.8154 -20.6088
vt -10 -0.7070999
vt -10 -20.7071
vt -10.1846 -0.7933998
vt -10.1846 -20.7934
vt -10.366 -0.8660002
vt -10.366 -20.866
vt -10.5412 -0.9238997
vt -10.5412 -20.9239
vt -10.7071 -0.9659004
vt -10.7071 -20.9659
vt -10.8609 -0.9913998
vt -10.8609 -20.9914
vt -11 -1
vt -11 -21
vt -11.1219 -0.9913998
vt -11.1219 -20.9914
vt -11.2247 -0.9659004
vt -11.2247 -20.9659
vt -11.3066 -0.9238997
vt -11.3066 -20.9239
vt -11.366 -0.8660002
vt -11.366 -20.866
vt -11.4022 -0.7933998
vt -11.4022 -20.7934
vt -11.4142 -0.7070999
vt -10.7071 -20.7071
vt 9.2066 -0.6087999
vt -10.7934 -20.6088
vt 9.134 -0.5
vt -10.866 -20.5
vt 9.0761 -0.3827
vt -10.9239 -20.3827
vt 9.0341 -0.2587996
vt -10.9659 -20.2588
vt 9.0086 -0.1304998
vt -10.9914 -20.1305
vt -9 -20
vt -9.0086 -20.1305
vt -9 -21
vt -9.0341 -20.2588
vt -9.0761 -20.3827
vt -9.134 -20.5
vt -9.2066 -20.6088
vt -9.2929 -20.7071
vt -9.3912 -20.7934
vt -9.5 -20.866
vt -9.6173 -20.9239
vt -9.7412 -20.9659
vt -9.8695 -20.9914
vt -10 -21
vt -10.1305 -20.9914
vt -11 -21
vt -10.2588 -20.9659
vt -10.3827 -20.9239
vt -10.5 -20.866
vt -10.6088 -20.7934
vt -10.7071 -20.7071
vt -10.7934 -20.6088
vt -10.866 -20.5
vt -10.9239 -20.3827
vt -10.9659 -20.2588
vt -10.9914 -20.1305
vt -11 -20
vt 11 0
vt 10.9914 -0.1304998
vt 11 -1
vt 10.9659 -0.2587996
vt 10.9239 -0.3827
vt 10.866 -0.5
vt 10.7934 -0.6087999
vt 10.7071 -0.7070999
vt 10.6088 -0.7933998
vt 10.5 -0.8660002
vt 10.3827 -0.9238997
vt 10.2588 -0.9659004
vt 10.1305 -0.9913998
vt 10 -1
vt 9.8695 -0.9913998
vt 9 -1
vt 9.7412 -0.9659004
vt 9.6173 -0.9238997
vt 9.5 -0.8660002
vt 9.3912 -0.7933998
vt 9.2929 -0.7070999
vt 9.2066 -0.6087999
vt 9.134 -0.5
vt 9.0761 -0.3827
vt 9.0341 -0.2587996
vt 9.0086 -0.1304998
vt 9 0
vt -9 -4.8016
vt 11 -4.8016
vt -3.2473 -15.5433
vt -3.2473 4.4567
vt -4.8011 4.1989
vt -4.8011 -15.8011
vt -0.9895 -14.638
vt -0.9895 5.362
vt -3.2465 4.458
vt -3.2465 -15.542
vt -7.5252 -12.4748
vt 12.4748 7.5252
vt 13.6492 5.3608
vt -6.3508 -14.6392
vt 0.9900002 -13.6492
vt -2.384186E-07 -12.4748
vt -2.384186E-07 7.5252
vt 0.9900002 6.3508
vt 3.2465 -12.2955
vt 3.2465 7.7045
vt 0.9895 6.3515
vt 0.9895 -13.6485
vt 3.2473 -12.296
vt 3.2473 7.704
vt 4.8011 9
vt 4.8011 -11
vt 4.8016 -11
vt 9.000401 -11
vt 9.000401 9
vt 4.8016 9
vt 20.1305 10.9914
vt 20 11
vt 0 -9
vt 0.1304998 -9.0086
vt 20.2588 10.9659
vt 0.2587996 -9.0341
vt 20.3827 10.9239
vt 0.3827 -9.0761
vt 20.5 10.866
vt 0.5 -9.134
vt 20.6088 10.7934
vt 0.6087999 -9.2066
vt 20.7071 10.7071
vt 0.7070999 -9.2929
vt 20.7934 10.6088
vt 0.7933998 -9.3912
vt 20.866 10.5
vt 0.8660002 -9.5
vt 20.9239 10.3827
vt 0.9238997 -9.6173
vt 20.9659 10.2588
vt 0.9659004 -9.7412
vt 20.9914 10.1305
vt 0.9913998 -9.8695
vt 21 10
vt 11 -10
vt 10.8609 9.8695
vt 10.8609 -10.1305
vt 10.7071 9.7412
vt 10.7071 -10.2588
vt 10.5412 9.6173
vt 10.5412 -10.3827
vt 10.366 9.5
vt 10.366 -10.5
vt 10.1846 9.3912
vt 10.1846 -10.6088
vt 10 9.2929
vt 10 -10.7071
vt 9.8154 9.2066
vt 9.8154 -10.7934
vt 9.634 9.134
vt 9.634 -10.866
vt 9.4588 9.0761
vt 9.4588 -10.9239
vt 9.292899 9.0341
vt 9.292899 -10.9659
vt 9.1391 9.0086
vt 9.1391 -10.9914
vt 0 -9
vt 0.1304998 -9.0086
vt 1 -9
vt 0.2587996 -9.0341
vt 0.3827 -9.0761
vt 0.5 -9.134
vt 0.6087999 -9.2066
vt 0.7070999 -9.2929
vt 0.7933998 -9.3912
vt 0.8660002 -9.5
vt 0.9238997 -9.6173
vt 0.9659004 -9.7412
vt 0.9913998 -9.8695
vt 1 -10
vt 0.9913998 -10.1305
vt 1 -11
vt 0.9659004 -10.2588
vt 0.9238997 -10.3827
vt 0.8660002 -10.5
vt 0.7933998 -10.6088
vt 0.7070999 -10.7071
vt 0.6087999 -10.7934
vt 0.5 -10.866
vt 0.3827 -10.9239
vt 0.2587996 -10.9659
vt 0.1304998 -10.9914
vt 0 -11
vt 20 11
vt 20.1305 10.9914
vt 21 11
vt 20.2588 10.9659
vt 20.3827 10.9239
vt 20.5 10.866
vt 20.6088 10.7934
vt 20.7071 10.7071
vt 20.7934 10.6088
vt 20.866 10.5
vt 20.9239 10.3827
vt 20.9659 10.2588
vt 20.9914 10.1305
vt 21 10
vt 20.9914 9.8695
vt 21 9
vt 20.9659 9.7412
vt 20.9239 9.6173
vt 20.866 9.5
vt 20.7934 9.3912
vt 20.7071 9.2929
vt 20.6088 9.2066
vt 20.5 9.134
vt 20.3827 9.0761
vt 20.2588 9.0341
vt 20.1305 9.0086
vt 20 9
vt 6.8016 -9
vt 6.8016 11
vt -4.3974 -8
vt 15.6026 12
vt 15.8014 11
vt -4.1986 -9
vt -8 7.644
vt 12 7.644
vt 12 4
vt -8 4
vt 4 -8
vt 4 12
vt 7.644 12
vt 7.644 -8
vt -8 -8
vt -7.704 -4.457
vt -8 -4.356
vt -4.356 -8
vt -4.457 -7.704
vt 12 15.644
vt 12.296 15.543
vt 12 12
vt 15.543 12.296
vt 15.644 12
vt -4.803525 -6.999827
vt -7.000248 -4.804033
vt -5.239937 -6.347569
vt -6.347596 -5.239976
vt -5.75722 -5.757281
vt 13.00017 15.19647
vt 15.19597 12.99975
vt 13.65243 14.76006
vt 14.76002 13.6524
vt 14.24272 14.24278
vt -8 -4.3974
vt 12 15.6026
vt 11 15.8014
vt -9 -4.1986
vt -9 6.8016
vt -9 0.0004005432
vt 11 20.0004
vt 11 6.8016
vt 9.1391 20.1305
vt 9 20
vt 9 0
vt 9.1391 0.1304998
vt 9.292899 20.2588
vt 9.292899 0.2587996
vt 9.4588 20.3827
vt 9.4588 0.3827
vt 9.634 20.5
vt 9.634 0.5
vt 9.8154 20.6088
vt 9.8154 0.6087999
vt 10 20.7071
vt 10 0.7070999
vt 10.1846 20.7934
vt 10.1846 0.7933998
vt 10.366 20.866
vt 10.366 0.8660002
vt 10.5412 20.9239
vt 10.5412 0.9238997
vt 10.7071 20.9659
vt 10.7071 0.9659004
vt 10.8609 20.9914
vt 10.8609 0.9913998
vt 11 21
vt -10 1
vt 10.1305 20.9914
vt -9.8695 0.9913998
vt 10.2588 20.9659
vt -9.7412 0.9659004
vt 10.3827 20.9239
vt -9.6173 0.9238997
vt 10.5 20.866
vt -9.5 0.8660002
vt 10.6088 20.7934
vt -9.3912 0.7933998
vt 10.7071 20.7071
vt -9.2929 0.7070999
vt 10.7934 20.6088
vt -9.2066 0.6087999
vt 10.866 20.5
vt -9.134 0.5
vt 10.9239 20.3827
vt -9.0761 0.3827
vt 10.9659 20.2588
vt -9.0341 0.2587996
vt 10.9914 20.1305
vt -9.0086 0.1304998
vt -11 0
vt -10.9914 0.1304998
vt -11 1
vt -10.9659 0.2587996
vt -10.9239 0.3827
vt -10.866 0.5
vt -10.7934 0.6087999
vt -10.7071 0.7070999
vt -10.6088 0.7933998
vt -10.5 0.8660002
vt -10.3827 0.9238997
vt -10.2588 0.9659004
vt -10.1305 0.9913998
vt -10 1
vt -9.8695 0.9913998
vt -9 1
vt -9.7412 0.9659004
vt -9.6173 0.9238997
vt -9.5 0.8660002
vt -9.3912 0.7933998
vt -9.2929 0.7070999
vt -9.2066 0.6087999
vt -9.134 0.5
vt -9.0761 0.3827
vt -9.0341 0.2587996
vt -9.0086 0.1304998
vt -9 0
vt 9 20
vt 9.0086 20.1305
vt 9 21
vt 9.0341 20.2588
vt 9.0761 20.3827
vt 9.134 20.5
vt 9.2066 20.6088
vt 9.2929 20.7071
vt 9.3912 20.7934
vt 9.5 20.866
vt 9.6173 20.9239
vt 9.7412 20.9659
vt 9.8695 20.9914
vt 10 21
vt 10.1305 20.9914
vt 11 21
vt 10.2588 20.9659
vt 10.3827 20.9239
vt 10.5 20.866
vt 10.6088 20.7934
vt 10.7071 20.7071
vt 10.7934 20.6088
vt 10.866 20.5
vt 10.9239 20.3827
vt 10.9659 20.2588
vt 10.9914 20.1305
vt 11 20
vt -11 4.8016
vt 9 4.8016
vt 4.8009 -4.1991
vt 4.8009 15.8009
vt 3.2471 15.5431
vt 3.2471 -4.4569
vt 3.2465 -4.458
vt 3.2465 15.542
vt 0.9895 14.638
vt 0.9895 -5.362
vt -13.6492 -5.3608
vt 6.3508 14.6392
vt 7.5252 12.4748
vt -12.4748 -7.5252
vt -14.6392 -6.3508
vt -12.4748 -7.5252
vt 7.5252 12.4748
vt 5.3608 13.6492
vt -0.9895 -6.3515
vt -0.9895 13.6485
vt -3.2465 12.2955
vt -3.2465 -7.7045
vt -3.2471 -7.704
vt -3.2471 12.296
vt -4.8009 11
vt -4.8009 -9
vt -4.8016 -9
vt -4.8016 11
vt -26.8011 -9
vt -26.8011 -11
vt -15.8011 -11
vt -22.0011 -11
vt -21.6031 -13
vt -19.5135 -13
vt -17.0217 -13.4985
vt -14.9097 -14.9097
vt -13.4985 -17.0217
vt -13 -19.5135
vt -11 -15.8011
vt -13 -21.6031
vt -11 -22.0011
vt -11 -26.8011
vt -9 -26.8011
vt -9 -15.8011
vt -9 -22.0011
vt -7 -21.6031
vt -7 -19.5135
vt -6.5015 -17.0217
vt -7.7039 -15.5433
vt -5.0903 -14.9097
vt -6.3508 -14.6392
vt -7.5252 -12.4748
vt -5.3608 -13.6492
vt -2.9783 -13.4985
vt -4.4567 -12.2961
vt -0.4864998 -13
vt -4.1989 -11
vt 1.6031 -13
vt 2.0011 -11
vt 6.8011 -11
vt 6.8011 -9
vt -4.1989 -9
vt 2.0011 -9
vt 1.6031 -7
vt -0.4864998 -7
vt -2.9783 -6.5015
vt -5.0903 -5.0903
vt -6.5015 -2.9783
vt -7 -0.4864998
vt -9 -4.1989
vt -7 1.6031
vt -9 2.0011
vt -9 6.8011
vt -11 6.8011
vt -11 -4.1989
vt -11 2.0011
vt -13 1.6031
vt -13 -0.4864998
vt -13.4985 -2.9783
vt -12.2961 -4.4567
vt -14.9097 -5.0903
vt -13.6492 -5.3608
vt -12.4748 -7.5252
vt -14.6392 -6.3508
vt -17.0217 -6.5015
vt -15.5433 -7.7039
vt -19.5135 -7
vt -15.8011 -9
vt -21.6031 -7
vt -22.0011 -9
vt 11 -6.8011
vt 9 -6.8011
vt 9 4.1989
vt 9 -2.0011
vt 7 -1.6031
vt 7 0.4864998
vt 6.5015 2.9783
vt 5.0903 5.0903
vt 2.9783 6.5015
vt 0.4864998 7
vt 4.1989 9
vt -1.6031 7
vt -2.0011 9
vt -6.8011 9
vt -6.8011 11
vt 4.1989 11
vt -2.0011 11
vt -1.6031 13
vt 0.4864998 13
vt 2.9783 13.4985
vt 4.4567 12.2961
vt 5.0903 14.9097
vt 5.3608 13.6492
vt 7.5252 12.4748
vt 6.3508 14.6392
vt 6.5015 17.0217
vt 7.7039 15.5433
vt 7 19.5135
vt 9 15.8011
vt 7 21.6031
vt 9 22.0011
vt 9 26.8011
vt 11 26.8011
vt 11 15.8011
vt 11 22.0011
vt 13 21.6031
vt 13 19.5135
vt 13.4985 17.0217
vt 14.9097 14.9097
vt 17.0217 13.4985
vt 19.5135 13
vt 15.8011 11
vt 21.6031 13
vt 22.0011 11
vt 26.8011 11
vt 26.8011 9
vt 15.8011 9
vt 22.0011 9
vt 21.6031 7
vt 19.5135 7
vt 17.0217 6.5015
vt 15.5433 7.7039
vt 14.9097 5.0903
vt 14.6392 6.3508
vt 12.4748 7.5252
vt 13.6492 5.3608
vt 13.4985 2.9783
vt 12.2961 4.4567
vt 13 0.4864998
vt 11 4.1989
vt 13 -1.6031
vt 11 -2.0011
usemtl 0
f 3/3/3 2/2/2 1/1/1
f 6/6/6 5/5/5 4/4/4
f 9/9/9 8/8/8 7/7/7
f 7/7/7 10/10/10 9/9/9
f 10/10/10 7/7/7 11/11/11
f 11/11/11 12/12/12 10/10/10
f 15/15/15 14/14/14 13/13/13
f 18/18/18 17/17/17 16/16/16
f 21/21/21 20/20/20 19/19/19
f 19/19/19 22/22/22 21/21/21
f 19/19/19 24/24/24 23/23/23
f 23/23/23 22/22/22 19/19/19
f 23/23/23 26/26/26 25/25/25
f 25/25/25 22/22/22 23/23/23
f 25/25/25 28/28/28 27/27/27
f 27/27/27 22/22/22 25/25/25
f 27/27/27 30/30/30 29/29/29
f 29/29/29 22/22/22 27/27/27
f 29/29/29 32/32/32 31/31/31
f 31/31/31 22/22/22 29/29/29
f 35/35/35 34/34/34 33/33/33
f 33/33/33 36/36/36 35/35/35
f 36/36/36 33/33/33 37/37/37
f 37/37/37 38/38/38 36/36/36
f 38/38/38 37/37/37 39/39/39
f 39/39/39 40/40/40 38/38/38
f 40/40/40 39/39/39 41/41/41
f 41/41/41 42/42/42 40/40/40
f 42/42/42 41/41/41 43/43/43
f 43/43/43 44/44/44 42/42/42
f 44/44/44 43/43/43 45/45/45
f 45/45/45 46/46/46 44/44/44
f 46/46/46 45/45/45 47/47/47
f 47/47/47 48/48/48 46/46/46
f 48/48/48 47/47/47 49/49/49
f 49/49/49 50/50/50 48/48/48
f 50/50/50 49/49/49 51/51/51
f 51/51/51 52/52/52 50/50/50
f 52/52/52 51/51/51 53/53/53
f 53/53/53 54/54/54 52/52/52
f 54/54/54 53/53/53 55/55/55
f 55/55/55 56/56/56 54/54/54
f 56/56/56 55/55/55 57/57/57
f 57/57/57 58/58/58 56/56/56
f 59/59/59 60/60/60 61/61/61
f 61/61/61 62/62/62 59/59/59
f 63/63/63 64/64/64 59/59/59
f 59/59/59 62/62/62 63/63/63
f 65/65/65 66/66/66 63/63/63
f 63/63/63 62/62/62 65/65/65
f 67/67/67 68/68/68 65/65/65
f 65/65/65 62/62/62 67/67/67
f 69/69/69 70/70/70 67/67/67
f 67/67/67 62/62/62 69/69/69
f 71/71/71 72/72/72 69/69/69
f 69/69/69 62/62/62 71/71/71
f 73/73/73 58/58/58 57/57/57
f 57/57/57 74/74/74 73/73/73
f 75/75/75 76/76/76 22/22/22
f 22/22/22 31/31/31 75/75/75
f 71/71/71 62/62/62 77/77/77
f 77/77/77 78/78/78 71/71/71
f 81/81/81 80/80/80 79/79/79
f 79/79/79 77/77/77 81/81/81
f 79/79/79 83/83/83 82/82/82
f 82/82/82 77/77/77 79/79/79
f 82/82/82 85/85/85 84/84/84
f 84/84/84 77/77/77 82/82/82
f 84/84/84 87/87/87 86/86/86
f 86/86/86 77/77/77 84/84/84
f 86/86/86 89/89/89 88/88/88
f 88/88/88 77/77/77 86/86/86
f 88/88/88 90/90/90 78/78/78
f 78/78/78 77/77/77 88/88/88
f 91/91/91 12/12/12 11/11/11
f 11/11/11 92/92/92 91/91/91
f 93/93/93 91/91/91 92/92/92
f 92/92/92 94/94/94 93/93/93
f 95/95/95 93/93/93 94/94/94
f 94/94/94 96/96/96 95/95/95
f 97/97/97 95/95/95 96/96/96
f 96/96/96 98/98/98 97/97/97
f 99/99/99 97/97/97 98/98/98
f 98/98/98 100/100/100 99/99/99
f 101/101/101 99/99/99 100/100/100
f 100/100/100 102/102/102 101/101/101
f 103/103/103 101/101/101 102/102/102
f 102/102/102 104/104/104 103/103/103
f 105/105/105 103/103/103 104/104/104
f 104/104/104 106/106/106 105/105/105
f 107/107/107 105/105/105 106/106/106
f 106/106/106 108/108/108 107/107/107
f 109/109/109 107/107/107 108/108/108
f 108/108/108 110/110/110 109/109/109
f 111/111/111 109/109/109 110/110/110
f 110/110/110 112/112/112 111/111/111
f 74/74/74 111/111/111 112/112/112
f 112/112/112 73/73/73 74/74/74
f 113/113/113 114/114/114 115/115/115
f 115/115/115 76/76/76 113/113/113
f 116/116/116 117/117/117 113/113/113
f 113/113/113 76/76/76 116/116/116
f 118/118/118 119/119/119 116/116/116
f 116/116/116 76/76/76 118/118/118
f 120/120/120 121/121/121 118/118/118
f 118/118/118 76/76/76 120/120/120
f 122/122/122 123/123/123 120/120/120
f 120/120/120 76/76/76 122/122/122
f 75/75/75 124/124/124 122/122/122
f 122/122/122 76/76/76 75/75/75
f 127/127/127 126/126/126 125/125/125
f 125/125/125 128/128/128 127/127/127
f 126/126/126 34/34/34 35/35/35
f 35/35/35 125/125/125 126/126/126
f 131/131/131 130/130/130 129/129/129
f 134/134/134 133/133/133 132/132/132
f 137/137/137 136/136/136 135/135/135
f 137/137/137 135/135/135 126/126/126
f 126/126/126 135/135/135 34/34/34
f 7/7/7 13/13/13 14/14/14
f 14/14/14 11/11/11 7/7/7
f 140/140/140 139/139/139 138/138/138
f 140/140/140 138/138/138 125/125/125
f 125/125/125 35/35/35 140/140/140
f 132/132/132 10/10/10 134/134/134
f 134/134/134 10/10/10 12/12/12
f 143/143/143 142/142/142 141/141/141
f 146/146/146 145/145/145 144/144/144
f 149/149/149 148/148/148 147/147/147
f 147/147/147 150/150/150 149/149/149
f 150/150/150 147/147/147 151/151/151
f 151/151/151 152/152/152 150/150/150
f 155/155/155 154/154/154 153/153/153
f 158/158/158 157/157/157 156/156/156
f 161/161/161 160/160/160 159/159/159
f 159/159/159 162/162/162 161/161/161
f 159/159/159 164/164/164 163/163/163
f 163/163/163 162/162/162 159/159/159
f 163/163/163 166/166/166 165/165/165
f 165/165/165 162/162/162 163/163/163
f 165/165/165 168/168/168 167/167/167
f 167/167/167 162/162/162 165/165/165
f 167/167/167 170/170/170 169/169/169
f 169/169/169 162/162/162 167/167/167
f 169/169/169 172/172/172 171/171/171
f 171/171/171 162/162/162 169/169/169
f 175/175/175 174/174/174 173/173/173
f 173/173/173 176/176/176 175/175/175
f 176/176/176 173/173/173 177/177/177
f 177/177/177 178/178/178 176/176/176
f 178/178/178 177/177/177 179/179/179
f 179/179/179 180/180/180 178/178/178
f 180/180/180 179/179/179 181/181/181
f 181/181/181 182/182/182 180/180/180
f 182/182/182 181/181/181 183/183/183
f 183/183/183 184/184/184 182/182/182
f 184/184/184 183/183/183 185/185/185
f 185/185/185 186/186/186 184/184/184
f 186/186/186 185/185/185 187/187/187
f 187/187/187 188/188/188 186/186/186
f 188/188/188 187/187/187 189/189/189
f 189/189/189 190/190/190 188/188/188
f 190/190/190 189/189/189 191/191/191
f 191/191/191 192/192/192 190/190/190
f 192/192/192 191/191/191 193/193/193
f 193/193/193 194/194/194 192/192/192
f 194/194/194 193/193/193 195/195/195
f 195/195/195 196/196/196 194/194/194
f 196/196/196 195/195/195 197/197/197
f 197/197/197 198/198/198 196/196/196
f 199/199/199 200/200/200 201/201/201
f 201/201/201 202/202/202 199/199/199
f 203/203/203 204/204/204 199/199/199
f 199/199/199 202/202/202 203/203/203
f 205/205/205 206/206/206 203/203/203
f 203/203/203 202/202/202 205/205/205
f 207/207/207 208/208/208 205/205/205
f 205/205/205 202/202/202 207/207/207
f 209/209/209 210/210/210 207/207/207
f 207/207/207 202/202/202 209/209/209
f 211/211/211 212/212/212 209/209/209
f 209/209/209 202/202/202 211/211/211
f 213/213/213 198/198/198 197/197/197
f 197/197/197 214/214/214 213/213/213
f 215/215/215 216/216/216 162/162/162
f 162/162/162 171/171/171 215/215/215
f 211/211/211 202/202/202 217/217/217
f 217/217/217 218/218/218 211/211/211
f 221/221/221 220/220/220 219/219/219
f 219/219/219 217/217/217 221/221/221
f 219/219/219 223/223/223 222/222/222
f 222/222/222 217/217/217 219/219/219
f 222/222/222 225/225/225 224/224/224
f 224/224/224 217/217/217 222/222/222
f 224/224/224 227/227/227 226/226/226
f 226/226/226 217/217/217 224/224/224
f 226/226/226 229/229/229 228/228/228
f 228/228/228 217/217/217 226/226/226
f 228/228/228 230/230/230 218/218/218
f 218/218/218 217/217/217 228/228/228
f 231/231/231 152/152/152 151/151/151
f 151/151/151 232/232/232 231/231/231
f 233/233/233 231/231/231 232/232/232
f 232/232/232 234/234/234 233/233/233
f 235/235/235 233/233/233 234/234/234
f 234/234/234 236/236/236 235/235/235
f 237/237/237 235/235/235 236/236/236
f 236/236/236 238/238/238 237/237/237
f 239/239/239 237/237/237 238/238/238
f 238/238/238 240/240/240 239/239/239
f 241/241/241 239/239/239 240/240/240
f 240/240/240 242/242/242 241/241/241
f 243/243/243 241/241/241 242/242/242
f 242/242/242 244/244/244 243/243/243
f 245/245/245 243/243/243 244/244/244
f 244/244/244 246/246/246 245/245/245
f 247/247/247 245/245/245 246/246/246
f 246/246/246 248/248/248 247/247/247
f 249/249/249 247/247/247 248/248/248
f 248/248/248 250/250/250 249/249/249
f 251/251/251 249/249/249 250/250/250
f 250/250/250 252/252/252 251/251/251
f 214/214/214 251/251/251 252/252/252
f 252/252/252 213/213/213 214/214/214
f 253/253/253 254/254/254 255/255/255
f 255/255/255 216/216/216 253/253/253
f 256/256/256 257/257/257 253/253/253
f 253/253/253 216/216/216 256/256/256
f 258/258/258 259/259/259 256/256/256
f 256/256/256 216/216/216 258/258/258
f 260/260/260 261/261/261 258/258/258
f 258/258/258 216/216/216 260/260/260
f 262/262/262 263/263/263 260/260/260
f 260/260/260 216/216/216 262/262/262
f 215/215/215 264/264/264 262/262/262
f 262/262/262 216/216/216 215/215/215
f 267/267/267 266/266/266 265/265/265
f 265/265/265 268/268/268 267/267/267
f 266/266/266 174/174/174 175/175/175
f 175/175/175 265/265/265 266/266/266
f 271/271/271 270/270/270 269/269/269
f 274/274/274 273/273/273 272/272/272
f 277/277/277 276/276/276 275/275/275
f 277/277/277 275/275/275 266/266/266
f 266/266/266 275/275/275 174/174/174
f 147/147/147 153/153/153 154/154/154
f 154/154/154 151/151/151 147/147/147
f 280/280/280 279/279/279 278/278/278
f 280/280/280 278/278/278 265/265/265
f 265/265/265 175/175/175 280/280/280
f 272/272/272 150/150/150 274/274/274
f 274/274/274 150/150/150 152/152/152
f 283/283/283 282/282/282 281/281/281
f 286/286/286 285/285/285 284/284/284
f 289/289/289 288/288/288 287/287/287
f 287/287/287 290/290/290 289/289/289
f 290/290/290 287/287/287 291/291/291
f 291/291/291 292/292/292 290/290/290
f 295/295/295 294/294/294 293/293/293
f 298/298/298 297/297/297 296/296/296
f 301/301/301 300/300/300 299/299/299
f 299/299/299 302/302/302 301/301/301
f 299/299/299 304/304/304 303/303/303
f 303/303/303 302/302/302 299/299/299
f 303/303/303 306/306/306 305/305/305
f 305/305/305 302/302/302 303/303/303
f 305/305/305 308/308/308 307/307/307
f 307/307/307 302/302/302 305/305/305
f 307/307/307 310/310/310 309/309/309
f 309/309/309 302/302/302 307/307/307
f 309/309/309 312/312/312 311/311/311
f 311/311/311 302/302/302 309/309/309
f 315/315/315 314/314/314 313/313/313
f 313/313/313 316/316/316 315/315/315
f 316/316/316 313/313/313 317/317/317
f 317/317/317 318/318/318 316/316/316
f 318/318/318 317/317/317 319/319/319
f 319/319/319 320/320/320 318/318/318
f 320/320/320 319/319/319 321/321/321
f 321/321/321 322/322/322 320/320/320
f 322/322/322 321/321/321 323/323/323
f 323/323/323 324/324/324 322/322/322
f 324/324/324 323/323/323 325/325/325
f 325/325/325 326/326/326 324/324/324
f 326/326/326 325/325/325 327/327/327
f 327/327/327 328/328/328 326/326/326
f 328/328/328 327/327/327 329/329/329
f 329/329/329 330/330/330 328/328/328
f 330/330/330 329/329/329 331/331/331
f 331/331/331 332/332/332 330/330/330
f 332/332/332 331/331/331 333/333/333
f 333/333/333 334/334/334 332/332/332
f 334/334/334 333/333/333 335/335/335
f 335/335/335 336/336/336 334/334/334
f 336/336/336 335/335/335 337/337/337
f 337/337/337 338/338/338 336/336/336
f 339/339/339 340/340/340 341/341/341
f 341/341/341 342/342/342 339/339/339
f 343/343/343 344/344/344 339/339/339
f 339/339/339 342/342/342 343/343/343
f 345/345/345 346/346/346 343/343/343
f 343/343/343 342/342/342 345/345/345
f 347/347/347 348/348/348 345/345/345
f 345/345/345 342/342/342 347/347/347
f 349/349/349 350/350/350 347/347/347
f 347/347/347 342/342/342 349/349/349
f 351/351/351 352/352/352 349/349/349
f 349/349/349 342/342/342 351/351/351
f 353/353/353 338/338/338 337/337/337
f 337/337/337 354/354/354 353/353/353
f 355/355/355 356/356/356 302/302/302
f 302/302/302 311/311/311 355/355/355
f 351/351/351 342/342/342 357/357/357
f 357/357/357 358/358/358 351/351/351
f 361/361/361 360/360/360 359/359/359
f 359/359/359 357/357/357 361/361/361
f 359/359/359 363/363/363 362/362/362
f 362/362/362 357/357/357 359/359/359
f 362/362/362 365/365/365 364/364/364
f 364/364/364 357/357/357 362/362/362
f 364/364/364 367/367/367 366/366/366
f 366/366/366 357/357/357 364/364/364
f 366/366/366 369/369/369 368/368/368
f 368/368/368 357/357/357 366/366/366
f 368/368/368 370/370/370 358/358/358
f 358/358/358 357/357/357 368/368/368
f 371/371/371 292/292/292 291/291/291
f 291/291/291 372/372/372 371/371/371
f 373/373/373 371/371/371 372/372/372
f 372/372/372 374/374/374 373/373/373
f 375/375/375 373/373/373 374/374/374
f 374/374/374 376/376/376 375/375/375
f 377/377/377 375/375/375 376/376/376
f 376/376/376 378/378/378 377/377/377
f 379/379/379 377/377/377 378/378/378
f 378/378/378 380/380/380 379/379/379
f 381/381/381 379/379/379 380/380/380
f 380/380/380 382/382/382 381/381/381
f 383/383/383 381/381/381 382/382/382
f 382/382/382 384/384/384 383/383/383
f 385/385/385 383/383/383 384/384/384
f 384/384/384 386/386/386 385/385/385
f 387/387/387 385/385/385 386/386/386
f 386/386/386 388/388/388 387/387/387
f 389/389/389 387/387/387 388/388/388
f 388/388/388 390/390/390 389/389/389
f 391/391/391 389/389/389 390/390/390
f 390/390/390 392/392/392 391/391/391
f 354/354/354 391/391/391 392/392/392
f 392/392/392 353/353/353 354/354/354
f 393/393/393 394/394/394 395/395/395
f 395/395/395 356/356/356 393/393/393
f 396/396/396 397/397/397 393/393/393
f 393/393/393 356/356/356 396/396/396
f 398/398/398 399/399/399 396/396/396
f 396/396/396 356/356/356 398/398/398
f 400/400/400 401/401/401 398/398/398
f 398/398/398 356/356/356 400/400/400
f 402/402/402 403/403/403 400/400/400
f 400/400/400 356/356/356 402/402/402
f 355/355/355 404/404/404 402/402/402
f 402/402/402 356/356/356 355/355/355
f 407/407/407 406/406/406 405/405/405
f 405/405/405 408/408/408 407/407/407
f 406/406/406 314/314/314 315/315/315
f 315/315/315 405/405/405 406/406/406
f 411/411/411 410/410/410 409/409/409
f 414/414/414 413/413/413 412/412/412
f 417/417/417 416/416/416 415/415/415
f 417/417/417 415/415/415 406/406/406
f 406/406/406 415/415/415 314/314/314
f 287/287/287 293/293/293 294/294/294
f 294/294/294 291/291/291 287/287/287
f 420/420/420 419/419/419 418/418/418
f 420/420/420 418/418/418 405/405/405
f 405/405/405 315/315/315 420/420/420
f 412/412/412 290/290/290 414/414/414
f 414/414/414 290/290/290 292/292/292
f 423/423/423 422/422/422 421/421/421
f 426/426/426 425/425/425 424/424/424
f 429/429/429 428/428/428 427/427/427
f 427/427/427 430/430/430 429/429/429
f 430/430/430 427/427/427 431/431/431
f 431/431/431 432/432/432 430/430/430
f 435/435/435 434/434/434 433/433/433
f 438/438/438 437/437/437 436/436/436
f 441/441/441 440/440/440 439/439/439
f 439/439/439 442/442/442 441/441/441
f 439/439/439 444/444/444 443/443/443
f 443/443/443 442/442/442 439/439/439
f 443/443/443 446/446/446 445/445/445
f 445/445/445 442/442/442 443/443/443
f 445/445/445 448/448/448 447/447/447
f 447/447/447 442/442/442 445/445/445
f 447/447/447 450/450/450 449/449/449
f 449/449/449 442/442/442 447/447/447
f 449/449/449 452/452/452 451/451/451
f 451/451/451 442/442/442 449/449/449
f 455/455/455 454/454/454 453/453/453
f 453/453/453 456/456/456 455/455/455
f 456/456/456 453/453/453 457/457/457
f 457/457/457 458/458/458 456/456/456
f 458/458/458 457/457/457 459/459/459
f 459/459/459 460/460/460 458/458/458
f 460/460/460 459/459/459 461/461/461
f 461/461/461 462/462/462 460/460/460
f 462/462/462 461/461/461 463/463/463
f 463/463/463 464/464/464 462/462/462
f 464/464/464 463/463/463 465/465/465
f 465/465/465 466/466/466 464/464/464
f 466/466/466 465/465/465 467/467/467
f 467/467/467 468/468/468 466/466/466
f 468/468/468 467/467/467 469/469/469
f 469/469/469 470/470/470 468/468/468
f 470/470/470 469/469/469 471/471/471
f 471/471/471 472/472/472 470/470/470
f 472/472/472 471/471/471 473/473/473
f 473/473/473 474/474/474 472/472/472
f 474/474/474 473/473/473 475/475/475
f 475/475/475 476/476/476 474/474/474
f 476/476/476 475/475/475 477/477/477
f 477/477/477 478/478/478 476/476/476
f 479/479/479 480/480/480 481/481/481
f 481/481/481 482/482/482 479/479/479
f 483/483/483 484/484/484 479/479/479
f 479/479/479 482/482/482 483/483/483
f 485/485/485 486/486/486 483/483/483
f 483/483/483 482/482/482 485/485/485
f 487/487/487 488/488/488 485/485/485
f 485/485/485 482/482/482 487/487/487
f 489/489/489 490/490/490 487/487/487
f 487/487/487 482/482/482 489/489/489
f 491/491/491 492/492/492 489/489/489
f 489/489/489 482/482/482 491/491/491
f 493/493/493 478/478/478 477/477/477
f 477/477/477 494/494/494 493/493/493
f 495/495/495 496/496/496 442/442/442
f 442/442/442 451/451/451 495/495/495
f 491/491/491 482/482/482 497/497/497
f 497/497/497 498/498/498 491/491/491
f 501/501/501 500/500/500 499/499/499
f 499/499/499 497/497/497 501/501/501
f 499/499/499 503/503/503 502/502/502
f 502/502/502 497/497/497 499/499/499
f 502/502/502 505/505/505 504/504/504
f 504/504/504 497/497/497 502/502/502
f 504/504/504 507/507/507 506/506/506
f 506/506/506 497/497/497 504/504/504
f 506/506/506 509/509/509 508/508/508
f 508/508/508 497/497/497 506/506/506
f 508/508/508 510/510/510 498/498/498
f 498/498/498 497/497/497 508/508/508
f 511/511/511 432/432/432 431/431/431
f 431/431/431 512/512/512 511/511/511
f 513/513/513 511/511/511 512/512/512
f 512/512/512 514/514/514 513/513/513
f 515/515/515 513/513/513 514/514/514
f 514/514/514 516/516/516 515/515/515
f 517/517/517 515/515/515 516/516/516
f 516/516/516 518/518/518 517/517/517
f 519/519/519 517/517/517 518/518/518
f 518/518/518 520/520/520 519/519/519
f 521/521/521 519/519/519 520/520/520
f 520/520/520 522/522/522 521/521/521
f 523/523/523 521/521/521 522/522/522
f 522/522/522 524/524/524 523/523/523
f 525/525/525 523/523/523 524/524/524
f 524/524/524 526/526/526 525/525/525
f 527/527/527 525/525/525 526/526/526
f 526/526/526 528/528/528 527/527/527
f 529/529/529 527/527/527 528/528/528
f 528/528/528 530/530/530 529/529/529
f 531/531/531 529/529/529 530/530/530
f 530/530/530 532/532/532 531/531/531
f 494/494/494 531/531/531 532/532/532
f 532/532/532 493/493/493 494/494/494
f 533/533/533 534/534/534 535/535/535
f 535/535/535 496/496/496 533/533/533
f 536/536/536 537/537/537 533/533/533
f 533/533/533 496/496/496 536/536/536
f 538/538/538 539/539/539 536/536/536
f 536/536/536 496/496/496 538/538/538
f 540/540/540 541/541/541 538/538/538
f 538/538/538 496/496/496 540/540/540
f 542/542/542 543/543/543 540/540/540
f 540/540/540 496/496/496 542/542/542
f 495/495/495 544/544/544 542/542/542
f 542/542/542 496/496/496 495/495/495
f 547/547/547 546/546/546 545/545/545
f 545/545/545 548/548/548 547/547/547
f 546/546/546 454/454/454 455/455/455
f 455/455/455 545/545/545 546/546/546
f 551/551/551 550/550/550 549/549/549
f 554/554/554 553/553/553 552/552/552
f 557/557/557 556/556/556 555/555/555
f 557/557/557 555/555/555 546/546/546
f 546/546/546 555/555/555 454/454/454
f 427/427/427 433/433/433 434/434/434
f 434/434/434 431/431/431 427/427/427
f 560/560/560 559/559/559 558/558/558
f 560/560/560 558/558/558 545/545/545
f 545/545/545 455/455/455 560/560/560
f 552/552/552 430/430/430 554/554/554
f 554/554/554 430/430/430 432/432/432
f 563/563/563 562/562/562 561/561/561
f 566/566/566 565/565/565 564/564/564
f 569/569/569 568/568/568 567/567/567
f 567/567/567 570/570/570 569/569/569
f 570/570/570 567/567/567 571/571/571
f 571/571/571 572/572/572 570/570/570
f 575/575/575 574/574/574 573/573/573
f 578/578/578 577/577/577 576/576/576
f 581/581/581 580/580/580 579/579/579
f 579/579/579 582/582/582 581/581/581
f 579/579/579 584/584/584 583/583/583
f 583/583/583 582/582/582 579/579/579
f 583/583/583 586/586/586 585/585/585
f 585/585/585 582/582/582 583/583/583
f 585/585/585 588/588/588 587/587/587
f 587/587/587 582/582/582 585/585/585
f 587/587/587 590/590/590 589/589/589
f 589/589/589 582/582/582 587/587/587
f 589/589/589 592/592/592 591/591/591
f 591/591/591 582/582/582 589/589/589
f 595/595/595 594/594/594 593/593/593
f 593/593/593 596/596/596 595/595/595
f 596/596/596 593/593/593 597/597/597
f 597/597/597 598/598/598 596/596/596
f 598/598/598 597/597/597 599/599/599
f 599/599/599 600/600/600 598/598/598
f 600/600/600 599/599/599 601/601/601
f 601/601/601 602/602/602 600/600/600
f 602/602/602 601/601/601 603/603/603
f 603/603/603 604/604/604 602/602/602
f 604/604/604 603/603/603 605/605/605
f 605/605/605 606/606/606 604/604/604
f 606/606/606 605/605/605 607/607/607
f 607/607/607 608/608/608 606/606/606
f 608/608/608 607/607/607 609/609/609
f 609/609/609 610/610/610 608/608/608
f 610/610/610 609/609/609 611/611/611
f 611/611/611 612/612/612 610/610/610
f 612/612/612 611/611/611 613/613/613
f 613/613/613 614/614/614 612/612/612
f 614/614/614 613/613/613 615/615/615
f 615/615/615 616/616/616 614/614/614
f 616/616/616 615/615/615 617/617/617
f 617/617/617 618/618/618 616/616/616
f 619/619/619 620/620/620 621/621/621
f 621/621/621 622/622/622 619/619/619
f 623/623/623 624/624/624 619/619/619
f 619/619/619 622/622/622 623/623/623
f 625/625/625 626/626/626 623/623/623
f 623/623/623 622/622/622 625/625/625
f 627/627/627 628/628/628 625/625/625
f 625/625/625 622/622/622 627/627/627
f 629/629/629 630/630/630 627/627/627
f 627/627/627 622/622/622 629/629/629
f 631/631/631 632/632/632 629/629/629
f 629/629/629 622/622/622 631/631/631
f 633/633/633 618/618/618 617/617/617
f 617/617/617 634/634/634 633/633/633
f 635/635/635 636/636/636 582/582/582
f 582/582/582 591/591/591 635/635/635
f 631/631/631 622/622/622 637/637/637
f 637/637/637 638/638/638 631/631/631
f 641/641/641 640/640/640 639/639/639
f 639/639/639 637/637/637 641/641/641
f 639/639/639 643/643/643 642/642/642
f 642/642/642 637/637/637 639/639/639
f 642/642/642 645/645/645 644/644/644
f 644/644/644 637/637/637 642/642/642
f 644/644/644 647/647/647 646/646/646
f 646/646/646 637/637/637 644/644/644
f 646/646/646 649/649/649 648/648/648
f 648/648/648 637/637/637 646/646/646
f 648/648/648 650/650/650 638/638/638
f 638/638/638 637/637/637 648/648/648
f 651/651/651 572/572/572 571/571/571
f 571/571/571 652/652/652 651/651/651
f 653/653/653 651/651/651 652/652/652
f 652/652/652 654/654/654 653/653/653
f 655/655/655 653/653/653 654/654/654
f 654/654/654 656/656/656 655/655/655
f 657/657/657 655/655/655 656/656/656
f 656/656/656 658/658/658 657/657/657
f 659/659/659 657/657/657 658/658/658
f 658/658/658 660/660/660 659/659/659
f 661/661/661 659/659/659 660/660/660
f 660/660/660 662/662/662 661/661/661
f 663/663/663 661/661/661 662/662/662
f 662/662/662 664/664/664 663/663/663
f 665/665/665 663/663/663 664/664/664
f 664/664/664 666/666/666 665/665/665
f 667/667/667 665/665/665 666/666/666
f 666/666/666 668/668/668 667/667/667
f 669/669/669 667/667/667 668/668/668
f 668/668/668 670/670/670 669/669/669
f 671/671/671 669/669/669 670/670/670
f 670/670/670 672/672/672 671/671/671
f 634/634/634 671/671/671 672/672/672
f 672/672/672 633/633/633 634/634/634
f 673/673/673 674/674/674 675/675/675
f 675/675/675 636/636/636 673/673/673
f 676/676/676 677/677/677 673/673/673
f 673/673/673 636/636/636 676/676/676
f 678/678/678 679/679/679 676/676/676
f 676/676/676 636/636/636 678/678/678
f 680/680/680 681/681/681 678/678/678
f 678/678/678 636/636/636 680/680/680
f 682/682/682 683/683/683 680/680/680
f 680/680/680 636/636/636 682/682/682
f 635/635/635 684/684/684 682/682/682
f 682/682/682 636/636/636 635/635/635
f 687/687/687 686/686/686 685/685/685
f 685/685/685 688/688/688 687/687/687
f 686/686/686 594/594/594 595/595/595
f 595/595/595 685/685/685 686/686/686
f 691/691/691 690/690/690 689/689/689
f 694/694/694 693/693/693 692/692/692
f 697/697/697 696/696/696 695/695/695
f 697/697/697 695/695/695 686/686/686
f 686/686/686 695/695/695 594/594/594
f 567/567/567 573/573/573 574/574/574
f 574/574/574 571/571/571 567/567/567
f 700/700/700 699/699/699 698/698/698
f 700/700/700 698/698/698 685/685/685
f 685/685/685 595/595/595 700/700/700
f 692/692/692 570/570/570 694/694/694
f 694/694/694 570/570/570 572/572/572
f 703/703/703 702/702/702 701/701/701
f 706/706/706 705/705/705 704/704/704
f 709/709/709 708/708/708 707/707/707
f 707/707/707 710/710/710 709/709/709
f 710/710/710 707/707/707 711/711/711
f 711/711/711 712/712/712 710/710/710
f 715/715/715 714/714/714 713/713/713
f 718/718/718 717/717/717 716/716/716
f 721/721/721 720/720/720 719/719/719
f 719/719/719 722/722/722 721/721/721
f 719/719/719 724/724/724 723/723/723
f 723/723/723 722/722/722 719/719/719
f 723/723/723 726/726/726 725/725/725
f 725/725/725 722/722/722 723/723/723
f 725/725/725 728/728/728 727/727/727
f 727/727/727 722/722/722 725/725/725
f 727/727/727 730/730/730 729/729/729
f 729/729/729 722/722/722 727/727/727
f 729/729/729 732/732/732 731/731/731
f 731/731/731 722/722/722 729/729/729
f 735/735/735 734/734/734 733/733/733
f 733/733/733 736/736/736 735/735/735
f 736/736/736 733/733/733 737/737/737
f 737/737/737 738/738/738 736/736/736
f 738/738/738 737/737/737 739/739/739
f 739/739/739 740/740/740 738/738/738
f 740/740/740 739/739/739 741/741/741
f 741/741/741 742/742/742 740/740/740
f 742/742/742 741/741/741 743/743/743
f 743/743/743 744/744/744 742/742/742
f 744/744/744 743/743/743 745/745/745
f 745/745/745 746/746/746 744/744/744
f 746/746/746 745/745/745 747/747/747
f 747/747/747 748/748/748 746/746/746
f 748/748/748 747/747/747 749/749/749
f 749/749/749 750/750/750 748/748/748
f 750/750/750 749/749/749 751/751/751
f 751/751/751 752/752/752 750/750/750
f 752/752/752 751/751/751 753/753/753
f 753/753/753 754/754/754 752/752/752
f 754/754/754 753/753/753 755/755/755
f 755/755/755 756/756/756 754/754/754
f 756/756/756 755/755/755 757/757/757
f 757/757/757 758/758/758 756/756/756
f 759/759/759 760/760/760 761/761/761
f 761/761/761 762/762/762 759/759/759
f 763/763/763 764/764/764 759/759/759
f 759/759/759 762/762/762 763/763/763
f 765/765/765 766/766/766 763/763/763
f 763/763/763 762/762/762 765/765/765
f 767/767/767 768/768/768 765/765/765
f 765/765/765 762/762/762 767/767/767
f 769/769/769 770/770/770 767/767/767
f 767/767/767 762/762/762 769/769/769
f 771/771/771 772/772/772 769/769/769
f 769/769/769 762/762/762 771/771/771
f 773/773/773 758/758/758 757/757/757
f 757/757/757 774/774/774 773/773/773
f 775/775/775 776/776/776 722/722/722
f 722/722/722 731/731/731 775/775/775
f 771/771/771 762/762/762 777/777/777
f 777/777/777 778/778/778 771/771/771
f 781/781/781 780/780/780 779/779/779
f 779/779/779 777/777/777 781/781/781
f 779/779/779 783/783/783 782/782/782
f 782/782/782 777/777/777 779/779/779
f 782/782/782 785/785/785 784/784/784
f 784/784/784 777/777/777 782/782/782
f 784/784/784 787/787/787 786/786/786
f 786/786/786 777/777/777 784/784/784
f 786/786/786 789/789/789 788/788/788
f 788/788/788 777/777/777 786/786/786
f 788/788/788 790/790/790 778/778/778
f 778/778/778 777/777/777 788/788/788
f 791/791/791 712/712/712 711/711/711
f 711/711/711 792/792/792 791/791/791
f 793/793/793 791/791/791 792/792/792
f 792/792/792 794/794/794 793/793/793
f 795/795/795 793/793/793 794/794/794
f 794/794/794 796/796/796 795/795/795
f 797/797/797 795/795/795 796/796/796
f 796/796/796 798/798/798 797/797/797
f 799/799/799 797/797/797 798/798/798
f 798/798/798 800/800/800 799/799/799
f 801/801/801 799/799/799 800/800/800
f 800/800/800 802/802/802 801/801/801
f 803/803/803 801/801/801 802/802/802
f 802/802/802 804/804/804 803/803/803
f 805/805/805 803/803/803 804/804/804
f 804/804/804 806/806/806 805/805/805
f 807/807/807 805/805/805 806/806/806
f 806/806/806 808/808/808 807/807/807
f 809/809/809 807/807/807 808/808/808
f 808/808/808 810/810/810 809/809/809
f 811/811/811 809/809/809 810/810/810
f 810/810/810 812/812/812 811/811/811
f 774/774/774 811/811/811 812/812/812
f 812/812/812 773/773/773 774/774/774
f 813/813/813 814/814/814 815/815/815
f 815/815/815 776/776/776 813/813/813
f 816/816/816 817/817/817 813/813/813
f 813/813/813 776/776/776 816/816/816
f 818/818/818 819/819/819 816/816/816
f 816/816/816 776/776/776 818/818/818
f 820/820/820 821/821/821 818/818/818
f 818/818/818 776/776/776 820/820/820
f 822/822/822 823/823/823 820/820/820
f 820/820/820 776/776/776 822/822/822
f 775/775/775 824/824/824 822/822/822
f 822/822/822 776/776/776 775/775/775
f 827/827/827 826/826/826 825/825/825
f 825/825/825 828/828/828 827/827/827
f 826/826/826 734/734/734 735/735/735
f 735/735/735 825/825/825 826/826/826
f 831/831/831 830/830/830 829/829/829
f 834/834/834 833/833/833 832/832/832
f 837/837/837 836/836/836 835/835/835
f 837/837/837 835/835/835 826/826/826
f 826/826/826 835/835/835 734/734/734
f 707/707/707 713/713/713 714/714/714
f 714/714/714 711/711/711 707/707/707
f 840/840/840 839/839/839 838/838/838
f 840/840/840 838/838/838 825/825/825
f 825/825/825 735/735/735 840/840/840
f 832/832/832 710/710/710 834/834/834
f 834/834/834 710/710/710 712/712/712
f 843/843/843 842/842/842 841/841/841
f 846/846/846 845/845/845 844/844/844
f 849/849/849 848/848/848 847/847/847
f 847/847/847 850/850/850 849/849/849
f 850/850/850 847/847/847 851/851/851
f 851/851/851 852/852/852 850/850/850
f 855/855/855 854/854/854 853/853/853
f 858/858/858 857/857/857 856/856/856
f 861/861/861 860/860/860 859/859/859
f 859/859/859 862/862/862 861/861/861
f 859/859/859 864/864/864 863/863/863
f 863/863/863 862/862/862 859/859/859
f 863/863/863 866/866/866 865/865/865
f 865/865/865 862/862/862 863/863/863
f 865/865/865 868/868/868 867/867/867
f 867/867/867 862/862/862 865/865/865
f 867/867/867 870/870/870 869/869/869
f 869/869/869 862/862/862 867/867/867
f 869/869/869 872/872/872 871/871/871
f 871/871/871 862/862/862 869/869/869
f 875/875/875 874/874/874 873/873/873
f 873/873/873 876/876/876 875/875/875
f 876/876/876 873/873/873 877/877/877
f 877/877/877 878/878/878 876/876/876
f 878/878/878 877/877/877 879/879/879
f 879/879/879 880/880/880 878/878/878
f 880/880/880 879/879/879 881/881/881
f 881/881/881 882/882/882 880/880/880
f 882/882/882 881/881/881 883/883/883
f 883/883/883 884/884/884 882/882/882
f 884/884/884 883/883/883 885/885/885
f 885/885/885 886/886/886 884/884/884
f 886/886/886 885/885/885 887/887/887
f 887/887/887 888/888/888 886/886/886
f 888/888/888 887/887/887 889/889/889
f 889/889/889 890/890/890 888/888/888
f 890/890/890 889/889/889 891/891/891
f 891/891/891 892/892/892 890/890/890
f 892/892/892 891/891/891 893/893/893
f 893/893/893 894/894/894 892/892/892
f 894/894/894 893/893/893 895/895/895
f 895/895/895 896/896/896 894/894/894
f 896/896/896 895/895/895 897/897/897
f 897/897/897 898/898/898 896/896/896
f 899/899/899 900/900/900 901/901/901
f 901/901/901 902/902/902 899/899/899
f 903/903/903 904/904/904 899/899/899
f 899/899/899 902/902/902 903/903/903
f 905/905/905 906/906/906 903/903/903
f 903/903/903 902/902/902 905/905/905
f 907/907/907 908/908/908 905/905/905
f 905/905/905 902/902/902 907/907/907
f 909/909/909 910/910/910 907/907/907
f 907/907/907 902/902/902 909/909/909
f 911/911/911 912/912/912 909/909/909
f 909/909/909 902/902/902 911/911/911
f 913/913/913 898/898/898 897/897/897
f 897/897/897 914/914/914 913/913/913
f 915/915/915 916/916/916 862/862/862
f 862/862/862 871/871/871 915/915/915
f 911/911/911 902/902/902 917/917/917
f 917/917/917 918/918/918 911/911/911
f 921/921/921 920/920/920 919/919/919
f 919/919/919 917/917/917 921/921/921
f 919/919/919 923/923/923 922/922/922
f 922/922/922 917/917/917 919/919/919
f 922/922/922 925/925/925 924/924/924
f 924/924/924 917/917/917 922/922/922
f 924/924/924 927/927/927 926/926/926
f 926/926/926 917/917/917 924/924/924
f 926/926/926 929/929/929 928/928/928
f 928/928/928 917/917/917 926/926/926
f 928/928/928 930/930/930 918/918/918
f 918/918/918 917/917/917 928/928/928
f 931/931/931 852/852/852 851/851/851
f 851/851/851 932/932/932 931/931/931
f 933/933/933 931/931/931 932/932/932
f 932/932/932 934/934/934 933/933/933
f 935/935/935 933/933/933 934/934/934
f 934/934/934 936/936/936 935/935/935
f 937/937/937 935/935/935 936/936/936
f 936/936/936 938/938/938 937/937/937
f 939/939/939 937/937/937 938/938/938
f 938/938/938 940/940/940 939/939/939
f 941/941/941 939/939/939 940/940/940
f 940/940/940 942/942/942 941/941/941
f 943/943/943 941/941/941 942/942/942
f 942/942/942 944/944/944 943/943/943
f 945/945/945 943/943/943 944/944/944
f 944/944/944 946/946/946 945/945/945
f 947/947/947 945/945/945 946/946/946
f 946/946/946 948/948/948 947/947/947
f 949/949/949 947/947/947 948/948/948
f 948/948/948 950/950/950 949/949/949
f 951/951/951 949/949/949 950/950/950
f 950/950/950 952/952/952 951/951/951
f 914/914/914 951/951/951 952/952/952
f 952/952/952 913/913/913 914/914/914
f 953/953/953 954/954/954 955/955/955
f 955/955/955 916/916/916 953/953/953
f 956/956/956 957/957/957 953/953/953
f 953/953/953 916/916/916 956/956/956
f 958/958/958 959/959/959 956/956/956
f 956/956/956 916/916/916 958/958/958
f 960/960/960 961/961/961 958/958/958
f 958/958/958 916/916/916 960/960/960
f 962/962/962 963/963/963 960/960/960
f 960/960/960 916/916/916 962/962/962
f 915/915/915 964/964/964 962/962/962
f 962/962/962 916/916/916 915/915/915
f 967/967/967 966/966/966 965/965/965
f 965/965/965 968/968/968 967/967/967
f 966/966/966 874/874/874 875/875/875
f 875/875/875 965/965/965 966/966/966
f 971/971/971 970/970/970 969/969/969
f 974/974/974 973/973/973 972/972/972
f 977/977/977 976/976/976 975/975/975
f 977/977/977 975/975/975 966/966/966
f 966/966/966 975/975/975 874/874/874
f 847/847/847 853/853/853 854/854/854
f 854/854/854 851/851/851 847/847/847
f 980/980/980 979/979/979 978/978/978
f 980/980/980 978/978/978 965/965/965
f 965/965/965 875/875/875 980/980/980
f 972/972/972 850/850/850 974/974/974
f 974/974/974 850/850/850 852/852/852
f 983/983/983 982/982/982 981/981/981
f 986/986/986 985/985/985 984/984/984
f 989/989/989 988/988/988 987/987/987
f 987/987/987 990/990/990 989/989/989
f 990/990/990 987/987/987 991/991/991
f 991/991/991 992/992/992 990/990/990
f 995/995/995 994/994/994 993/993/993
f 998/998/998 997/997/997 996/996/996
f 1001/1001/1001 1000/1000/1000 999/999/999
f 999/999/999 1002/1002/1002 1001/1001/1001
f 999/999/999 1004/1004/1004 1003/1003/1003
f 1003/1003/1003 1002/1002/1002 999/999/999
f 1003/1003/1003 1006/1006/1006 1005/1005/1005
f 1005/1005/1005 1002/1002/1002 1003/1003/1003
f 1005/1005/1005 1008/1008/1008 1007/1007/1007
f 1007/1007/1007 1002/1002/1002 1005/1005/1005
f 1007/1007/1007 1010/1010/1010 1009/1009/1009
f 1009/1009/1009 1002/1002/1002 1007/1007/1007
f 1009/1009/1009 1012/1012/1012 1011/1011/1011
f 1011/1011/1011 1002/1002/1002 1009/1009/1009
f 1015/1015/1015 1014/1014/1014 1013/1013/1013
f 1013/1013/1013 1016/1016/1016 1015/1015/1015
f 1016/1016/1016 1013/1013/1013 1017/1017/1017
f 1017/1017/1017 1018/1018/1018 1016/1016/1016
f 1018/1018/1018 1017/1017/1017 1019/1019/1019
f 1019/1019/1019 1020/1020/1020 1018/1018/1018
f 1020/1020/1020 1019/1019/1019 1021/1021/1021
f 1021/1021/1021 1022/1022/1022 1020/1020/1020
f 1022/1022/1022 1021/1021/1021 1023/1023/1023
f 1023/1023/1023 1024/1024/1024 1022/1022/1022
f 1024/1024/1024 1023/1023/1023 1025/1025/1025
f 1025/1025/1025 1026/1026/1026 1024/1024/1024
f 1026/1026/1026 1025/1025/1025 1027/1027/1027
f 1027/1027/1027 1028/1028/1028 1026/1026/1026
f 1028/1028/1028 1027/1027/1027 1029/1029/1029
f 1029/1029/1029 1030/1030/1030 1028/1028/1028
f 1030/1030/1030 1029/1029/1029 1031/1031/1031
f 1031/1031/1031 1032/1032/1032 1030/1030/1030
f 1032/1032/1032 1031/1031/1031 1033/1033/1033
f 1033/1033/1033 1034/1034/1034 1032/1032/1032
f 1034/1034/1034 1033/1033/1033 1035/1035/1035
f 1035/1035/1035 1036/1036/1036 1034/1034/1034
f 1036/1036/1036 1035/1035/1035 1037/1037/1037
f 1037/1037/1037 1038/1038/1038 1036/1036/1036
f 1039/1039/1039 1040/1040/1040 1041/1041/1041
f 1041/1041/1041 1042/1042/1042 1039/1039/1039
f 1043/1043/1043 1044/1044/1044 1039/1039/1039
f 1039/1039/1039 1042/1042/1042 1043/1043/1043
f 1045/1045/1045 1046/1046/1046 1043/1043/1043
f 1043/1043/1043 1042/1042/1042 1045/1045/1045
f 1047/1047/1047 1048/1048/1048 1045/1045/1045
f 1045/1045/1045 1042/1042/1042 1047/1047/1047
f 1049/1049/1049 1050/1050/1050 1047/1047/1047
f 1047/1047/1047 1042/1042/1042 1049/1049/1049
f 1051/1051/1051 1052/1052/1052 1049/1049/1049
f 1049/1049/1049 1042/1042/1042 1051/1051/1051
f 1053/1053/1053 1038/1038/1038 1037/1037/1037
f 1037/1037/1037 1054/1054/1054 1053/1053/1053
f 1055/1055/1055 1056/1056/1056 1002/1002/1002
f 1002/1002/1002 1011/1011/1011 1055/1055/1055
f 1051/1051/1051 1042/1042/1042 1057/1057/1057
f 1057/1057/1057 1058/1058/1058 1051/1051/1051
f 1061/1061/1061 1060/1060/1060 1059/1059/1059
f 1059/1059/1059 1057/1057/1057 1061/1061/1061
f 1059/1059/1059 1063/1063/1063 1062/1062/1062
f 1062/1062/1062 1057/1057/1057 1059/1059/1059
f 1062/1062/1062 1065/1065/1065 1064/1064/1064
f 1064/1064/1064 1057/1057/1057 1062/1062/1062
f 1064/1064/1064 1067/1067/1067 1066/1066/1066
f 1066/1066/1066 1057/1057/1057 1064/1064/1064
f 1066/1066/1066 1069/1069/1069 1068/1068/1068
f 1068/1068/1068 1057/1057/1057 1066/1066/1066
f 1068/1068/1068 1070/1070/1070 1058/1058/1058
f 1058/1058/1058 1057/1057/1057 1068/1068/1068
f 1071/1071/1071 992/992/992 991/991/991
f 991/991/991 1072/1072/1072 1071/1071/1071
f 1073/1073/1073 1071/1071/1071 1072/1072/1072
f 1072/1072/1072 1074/1074/1074 1073/1073/1073
f 1075/1075/1075 1073/1073/1073 1074/1074/1074
f 1074/1074/1074 1076/1076/1076 1075/1075/1075
f 1077/1077/1077 1075/1075/1075 1076/1076/1076
f 1076/1076/1076 1078/1078/1078 1077/1077/1077
f 1079/1079/1079 1077/1077/1077 1078/1078/1078
f 1078/1078/1078 1080/1080/1080 1079/1079/1079
f 1081/1081/1081 1079/1079/1079 1080/1080/1080
f 1080/1080/1080 1082/1082/1082 1081/1081/1081
f 1083/1083/1083 1081/1081/1081 1082/1082/1082
f 1082/1082/1082 1084/1084/1084 1083/1083/1083
f 1085/1085/1085 1083/1083/1083 1084/1084/1084
f 1084/1084/1084 1086/1086/1086 1085/1085/1085
f 1087/1087/1087 1085/1085/1085 1086/1086/1086
f 1086/1086/1086 1088/1088/1088 1087/1087/1087
f 1089/1089/1089 1087/1087/1087 1088/1088/1088
f 1088/1088/1088 1090/1090/1090 1089/1089/1089
f 1091/1091/1091 1089/1089/1089 1090/1090/1090
f 1090/1090/1090 1092/1092/1092 1091/1091/1091
f 1054/1054/1054 1091/1091/1091 1092/1092/1092
f 1092/1092/1092 1053/1053/1053 1054/1054/1054
f 1093/1093/1093 1094/1094/1094 1095/1095/1095
f 1095/1095/1095 1056/1056/1056 1093/1093/1093
f 1096/1096/1096 1097/1097/1097 1093/1093/1093
f 1093/1093/1093 1056/1056/1056 1096/1096/1096
f 1098/1098/1098 1099/1099/1099 1096/1096/1096
f 1096/1096/1096 1056/1056/1056 1098/1098/1098
f 1100/1100/1100 1101/1101/1101 1098/1098/1098
f 1098/1098/1098 1056/1056/1056 1100/1100/1100
f 1102/1102/1102 1103/1103/1103 1100/1100/1100
f 1100/1100/1100 1056/1056/1056 1102/1102/1102
f 1055/1055/1055 1104/1104/1104 1102/1102/1102
f 1102/1102/1102 1056/1056/1056 1055/1055/1055
f 1107/1107/1107 1106/1106/1106 1105/1105/1105
f 1105/1105/1105 1108/1108/1108 1107/1107/1107
f 1106/1106/1106 1014/1014/1014 1015/1015/1015
f 1015/1015/1015 1105/1105/1105 1106/1106/1106
f 1111/1111/1111 1110/1110/1110 1109/1109/1109
f 1114/1114/1114 1113/1113/1113 1112/1112/1112
f 1117/1117/1117 1116/1116/1116 1115/1115/1115
f 1117/1117/1117 1115/1115/1115 1106/1106/1106
f 1106/1106/1106 1115/1115/1115 1014/1014/1014
f 987/987/987 993/993/993 994/994/994
f 994/994/994 991/991/991 987/987/987
f 1120/1120/1120 1119/1119/1119 1118/1118/1118
f 1120/1120/1120 1118/1118/1118 1105/1105/1105
f 1105/1105/1105 1015/1015/1015 1120/1120/1120
f 1112/1112/1112 990/990/990 1114/1114/1114
f 1114/1114/1114 990/990/990 992/992/992
f 1123/1123/1123 1122/1122/1122 1121/1121/1121
f 1126/1126/1126 1125/1125/1125 1124/1124/1124
f 1129/1129/1129 1128/1128/1128 1127/1127/1127
f 1127/1127/1127 1130/1130/1130 1129/1129/1129
f 1130/1130/1130 1127/1127/1127 1131/1131/1131
f 1131/1131/1131 1132/1132/1132 1130/1130/1130
f 1135/1135/1135 1134/1134/1134 1133/1133/1133
f 1138/1138/1138 1137/1137/1137 1136/1136/1136
f 1141/1141/1141 1140/1140/1140 1139/1139/1139
f 1139/1139/1139 1142/1142/1142 1141/1141/1141
f 1139/1139/1139 1144/1144/1144 1143/1143/1143
f 1143/1143/1143 1142/1142/1142 1139/1139/1139
f 1143/1143/1143 1146/1146/1146 1145/1145/1145
f 1145/1145/1145 1142/1142/1142 1143/1143/1143
f 1145/1145/1145 1148/1148/1148 1147/1147/1147
f 1147/1147/1147 1142/1142/1142 1145/1145/1145
f 1147/1147/1147 1150/1150/1150 1149/1149/1149
f 1149/1149/1149 1142/1142/1142 1147/1147/1147
f 1149/1149/1149 1152/1152/1152 1151/1151/1151
f 1151/1151/1151 1142/1142/1142 1149/1149/1149
f 1155/1155/1155 1154/1154/1154 1153/1153/1153
f 1153/1153/1153 1156/1156/1156 1155/1155/1155
f 1156/1156/1156 1153/1153/1153 1157/1157/1157
f 1157/1157/1157 1158/1158/1158 1156/1156/1156
f 1158/1158/1158 1157/1157/1157 1159/1159/1159
f 1159/1159/1159 1160/1160/1160 1158/1158/1158
f 1160/1160/1160 1159/1159/1159 1161/1161/1161
f 1161/1161/1161 1162/1162/1162 1160/1160/1160
f 1162/1162/1162 1161/1161/1161 1163/1163/1163
f 1163/1163/1163 1164/1164/1164 1162/1162/1162
f 1164/1164/1164 1163/1163/1163 1165/1165/1165
f 1165/1165/1165 1166/1166/1166 1164/1164/1164
f 1166/1166/1166 1165/1165/1165 1167/1167/1167
f 1167/1167/1167 1168/1168/1168 1166/1166/1166
f 1168/1168/1168 1167/1167/1167 1169/1169/1169
f 1169/1169/1169 1170/1170/1170 1168/1168/1168
f 1170/1170/1170 1169/1169/1169 1171/1171/1171
f 1171/1171/1171 1172/1172/1172 1170/1170/1170
f 1172/1172/1172 1171/1171/1171 1173/1173/1173
f 1173/1173/1173 1174/1174/1174 1172/1172/1172
f 1174/1174/1174 1173/1173/1173 1175/1175/1175
f 1175/1175/1175 1176/1176/1176 1174/1174/1174
f 1176/1176/1176 1175/1175/1175 1177/1177/1177
f 1177/1177/1177 1178/1178/1178 1176/1176/1176
f 1179/1179/1179 1180/1180/1180 1181/1181/1181
f 1181/1181/1181 1182/1182/1182 1179/1179/1179
f 1183/1183/1183 1184/1184/1184 1179/1179/1179
f 1179/1179/1179 1182/1182/1182 1183/1183/1183
f 1185/1185/1185 1186/1186/1186 1183/1183/1183
f 1183/1183/1183 1182/1182/1182 1185/1185/1185
f 1187/1187/1187 1188/1188/1188 1185/1185/1185
f 1185/1185/1185 1182/1182/1182 1187/1187/1187
f 1189/1189/1189 1190/1190/1190 1187/1187/1187
f 1187/1187/1187 1182/1182/1182 1189/1189/1189
f 1191/1191/1191 1192/1192/1192 1189/1189/1189
f 1189/1189/1189 1182/1182/1182 1191/1191/1191
f 1193/1193/1193 1178/1178/1178 1177/1177/1177
f 1177/1177/1177 1194/1194/1194 1193/1193/1193
f 1195/1195/1195 1196/1196/1196 1142/1142/1142
f 1142/1142/1142 1151/1151/1151 1195/1195/1195
f 1191/1191/1191 1182/1182/1182 1197/1197/1197
f 1197/1197/1197 1198/1198/1198 1191/1191/1191
f 1201/1201/1201 1200/1200/1200 1199/1199/1199
f 1199/1199/1199 1197/1197/1197 1201/1201/1201
f 1199/1199/1199 1203/1203/1203 1202/1202/1202
f 1202/1202/1202 1197/1197/1197 1199/1199/1199
f 1202/1202/1202 1205/1205/1205 1204/1204/1204
f 1204/1204/1204 1197/1197/1197 1202/1202/1202
f 1204/1204/1204 1207/1207/1207 1206/1206/1206
f 1206/1206/1206 1197/1197/1197 1204/1204/1204
f 1206/1206/1206 1209/1209/1209 1208/1208/1208
f 1208/1208/1208 1197/1197/1197 1206/1206/1206
f 1208/1208/1208 1210/1210/1210 1198/1198/1198
f 1198/1198/1198 1197/1197/1197 1208/1208/1208
f 1211/1211/1211 1132/1132/1132 1131/1131/1131
f 1131/1131/1131 1212/1212/1212 1211/1211/1211
f 1213/1213/1213 1211/1211/1211 1212/1212/1212
f 1212/1212/1212 1214/1214/1214 1213/1213/1213
f 1215/1215/1215 1213/1213/1213 1214/1214/1214
f 1214/1214/1214 1216/1216/1216 1215/1215/1215
f 1217/1217/1217 1215/1215/1215 1216/1216/1216
f 1216/1216/1216 1218/1218/1218 1217/1217/1217
f 1219/1219/1219 1217/1217/1217 1218/1218/1218
f 1218/1218/1218 1220/1220/1220 1219/1219/1219
f 1221/1221/1221 1219/1219/1219 1220/1220/1220
f 1220/1220/1220 1222/1222/1222 1221/1221/1221
f 1223/1223/1223 1221/1221/1221 1222/1222/1222
f 1222/1222/1222 1224/1224/1224 1223/1223/1223
f 1225/1225/1225 1223/1223/1223 1224/1224/1224
f 1224/1224/1224 1226/1226/1226 1225/1225/1225
f 1227/1227/1227 1225/1225/1225 1226/1226/1226
f 1226/1226/1226 1228/1228/1228 1227/1227/1227
f 1229/1229/1229 1227/1227/1227 1228/1228/1228
f 1228/1228/1228 1230/1230/1230 1229/1229/1229
f 1231/1231/1231 1229/1229/1229 1230/1230/1230
f 1230/1230/1230 1232/1232/1232 1231/1231/1231
f 1194/1194/1194 1231/1231/1231 1232/1232/1232
f 1232/1232/1232 1193/1193/1193 1194/1194/1194
f 1233/1233/1233 1234/1234/1234 1235/1235/1235
f 1235/1235/1235 1196/1196/1196 1233/1233/1233
f 1236/1236/1236 1237/1237/1237 1233/1233/1233
f 1233/1233/1233 1196/1196/1196 1236/1236/1236
f 1238/1238/1238 1239/1239/1239 1236/1236/1236
f 1236/1236/1236 1196/1196/1196 1238/1238/1238
f 1240/1240/1240 1241/1241/1241 1238/1238/1238
f 1238/1238/1238 1196/1196/1196 1240/1240/1240
f 1242/1242/1242 1243/1243/1243 1240/1240/1240
f 1240/1240/1240 1196/1196/1196 1242/1242/1242
f 1195/1195/1195 1244/1244/1244 1242/1242/1242
f 1242/1242/1242 1196/1196/1196 1195/1195/1195
f 1247/1247/1247 1246/1246/1246 1245/1245/1245
f 1245/1245/1245 1248/1248/1248 1247/1247/1247
f 1246/1246/1246 1154/1154/1154 1155/1155/1155
f 1155/1155/1155 1245/1245/1245 1246/1246/1246
f 1251/1251/1251 1250/1250/1250 1249/1249/1249
f 1254/1254/1254 1253/1253/1253 1252/1252/1252
f 1257/1257/1257 1256/1256/1256 1255/1255/1255
f 1257/1257/1257 1255/1255/1255 1246/1246/1246
f 1246/1246/1246 1255/1255/1255 1154/1154/1154
f 1127/1127/1127 1133/1133/1133 1134/1134/1134
f 1134/1134/1134 1131/1131/1131 1127/1127/1127
f 1260/1260/1260 1259/1259/1259 1258/1258/1258
f 1260/1260/1260 1258/1258/1258 1245/1245/1245
f 1245/1245/1245 1155/1155/1155 1260/1260/1260
f 1252/1252/1252 1130/1130/1130 1254/1254/1254
f 1254/1254/1254 1130/1130/1130 1132/1132/1132
f 1263/1263/1263 1262/1262/1262 1261/1261/1261
f 1266/1266/1266 1265/1265/1265 1264/1264/1264
f 1269/1269/1269 1268/1268/1268 1267/1267/1267
f 1267/1267/1267 1270/1270/1270 1269/1269/1269
f 1270/1270/1270 1267/1267/1267 1271/1271/1271
f 1271/1271/1271 1272/1272/1272 1270/1270/1270
f 1275/1275/1275 1274/1274/1274 1273/1273/1273
f 1278/1278/1278 1277/1277/1277 1276/1276/1276
f 1281/1281/1281 1280/1280/1280 1279/1279/1279
f 1279/1279/1279 1282/1282/1282 1281/1281/1281
f 1279/1279/1279 1284/1284/1284 1283/1283/1283
f 1283/1283/1283 1282/1282/1282 1279/1279/1279
f 1283/1283/1283 1286/1286/1286 1285/1285/1285
f 1285/1285/1285 1282/1282/1282 1283/1283/1283
f 1285/1285/1285 1288/1288/1288 1287/1287/1287
f 1287/1287/1287 1282/1282/1282 1285/1285/1285
f 1287/1287/1287 1290/1290/1290 1289/1289/1289
f 1289/1289/1289 1282/1282/1282 1287/1287/1287
f 1289/1289/1289 1292/1292/1292 1291/1291/1291
f 1291/1291/1291 1282/1282/1282 1289/1289/1289
f 1295/1295/1295 1294/1294/1294 1293/1293/1293
f 1293/1293/1293 1296/1296/1296 1295/1295/1295
f 1296/1296/1296 1293/1293/1293 1297/1297/1297
f 1297/1297/1297 1298/1298/1298 1296/1296/1296
f 1298/1298/1298 1297/1297/1297 1299/1299/1299
f 1299/1299/1299 1300/1300/1300 1298/1298/1298
f 1300/1300/1300 1299/1299/1299 1301/1301/1301
f 1301/1301/1301 1302/1302/1302 1300/1300/1300
f 1302/1302/1302 1301/1301/1301 1303/1303/1303
f 1303/1303/1303 1304/1304/1304 1302/1302/1302
f 1304/1304/1304 1303/1303/1303 1305/1305/1305
f 1305/1305/1305 1306/1306/1306 1304/1304/1304
f 1306/1306/1306 1305/1305/1305 1307/1307/1307
f 1307/1307/1307 1308/1308/1308 1306/1306/1306
f 1308/1308/1308 1307/1307/1307 1309/1309/1309
f 1309/1309/1309 1310/1310/1310 1308/1308/1308
f 1310/1310/1310 1309/1309/1309 1311/1311/1311
f 1311/1311/1311 1312/1312/1312 1310/1310/1310
f 1312/1312/1312 1311/1311/1311 1313/1313/1313
f 1313/1313/1313 1314/1314/1314 1312/1312/1312
f 1314/1314/1314 1313/1313/1313 1315/1315/1315
f 1315/1315/1315 1316/1316/1316 1314/1314/1314
f 1316/1316/1316 1315/1315/1315 1317/1317/1317
f 1317/1317/1317 1318/1318/1318 1316/1316/1316
f 1319/1319/1319 1320/1320/1320 1321/1321/1321
f 1321/1321/1321 1322/1322/1322 1319/1319/1319
f 1323/1323/1323 1324/1324/1324 1319/1319/1319
f 1319/1319/1319 1322/1322/1322 1323/1323/1323
f 1325/1325/1325 1326/1326/1326 1323/1323/1323
f 1323/1323/1323 1322/1322/1322 1325/1325/1325
f 1327/1327/1327 1328/1328/1328 1325/1325/1325
f 1325/1325/1325 1322/1322/1322 1327/1327/1327
f 1329/1329/1329 1330/1330/1330 1327/1327/1327
f 1327/1327/1327 1322/1322/1322 1329/1329/1329
f 1331/1331/1331 1332/1332/1332 1329/1329/1329
f 1329/1329/1329 1322/1322/1322 1331/1331/1331
f 1333/1333/1333 1318/1318/1318 1317/1317/1317
f 1317/1317/1317 1334/1334/1334 1333/1333/1333
f 1335/1335/1335 1336/1336/1336 1282/1282/1282
f 1282/1282/1282 1291/1291/1291 1335/1335/1335
f 1331/1331/1331 1322/1322/1322 1337/1337/1337
f 1337/1337/1337 1338/1338/1338 1331/1331/1331
f 1341/1341/1341 1340/1340/1340 1339/1339/1339
f 1339/1339/1339 1337/1337/1337 1341/1341/1341
f 1339/1339/1339 1343/1343/1343 1342/1342/1342
f 1342/1342/1342 1337/1337/1337 1339/1339/1339
f 1342/1342/1342 1345/1345/1345 1344/1344/1344
f 1344/1344/1344 1337/1337/1337 1342/1342/1342
f 1344/1344/1344 1347/1347/1347 1346/1346/1346
f 1346/1346/1346 1337/1337/1337 1344/1344/1344
f 1346/1346/1346 1349/1349/1349 1348/1348/1348
f 1348/1348/1348 1337/1337/1337 1346/1346/1346
f 1348/1348/1348 1350/1350/1350 1338/1338/1338
f 1338/1338/1338 1337/1337/1337 1348/1348/1348
f 1351/1351/1351 1272/1272/1272 1271/1271/1271
f 1271/1271/1271 1352/1352/1352 1351/1351/1351
f 1353/1353/1353 1351/1351/1351 1352/1352/1352
f 1352/1352/1352 1354/1354/1354 1353/1353/1353
f 1355/1355/1355 1353/1353/1353 1354/1354/1354
f 1354/1354/1354 1356/1356/1356 1355/1355/1355
f 1357/1357/1357 1355/1355/1355 1356/1356/1356
f 1356/1356/1356 1358/1358/1358 1357/1357/1357
f 1359/1359/1359 1357/1357/1357 1358/1358/1358
f 1358/1358/1358 1360/1360/1360 1359/1359/1359
f 1361/1361/1361 1359/1359/1359 1360/1360/1360
f 1360/1360/1360 1362/1362/1362 1361/1361/1361
f 1363/1363/1363 1361/1361/1361 1362/1362/1362
f 1362/1362/1362 1364/1364/1364 1363/1363/1363
f 1365/1365/1365 1363/1363/1363 1364/1364/1364
f 1364/1364/1364 1366/1366/1366 1365/1365/1365
f 1367/1367/1367 1365/1365/1365 1366/1366/1366
f 1366/1366/1366 1368/1368/1368 1367/1367/1367
f 1369/1369/1369 1367/1367/1367 1368/1368/1368
f 1368/1368/1368 1370/1370/1370 1369/1369/1369
f 1371/1371/1371 1369/1369/1369 1370/1370/1370
f 1370/1370/1370 1372/1372/1372 1371/1371/1371
f 1334/1334/1334 1371/1371/1371 1372/1372/1372
f 1372/1372/1372 1333/1333/1333 1334/1334/1334
f 1373/1373/1373 1374/1374/1374 1375/1375/1375
f 1375/1375/1375 1336/1336/1336 1373/1373/1373
f 1376/1376/1376 1377/1377/1377 1373/1373/1373
f 1373/1373/1373 1336/1336/1336 1376/1376/1376
f 1378/1378/1378 1379/1379/1379 1376/1376/1376
f 1376/1376/1376 1336/1336/1336 1378/1378/1378
f 1380/1380/1380 1381/1381/1381 1378/1378/1378
f 1378/1378/1378 1336/1336/1336 1380/1380/1380
f 1382/1382/1382 1383/1383/1383 1380/1380/1380
f 1380/1380/1380 1336/1336/1336 1382/1382/1382
f 1335/1335/1335 1384/1384/1384 1382/1382/1382
f 1382/1382/1382 1336/1336/1336 1335/1335/1335
f 1387/1387/1387 1386/1386/1386 1385/1385/1385
f 1385/1385/1385 1388/1388/1388 1387/1387/1387
f 1386/1386/1386 1294/1294/1294 1295/1295/1295
f 1295/1295/1295 1385/1385/1385 1386/1386/1386
f 1391/1391/1391 1390/1390/1390 1389/1389/1389
f 1394/1394/1394 1393/1393/1393 1392/1392/1392
f 1397/1397/1397 1396/1396/1396 1395/1395/1395
f 1397/1397/1397 1395/1395/1395 1386/1386/1386
f 1386/1386/1386 1395/1395/1395 1294/1294/1294
f 1267/1267/1267 1273/1273/1273 1274/1274/1274
f 1274/1274/1274 1271/1271/1271 1267/1267/1267
f 1400/1400/1400 1399/1399/1399 1398/1398/1398
f 1400/1400/1400 1398/1398/1398 1385/1385/1385
f 1385/1385/1385 1295/1295/1295 1400/1400/1400
f 1392/1392/1392 1270/1270/1270 1394/1394/1394
f 1394/1394/1394 1270/1270/1270 1272/1272/1272
f 1403/1403/1403 1402/1402/1402 1401/1401/1401
f 1406/1406/1406 1405/1405/1405 1404/1404/1404
f 1409/1409/1409 1408/1408/1408 1407/1407/1407
f 1407/1407/1407 1410/1410/1410 1409/1409/1409
f 1410/1410/1410 1407/1407/1407 1411/1411/1411
f 1411/1411/1411 1412/1412/1412 1410/1410/1410
f 1415/1415/1415 1414/1414/1414 1413/1413/1413
f 1418/1418/1418 1417/1417/1417 1416/1416/1416
f 1421/1421/1421 1420/1420/1420 1419/1419/1419
f 1419/1419/1419 1422/1422/1422 1421/1421/1421
f 1419/1419/1419 1424/1424/1424 1423/1423/1423
f 1423/1423/1423 1422/1422/1422 1419/1419/1419
f 1423/1423/1423 1426/1426/1426 1425/1425/1425
f 1425/1425/1425 1422/1422/1422 1423/1423/1423
f 1425/1425/1425 1428/1428/1428 1427/1427/1427
f 1427/1427/1427 1422/1422/1422 1425/1425/1425
f 1427/1427/1427 1430/1430/1430 1429/1429/1429
f 1429/1429/1429 1422/1422/1422 1427/1427/1427
f 1429/1429/1429 1432/1432/1432 1431/1431/1431
f 1431/1431/1431 1422/1422/1422 1429/1429/1429
f 1435/1435/1435 1434/1434/1434 1433/1433/1433
f 1433/1433/1433 1436/1436/1436 1435/1435/1435
f 1436/1436/1436 1433/1433/1433 1437/1437/1437
f 1437/1437/1437 1438/1438/1438 1436/1436/1436
f 1438/1438/1438 1437/1437/1437 1439/1439/1439
f 1439/1439/1439 1440/1440/1440 1438/1438/1438
f 1440/1440/1440 1439/1439/1439 1441/1441/1441
f 1441/1441/1441 1442/1442/1442 1440/1440/1440
f 1442/1442/1442 1441/1441/1441 1443/1443/1443
f 1443/1443/1443 1444/1444/1444 1442/1442/1442
f 1444/1444/1444 1443/1443/1443 1445/1445/1445
f 1445/1445/1445 1446/1446/1446 1444/1444/1444
f 1446/1446/1446 1445/1445/1445 1447/1447/1447
f 1447/1447/1447 1448/1448/1448 1446/1446/1446
f 1448/1448/1448 1447/1447/1447 1449/1449/1449
f 1449/1449/1449 1450/1450/1450 1448/1448/1448
f 1450/1450/1450 1449/1449/1449 1451/1451/1451
f 1451/1451/1451 1452/1452/1452 1450/1450/1450
f 1452/1452/1452 1451/1451/1451 1453/1453/1453
f 1453/1453/1453 1454/1454/1454 1452/1452/1452
f 1454/1454/1454 1453/1453/1453 1455/1455/1455
f 1455/1455/1455 1456/1456/1456 1454/1454/1454
f 1456/1456/1456 1455/1455/1455 1457/1457/1457
f 1457/1457/1457 1458/1458/1458 1456/1456/1456
f 1459/1459/1459 1460/1460/1460 1461/1461/1461
f 1461/1461/1461 1462/1462/1462 1459/1459/1459
f 1463/1463/1463 1464/1464/1464 1459/1459/1459
f 1459/1459/1459 1462/1462/1462 1463/1463/1463
f 1465/1465/1465 1466/1466/1466 1463/1463/1463
f 1463/1463/1463 1462/1462/1462 1465/1465/1465
f 1467/1467/1467 1468/1468/1468 1465/1465/1465
f 1465/1465/1465 1462/1462/1462 1467/1467/1467
f 1469/1469/1469 1470/1470/1470 1467/1467/1467
f 1467/1467/1467 1462/1462/1462 1469/1469/1469
f 1471/1471/1471 1472/1472/1472 1469/1469/1469
f 1469/1469/1469 1462/1462/1462 1471/1471/1471
f 1473/1473/1473 1458/1458/1458 1457/1457/1457
f 1457/1457/1457 1474/1474/1474 1473/1473/1473
f 1475/1475/1475 1476/1476/1476 1422/1422/1422
f 1422/1422/1422 1431/1431/1431 1475/1475/1475
f 1471/1471/1471 1462/1462/1462 1477/1477/1477
f 1477/1477/1477 1478/1478/1478 1471/1471/1471
f 1481/1481/1481 1480/1480/1480 1479/1479/1479
f 1479/1479/1479 1477/1477/1477 1481/1481/1481
f 1479/1479/1479 1483/1483/1483 1482/1482/1482
f 1482/1482/1482 1477/1477/1477 1479/1479/1479
f 1482/1482/1482 1485/1485/1485 1484/1484/1484
f 1484/1484/1484 1477/1477/1477 1482/1482/1482
f 1484/1484/1484 1487/1487/1487 1486/1486/1486
f 1486/1486/1486 1477/1477/1477 1484/1484/1484
f 1486/1486/1486 1489/1489/1489 1488/1488/1488
f 1488/1488/1488 1477/1477/1477 1486/1486/1486
f 1488/1488/1488 1490/1490/1490 1478/1478/1478
f 1478/1478/1478 1477/1477/1477 1488/1488/1488
f 1491/1491/1491 1412/1412/1412 1411/1411/1411
f 1411/1411/1411 1492/1492/1492 1491/1491/1491
f 1493/1493/1493 1491/1491/1491 1492/1492/1492
f 1492/1492/1492 1494/1494/1494 1493/1493/1493
f 1495/1495/1495 1493/1493/1493 1494/1494/1494
f 1494/1494/1494 1496/1496/1496 1495/1495/1495
f 1497/1497/1497 1495/1495/1495 1496/1496/1496
f 1496/1496/1496 1498/1498/1498 1497/1497/1497
f 1499/1499/1499 1497/1497/1497 1498/1498/1498
f 1498/1498/1498 1500/1500/1500 1499/1499/1499
f 1501/1501/1501 1499/1499/1499 1500/1500/1500
f 1500/1500/1500 1502/1502/1502 1501/1501/1501
f 1503/1503/1503 1501/1501/1501 1502/1502/1502
f 1502/1502/1502 1504/1504/1504 1503/1503/1503
f 1505/1505/1505 1503/1503/1503 1504/1504/1504
f 1504/1504/1504 1506/1506/1506 1505/1505/1505
f 1507/1507/1507 1505/1505/1505 1506/1506/1506
f 1506/1506/1506 1508/1508/1508 1507/1507/1507
f 1509/1509/1509 1507/1507/1507 1508/1508/1508
f 1508/1508/1508 1510/1510/1510 1509/1509/1509
f 1511/1511/1511 1509/1509/1509 1510/1510/1510
f 1510/1510/1510 1512/1512/1512 1511/1511/1511
f 1474/1474/1474 1511/1511/1511 1512/1512/1512
f 1512/1512/1512 1473/1473/1473 1474/1474/1474
f 1513/1513/1513 1514/1514/1514 1515/1515/1515
f 1515/1515/1515 1476/1476/1476 1513/1513/1513
f 1516/1516/1516 1517/1517/1517 1513/1513/1513
f 1513/1513/1513 1476/1476/1476 1516/1516/1516
f 1518/1518/1518 1519/1519/1519 1516/1516/1516
f 1516/1516/1516 1476/1476/1476 1518/1518/1518
f 1520/1520/1520 1521/1521/1521 1518/1518/1518
f 1518/1518/1518 1476/1476/1476 1520/1520/1520
f 1522/1522/1522 1523/1523/1523 1520/1520/1520
f 1520/1520/1520 1476/1476/1476 1522/1522/1522
f 1475/1475/1475 1524/1524/1524 1522/1522/1522
f 1522/1522/1522 1476/1476/1476 1475/1475/1475
f 1527/1527/1527 1526/1526/1526 1525/1525/1525
f 1525/1525/1525 1528/1528/1528 1527/1527/1527
f 1526/1526/1526 1434/1434/1434 1435/1435/1435
f 1435/1435/1435 1525/1525/1525 1526/1526/1526
f 1531/1531/1531 1530/1530/1530 1529/1529/1529
f 1534/1534/1534 1533/1533/1533 1532/1532/1532
f 1537/1537/1537 1536/1536/1536 1535/1535/1535
f 1537/1537/1537 1535/1535/1535 1526/1526/1526
f 1526/1526/1526 1535/1535/1535 1434/1434/1434
f 1407/1407/1407 1413/1413/1413 1414/1414/1414
f 1414/1414/1414 1411/1411/1411 1407/1407/1407
f 1540/1540/1540 1539/1539/1539 1538/1538/1538
f 1540/1540/1540 1538/1538/1538 1525/1525/1525
f 1525/1525/1525 1435/1435/1435 1540/1540/1540
f 1532/1532/1532 1410/1410/1410 1534/1534/1534
f 1534/1534/1534 1410/1410/1410 1412/1412/1412
f 1543/1543/1543 1542/1542/1542 1541/1541/1541
f 1546/1546/1546 1545/1545/1545 1544/1544/1544
f 1549/1549/1549 1548/1548/1548 1547/1547/1547
f 1547/1547/1547 1550/1550/1550 1549/1549/1549
f 1550/1550/1550 1547/1547/1547 1551/1551/1551
f 1551/1551/1551 1552/1552/1552 1550/1550/1550
f 1555/1555/1555 1554/1554/1554 1553/1553/1553
f 1558/1558/1558 1557/1557/1557 1556/1556/1556
f 1561/1561/1561 1560/1560/1560 1559/1559/1559
f 1559/1559/1559 1562/1562/1562 1561/1561/1561
f 1559/1559/1559 1564/1564/1564 1563/1563/1563
f 1563/1563/1563 1562/1562/1562 1559/1559/1559
f 1563/1563/1563 1566/1566/1566 1565/1565/1565
f 1565/1565/1565 1562/1562/1562 1563/1563/1563
f 1565/1565/1565 1568/1568/1568 1567/1567/1567
f 1567/1567/1567 1562/1562/1562 1565/1565/1565
f 1567/1567/1567 1570/1570/1570 1569/1569/1569
f 1569/1569/1569 1562/1562/1562 1567/1567/1567
f 1569/1569/1569 1572/1572/1572 1571/1571/1571
f 1571/1571/1571 1562/1562/1562 1569/1569/1569
f 1575/1575/1575 1574/1574/1574 1573/1573/1573
f 1573/1573/1573 1576/1576/1576 1575/1575/1575
f 1576/1576/1576 1573/1573/1573 1577/1577/1577
f 1577/1577/1577 1578/1578/1578 1576/1576/1576
f 1578/1578/1578 1577/1577/1577 1579/1579/1579
f 1579/1579/1579 1580/1580/1580 1578/1578/1578
f 1580/1580/1580 1579/1579/1579 1581/1581/1581
f 1581/1581/1581 1582/1582/1582 1580/1580/1580
f 1582/1582/1582 1581/1581/1581 1583/1583/1583
f 1583/1583/1583 1584/1584/1584 1582/1582/1582
f 1584/1584/1584 1583/1583/1583 1585/1585/1585
f 1585/1585/1585 1586/1586/1586 1584/1584/1584
f 1586/1586/1586 1585/1585/1585 1587/1587/1587
f 1587/1587/1587 1588/1588/1588 1586/1586/1586
f 1588/1588/1588 1587/1587/1587 1589/1589/1589
f 1589/1589/1589 1590/1590/1590 1588/1588/1588
f 1590/1590/1590 1589/1589/1589 1591/1591/1591
f 1591/1591/1591 1592/1592/1592 1590/1590/1590
f 1592/1592/1592 1591/1591/1591 1593/1593/1593
f 1593/1593/1593 1594/1594/1594 1592/1592/1592
f 1594/1594/1594 1593/1593/1593 1595/1595/1595
f 1595/1595/1595 1596/1596/1596 1594/1594/1594
f 1596/1596/1596 1595/1595/1595 1597/1597/1597
f 1597/1597/1597 1598/1598/1598 1596/1596/1596
f 1599/1599/1599 1600/1600/1600 1601/1601/1601
f 1601/1601/1601 1602/1602/1602 1599/1599/1599
f 1603/1603/1603 1604/1604/1604 1599/1599/1599
f 1599/1599/1599 1602/1602/1602 1603/1603/1603
f 1605/1605/1605 1606/1606/1606 1603/1603/1603
f 1603/1603/1603 1602/1602/1602 1605/1605/1605
f 1607/1607/1607 1608/1608/1608 1605/1605/1605
f 1605/1605/1605 1602/1602/1602 1607/1607/1607
f 1609/1609/1609 1610/1610/1610 1607/1607/1607
f 1607/1607/1607 1602/1602/1602 1609/1609/1609
f 1611/1611/1611 1612/1612/1612 1609/1609/1609
f 1609/1609/1609 1602/1602/1602 1611/1611/1611
f 1613/1613/1613 1598/1598/1598 1597/1597/1597
f 1597/1597/1597 1614/1614/1614 1613/1613/1613
f 1615/1615/1615 1616/1616/1616 1562/1562/1562
f 1562/1562/1562 1571/1571/1571 1615/1615/1615
f 1611/1611/1611 1602/1602/1602 1617/1617/1617
f 1617/1617/1617 1618/1618/1618 1611/1611/1611
f 1621/1621/1621 1620/1620/1620 1619/1619/1619
f 1619/1619/1619 1617/1617/1617 1621/1621/1621
f 1619/1619/1619 1623/1623/1623 1622/1622/1622
f 1622/1622/1622 1617/1617/1617 1619/1619/1619
f 1622/1622/1622 1625/1625/1625 1624/1624/1624
f 1624/1624/1624 1617/1617/1617 1622/1622/1622
f 1624/1624/1624 1627/1627/1627 1626/1626/1626
f 1626/1626/1626 1617/1617/1617 1624/1624/1624
f 1626/1626/1626 1629/1629/1629 1628/1628/1628
f 1628/1628/1628 1617/1617/1617 1626/1626/1626
f 1628/1628/1628 1630/1630/1630 1618/1618/1618
f 1618/1618/1618 1617/1617/1617 1628/1628/1628
f 1631/1631/1631 1552/1552/1552 1551/1551/1551
f 1551/1551/1551 1632/1632/1632 1631/1631/1631
f 1633/1633/1633 1631/1631/1631 1632/1632/1632
f 1632/1632/1632 1634/1634/1634 1633/1633/1633
f 1635/1635/1635 1633/1633/1633 1634/1634/1634
f 1634/1634/1634 1636/1636/1636 1635/1635/1635
f 1637/1637/1637 1635/1635/1635 1636/1636/1636
f 1636/1636/1636 1638/1638/1638 1637/1637/1637
f 1639/1639/1639 1637/1637/1637 1638/1638/1638
f 1638/1638/1638 1640/1640/1640 1639/1639/1639
f 1641/1641/1641 1639/1639/1639 1640/1640/1640
f 1640/1640/1640 1642/1642/1642 1641/1641/1641
f 1643/1643/1643 1641/1641/1641 1642/1642/1642
f 1642/1642/1642 1644/1644/1644 1643/1643/1643
f 1645/1645/1645 1643/1643/1643 1644/1644/1644
f 1644/1644/1644 1646/1646/1646 1645/1645/1645
f 1647/1647/1647 1645/1645/1645 1646/1646/1646
f 1646/1646/1646 1648/1648/1648 1647/1647/1647
f 1649/1649/1649 1647/1647/1647 1648/1648/1648
f 1648/1648/1648 1650/1650/1650 1649/1649/1649
f 1651/1651/1651 1649/1649/1649 1650/1650/1650
f 1650/1650/1650 1652/1652/1652 1651/1651/1651
f 1614/1614/1614 1651/1651/1651 1652/1652/1652
f 1652/1652/1652 1613/1613/1613 1614/1614/1614
f 1653/1653/1653 1654/1654/1654 1655/1655/1655
f 1655/1655/1655 1616/1616/1616 1653/1653/1653
f 1656/1656/1656 1657/1657/1657 1653/1653/1653
f 1653/1653/1653 1616/1616/1616 1656/1656/1656
f 1658/1658/1658 1659/1659/1659 1656/1656/1656
f 1656/1656/1656 1616/1616/1616 1658/1658/1658
f 1660/1660/1660 1661/1661/1661 1658/1658/1658
f 1658/1658/1658 1616/1616/1616 1660/1660/1660
f 1662/1662/1662 1663/1663/1663 1660/1660/1660
f 1660/1660/1660 1616/1616/1616 1662/1662/1662
f 1615/1615/1615 1664/1664/1664 1662/1662/1662
f 1662/1662/1662 1616/1616/1616 1615/1615/1615
f 1667/1667/1667 1666/1666/1666 1665/1665/1665
f 1665/1665/1665 1668/1668/1668 1667/1667/1667
f 1666/1666/1666 1574/1574/1574 1575/1575/1575
f 1575/1575/1575 1665/1665/1665 1666/1666/1666
f 1671/1671/1671 1670/1670/1670 1669/1669/1669
f 1674/1674/1674 1673/1673/1673 1672/1672/1672
f 1677/1677/1677 1676/1676/1676 1675/1675/1675
f 1677/1677/1677 1675/1675/1675 1666/1666/1666
f 1666/1666/1666 1675/1675/1675 1574/1574/1574
f 1547/1547/1547 1553/1553/1553 1554/1554/1554
f 1554/1554/1554 1551/1551/1551 1547/1547/1547
f 1680/1680/1680 1679/1679/1679 1678/1678/1678
f 1680/1680/1680 1678/1678/1678 1665/1665/1665
f 1665/1665/1665 1575/1575/1575 1680/1680/1680
f 1672/1672/1672 1550/1550/1550 1674/1674/1674
f 1674/1674/1674 1550/1550/1550 1552/1552/1552
f 1681/1681/1681 1682/1682/1682 1683/1683/1683
f 1683/1683/1683 1684/1684/1684 1681/1681/1681
f 1685/1685/1685 1681/1681/1681 1684/1684/1684
f 1684/1684/1684 1686/1686/1686 1685/1685/1685
f 1687/1687/1687 1685/1685/1685 1686/1686/1686
f 1686/1686/1686 1688/1688/1688 1687/1687/1687
f 1689/1689/1689 1687/1687/1687 1688/1688/1688
f 1688/1688/1688 1690/1690/1690 1689/1689/1689
f 1691/1691/1691 1689/1689/1689 1690/1690/1690
f 1690/1690/1690 1692/1692/1692 1691/1691/1691
f 1693/1693/1693 1691/1691/1691 1692/1692/1692
f 1692/1692/1692 1694/1694/1694 1693/1693/1693
f 1695/1695/1695 1693/1693/1693 1694/1694/1694
f 1694/1694/1694 1696/1696/1696 1695/1695/1695
f 1697/1697/1697 1695/1695/1695 1696/1696/1696
f 1696/1696/1696 1698/1698/1698 1697/1697/1697
f 1699/1699/1699 1697/1697/1697 1698/1698/1698
f 1698/1698/1698 1700/1700/1700 1699/1699/1699
f 1701/1701/1701 1699/1699/1699 1700/1700/1700
f 1700/1700/1700 1702/1702/1702 1701/1701/1701
f 1703/1703/1703 1701/1701/1701 1702/1702/1702
f 1702/1702/1702 1704/1704/1704 1703/1703/1703
f 1705/1705/1705 1703/1703/1703 1704/1704/1704
f 1704/1704/1704 1706/1706/1706 1705/1705/1705
f 1707/1707/1707 1705/1705/1705 1706/1706/1706
f 1706/1706/1706 1708/1708/1708 1707/1707/1707
f 1709/1709/1709 1707/1707/1707 1708/1708/1708
f 1708/1708/1708 1710/1710/1710 1709/1709/1709
f 1711/1711/1711 1709/1709/1709 1710/1710/1710
f 1710/1710/1710 1712/1712/1712 1711/1711/1711
f 1713/1713/1713 1711/1711/1711 1712/1712/1712
f 1712/1712/1712 1714/1714/1714 1713/1713/1713
f 1715/1715/1715 1713/1713/1713 1714/1714/1714
f 1714/1714/1714 1716/1716/1716 1715/1715/1715
f 1717/1717/1717 1715/1715/1715 1716/1716/1716
f 1716/1716/1716 1718/1718/1718 1717/1717/1717
f 1719/1719/1719 1717/1717/1717 1718/1718/1718
f 1718/1718/1718 1720/1720/1720 1719/1719/1719
f 1721/1721/1721 1719/1719/1719 1720/1720/1720
f 1720/1720/1720 1722/1722/1722 1721/1721/1721
f 1723/1723/1723 1721/1721/1721 1722/1722/1722
f 1722/1722/1722 1724/1724/1724 1723/1723/1723
f 1725/1725/1725 1723/1723/1723 1724/1724/1724
f 1724/1724/1724 1726/1726/1726 1725/1725/1725
f 1727/1727/1727 1725/1725/1725 1726/1726/1726
f 1726/1726/1726 1728/1728/1728 1727/1727/1727
f 1729/1729/1729 1727/1727/1727 1728/1728/1728
f 1728/1728/1728 1730/1730/1730 1729/1729/1729
f 1731/1731/1731 1729/1729/1729 1730/1730/1730
f 1730/1730/1730 1732/1732/1732 1731/1731/1731
f 1733/1733/1733 1731/1731/1731 1732/1732/1732
f 1732/1732/1732 1734/1734/1734 1733/1733/1733
f 1735/1735/1735 1733/1733/1733 1734/1734/1734
f 1734/1734/1734 1736/1736/1736 1735/1735/1735
f 1737/1737/1737 1735/1735/1735 1736/1736/1736
f 1736/1736/1736 1738/1738/1738 1737/1737/1737
f 1739/1739/1739 1737/1737/1737 1738/1738/1738
f 1738/1738/1738 1740/1740/1740 1739/1739/1739
f 1741/1741/1741 1739/1739/1739 1740/1740/1740
f 1740/1740/1740 1742/1742/1742 1741/1741/1741
f 1743/1743/1743 1741/1741/1741 1742/1742/1742
f 1742/1742/1742 1744/1744/1744 1743/1743/1743
f 1745/1745/1745 1743/1743/1743 1744/1744/1744
f 1744/1744/1744 1746/1746/1746 1745/1745/1745
f 1747/1747/1747 1745/1745/1745 1746/1746/1746
f 1746/1746/1746 1748/1748/1748 1747/1747/1747
f 1749/1749/1749 1747/1747/1747 1748/1748/1748
f 1748/1748/1748 1750/1750/1750 1749/1749/1749
f 1751/1751/1751 1749/1749/1749 1750/1750/1750
f 1750/1750/1750 1752/1752/1752 1751/1751/1751
f 1753/1753/1753 1751/1751/1751 1752/1752/1752
f 1752/1752/1752 1754/1754/1754 1753/1753/1753
f 1755/1755/1755 1753/1753/1753 1754/1754/1754
f 1754/1754/1754 1756/1756/1756 1755/1755/1755
f 1757/1757/1757 1755/1755/1755 1756/1756/1756
f 1756/1756/1756 1758/1758/1758 1757/1757/1757
f 1759/1759/1759 1757/1757/1757 1758/1758/1758
f 1758/1758/1758 1760/1760/1760 1759/1759/1759
f 1761/1761/1761 1759/1759/1759 1760/1760/1760
f 1760/1760/1760 1762/1762/1762 1761/1761/1761
f 1763/1763/1763 1761/1761/1761 1762/1762/1762
f 1762/1762/1762 1764/1764/1764 1763/1763/1763
f 1765/1765/1765 1763/1763/1763 1764/1764/1764
f 1764/1764/1764 1766/1766/1766 1765/1765/1765
f 1767/1767/1767 1765/1765/1765 1766/1766/1766
f 1766/1766/1766 1768/1768/1768 1767/1767/1767
f 1769/1769/1769 1767/1767/1767 1768/1768/1768
f 1768/1768/1768 1770/1770/1770 1769/1769/1769
f 1771/1771/1771 1769/1769/1769 1770/1770/1770
f 1770/1770/1770 1772/1772/1772 1771/1771/1771
f 1773/1773/1773 1771/1771/1771 1772/1772/1772
f 1772/1772/1772 1774/1774/1774 1773/1773/1773
f 1775/1775/1775 1773/1773/1773 1774/1774/1774
f 1774/1774/1774 1776/1776/1776 1775/1775/1775
f 1682/1682/1682 1775/1775/1775 1776/1776/1776
f 1776/1776/1776 1683/1683/1683 1682/1682/1682
f 1779/1779/1779 1778/1778/1778 1777/1777/1777
f 1777/1777/1777 1780/1780/1780 1779/1779/1779
f 1782/1782/1782 1781/1781/1781 1778/1778/1778
f 1778/1778/1778 1779/1779/1779 1782/1782/1782
f 1784/1784/1784 1783/1783/1783 1781/1781/1781
f 1781/1781/1781 1782/1782/1782 1784/1784/1784
f 1786/1786/1786 1785/1785/1785 1783/1783/1783
f 1783/1783/1783 1784/1784/1784 1786/1786/1786
f 1788/1788/1788 1787/1787/1787 1785/1785/1785
f 1785/1785/1785 1786/1786/1786 1788/1788/1788
f 1790/1790/1790 1789/1789/1789 1787/1787/1787
f 1787/1787/1787 1788/1788/1788 1790/1790/1790
f 1792/1792/1792 1791/1791/1791 1789/1789/1789
f 1789/1789/1789 1790/1790/1790 1792/1792/1792
f 1794/1794/1794 1793/1793/1793 1791/1791/1791
f 1791/1791/1791 1792/1792/1792 1794/1794/1794
f 1796/1796/1796 1795/1795/1795 1793/1793/1793
f 1793/1793/1793 1794/1794/1794 1796/1796/1796
f 1798/1798/1798 1797/1797/1797 1795/1795/1795
f 1795/1795/1795 1796/1796/1796 1798/1798/1798
f 1800/1800/1800 1799/1799/1799 1797/1797/1797
f 1797/1797/1797 1798/1798/1798 1800/1800/1800
f 1802/1802/1802 1801/1801/1801 1799/1799/1799
f 1799/1799/1799 1800/1800/1800 1802/1802/1802
f 1804/1804/1804 1803/1803/1803 1801/1801/1801
f 1801/1801/1801 1802/1802/1802 1804/1804/1804
f 1806/1806/1806 1805/1805/1805 1803/1803/1803
f 1803/1803/1803 1804/1804/1804 1806/1806/1806
f 1808/1808/1808 1807/1807/1807 1805/1805/1805
f 1805/1805/1805 1806/1806/1806 1808/1808/1808
f 1810/1810/1810 1809/1809/1809 1807/1807/1807
f 1807/1807/1807 1808/1808/1808 1810/1810/1810
f 1812/1812/1812 1811/1811/1811 1809/1809/1809
f 1809/1809/1809 1810/1810/1810 1812/1812/1812
f 1814/1814/1814 1813/1813/1813 1811/1811/1811
f 1811/1811/1811 1812/1812/1812 1814/1814/1814
f 1816/1816/1816 1815/1815/1815 1813/1813/1813
f 1813/1813/1813 1814/1814/1814 1816/1816/1816
f 1818/1818/1818 1817/1817/1817 1815/1815/1815
f 1815/1815/1815 1816/1816/1816 1818/1818/1818
f 1820/1820/1820 1819/1819/1819 1817/1817/1817
f 1817/1817/1817 1818/1818/1818 1820/1820/1820
f 1822/1822/1822 1821/1821/1821 1819/1819/1819
f 1819/1819/1819 1820/1820/1820 1822/1822/1822
f 1824/1824/1824 1823/1823/1823 1821/1821/1821
f 1821/1821/1821 1822/1822/1822 1824/1824/1824
f 1826/1826/1826 1825/1825/1825 1823/1823/1823
f 1823/1823/1823 1824/1824/1824 1826/1826/1826
f 1828/1828/1828 1827/1827/1827 1825/1825/1825
f 1825/1825/1825 1826/1826/1826 1828/1828/1828
f 1830/1830/1830 1829/1829/1829 1827/1827/1827
f 1827/1827/1827 1828/1828/1828 1830/1830/1830
f 1832/1832/1832 1831/1831/1831 1829/1829/1829
f 1829/1829/1829 1830/1830/1830 1832/1832/1832
f 1834/1834/1834 1833/1833/1833 1831/1831/1831
f 1831/1831/1831 1832/1832/1832 1834/1834/1834
f 1836/1836/1836 1835/1835/1835 1833/1833/1833
f 1833/1833/1833 1834/1834/1834 1836/1836/1836
f 1838/1838/1838 1837/1837/1837 1835/1835/1835
f 1835/1835/1835 1836/1836/1836 1838/1838/1838
f 1840/1840/1840 1839/1839/1839 1837/1837/1837
f 1837/1837/1837 1838/1838/1838 1840/1840/1840
f 1842/1842/1842 1841/1841/1841 1839/1839/1839
f 1839/1839/1839 1840/1840/1840 1842/1842/1842
f 1844/1844/1844 1843/1843/1843 1841/1841/1841
f 1841/1841/1841 1842/1842/1842 1844/1844/1844
f 1846/1846/1846 1845/1845/1845 1843/1843/1843
f 1843/1843/1843 1844/1844/1844 1846/1846/1846
f 1848/1848/1848 1847/1847/1847 1845/1845/1845
f 1845/1845/1845 1846/1846/1846 1848/1848/1848
f 1850/1850/1850 1849/1849/1849 1847/1847/1847
f 1847/1847/1847 1848/1848/1848 1850/1850/1850
f 1852/1852/1852 1851/1851/1851 1849/1849/1849
f 1849/1849/1849 1850/1850/1850 1852/1852/1852
f 1854/1854/1854 1853/1853/1853 1851/1851/1851
f 1851/1851/1851 1852/1852/1852 1854/1854/1854
f 1856/1856/1856 1855/1855/1855 1853/1853/1853
f 1853/1853/1853 1854/1854/1854 1856/1856/1856
f 1858/1858/1858 1857/1857/1857 1855/1855/1855
f 1855/1855/1855 1856/1856/1856 1858/1858/1858
f 1860/1860/1860 1859/1859/1859 1857/1857/1857
f 1857/1857/1857 1858/1858/1858 1860/1860/1860
f 1862/1862/1862 1861/1861/1861 1859/1859/1859
f 1859/1859/1859 1860/1860/1860 1862/1862/1862
f 1864/1864/1864 1863/1863/1863 1861/1861/1861
f 1861/1861/1861 1862/1862/1862 1864/1864/1864
f 1866/1866/1866 1865/1865/1865 1863/1863/1863
f 1863/1863/1863 1864/1864/1864 1866/1866/1866
f 1868/1868/1868 1867/1867/1867 1865/1865/1865
f 1865/1865/1865 1866/1866/1866 1868/1868/1868
f 1870/1870/1870 1869/1869/1869 1867/1867/1867
f 1867/1867/1867 1868/1868/1868 1870/1870/1870
f 1872/1872/1872 1871/1871/1871 1869/1869/1869
f 1869/1869/1869 1870/1870/1870 1872/1872/1872
f 1780/1780/1780 1777/1777/1777 1871/1871/1871
f 1871/1871/1871 1872/1872/1872 1780/1780/1780
f 1875/1875/1875 1874/1874/1874 1873/1873/1873
f 1873/1873/1873 1876/1876/1876 1875/1875/1875
f 1878/1878/1878 1877/1877/1877 1874/1874/1874
f 1874/1874/1874 1875/1875/1875 1878/1878/1878
f 1880/1880/1880 1879/1879/1879 1877/1877/1877
f 1877/1877/1877 1878/1878/1878 1880/1880/1880
f 1882/1882/1882 1881/1881/1881 1879/1879/1879
f 1879/1879/1879 1880/1880/1880 1882/1882/1882
f 1884/1884/1884 1883/1883/1883 1881/1881/1881
f 1881/1881/1881 1882/1882/1882 1884/1884/1884
f 1886/1886/1886 1885/1885/1885 1883/1883/1883
f 1883/1883/1883 1884/1884/1884 1886/1886/1886
f 1888/1888/1888 1887/1887/1887 1885/1885/1885
f 1885/1885/1885 1886/1886/1886 1888/1888/1888
f 1890/1890/1890 1889/1889/1889 1887/1887/1887
f 1887/1887/1887 1888/1888/1888 1890/1890/1890
f 1892/1892/1892 1891/1891/1891 1889/1889/1889
f 1889/1889/1889 1890/1890/1890 1892/1892/1892
f 1894/1894/1894 1893/1893/1893 1891/1891/1891
f 1891/1891/1891 1892/1892/1892 1894/1894/1894
f 1896/1896/1896 1895/1895/1895 1893/1893/1893
f 1893/1893/1893 1894/1894/1894 1896/1896/1896
f 1898/1898/1898 1897/1897/1897 1895/1895/1895
f 1895/1895/1895 1896/1896/1896 1898/1898/1898
f 1900/1900/1900 1899/1899/1899 1897/1897/1897
f 1897/1897/1897 1898/1898/1898 1900/1900/1900
f 1902/1902/1902 1901/1901/1901 1899/1899/1899
f 1899/1899/1899 1900/1900/1900 1902/1902/1902
f 1904/1904/1904 1903/1903/1903 1901/1901/1901
f 1901/1901/1901 1902/1902/1902 1904/1904/1904
f 1906/1906/1906 1905/1905/1905 1903/1903/1903
f 1903/1903/1903 1904/1904/1904 1906/1906/1906
f 1908/1908/1908 1907/1907/1907 1905/1905/1905
f 1905/1905/1905 1906/1906/1906 1908/1908/1908
f 1910/1910/1910 1909/1909/1909 1907/1907/1907
f 1907/1907/1907 1908/1908/1908 1910/1910/1910
f 1912/1912/1912 1911/1911/1911 1909/1909/1909
f 1909/1909/1909 1910/1910/1910 1912/1912/1912
f 1914/1914/1914 1913/1913/1913 1911/1911/1911
f 1911/1911/1911 1912/1912/1912 1914/1914/1914
f 1916/1916/1916 1915/1915/1915 1913/1913/1913
f 1913/1913/1913 1914/1914/1914 1916/1916/1916
f 1918/1918/1918 1917/1917/1917 1915/1915/1915
f 1915/1915/1915 1916/1916/1916 1918/1918/1918
f 1920/1920/1920 1919/1919/1919 1917/1917/1917
f 1917/1917/1917 1918/1918/1918 1920/1920/1920
f 1922/1922/1922 1921/1921/1921 1919/1919/1919
f 1919/1919/1919 1920/1920/1920 1922/1922/1922
f 1924/1924/1924 1923/1923/1923 1921/1921/1921
f 1921/1921/1921 1922/1922/1922 1924/1924/1924
f 1926/1926/1926 1925/1925/1925 1923/1923/1923
f 1923/1923/1923 1924/1924/1924 1926/1926/1926
f 1928/1928/1928 1927/1927/1927 1925/1925/1925
f 1925/1925/1925 1926/1926/1926 1928/1928/1928
f 1930/1930/1930 1929/1929/1929 1927/1927/1927
f 1927/1927/1927 1928/1928/1928 1930/1930/1930
f 1932/1932/1932 1931/1931/1931 1929/1929/1929
f 1929/1929/1929 1930/1930/1930 1932/1932/1932
f 1934/1934/1934 1933/1933/1933 1931/1931/1931
f 1931/1931/1931 1932/1932/1932 1934/1934/1934
f 1936/1936/1936 1935/1935/1935 1933/1933/1933
f 1933/1933/1933 1934/1934/1934 1936/1936/1936
f 1938/1938/1938 1937/1937/1937 1935/1935/1935
f 1935/1935/1935 1936/1936/1936 1938/1938/1938
f 1940/1940/1940 1939/1939/1939 1937/1937/1937
f 1937/1937/1937 1938/1938/1938 1940/1940/1940
f 1942/1942/1942 1941/1941/1941 1939/1939/1939
f 1939/1939/1939 1940/1940/1940 1942/1942/1942
f 1944/1944/1944 1943/1943/1943 1941/1941/1941
f 1941/1941/1941 1942/1942/1942 1944/1944/1944
f 1946/1946/1946 1945/1945/1945 1943/1943/1943
f 1943/1943/1943 1944/1944/1944 1946/1946/1946
f 1948/1948/1948 1947/1947/1947 1945/1945/1945
f 1945/1945/1945 1946/1946/1946 1948/1948/1948
f 1950/1950/1950 1949/1949/1949 1947/1947/1947
f 1947/1947/1947 1948/1948/1948 1950/1950/1950
f 1952/1952/1952 1951/1951/1951 1949/1949/1949
f 1949/1949/1949 1950/1950/1950 1952/1952/1952
f 1954/1954/1954 1953/1953/1953 1951/1951/1951
f 1951/1951/1951 1952/1952/1952 1954/1954/1954
f 1956/1956/1956 1955/1955/1955 1953/1953/1953
f 1953/1953/1953 1954/1954/1954 1956/1956/1956
f 1958/1958/1958 1957/1957/1957 1955/1955/1955
f 1955/1955/1955 1956/1956/1956 1958/1958/1958
f 1960/1960/1960 1959/1959/1959 1957/1957/1957
f 1957/1957/1957 1958/1958/1958 1960/1960/1960
f 1962/1962/1962 1961/1961/1961 1959/1959/1959
f 1959/1959/1959 1960/1960/1960 1962/1962/1962
f 1964/1964/1964 1963/1963/1963 1961/1961/1961
f 1961/1961/1961 1962/1962/1962 1964/1964/1964
f 1966/1966/1966 1965/1965/1965 1963/1963/1963
f 1963/1963/1963 1964/1964/1964 1966/1966/1966
f 1968/1968/1968 1967/1967/1967 1965/1965/1965
f 1965/1965/1965 1966/1966/1966 1968/1968/1968
f 1876/1876/1876 1873/1873/1873 1967/1967/1967
f 1967/1967/1967 1968/1968/1968 1876/1876/1876
f 1971/1971/1971 1970/1970/1970 1969/1969/1969
f 1969/1969/1969 1972/1972/1972 1971/1971/1971
f 1974/1974/1974 1973/1973/1973 1970/1970/1970
f 1970/1970/1970 1971/1971/1971 1974/1974/1974
f 1976/1976/1976 1975/1975/1975 1973/1973/1973
f 1973/1973/1973 1974/1974/1974 1976/1976/1976
f 1978/1978/1978 1977/1977/1977 1975/1975/1975
f 1975/1975/1975 1976/1976/1976 1978/1978/1978
f 1980/1980/1980 1979/1979/1979 1977/1977/1977
f 1977/1977/1977 1978/1978/1978 1980/1980/1980
f 1982/1982/1982 1981/1981/1981 1979/1979/1979
f 1979/1979/1979 1980/1980/1980 1982/1982/1982
f 1984/1984/1984 1983/1983/1983 1981/1981/1981
f 1981/1981/1981 1982/1982/1982 1984/1984/1984
f 1986/1986/1986 1985/1985/1985 1983/1983/1983
f 1983/1983/1983 1984/1984/1984 1986/1986/1986
f 1988/1988/1988 1987/1987/1987 1985/1985/1985
f 1985/1985/1985 1986/1986/1986 1988/1988/1988
f 1990/1990/1990 1989/1989/1989 1987/1987/1987
f 1987/1987/1987 1988/1988/1988 1990/1990/1990
f 1992/1992/1992 1991/1991/1991 1989/1989/1989
f 1989/1989/1989 1990/1990/1990 1992/1992/1992
f 1994/1994/1994 1993/1993/1993 1991/1991/1991
f 1991/1991/1991 1992/1992/1992 1994/1994/1994
f 1996/1996/1996 1995/1995/1995 1993/1993/1993
f 1993/1993/1993 1994/1994/1994 1996/1996/1996
f 1998/1998/1998 1997/1997/1997 1995/1995/1995
f 1995/1995/1995 1996/1996/1996 1998/1998/1998
f 2000/2000/2000 1999/1999/1999 1997/1997/1997
f 1997/1997/1997 1998/1998/1998 2000/2000/2000
f 2002/2002/2002 2001/2001/2001 1999/1999/1999
f 1999/1999/1999 2000/2000/2000 2002/2002/2002
f 2004/2004/2004 2003/2003/2003 2001/2001/2001
f 2001/2001/2001 2002/2002/2002 2004/2004/2004
f 2006/2006/2006 2005/2005/2005 2003/2003/2003
f 2003/2003/2003 2004/2004/2004 2006/2006/2006
f 2008/2008/2008 2007/2007/2007 2005/2005/2005
f 2005/2005/2005 2006/2006/2006 2008/2008/2008
f 2010/2010/2010 2009/2009/2009 2007/2007/2007
f 2007/2007/2007 2008/2008/2008 2010/2010/2010
f 2012/2012/2012 2011/2011/2011 2009/2009/2009
f 2009/2009/2009 2010/2010/2010 2012/2012/2012
f 2014/2014/2014 2013/2013/2013 2011/2011/2011
f 2011/2011/2011 2012/2012/2012 2014/2014/2014
f 2016/2016/2016 2015/2015/2015 2013/2013/2013
f 2013/2013/2013 2014/2014/2014 2016/2016/2016
f 2018/2018/2018 2017/2017/2017 2015/2015/2015
f 2015/2015/2015 2016/2016/2016 2018/2018/2018
f 2020/2020/2020 2019/2019/2019 2017/2017/2017
f 2017/2017/2017 2018/2018/2018 2020/2020/2020
f 2022/2022/2022 2021/2021/2021 2019/2019/2019
f 2019/2019/2019 2020/2020/2020 2022/2022/2022
f 2024/2024/2024 2023/2023/2023 2021/2021/2021
f 2021/2021/2021 2022/2022/2022 2024/2024/2024
f 2026/2026/2026 2025/2025/2025 2023/2023/2023
f 2023/2023/2023 2024/2024/2024 2026/2026/2026
f 2028/2028/2028 2027/2027/2027 2025/2025/2025
f 2025/2025/2025 2026/2026/2026 2028/2028/2028
f 2030/2030/2030 2029/2029/2029 2027/2027/2027
f 2027/2027/2027 2028/2028/2028 2030/2030/2030
f 2032/2032/2032 2031/2031/2031 2029/2029/2029
f 2029/2029/2029 2030/2030/2030 2032/2032/2032
f 2034/2034/2034 2033/2033/2033 2031/2031/2031
f 2031/2031/2031 2032/2032/2032 2034/2034/2034
f 2036/2036/2036 2035/2035/2035 2033/2033/2033
f 2033/2033/2033 2034/2034/2034 2036/2036/2036
f 2038/2038/2038 2037/2037/2037 2035/2035/2035
f 2035/2035/2035 2036/2036/2036 2038/2038/2038
f 2040/2040/2040 2039/2039/2039 2037/2037/2037
f 2037/2037/2037 2038/2038/2038 2040/2040/2040
f 2042/2042/2042 2041/2041/2041 2039/2039/2039
f 2039/2039/2039 2040/2040/2040 2042/2042/2042
f 2044/2044/2044 2043/2043/2043 2041/2041/2041
f 2041/2041/2041 2042/2042/2042 2044/2044/2044
f 2046/2046/2046 2045/2045/2045 2043/2043/2043
f 2043/2043/2043 2044/2044/2044 2046/2046/2046
f 2048/2048/2048 2047/2047/2047 2045/2045/2045
f 2045/2045/2045 2046/2046/2046 2048/2048/2048
f 2050/2050/2050 2049/2049/2049 2047/2047/2047
f 2047/2047/2047 2048/2048/2048 2050/2050/2050
f 2052/2052/2052 2051/2051/2051 2049/2049/2049
f 2049/2049/2049 2050/2050/2050 2052/2052/2052
f 2054/2054/2054 2053/2053/2053 2051/2051/2051
f 2051/2051/2051 2052/2052/2052 2054/2054/2054
f 2056/2056/2056 2055/2055/2055 2053/2053/2053
f 2053/2053/2053 2054/2054/2054 2056/2056/2056
f 2058/2058/2058 2057/2057/2057 2055/2055/2055
f 2055/2055/2055 2056/2056/2056 2058/2058/2058
f 2060/2060/2060 2059/2059/2059 2057/2057/2057
f 2057/2057/2057 2058/2058/2058 2060/2060/2060
f 2062/2062/2062 2061/2061/2061 2059/2059/2059
f 2059/2059/2059 2060/2060/2060 2062/2062/2062
f 2064/2064/2064 2063/2063/2063 2061/2061/2061
f 2061/2061/2061 2062/2062/2062 2064/2064/2064
f 1972/1972/1972 1969/1969/1969 2063/2063/2063
f 2063/2063/2063 2064/2064/2064 1972/1972/1972
f 2067/2067/2067 2066/2066/2066 2065/2065/2065
f 2065/2065/2065 2068/2068/2068 2067/2067/2067
f 2070/2070/2070 2069/2069/2069 2066/2066/2066
f 2066/2066/2066 2067/2067/2067 2070/2070/2070
f 2072/2072/2072 2071/2071/2071 2069/2069/2069
f 2069/2069/2069 2070/2070/2070 2072/2072/2072
f 2074/2074/2074 2073/2073/2073 2071/2071/2071
f 2071/2071/2071 2072/2072/2072 2074/2074/2074
f 2076/2076/2076 2075/2075/2075 2073/2073/2073
f 2073/2073/2073 2074/2074/2074 2076/2076/2076
f 2078/2078/2078 2077/2077/2077 2075/2075/2075
f 2075/2075/2075 2076/2076/2076 2078/2078/2078
f 2080/2080/2080 2079/2079/2079 2077/2077/2077
f 2077/2077/2077 2078/2078/2078 2080/2080/2080
f 2082/2082/2082 2081/2081/2081 2079/2079/2079
f 2079/2079/2079 2080/2080/2080 2082/2082/2082
f 2084/2084/2084 2083/2083/2083 2081/2081/2081
f 2081/2081/2081 2082/2082/2082 2084/2084/2084
f 2086/2086/2086 2085/2085/2085 2083/2083/2083
f 2083/2083/2083 2084/2084/2084 2086/2086/2086
f 2088/2088/2088 2087/2087/2087 2085/2085/2085
f 2085/2085/2085 2086/2086/2086 2088/2088/2088
f 2090/2090/2090 2089/2089/2089 2087/2087/2087
f 2087/2087/2087 2088/2088/2088 2090/2090/2090
f 2092/2092/2092 2091/2091/2091 2089/2089/2089
f 2089/2089/2089 2090/2090/2090 2092/2092/2092
f 2094/2094/2094 2093/2093/2093 2091/2091/2091
f 2091/2091/2091 2092/2092/2092 2094/2094/2094
f 2096/2096/2096 2095/2095/2095 2093/2093/2093
f 2093/2093/2093 2094/2094/2094 2096/2096/2096
f 2098/2098/2098 2097/2097/2097 2095/2095/2095
f 2095/2095/2095 2096/2096/2096 2098/2098/2098
f 2100/2100/2100 2099/2099/2099 2097/2097/2097
f 2097/2097/2097 2098/2098/2098 2100/2100/2100
f 2102/2102/2102 2101/2101/2101 2099/2099/2099
f 2099/2099/2099 2100/2100/2100 2102/2102/2102
f 2104/2104/2104 2103/2103/2103 2101/2101/2101
f 2101/2101/2101 2102/2102/2102 2104/2104/2104
f 2106/2106/2106 2105/2105/2105 2103/2103/2103
f 2103/2103/2103 2104/2104/2104 2106/2106/2106
f 2108/2108/2108 2107/2107/2107 2105/2105/2105
f 2105/2105/2105 2106/2106/2106 2108/2108/2108
f 2110/2110/2110 2109/2109/2109 2107/2107/2107
f 2107/2107/2107 2108/2108/2108 2110/2110/2110
f 2112/2112/2112 2111/2111/2111 2109/2109/2109
f 2109/2109/2109 2110/2110/2110 2112/2112/2112
f 2114/2114/2114 2113/2113/2113 2111/2111/2111
f 2111/2111/2111 2112/2112/2112 2114/2114/2114
f 2116/2116/2116 2115/2115/2115 2113/2113/2113
f 2113/2113/2113 2114/2114/2114 2116/2116/2116
f 2118/2118/2118 2117/2117/2117 2115/2115/2115
f 2115/2115/2115 2116/2116/2116 2118/2118/2118
f 2120/2120/2120 2119/2119/2119 2117/2117/2117
f 2117/2117/2117 2118/2118/2118 2120/2120/2120
f 2122/2122/2122 2121/2121/2121 2119/2119/2119
f 2119/2119/2119 2120/2120/2120 2122/2122/2122
f 2124/2124/2124 2123/2123/2123 2121/2121/2121
f 2121/2121/2121 2122/2122/2122 2124/2124/2124
f 2126/2126/2126 2125/2125/2125 2123/2123/2123
f 2123/2123/2123 2124/2124/2124 2126/2126/2126
f 2128/2128/2128 2127/2127/2127 2125/2125/2125
f 2125/2125/2125 2126/2126/2126 2128/2128/2128
f 2130/2130/2130 2129/2129/2129 2127/2127/2127
f 2127/2127/2127 2128/2128/2128 2130/2130/2130
f 2132/2132/2132 2131/2131/2131 2129/2129/2129
f 2129/2129/2129 2130/2130/2130 2132/2132/2132
f 2134/2134/2134 2133/2133/2133 2131/2131/2131
f 2131/2131/2131 2132/2132/2132 2134/2134/2134
f 2136/2136/2136 2135/2135/2135 2133/2133/2133
f 2133/2133/2133 2134/2134/2134 2136/2136/2136
f 2138/2138/2138 2137/2137/2137 2135/2135/2135
f 2135/2135/2135 2136/2136/2136 2138/2138/2138
f 2140/2140/2140 2139/2139/2139 2137/2137/2137
f 2137/2137/2137 2138/2138/2138 2140/2140/2140
f 2142/2142/2142 2141/2141/2141 2139/2139/2139
f 2139/2139/2139 2140/2140/2140 2142/2142/2142
f 2144/2144/2144 2143/2143/2143 2141/2141/2141
f 2141/2141/2141 2142/2142/2142 2144/2144/2144
f 2146/2146/2146 2145/2145/2145 2143/2143/2143
f 2143/2143/2143 2144/2144/2144 2146/2146/2146
f 2148/2148/2148 2147/2147/2147 2145/2145/2145
f 2145/2145/2145 2146/2146/2146 2148/2148/2148
f 2150/2150/2150 2149/2149/2149 2147/2147/2147
f 2147/2147/2147 2148/2148/2148 2150/2150/2150
f 2152/2152/2152 2151/2151/2151 2149/2149/2149
f 2149/2149/2149 2150/2150/2150 2152/2152/2152
f 2154/2154/2154 2153/2153/2153 2151/2151/2151
f 2151/2151/2151 2152/2152/2152 2154/2154/2154
f 2156/2156/2156 2155/2155/2155 2153/2153/2153
f 2153/2153/2153 2154/2154/2154 2156/2156/2156
f 2158/2158/2158 2157/2157/2157 2155/2155/2155
f 2155/2155/2155 2156/2156/2156 2158/2158/2158
f 2160/2160/2160 2159/2159/2159 2157/2157/2157
f 2157/2157/2157 2158/2158/2158 2160/2160/2160
f 2068/2068/2068 2065/2065/2065 2159/2159/2159
f 2159/2159/2159 2160/2160/2160 2068/2068/2068
f 2161/2161/2161 2162/2162/2162 2163/2163/2163
f 2163/2163/2163 2164/2164/2164 2161/2161/2161
f 2165/2165/2165 2166/2166/2166 2161/2161/2161
f 2161/2161/2161 2164/2164/2164 2165/2165/2165
f 2167/2167/2167 2168/2168/2168 2169/2169/2169
f 2169/2169/2169 2170/2170/2170 2167/2167/2167
f 2171/2171/2171 2172/2172/2172 2168/2168/2168
f 2168/2168/2168 2167/2167/2167 2171/2171/2171
f 1981/1981/1981 2173/2173/2173 2174/2174/2174
f 2174/2174/2174 1975/1975/1975 1981/1981/1981
f 2175/2175/2175 2173/2173/2173 1981/1981/1981
f 1981/1981/1981 2176/2176/2176 2175/2175/2175
f 2176/2176/2176 1981/1981/1981 1987/1987/1987
f 1987/1987/1987 2177/2177/2177 2176/2176/2176
f 2178/2178/2178 2101/2101/2101 2107/2107/2107
f 2107/2107/2107 2179/2179/2179 2178/2178/2178
f 2180/2180/2180 2181/2181/2181 2101/2101/2101
f 2101/2101/2101 2178/2178/2178 2180/2180/2180
f 2101/2101/2101 2181/2181/2181 2182/2182/2182
f 2182/2182/2182 2095/2095/2095 2101/2101/2101
f 2183/2183/2183 2184/2184/2184 2185/2185/2185
f 2185/2185/2185 2186/2186/2186 2183/2183/2183
f 2187/2187/2187 2188/2188/2188 2189/2189/2189
f 2189/2189/2189 2190/2190/2190 2187/2187/2187
f 2191/2191/2191 2192/2192/2192 2193/2193/2193
f 2193/2193/2193 2194/2194/2194 2191/2191/2191
f 2195/2195/2195 2196/2196/2196 2197/2197/2197
f 2197/2197/2197 2198/2198/2198 2195/2195/2195
f 2199/2199/2199 2200/2200/2200 2201/2201/2201
f 2201/2201/2201 2202/2202/2202 2199/2199/2199
f 2203/2203/2203 2204/2204/2204 2200/2200/2200
f 2200/2200/2200 2199/2199/2199 2203/2203/2203
f 2205/2205/2205 2206/2206/2206 2207/2207/2207
f 2207/2207/2207 2208/2208/2208 2205/2205/2205
f 2209/2209/2209 2210/2210/2210 2206/2206/2206
f 2206/2206/2206 2205/2205/2205 2209/2209/2209
f 2029/2029/2029 2211/2211/2211 2212/2212/2212
f 2212/2212/2212 2023/2023/2023 2029/2029/2029
f 2213/2213/2213 2211/2211/2211 2029/2029/2029
f 2029/2029/2029 2214/2214/2214 2213/2213/2213
f 2214/2214/2214 2029/2029/2029 2035/2035/2035
f 2035/2035/2035 2215/2215/2215 2214/2214/2214
f 2216/2216/2216 2149/2149/2149 2155/2155/2155
f 2155/2155/2155 2217/2217/2217 2216/2216/2216
f 2218/2218/2218 2219/2219/2219 2149/2149/2149
f 2149/2149/2149 2216/2216/2216 2218/2218/2218
f 2149/2149/2149 2219/2219/2219 2220/2220/2220
f 2220/2220/2220 2143/2143/2143 2149/2149/2149
f 2221/2221/2221 2222/2222/2222 2125/2125/2125
f 2125/2125/2125 2223/2223/2223 2221/2221/2221
f 2224/2224/2224 2225/2225/2225 2053/2053/2053
f 2053/2053/2053 2226/2226/2226 2224/2224/2224
f 2227/2227/2227 2228/2228/2228 2005/2005/2005
f 2005/2005/2005 2229/2229/2229 2227/2227/2227
f 2230/2230/2230 2231/2231/2231 2077/2077/2077
f 2077/2077/2077 2232/2232/2232 2230/2230/2230
f 2143/2143/2143 2145/2145/2145 2233/2233/2233
f 2233/2233/2233 2149/2149/2149 2143/2143/2143
f 2149/2149/2149 2234/2234/2234 2153/2153/2153
f 2153/2153/2153 2155/2155/2155 2149/2149/2149
f 2095/2095/2095 2097/2097/2097 2235/2235/2235
f 2235/2235/2235 2101/2101/2101 2095/2095/2095
f 2101/2101/2101 2236/2236/2236 2105/2105/2105
f 2105/2105/2105 2107/2107/2107 2101/2101/2101
f 1981/1981/1981 2237/2237/2237 1985/1985/1985
f 1985/1985/1985 1987/1987/1987 1981/1981/1981
f 1975/1975/1975 1977/1977/1977 2238/2238/2238
f 2238/2238/2238 1981/1981/1981 1975/1975/1975
f 2029/2029/2029 2239/2239/2239 2033/2033/2033
f 2033/2033/2033 2035/2035/2035 2029/2029/2029
f 2023/2023/2023 2025/2025/2025 2240/2240/2240
f 2240/2240/2240 2029/2029/2029 2023/2023/2023
f 2241/2241/2241 2242/2242/2242 2243/2243/2243
f 2243/2243/2243 2244/2244/2244 2241/2241/2241
f 2244/2244/2244 2243/2243/2243 2245/2245/2245
f 2245/2245/2245 2246/2246/2246 2244/2244/2244
f 2246/2246/2246 2245/2245/2245 2247/2247/2247
f 2247/2247/2247 2248/2248/2248 2246/2246/2246
f 2249/2249/2249 2248/2248/2248 2247/2247/2247
f 2247/2247/2247 2250/2250/2250 2249/2249/2249
f 2249/2249/2249 2250/2250/2250 2251/2251/2251
f 2251/2251/2251 2252/2252/2252 2249/2249/2249
f 2252/2252/2252 2251/2251/2251 2253/2253/2253
f 2253/2253/2253 2254/2254/2254 2252/2252/2252
f 2254/2254/2254 2253/2253/2253 2255/2255/2255
f 2255/2255/2255 2256/2256/2256 2254/2254/2254
f 2256/2256/2256 2255/2255/2255 2257/2257/2257
f 2257/2257/2257 2258/2258/2258 2256/2256/2256
f 2258/2258/2258 2257/2257/2257 2259/2259/2259
f 2259/2259/2259 2260/2260/2260 2258/2258/2258
f 2261/2261/2261 2262/2262/2262 2263/2263/2263
f 2263/2263/2263 2264/2264/2264 2261/2261/2261
f 2264/2264/2264 2263/2263/2263 2265/2265/2265
f 2265/2265/2265 2266/2266/2266 2264/2264/2264
f 2266/2266/2266 2265/2265/2265 2267/2267/2267
f 2267/2267/2267 2268/2268/2268 2266/2266/2266
f 2268/2268/2268 2267/2267/2267 2269/2269/2269
f 2269/2269/2269 2270/2270/2270 2268/2268/2268
f 2270/2270/2270 2269/2269/2269 2271/2271/2271
f 2271/2271/2271 2272/2272/2272 2270/2270/2270
f 2272/2272/2272 2271/2271/2271 2273/2273/2273
f 2273/2273/2273 2274/2274/2274 2272/2272/2272
f 2274/2274/2274 2273/2273/2273 2275/2275/2275
f 2275/2275/2275 2276/2276/2276 2274/2274/2274
f 2276/2276/2276 2275/2275/2275 2277/2277/2277
f 2277/2277/2277 2278/2278/2278 2276/2276/2276
f 2278/2278/2278 2277/2277/2277 2279/2279/2279
f 2279/2279/2279 2280/2280/2280 2278/2278/2278
f 2281/2281/2281 2282/2282/2282 2283/2283/2283
f 2283/2283/2283 2284/2284/2284 2281/2281/2281
f 2284/2284/2284 2283/2283/2283 2285/2285/2285
f 2285/2285/2285 2286/2286/2286 2284/2284/2284
f 2286/2286/2286 2285/2285/2285 2287/2287/2287
f 2287/2287/2287 2288/2288/2288 2286/2286/2286
f 2288/2288/2288 2287/2287/2287 2289/2289/2289
f 2289/2289/2289 2290/2290/2290 2288/2288/2288
f 2290/2290/2290 2289/2289/2289 2291/2291/2291
f 2291/2291/2291 2292/2292/2292 2290/2290/2290
f 2292/2292/2292 2291/2291/2291 2293/2293/2293
f 2293/2293/2293 2294/2294/2294 2292/2292/2292
f 2294/2294/2294 2293/2293/2293 2295/2295/2295
f 2295/2295/2295 2296/2296/2296 2294/2294/2294
f 2296/2296/2296 2295/2295/2295 2297/2297/2297
f 2297/2297/2297 2298/2298/2298 2296/2296/2296
f 2298/2298/2298 2297/2297/2297 2299/2299/2299
f 2299/2299/2299 2300/2300/2300 2298/2298/2298
f 2301/2301/2301 2302/2302/2302 2303/2303/2303
f 2303/2303/2303 2304/2304/2304 2301/2301/2301
f 2304/2304/2304 2303/2303/2303 2305/2305/2305
f 2305/2305/2305 2306/2306/2306 2304/2304/2304
f 2306/2306/2306 2305/2305/2305 2307/2307/2307
f 2307/2307/2307 2308/2308/2308 2306/2306/2306
f 2308/2308/2308 2307/2307/2307 2309/2309/2309
f 2309/2309/2309 2310/2310/2310 2308/2308/2308
f 2310/2310/2310 2309/2309/2309 2311/2311/2311
f 2311/2311/2311 2312/2312/2312 2310/2310/2310
f 2312/2312/2312 2311/2311/2311 2313/2313/2313
f 2313/2313/2313 2314/2314/2314 2312/2312/2312
f 2314/2314/2314 2313/2313/2313 2315/2315/2315
f 2315/2315/2315 2316/2316/2316 2314/2314/2314
f 2316/2316/2316 2315/2315/2315 2317/2317/2317
f 2317/2317/2317 2318/2318/2318 2316/2316/2316
f 2318/2318/2318 2317/2317/2317 2319/2319/2319
f 2319/2319/2319 2320/2320/2320 2318/2318/2318
f 2323/2323/2323 2322/2322/2322 2321/2321/2321
f 2326/2326/2326 2325/2325/2325 2324/2324/2324
f 2329/2329/2329 2328/2328/2328 2327/2327/2327
f 2327/2327/2327 2330/2330/2330 2329/2329/2329
f 2330/2330/2330 2327/2327/2327 2331/2331/2331
f 2331/2331/2331 2332/2332/2332 2330/2330/2330
f 2335/2335/2335 2334/2334/2334 2333/2333/2333
f 2338/2338/2338 2337/2337/2337 2336/2336/2336
f 2341/2341/2341 2340/2340/2340 2339/2339/2339
f 2339/2339/2339 2342/2342/2342 2341/2341/2341
f 2339/2339/2339 2344/2344/2344 2343/2343/2343
f 2343/2343/2343 2342/2342/2342 2339/2339/2339
f 2343/2343/2343 2346/2346/2346 2345/2345/2345
f 2345/2345/2345 2342/2342/2342 2343/2343/2343
f 2345/2345/2345 2348/2348/2348 2347/2347/2347
f 2347/2347/2347 2342/2342/2342 2345/2345/2345
f 2347/2347/2347 2350/2350/2350 2349/2349/2349
f 2349/2349/2349 2342/2342/2342 2347/2347/2347
f 2349/2349/2349 2352/2352/2352 2351/2351/2351
f 2351/2351/2351 2342/2342/2342 2349/2349/2349
f 2355/2355/2355 2354/2354/2354 2353/2353/2353
f 2353/2353/2353 2356/2356/2356 2355/2355/2355
f 2356/2356/2356 2353/2353/2353 2357/2357/2357
f 2357/2357/2357 2358/2358/2358 2356/2356/2356
f 2358/2358/2358 2357/2357/2357 2359/2359/2359
f 2359/2359/2359 2360/2360/2360 2358/2358/2358
f 2360/2360/2360 2359/2359/2359 2361/2361/2361
f 2361/2361/2361 2362/2362/2362 2360/2360/2360
f 2362/2362/2362 2361/2361/2361 2363/2363/2363
f 2363/2363/2363 2364/2364/2364 2362/2362/2362
f 2364/2364/2364 2363/2363/2363 2365/2365/2365
f 2365/2365/2365 2366/2366/2366 2364/2364/2364
f 2366/2366/2366 2365/2365/2365 2367/2367/2367
f 2367/2367/2367 2368/2368/2368 2366/2366/2366
f 2368/2368/2368 2367/2367/2367 2369/2369/2369
f 2369/2369/2369 2370/2370/2370 2368/2368/2368
f 2370/2370/2370 2369/2369/2369 2371/2371/2371
f 2371/2371/2371 2372/2372/2372 2370/2370/2370
f 2372/2372/2372 2371/2371/2371 2373/2373/2373
f 2373/2373/2373 2374/2374/2374 2372/2372/2372
f 2374/2374/2374 2373/2373/2373 2375/2375/2375
f 2375/2375/2375 2376/2376/2376 2374/2374/2374
f 2376/2376/2376 2375/2375/2375 2377/2377/2377
f 2377/2377/2377 2378/2378/2378 2376/2376/2376
f 2379/2379/2379 2380/2380/2380 2381/2381/2381
f 2381/2381/2381 2382/2382/2382 2379/2379/2379
f 2383/2383/2383 2384/2384/2384 2379/2379/2379
f 2379/2379/2379 2382/2382/2382 2383/2383/2383
f 2385/2385/2385 2386/2386/2386 2383/2383/2383
f 2383/2383/2383 2382/2382/2382 2385/2385/2385
f 2387/2387/2387 2388/2388/2388 2385/2385/2385
f 2385/2385/2385 2382/2382/2382 2387/2387/2387
f 2389/2389/2389 2390/2390/2390 2387/2387/2387
f 2387/2387/2387 2382/2382/2382 2389/2389/2389
f 2391/2391/2391 2392/2392/2392 2389/2389/2389
f 2389/2389/2389 2382/2382/2382 2391/2391/2391
f 2393/2393/2393 2378/2378/2378 2377/2377/2377
f 2377/2377/2377 2394/2394/2394 2393/2393/2393
f 2395/2395/2395 2396/2396/2396 2342/2342/2342
f 2342/2342/2342 2351/2351/2351 2395/2395/2395
f 2391/2391/2391 2382/2382/2382 2397/2397/2397
f 2397/2397/2397 2398/2398/2398 2391/2391/2391
f 2401/2401/2401 2400/2400/2400 2399/2399/2399
f 2399/2399/2399 2397/2397/2397 2401/2401/2401
f 2399/2399/2399 2403/2403/2403 2402/2402/2402
f 2402/2402/2402 2397/2397/2397 2399/2399/2399
f 2402/2402/2402 2405/2405/2405 2404/2404/2404
f 2404/2404/2404 2397/2397/2397 2402/2402/2402
f 2404/2404/2404 2407/2407/2407 2406/2406/2406
f 2406/2406/2406 2397/2397/2397 2404/2404/2404
f 2406/2406/2406 2409/2409/2409 2408/2408/2408
f 2408/2408/2408 2397/2397/2397 2406/2406/2406
f 2408/2408/2408 2410/2410/2410 2398/2398/2398
f 2398/2398/2398 2397/2397/2397 2408/2408/2408
f 2411/2411/2411 2332/2332/2332 2331/2331/2331
f 2331/2331/2331 2412/2412/2412 2411/2411/2411
f 2413/2413/2413 2411/2411/2411 2412/2412/2412
f 2412/2412/2412 2414/2414/2414 2413/2413/2413
f 2415/2415/2415 2413/2413/2413 2414/2414/2414
f 2414/2414/2414 2416/2416/2416 2415/2415/2415
f 2417/2417/2417 2415/2415/2415 2416/2416/2416
f 2416/2416/2416 2418/2418/2418 2417/2417/2417
f 2419/2419/2419 2417/2417/2417 2418/2418/2418
f 2418/2418/2418 2420/2420/2420 2419/2419/2419
f 2421/2421/2421 2419/2419/2419 2420/2420/2420
f 2420/2420/2420 2422/2422/2422 2421/2421/2421
f 2423/2423/2423 2421/2421/2421 2422/2422/2422
f 2422/2422/2422 2424/2424/2424 2423/2423/2423
f 2425/2425/2425 2423/2423/2423 2424/2424/2424
f 2424/2424/2424 2426/2426/2426 2425/2425/2425
f 2427/2427/2427 2425/2425/2425 2426/2426/2426
f 2426/2426/2426 2428/2428/2428 2427/2427/2427
f 2429/2429/2429 2427/2427/2427 2428/2428/2428
f 2428/2428/2428 2430/2430/2430 2429/2429/2429
f 2431/2431/2431 2429/2429/2429 2430/2430/2430
f 2430/2430/2430 2432/2432/2432 2431/2431/2431
f 2394/2394/2394 2431/2431/2431 2432/2432/2432
f 2432/2432/2432 2393/2393/2393 2394/2394/2394
f 2433/2433/2433 2434/2434/2434 2435/2435/2435
f 2435/2435/2435 2396/2396/2396 2433/2433/2433
f 2436/2436/2436 2437/2437/2437 2433/2433/2433
f 2433/2433/2433 2396/2396/2396 2436/2436/2436
f 2438/2438/2438 2439/2439/2439 2436/2436/2436
f 2436/2436/2436 2396/2396/2396 2438/2438/2438
f 2440/2440/2440 2441/2441/2441 2438/2438/2438
f 2438/2438/2438 2396/2396/2396 2440/2440/2440
f 2442/2442/2442 2443/2443/2443 2440/2440/2440
f 2440/2440/2440 2396/2396/2396 2442/2442/2442
f 2395/2395/2395 2444/2444/2444 2442/2442/2442
f 2442/2442/2442 2396/2396/2396 2395/2395/2395
f 2447/2447/2447 2446/2446/2446 2445/2445/2445
f 2445/2445/2445 2448/2448/2448 2447/2447/2447
f 2446/2446/2446 2354/2354/2354 2355/2355/2355
f 2355/2355/2355 2445/2445/2445 2446/2446/2446
f 2451/2451/2451 2450/2450/2450 2449/2449/2449
f 2454/2454/2454 2453/2453/2453 2452/2452/2452
f 2457/2457/2457 2456/2456/2456 2455/2455/2455
f 2457/2457/2457 2455/2455/2455 2446/2446/2446
f 2446/2446/2446 2455/2455/2455 2354/2354/2354
f 2327/2327/2327 2333/2333/2333 2334/2334/2334
f 2334/2334/2334 2331/2331/2331 2327/2327/2327
f 2460/2460/2460 2459/2459/2459 2458/2458/2458
f 2460/2460/2460 2458/2458/2458 2445/2445/2445
f 2445/2445/2445 2355/2355/2355 2460/2460/2460
f 2452/2452/2452 2330/2330/2330 2454/2454/2454
f 2454/2454/2454 2330/2330/2330 2332/2332/2332
f 2463/2463/2463 2462/2462/2462 2461/2461/2461
f 2461/2461/2461 2464/2464/2464 2463/2463/2463
f 2467/2467/2467 2466/2466/2466 2465/2465/2465
f 2465/2465/2465 2468/2468/2468 2467/2467/2467
f 2471/2471/2471 2470/2470/2470 2469/2469/2469
f 2469/2469/2469 2472/2472/2472 2471/2471/2471
f 2475/2475/2475 2474/2474/2474 2473/2473/2473
f 2478/2478/2478 2477/2477/2477 2476/2476/2476
f 2481/2481/2481 2480/2480/2480 2479/2479/2479
f 2479/2479/2479 2482/2482/2482 2481/2481/2481
f 2482/2482/2482 2479/2479/2479 2483/2483/2483
f 2483/2483/2483 2484/2484/2484 2482/2482/2482
f 2487/2487/2487 2486/2486/2486 2485/2485/2485
f 2490/2490/2490 2489/2489/2489 2488/2488/2488
f 2493/2493/2493 2492/2492/2492 2491/2491/2491
f 2491/2491/2491 2494/2494/2494 2493/2493/2493
f 2491/2491/2491 2496/2496/2496 2495/2495/2495
f 2495/2495/2495 2494/2494/2494 2491/2491/2491
f 2495/2495/2495 2498/2498/2498 2497/2497/2497
f 2497/2497/2497 2494/2494/2494 2495/2495/2495
f 2497/2497/2497 2500/2500/2500 2499/2499/2499
f 2499/2499/2499 2494/2494/2494 2497/2497/2497
f 2499/2499/2499 2502/2502/2502 2501/2501/2501
f 2501/2501/2501 2494/2494/2494 2499/2499/2499
f 2501/2501/2501 2504/2504/2504 2503/2503/2503
f 2503/2503/2503 2494/2494/2494 2501/2501/2501
f 2507/2507/2507 2506/2506/2506 2505/2505/2505
f 2505/2505/2505 2508/2508/2508 2507/2507/2507
f 2508/2508/2508 2505/2505/2505 2509/2509/2509
f 2509/2509/2509 2510/2510/2510 2508/2508/2508
f 2510/2510/2510 2509/2509/2509 2511/2511/2511
f 2511/2511/2511 2512/2512/2512 2510/2510/2510
f 2512/2512/2512 2511/2511/2511 2513/2513/2513
f 2513/2513/2513 2514/2514/2514 2512/2512/2512
f 2514/2514/2514 2513/2513/2513 2515/2515/2515
f 2515/2515/2515 2516/2516/2516 2514/2514/2514
f 2516/2516/2516 2515/2515/2515 2517/2517/2517
f 2517/2517/2517 2518/2518/2518 2516/2516/2516
f 2518/2518/2518 2517/2517/2517 2519/2519/2519
f 2519/2519/2519 2520/2520/2520 2518/2518/2518
f 2520/2520/2520 2519/2519/2519 2521/2521/2521
f 2521/2521/2521 2522/2522/2522 2520/2520/2520
f 2522/2522/2522 2521/2521/2521 2523/2523/2523
f 2523/2523/2523 2524/2524/2524 2522/2522/2522
f 2524/2524/2524 2523/2523/2523 2525/2525/2525
f 2525/2525/2525 2526/2526/2526 2524/2524/2524
f 2526/2526/2526 2525/2525/2525 2527/2527/2527
f 2527/2527/2527 2528/2528/2528 2526/2526/2526
f 2528/2528/2528 2527/2527/2527 2529/2529/2529
f 2529/2529/2529 2530/2530/2530 2528/2528/2528
f 2531/2531/2531 2532/2532/2532 2533/2533/2533
f 2533/2533/2533 2534/2534/2534 2531/2531/2531
f 2535/2535/2535 2536/2536/2536 2531/2531/2531
f 2531/2531/2531 2534/2534/2534 2535/2535/2535
f 2537/2537/2537 2538/2538/2538 2535/2535/2535
f 2535/2535/2535 2534/2534/2534 2537/2537/2537
f 2539/2539/2539 2540/2540/2540 2537/2537/2537
f 2537/2537/2537 2534/2534/2534 2539/2539/2539
f 2541/2541/2541 2542/2542/2542 2539/2539/2539
f 2539/2539/2539 2534/2534/2534 2541/2541/2541
f 2543/2543/2543 2544/2544/2544 2541/2541/2541
f 2541/2541/2541 2534/2534/2534 2543/2543/2543
f 2545/2545/2545 2530/2530/2530 2529/2529/2529
f 2529/2529/2529 2546/2546/2546 2545/2545/2545
f 2547/2547/2547 2548/2548/2548 2494/2494/2494
f 2494/2494/2494 2503/2503/2503 2547/2547/2547
f 2543/2543/2543 2534/2534/2534 2549/2549/2549
f 2549/2549/2549 2550/2550/2550 2543/2543/2543
f 2553/2553/2553 2552/2552/2552 2551/2551/2551
f 2551/2551/2551 2549/2549/2549 2553/2553/2553
f 2551/2551/2551 2555/2555/2555 2554/2554/2554
f 2554/2554/2554 2549/2549/2549 2551/2551/2551
f 2554/2554/2554 2557/2557/2557 2556/2556/2556
f 2556/2556/2556 2549/2549/2549 2554/2554/2554
f 2556/2556/2556 2559/2559/2559 2558/2558/2558
f 2558/2558/2558 2549/2549/2549 2556/2556/2556
f 2558/2558/2558 2561/2561/2561 2560/2560/2560
f 2560/2560/2560 2549/2549/2549 2558/2558/2558
f 2560/2560/2560 2562/2562/2562 2550/2550/2550
f 2550/2550/2550 2549/2549/2549 2560/2560/2560
f 2563/2563/2563 2484/2484/2484 2483/2483/2483
f 2483/2483/2483 2564/2564/2564 2563/2563/2563
f 2565/2565/2565 2563/2563/2563 2564/2564/2564
f 2564/2564/2564 2566/2566/2566 2565/2565/2565
f 2567/2567/2567 2565/2565/2565 2566/2566/2566
f 2566/2566/2566 2568/2568/2568 2567/2567/2567
f 2569/2569/2569 2567/2567/2567 2568/2568/2568
f 2568/2568/2568 2570/2570/2570 2569/2569/2569
f 2571/2571/2571 2569/2569/2569 2570/2570/2570
f 2570/2570/2570 2572/2572/2572 2571/2571/2571
f 2573/2573/2573 2571/2571/2571 2572/2572/2572
f 2572/2572/2572 2574/2574/2574 2573/2573/2573
f 2575/2575/2575 2573/2573/2573 2574/2574/2574
f 2574/2574/2574 2576/2576/2576 2575/2575/2575
f 2577/2577/2577 2575/2575/2575 2576/2576/2576
f 2576/2576/2576 2578/2578/2578 2577/2577/2577
f 2579/2579/2579 2577/2577/2577 2578/2578/2578
f 2578/2578/2578 2580/2580/2580 2579/2579/2579
f 2581/2581/2581 2579/2579/2579 2580/2580/2580
f 2580/2580/2580 2582/2582/2582 2581/2581/2581
f 2583/2583/2583 2581/2581/2581 2582/2582/2582
f 2582/2582/2582 2584/2584/2584 2583/2583/2583
f 2546/2546/2546 2583/2583/2583 2584/2584/2584
f 2584/2584/2584 2545/2545/2545 2546/2546/2546
f 2585/2585/2585 2586/2586/2586 2587/2587/2587
f 2587/2587/2587 2548/2548/2548 2585/2585/2585
f 2588/2588/2588 2589/2589/2589 2585/2585/2585
f 2585/2585/2585 2548/2548/2548 2588/2588/2588
f 2590/2590/2590 2591/2591/2591 2588/2588/2588
f 2588/2588/2588 2548/2548/2548 2590/2590/2590
f 2592/2592/2592 2593/2593/2593 2590/2590/2590
f 2590/2590/2590 2548/2548/2548 2592/2592/2592
f 2594/2594/2594 2595/2595/2595 2592/2592/2592
f 2592/2592/2592 2548/2548/2548 2594/2594/2594
f 2547/2547/2547 2596/2596/2596 2594/2594/2594
f 2594/2594/2594 2548/2548/2548 2547/2547/2547
f 2599/2599/2599 2598/2598/2598 2597/2597/2597
f 2597/2597/2597 2600/2600/2600 2599/2599/2599
f 2598/2598/2598 2506/2506/2506 2507/2507/2507
f 2507/2507/2507 2597/2597/2597 2598/2598/2598
f 2603/2603/2603 2602/2602/2602 2601/2601/2601
f 2606/2606/2606 2605/2605/2605 2604/2604/2604
f 2609/2609/2609 2608/2608/2608 2607/2607/2607
f 2609/2609/2609 2607/2607/2607 2598/2598/2598
f 2598/2598/2598 2607/2607/2607 2506/2506/2506
f 2479/2479/2479 2485/2485/2485 2486/2486/2486
f 2486/2486/2486 2483/2483/2483 2479/2479/2479
f 2612/2612/2612 2611/2611/2611 2610/2610/2610
f 2612/2612/2612 2610/2610/2610 2597/2597/2597
f 2597/2597/2597 2507/2507/2507 2612/2612/2612
f 2604/2604/2604 2482/2482/2482 2606/2606/2606
f 2606/2606/2606 2482/2482/2482 2484/2484/2484
f 2615/2615/2615 2614/2614/2614 2613/2613/2613
f 2613/2613/2613 2616/2616/2616 2615/2615/2615
f 2619/2619/2619 2618/2618/2618 2617/2617/2617
f 2617/2617/2617 2620/2620/2620 2619/2619/2619
f 2623/2623/2623 2622/2622/2622 2621/2621/2621
f 2621/2621/2621 2624/2624/2624 2623/2623/2623
f 2627/2627/2627 2626/2626/2626 2625/2625/2625
f 2630/2630/2630 2629/2629/2629 2628/2628/2628
f 2633/2633/2633 2632/2632/2632 2631/2631/2631
f 2631/2631/2631 2634/2634/2634 2633/2633/2633
f 2634/2634/2634 2631/2631/2631 2635/2635/2635
f 2635/2635/2635 2636/2636/2636 2634/2634/2634
f 2639/2639/2639 2638/2638/2638 2637/2637/2637
f 2642/2642/2642 2641/2641/2641 2640/2640/2640
f 2645/2645/2645 2644/2644/2644 2643/2643/2643
f 2643/2643/2643 2646/2646/2646 2645/2645/2645
f 2643/2643/2643 2648/2648/2648 2647/2647/2647
f 2647/2647/2647 2646/2646/2646 2643/2643/2643
f 2647/2647/2647 2650/2650/2650 2649/2649/2649
f 2649/2649/2649 2646/2646/2646 2647/2647/2647
f 2649/2649/2649 2652/2652/2652 2651/2651/2651
f 2651/2651/2651 2646/2646/2646 2649/2649/2649
f 2651/2651/2651 2654/2654/2654 2653/2653/2653
f 2653/2653/2653 2646/2646/2646 2651/2651/2651
f 2653/2653/2653 2656/2656/2656 2655/2655/2655
f 2655/2655/2655 2646/2646/2646 2653/2653/2653
f 2659/2659/2659 2658/2658/2658 2657/2657/2657
f 2657/2657/2657 2660/2660/2660 2659/2659/2659
f 2660/2660/2660 2657/2657/2657 2661/2661/2661
f 2661/2661/2661 2662/2662/2662 2660/2660/2660
f 2662/2662/2662 2661/2661/2661 2663/2663/2663
f 2663/2663/2663 2664/2664/2664 2662/2662/2662
f 2664/2664/2664 2663/2663/2663 2665/2665/2665
f 2665/2665/2665 2666/2666/2666 2664/2664/2664
f 2666/2666/2666 2665/2665/2665 2667/2667/2667
f 2667/2667/2667 2668/2668/2668 2666/2666/2666
f 2668/2668/2668 2667/2667/2667 2669/2669/2669
f 2669/2669/2669 2670/2670/2670 2668/2668/2668
f 2670/2670/2670 2669/2669/2669 2671/2671/2671
f 2671/2671/2671 2672/2672/2672 2670/2670/2670
f 2672/2672/2672 2671/2671/2671 2673/2673/2673
f 2673/2673/2673 2674/2674/2674 2672/2672/2672
f 2674/2674/2674 2673/2673/2673 2675/2675/2675
f 2675/2675/2675 2676/2676/2676 2674/2674/2674
f 2676/2676/2676 2675/2675/2675 2677/2677/2677
f 2677/2677/2677 2678/2678/2678 2676/2676/2676
f 2678/2678/2678 2677/2677/2677 2679/2679/2679
f 2679/2679/2679 2680/2680/2680 2678/2678/2678
f 2680/2680/2680 2679/2679/2679 2681/2681/2681
f 2681/2681/2681 2682/2682/2682 2680/2680/2680
f 2683/2683/2683 2684/2684/2684 2685/2685/2685
f 2685/2685/2685 2686/2686/2686 2683/2683/2683
f 2687/2687/2687 2688/2688/2688 2683/2683/2683
f 2683/2683/2683 2686/2686/2686 2687/2687/2687
f 2689/2689/2689 2690/2690/2690 2687/2687/2687
f 2687/2687/2687 2686/2686/2686 2689/2689/2689
f 2691/2691/2691 2692/2692/2692 2689/2689/2689
f 2689/2689/2689 2686/2686/2686 2691/2691/2691
f 2693/2693/2693 2694/2694/2694 2691/2691/2691
f 2691/2691/2691 2686/2686/2686 2693/2693/2693
f 2695/2695/2695 2696/2696/2696 2693/2693/2693
f 2693/2693/2693 2686/2686/2686 2695/2695/2695
f 2697/2697/2697 2682/2682/2682 2681/2681/2681
f 2681/2681/2681 2698/2698/2698 2697/2697/2697
f 2699/2699/2699 2700/2700/2700 2646/2646/2646
f 2646/2646/2646 2655/2655/2655 2699/2699/2699
f 2695/2695/2695 2686/2686/2686 2701/2701/2701
f 2701/2701/2701 2702/2702/2702 2695/2695/2695
f 2705/2705/2705 2704/2704/2704 2703/2703/2703
f 2703/2703/2703 2701/2701/2701 2705/2705/2705
f 2703/2703/2703 2707/2707/2707 2706/2706/2706
f 2706/2706/2706 2701/2701/2701 2703/2703/2703
f 2706/2706/2706 2709/2709/2709 2708/2708/2708
f 2708/2708/2708 2701/2701/2701 2706/2706/2706
f 2708/2708/2708 2711/2711/2711 2710/2710/2710
f 2710/2710/2710 2701/2701/2701 2708/2708/2708
f 2710/2710/2710 2713/2713/2713 2712/2712/2712
f 2712/2712/2712 2701/2701/2701 2710/2710/2710
f 2712/2712/2712 2714/2714/2714 2702/2702/2702
f 2702/2702/2702 2701/2701/2701 2712/2712/2712
f 2715/2715/2715 2636/2636/2636 2635/2635/2635
f 2635/2635/2635 2716/2716/2716 2715/2715/2715
f 2717/2717/2717 2715/2715/2715 2716/2716/2716
f 2716/2716/2716 2718/2718/2718 2717/2717/2717
f 2719/2719/2719 2717/2717/2717 2718/2718/2718
f 2718/2718/2718 2720/2720/2720 2719/2719/2719
f 2721/2721/2721 2719/2719/2719 2720/2720/2720
f 2720/2720/2720 2722/2722/2722 2721/2721/2721
f 2723/2723/2723 2721/2721/2721 2722/2722/2722
f 2722/2722/2722 2724/2724/2724 2723/2723/2723
f 2725/2725/2725 2723/2723/2723 2724/2724/2724
f 2724/2724/2724 2726/2726/2726 2725/2725/2725
f 2727/2727/2727 2725/2725/2725 2726/2726/2726
f 2726/2726/2726 2728/2728/2728 2727/2727/2727
f 2729/2729/2729 2727/2727/2727 2728/2728/2728
f 2728/2728/2728 2730/2730/2730 2729/2729/2729
f 2731/2731/2731 2729/2729/2729 2730/2730/2730
f 2730/2730/2730 2732/2732/2732 2731/2731/2731
f 2733/2733/2733 2731/2731/2731 2732/2732/2732
f 2732/2732/2732 2734/2734/2734 2733/2733/2733
f 2735/2735/2735 2733/2733/2733 2734/2734/2734
f 2734/2734/2734 2736/2736/2736 2735/2735/2735
f 2698/2698/2698 2735/2735/2735 2736/2736/2736
f 2736/2736/2736 2697/2697/2697 2698/2698/2698
f 2737/2737/2737 2738/2738/2738 2739/2739/2739
f 2739/2739/2739 2700/2700/2700 2737/2737/2737
f 2740/2740/2740 2741/2741/2741 2737/2737/2737
f 2737/2737/2737 2700/2700/2700 2740/2740/2740
f 2742/2742/2742 2743/2743/2743 2740/2740/2740
f 2740/2740/2740 2700/2700/2700 2742/2742/2742
f 2744/2744/2744 2745/2745/2745 2742/2742/2742
f 2742/2742/2742 2700/2700/2700 2744/2744/2744
f 2746/2746/2746 2747/2747/2747 2744/2744/2744
f 2744/2744/2744 2700/2700/2700 2746/2746/2746
f 2699/2699/2699 2748/2748/2748 2746/2746/2746
f 2746/2746/2746 2700/2700/2700 2699/2699/2699
f 2751/2751/2751 2750/2750/2750 2749/2749/2749
f 2749/2749/2749 2752/2752/2752 2751/2751/2751
f 2750/2750/2750 2658/2658/2658 2659/2659/2659
f 2659/2659/2659 2749/2749/2749 2750/2750/2750
f 2755/2755/2755 2754/2754/2754 2753/2753/2753
f 2758/2758/2758 2757/2757/2757 2756/2756/2756
f 2761/2761/2761 2760/2760/2760 2759/2759/2759
f 2761/2761/2761 2759/2759/2759 2750/2750/2750
f 2750/2750/2750 2759/2759/2759 2658/2658/2658
f 2631/2631/2631 2637/2637/2637 2638/2638/2638
f 2638/2638/2638 2635/2635/2635 2631/2631/2631
f 2764/2764/2764 2763/2763/2763 2762/2762/2762
f 2764/2764/2764 2762/2762/2762 2749/2749/2749
f 2749/2749/2749 2659/2659/2659 2764/2764/2764
f 2756/2756/2756 2634/2634/2634 2758/2758/2758
f 2758/2758/2758 2634/2634/2634 2636/2636/2636
f 2767/2767/2767 2766/2766/2766 2765/2765/2765
f 2765/2765/2765 2768/2768/2768 2767/2767/2767
f 2771/2771/2771 2770/2770/2770 2769/2769/2769
f 2769/2769/2769 2772/2772/2772 2771/2771/2771
f 2775/2775/2775 2774/2774/2774 2773/2773/2773
f 2773/2773/2773 2776/2776/2776 2775/2775/2775
f 2779/2779/2779 2778/2778/2778 2777/2777/2777
f 2782/2782/2782 2781/2781/2781 2780/2780/2780
f 2785/2785/2785 2784/2784/2784 2783/2783/2783
f 2783/2783/2783 2786/2786/2786 2785/2785/2785
f 2786/2786/2786 2783/2783/2783 2787/2787/2787
f 2787/2787/2787 2788/2788/2788 2786/2786/2786
f 2791/2791/2791 2790/2790/2790 2789/2789/2789
f 2794/2794/2794 2793/2793/2793 2792/2792/2792
f 2797/2797/2797 2796/2796/2796 2795/2795/2795
f 2795/2795/2795 2798/2798/2798 2797/2797/2797
f 2795/2795/2795 2800/2800/2800 2799/2799/2799
f 2799/2799/2799 2798/2798/2798 2795/2795/2795
f 2799/2799/2799 2802/2802/2802 2801/2801/2801
f 2801/2801/2801 2798/2798/2798 2799/2799/2799
f 2801/2801/2801 2804/2804/2804 2803/2803/2803
f 2803/2803/2803 2798/2798/2798 2801/2801/2801
f 2803/2803/2803 2806/2806/2806 2805/2805/2805
f 2805/2805/2805 2798/2798/2798 2803/2803/2803
f 2805/2805/2805 2808/2808/2808 2807/2807/2807
f 2807/2807/2807 2798/2798/2798 2805/2805/2805
f 2811/2811/2811 2810/2810/2810 2809/2809/2809
f 2809/2809/2809 2812/2812/2812 2811/2811/2811
f 2812/2812/2812 2809/2809/2809 2813/2813/2813
f 2813/2813/2813 2814/2814/2814 2812/2812/2812
f 2814/2814/2814 2813/2813/2813 2815/2815/2815
f 2815/2815/2815 2816/2816/2816 2814/2814/2814
f 2816/2816/2816 2815/2815/2815 2817/2817/2817
f 2817/2817/2817 2818/2818/2818 2816/2816/2816
f 2818/2818/2818 2817/2817/2817 2819/2819/2819
f 2819/2819/2819 2820/2820/2820 2818/2818/2818
f 2820/2820/2820 2819/2819/2819 2821/2821/2821
f 2821/2821/2821 2822/2822/2822 2820/2820/2820
f 2822/2822/2822 2821/2821/2821 2823/2823/2823
f 2823/2823/2823 2824/2824/2824 2822/2822/2822
f 2824/2824/2824 2823/2823/2823 2825/2825/2825
f 2825/2825/2825 2826/2826/2826 2824/2824/2824
f 2826/2826/2826 2825/2825/2825 2827/2827/2827
f 2827/2827/2827 2828/2828/2828 2826/2826/2826
f 2828/2828/2828 2827/2827/2827 2829/2829/2829
f 2829/2829/2829 2830/2830/2830 2828/2828/2828
f 2830/2830/2830 2829/2829/2829 2831/2831/2831
f 2831/2831/2831 2832/2832/2832 2830/2830/2830
f 2832/2832/2832 2831/2831/2831 2833/2833/2833
f 2833/2833/2833 2834/2834/2834 2832/2832/2832
f 2835/2835/2835 2836/2836/2836 2837/2837/2837
f 2837/2837/2837 2838/2838/2838 2835/2835/2835
f 2839/2839/2839 2840/2840/2840 2835/2835/2835
f 2835/2835/2835 2838/2838/2838 2839/2839/2839
f 2841/2841/2841 2842/2842/2842 2839/2839/2839
f 2839/2839/2839 2838/2838/2838 2841/2841/2841
f 2843/2843/2843 2844/2844/2844 2841/2841/2841
f 2841/2841/2841 2838/2838/2838 2843/2843/2843
f 2845/2845/2845 2846/2846/2846 2843/2843/2843
f 2843/2843/2843 2838/2838/2838 2845/2845/2845
f 2847/2847/2847 2848/2848/2848 2845/2845/2845
f 2845/2845/2845 2838/2838/2838 2847/2847/2847
f 2849/2849/2849 2834/2834/2834 2833/2833/2833
f 2833/2833/2833 2850/2850/2850 2849/2849/2849
f 2851/2851/2851 2852/2852/2852 2798/2798/2798
f 2798/2798/2798 2807/2807/2807 2851/2851/2851
f 2847/2847/2847 2838/2838/2838 2853/2853/2853
f 2853/2853/2853 2854/2854/2854 2847/2847/2847
f 2857/2857/2857 2856/2856/2856 2855/2855/2855
f 2855/2855/2855 2853/2853/2853 2857/2857/2857
f 2855/2855/2855 2859/2859/2859 2858/2858/2858
f 2858/2858/2858 2853/2853/2853 2855/2855/2855
f 2858/2858/2858 2861/2861/2861 2860/2860/2860
f 2860/2860/2860 2853/2853/2853 2858/2858/2858
f 2860/2860/2860 2863/2863/2863 2862/2862/2862
f 2862/2862/2862 2853/2853/2853 2860/2860/2860
f 2862/2862/2862 2865/2865/2865 2864/2864/2864
f 2864/2864/2864 2853/2853/2853 2862/2862/2862
f 2864/2864/2864 2866/2866/2866 2854/2854/2854
f 2854/2854/2854 2853/2853/2853 2864/2864/2864
f 2867/2867/2867 2788/2788/2788 2787/2787/2787
f 2787/2787/2787 2868/2868/2868 2867/2867/2867
f 2869/2869/2869 2867/2867/2867 2868/2868/2868
f 2868/2868/2868 2870/2870/2870 2869/2869/2869
f 2871/2871/2871 2869/2869/2869 2870/2870/2870
f 2870/2870/2870 2872/2872/2872 2871/2871/2871
f 2873/2873/2873 2871/2871/2871 2872/2872/2872
f 2872/2872/2872 2874/2874/2874 2873/2873/2873
f 2875/2875/2875 2873/2873/2873 2874/2874/2874
f 2874/2874/2874 2876/2876/2876 2875/2875/2875
f 2877/2877/2877 2875/2875/2875 2876/2876/2876
f 2876/2876/2876 2878/2878/2878 2877/2877/2877
f 2879/2879/2879 2877/2877/2877 2878/2878/2878
f 2878/2878/2878 2880/2880/2880 2879/2879/2879
f 2881/2881/2881 2879/2879/2879 2880/2880/2880
f 2880/2880/2880 2882/2882/2882 2881/2881/2881
f 2883/2883/2883 2881/2881/2881 2882/2882/2882
f 2882/2882/2882 2884/2884/2884 2883/2883/2883
f 2885/2885/2885 2883/2883/2883 2884/2884/2884
f 2884/2884/2884 2886/2886/2886 2885/2885/2885
f 2887/2887/2887 2885/2885/2885 2886/2886/2886
f 2886/2886/2886 2888/2888/2888 2887/2887/2887
f 2850/2850/2850 2887/2887/2887 2888/2888/2888
f 2888/2888/2888 2849/2849/2849 2850/2850/2850
f 2889/2889/2889 2890/2890/2890 2891/2891/2891
f 2891/2891/2891 2852/2852/2852 2889/2889/2889
f 2892/2892/2892 2893/2893/2893 2889/2889/2889
f 2889/2889/2889 2852/2852/2852 2892/2892/2892
f 2894/2894/2894 2895/2895/2895 2892/2892/2892
f 2892/2892/2892 2852/2852/2852 2894/2894/2894
f 2896/2896/2896 2897/2897/2897 2894/2894/2894
f 2894/2894/2894 2852/2852/2852 2896/2896/2896
f 2898/2898/2898 2899/2899/2899 2896/2896/2896
f 2896/2896/2896 2852/2852/2852 2898/2898/2898
f 2851/2851/2851 2900/2900/2900 2898/2898/2898
f 2898/2898/2898 2852/2852/2852 2851/2851/2851
f 2903/2903/2903 2902/2902/2902 2901/2901/2901
f 2901/2901/2901 2904/2904/2904 2903/2903/2903
f 2902/2902/2902 2810/2810/2810 2811/2811/2811
f 2811/2811/2811 2901/2901/2901 2902/2902/2902
f 2907/2907/2907 2906/2906/2906 2905/2905/2905
f 2910/2910/2910 2909/2909/2909 2908/2908/2908
f 2913/2913/2913 2912/2912/2912 2911/2911/2911
f 2913/2913/2913 2911/2911/2911 2902/2902/2902
f 2902/2902/2902 2911/2911/2911 2810/2810/2810
f 2783/2783/2783 2789/2789/2789 2790/2790/2790
f 2790/2790/2790 2787/2787/2787 2783/2783/2783
f 2916/2916/2916 2915/2915/2915 2914/2914/2914
f 2916/2916/2916 2914/2914/2914 2901/2901/2901
f 2901/2901/2901 2811/2811/2811 2916/2916/2916
f 2908/2908/2908 2786/2786/2786 2910/2910/2910
f 2910/2910/2910 2786/2786/2786 2788/2788/2788
f 2919/2919/2919 2918/2918/2918 2917/2917/2917
f 2917/2917/2917 2920/2920/2920 2919/2919/2919
f 2923/2923/2923 2922/2922/2922 2921/2921/2921
f 2921/2921/2921 2924/2924/2924 2923/2923/2923
f 2927/2927/2927 2926/2926/2926 2925/2925/2925
f 2925/2925/2925 2928/2928/2928 2927/2927/2927
f 2931/2931/2931 2930/2930/2930 2929/2929/2929
f 2934/2934/2934 2933/2933/2933 2932/2932/2932
f 2937/2937/2937 2936/2936/2936 2935/2935/2935
f 2935/2935/2935 2938/2938/2938 2937/2937/2937
f 2938/2938/2938 2935/2935/2935 2939/2939/2939
f 2939/2939/2939 2940/2940/2940 2938/2938/2938
f 2943/2943/2943 2942/2942/2942 2941/2941/2941
f 2946/2946/2946 2945/2945/2945 2944/2944/2944
f 2949/2949/2949 2948/2948/2948 2947/2947/2947
f 2947/2947/2947 2950/2950/2950 2949/2949/2949
f 2947/2947/2947 2952/2952/2952 2951/2951/2951
f 2951/2951/2951 2950/2950/2950 2947/2947/2947
f 2951/2951/2951 2954/2954/2954 2953/2953/2953
f 2953/2953/2953 2950/2950/2950 2951/2951/2951
f 2953/2953/2953 2956/2956/2956 2955/2955/2955
f 2955/2955/2955 2950/2950/2950 2953/2953/2953
f 2955/2955/2955 2958/2958/2958 2957/2957/2957
f 2957/2957/2957 2950/2950/2950 2955/2955/2955
f 2957/2957/2957 2960/2960/2960 2959/2959/2959
f 2959/2959/2959 2950/2950/2950 2957/2957/2957
f 2963/2963/2963 2962/2962/2962 2961/2961/2961
f 2961/2961/2961 2964/2964/2964 2963/2963/2963
f 2964/2964/2964 2961/2961/2961 2965/2965/2965
f 2965/2965/2965 2966/2966/2966 2964/2964/2964
f 2966/2966/2966 2965/2965/2965 2967/2967/2967
f 2967/2967/2967 2968/2968/2968 2966/2966/2966
f 2968/2968/2968 2967/2967/2967 2969/2969/2969
f 2969/2969/2969 2970/2970/2970 2968/2968/2968
f 2970/2970/2970 2969/2969/2969 2971/2971/2971
f 2971/2971/2971 2972/2972/2972 2970/2970/2970
f 2972/2972/2972 2971/2971/2971 2973/2973/2973
f 2973/2973/2973 2974/2974/2974 2972/2972/2972
f 2974/2974/2974 2973/2973/2973 2975/2975/2975
f 2975/2975/2975 2976/2976/2976 2974/2974/2974
f 2976/2976/2976 2975/2975/2975 2977/2977/2977
f 2977/2977/2977 2978/2978/2978 2976/2976/2976
f 2978/2978/2978 2977/2977/2977 2979/2979/2979
f 2979/2979/2979 2980/2980/2980 2978/2978/2978
f 2980/2980/2980 2979/2979/2979 2981/2981/2981
f 2981/2981/2981 2982/2982/2982 2980/2980/2980
f 2982/2982/2982 2981/2981/2981 2983/2983/2983
f 2983/2983/2983 2984/2984/2984 2982/2982/2982
f 2984/2984/2984 2983/2983/2983 2985/2985/2985
f 2985/2985/2985 2986/2986/2986 2984/2984/2984
f 2987/2987/2987 2988/2988/2988 2989/2989/2989
f 2989/2989/2989 2990/2990/2990 2987/2987/2987
f 2991/2991/2991 2992/2992/2992 2987/2987/2987
f 2987/2987/2987 2990/2990/2990 2991/2991/2991
f 2993/2993/2993 2994/2994/2994 2991/2991/2991
f 2991/2991/2991 2990/2990/2990 2993/2993/2993
f 2995/2995/2995 2996/2996/2996 2993/2993/2993
f 2993/2993/2993 2990/2990/2990 2995/2995/2995
f 2997/2997/2997 2998/2998/2998 2995/2995/2995
f 2995/2995/2995 2990/2990/2990 2997/2997/2997
f 2999/2999/2999 3000/3000/3000 2997/2997/2997
f 2997/2997/2997 2990/2990/2990 2999/2999/2999
f 3001/3001/3001 2986/2986/2986 2985/2985/2985
f 2985/2985/2985 3002/3002/3002 3001/3001/3001
f 3003/3003/3003 3004/3004/3004 2950/2950/2950
f 2950/2950/2950 2959/2959/2959 3003/3003/3003
f 2999/2999/2999 2990/2990/2990 3005/3005/3005
f 3005/3005/3005 3006/3006/3006 2999/2999/2999
f 3009/3009/3009 3008/3008/3008 3007/3007/3007
f 3007/3007/3007 3005/3005/3005 3009/3009/3009
f 3007/3007/3007 3011/3011/3011 3010/3010/3010
f 3010/3010/3010 3005/3005/3005 3007/3007/3007
f 3010/3010/3010 3013/3013/3013 3012/3012/3012
f 3012/3012/3012 3005/3005/3005 3010/3010/3010
f 3012/3012/3012 3015/3015/3015 3014/3014/3014
f 3014/3014/3014 3005/3005/3005 3012/3012/3012
f 3014/3014/3014 3017/3017/3017 3016/3016/3016
f 3016/3016/3016 3005/3005/3005 3014/3014/3014
f 3016/3016/3016 3018/3018/3018 3006/3006/3006
f 3006/3006/3006 3005/3005/3005 3016/3016/3016
f 3019/3019/3019 2940/2940/2940 2939/2939/2939
f 2939/2939/2939 3020/3020/3020 3019/3019/3019
f 3021/3021/3021 3019/3019/3019 3020/3020/3020
f 3020/3020/3020 3022/3022/3022 3021/3021/3021
f 3023/3023/3023 3021/3021/3021 3022/3022/3022
f 3022/3022/3022 3024/3024/3024 3023/3023/3023
f 3025/3025/3025 3023/3023/3023 3024/3024/3024
f 3024/3024/3024 3026/3026/3026 3025/3025/3025
f 3027/3027/3027 3025/3025/3025 3026/3026/3026
f 3026/3026/3026 3028/3028/3028 3027/3027/3027
f 3029/3029/3029 3027/3027/3027 3028/3028/3028
f 3028/3028/3028 3030/3030/3030 3029/3029/3029
f 3031/3031/3031 3029/3029/3029 3030/3030/3030
f 3030/3030/3030 3032/3032/3032 3031/3031/3031
f 3033/3033/3033 3031/3031/3031 3032/3032/3032
f 3032/3032/3032 3034/3034/3034 3033/3033/3033
f 3035/3035/3035 3033/3033/3033 3034/3034/3034
f 3034/3034/3034 3036/3036/3036 3035/3035/3035
f 3037/3037/3037 3035/3035/3035 3036/3036/3036
f 3036/3036/3036 3038/3038/3038 3037/3037/3037
f 3039/3039/3039 3037/3037/3037 3038/3038/3038
f 3038/3038/3038 3040/3040/3040 3039/3039/3039
f 3002/3002/3002 3039/3039/3039 3040/3040/3040
f 3040/3040/3040 3001/3001/3001 3002/3002/3002
f 3041/3041/3041 3042/3042/3042 3043/3043/3043
f 3043/3043/3043 3004/3004/3004 3041/3041/3041
f 3044/3044/3044 3045/3045/3045 3041/3041/3041
f 3041/3041/3041 3004/3004/3004 3044/3044/3044
f 3046/3046/3046 3047/3047/3047 3044/3044/3044
f 3044/3044/3044 3004/3004/3004 3046/3046/3046
f 3048/3048/3048 3049/3049/3049 3046/3046/3046
f 3046/3046/3046 3004/3004/3004 3048/3048/3048
f 3050/3050/3050 3051/3051/3051 3048/3048/3048
f 3048/3048/3048 3004/3004/3004 3050/3050/3050
f 3003/3003/3003 3052/3052/3052 3050/3050/3050
f 3050/3050/3050 3004/3004/3004 3003/3003/3003
f 3055/3055/3055 3054/3054/3054 3053/3053/3053
f 3053/3053/3053 3056/3056/3056 3055/3055/3055
f 3054/3054/3054 2962/2962/2962 2963/2963/2963
f 2963/2963/2963 3053/3053/3053 3054/3054/3054
f 3059/3059/3059 3058/3058/3058 3057/3057/3057
f 3062/3062/3062 3061/3061/3061 3060/3060/3060
f 3065/3065/3065 3064/3064/3064 3063/3063/3063
f 3065/3065/3065 3063/3063/3063 3054/3054/3054
f 3054/3054/3054 3063/3063/3063 2962/2962/2962
f 2935/2935/2935 2941/2941/2941 2942/2942/2942
f 2942/2942/2942 2939/2939/2939 2935/2935/2935
f 3068/3068/3068 3067/3067/3067 3066/3066/3066
f 3068/3068/3068 3066/3066/3066 3053/3053/3053
f 3053/3053/3053 2963/2963/2963 3068/3068/3068
f 3060/3060/3060 2938/2938/2938 3062/3062/3062
f 3062/3062/3062 2938/2938/2938 2940/2940/2940
f 3071/3071/3071 3070/3070/3070 3069/3069/3069
f 3069/3069/3069 3072/3072/3072 3071/3071/3071
f 3075/3075/3075 3074/3074/3074 3073/3073/3073
f 3073/3073/3073 3076/3076/3076 3075/3075/3075
f 3079/3079/3079 3078/3078/3078 3077/3077/3077
f 3077/3077/3077 3080/3080/3080 3079/3079/3079
f 3083/3083/3083 3082/3082/3082 3081/3081/3081
f 3086/3086/3086 3085/3085/3085 3084/3084/3084
f 3089/3089/3089 3088/3088/3088 3087/3087/3087
f 3087/3087/3087 3090/3090/3090 3089/3089/3089
f 3090/3090/3090 3087/3087/3087 3091/3091/3091
f 3091/3091/3091 3092/3092/3092 3090/3090/3090
f 3095/3095/3095 3094/3094/3094 3093/3093/3093
f 3098/3098/3098 3097/3097/3097 3096/3096/3096
f 3101/3101/3101 3100/3100/3100 3099/3099/3099
f 3099/3099/3099 3102/3102/3102 3101/3101/3101
f 3099/3099/3099 3104/3104/3104 3103/3103/3103
f 3103/3103/3103 3102/3102/3102 3099/3099/3099
f 3103/3103/3103 3106/3106/3106 3105/3105/3105
f 3105/3105/3105 3102/3102/3102 3103/3103/3103
f 3105/3105/3105 3108/3108/3108 3107/3107/3107
f 3107/3107/3107 3102/3102/3102 3105/3105/3105
f 3107/3107/3107 3110/3110/3110 3109/3109/3109
f 3109/3109/3109 3102/3102/3102 3107/3107/3107
f 3109/3109/3109 3112/3112/3112 3111/3111/3111
f 3111/3111/3111 3102/3102/3102 3109/3109/3109
f 3115/3115/3115 3114/3114/3114 3113/3113/3113
f 3113/3113/3113 3116/3116/3116 3115/3115/3115
f 3116/3116/3116 3113/3113/3113 3117/3117/3117
f 3117/3117/3117 3118/3118/3118 3116/3116/3116
f 3118/3118/3118 3117/3117/3117 3119/3119/3119
f 3119/3119/3119 3120/3120/3120 3118/3118/3118
f 3120/3120/3120 3119/3119/3119 3121/3121/3121
f 3121/3121/3121 3122/3122/3122 3120/3120/3120
f 3122/3122/3122 3121/3121/3121 3123/3123/3123
f 3123/3123/3123 3124/3124/3124 3122/3122/3122
f 3124/3124/3124 3123/3123/3123 3125/3125/3125
f 3125/3125/3125 3126/3126/3126 3124/3124/3124
f 3126/3126/3126 3125/3125/3125 3127/3127/3127
f 3127/3127/3127 3128/3128/3128 3126/3126/3126
f 3128/3128/3128 3127/3127/3127 3129/3129/3129
f 3129/3129/3129 3130/3130/3130 3128/3128/3128
f 3130/3130/3130 3129/3129/3129 3131/3131/3131
f 3131/3131/3131 3132/3132/3132 3130/3130/3130
f 3132/3132/3132 3131/3131/3131 3133/3133/3133
f 3133/3133/3133 3134/3134/3134 3132/3132/3132
f 3134/3134/3134 3133/3133/3133 3135/3135/3135
f 3135/3135/3135 3136/3136/3136 3134/3134/3134
f 3136/3136/3136 3135/3135/3135 3137/3137/3137
f 3137/3137/3137 3138/3138/3138 3136/3136/3136
f 3139/3139/3139 3140/3140/3140 3141/3141/3141
f 3141/3141/3141 3142/3142/3142 3139/3139/3139
f 3143/3143/3143 3144/3144/3144 3139/3139/3139
f 3139/3139/3139 3142/3142/3142 3143/3143/3143
f 3145/3145/3145 3146/3146/3146 3143/3143/3143
f 3143/3143/3143 3142/3142/3142 3145/3145/3145
f 3147/3147/3147 3148/3148/3148 3145/3145/3145
f 3145/3145/3145 3142/3142/3142 3147/3147/3147
f 3149/3149/3149 3150/3150/3150 3147/3147/3147
f 3147/3147/3147 3142/3142/3142 3149/3149/3149
f 3151/3151/3151 3152/3152/3152 3149/3149/3149
f 3149/3149/3149 3142/3142/3142 3151/3151/3151
f 3153/3153/3153 3138/3138/3138 3137/3137/3137
f 3137/3137/3137 3154/3154/3154 3153/3153/3153
f 3155/3155/3155 3156/3156/3156 3102/3102/3102
f 3102/3102/3102 3111/3111/3111 3155/3155/3155
f 3151/3151/3151 3142/3142/3142 3157/3157/3157
f 3157/3157/3157 3158/3158/3158 3151/3151/3151
f 3161/3161/3161 3160/3160/3160 3159/3159/3159
f 3159/3159/3159 3157/3157/3157 3161/3161/3161
f 3159/3159/3159 3163/3163/3163 3162/3162/3162
f 3162/3162/3162 3157/3157/3157 3159/3159/3159
f 3162/3162/3162 3165/3165/3165 3164/3164/3164
f 3164/3164/3164 3157/3157/3157 3162/3162/3162
f 3164/3164/3164 3167/3167/3167 3166/3166/3166
f 3166/3166/3166 3157/3157/3157 3164/3164/3164
f 3166/3166/3166 3169/3169/3169 3168/3168/3168
f 3168/3168/3168 3157/3157/3157 3166/3166/3166
f 3168/3168/3168 3170/3170/3170 3158/3158/3158
f 3158/3158/3158 3157/3157/3157 3168/3168/3168
f 3171/3171/3171 3092/3092/3092 3091/3091/3091
f 3091/3091/3091 3172/3172/3172 3171/3171/3171
f 3173/3173/3173 3171/3171/3171 3172/3172/3172
f 3172/3172/3172 3174/3174/3174 3173/3173/3173
f 3175/3175/3175 3173/3173/3173 3174/3174/3174
f 3174/3174/3174 3176/3176/3176 3175/3175/3175
f 3177/3177/3177 3175/3175/3175 3176/3176/3176
f 3176/3176/3176 3178/3178/3178 3177/3177/3177
f 3179/3179/3179 3177/3177/3177 3178/3178/3178
f 3178/3178/3178 3180/3180/3180 3179/3179/3179
f 3181/3181/3181 3179/3179/3179 3180/3180/3180
f 3180/3180/3180 3182/3182/3182 3181/3181/3181
f 3183/3183/3183 3181/3181/3181 3182/3182/3182
f 3182/3182/3182 3184/3184/3184 3183/3183/3183
f 3185/3185/3185 3183/3183/3183 3184/3184/3184
f 3184/3184/3184 3186/3186/3186 3185/3185/3185
f 3187/3187/3187 3185/3185/3185 3186/3186/3186
f 3186/3186/3186 3188/3188/3188 3187/3187/3187
f 3189/3189/3189 3187/3187/3187 3188/3188/3188
f 3188/3188/3188 3190/3190/3190 3189/3189/3189
f 3191/3191/3191 3189/3189/3189 3190/3190/3190
f 3190/3190/3190 3192/3192/3192 3191/3191/3191
f 3154/3154/3154 3191/3191/3191 3192/3192/3192
f 3192/3192/3192 3153/3153/3153 3154/3154/3154
f 3193/3193/3193 3194/3194/3194 3195/3195/3195
f 3195/3195/3195 3156/3156/3156 3193/3193/3193
f 3196/3196/3196 3197/3197/3197 3193/3193/3193
f 3193/3193/3193 3156/3156/3156 3196/3196/3196
f 3198/3198/3198 3199/3199/3199 3196/3196/3196
f 3196/3196/3196 3156/3156/3156 3198/3198/3198
f 3200/3200/3200 3201/3201/3201 3198/3198/3198
f 3198/3198/3198 3156/3156/3156 3200/3200/3200
f 3202/3202/3202 3203/3203/3203 3200/3200/3200
f 3200/3200/3200 3156/3156/3156 3202/3202/3202
f 3155/3155/3155 3204/3204/3204 3202/3202/3202
f 3202/3202/3202 3156/3156/3156 3155/3155/3155
f 3207/3207/3207 3206/3206/3206 3205/3205/3205
f 3205/3205/3205 3208/3208/3208 3207/3207/3207
f 3206/3206/3206 3114/3114/3114 3115/3115/3115
f 3115/3115/3115 3205/3205/3205 3206/3206/3206
f 3211/3211/3211 3210/3210/3210 3209/3209/3209
f 3214/3214/3214 3213/3213/3213 3212/3212/3212
f 3217/3217/3217 3216/3216/3216 3215/3215/3215
f 3217/3217/3217 3215/3215/3215 3206/3206/3206
f 3206/3206/3206 3215/3215/3215 3114/3114/3114
f 3087/3087/3087 3093/3093/3093 3094/3094/3094
f 3094/3094/3094 3091/3091/3091 3087/3087/3087
f 3220/3220/3220 3219/3219/3219 3218/3218/3218
f 3220/3220/3220 3218/3218/3218 3205/3205/3205
f 3205/3205/3205 3115/3115/3115 3220/3220/3220
f 3212/3212/3212 3090/3090/3090 3214/3214/3214
f 3214/3214/3214 3090/3090/3090 3092/3092/3092
f 3223/3223/3223 3222/3222/3222 3221/3221/3221
f 3221/3221/3221 3224/3224/3224 3223/3223/3223
f 3227/3227/3227 3226/3226/3226 3225/3225/3225
f 3225/3225/3225 3228/3228/3228 3227/3227/3227
f 3231/3231/3231 3230/3230/3230 3229/3229/3229
f 3229/3229/3229 3232/3232/3232 3231/3231/3231
f 3235/3235/3235 3234/3234/3234 3233/3233/3233
f 3238/3238/3238 3237/3237/3237 3236/3236/3236
f 3241/3241/3241 3240/3240/3240 3239/3239/3239
f 3239/3239/3239 3242/3242/3242 3241/3241/3241
f 3242/3242/3242 3239/3239/3239 3243/3243/3243
f 3243/3243/3243 3244/3244/3244 3242/3242/3242
f 3247/3247/3247 3246/3246/3246 3245/3245/3245
f 3250/3250/3250 3249/3249/3249 3248/3248/3248
f 3253/3253/3253 3252/3252/3252 3251/3251/3251
f 3251/3251/3251 3254/3254/3254 3253/3253/3253
f 3251/3251/3251 3256/3256/3256 3255/3255/3255
f 3255/3255/3255 3254/3254/3254 3251/3251/3251
f 3255/3255/3255 3258/3258/3258 3257/3257/3257
f 3257/3257/3257 3254/3254/3254 3255/3255/3255
f 3257/3257/3257 3260/3260/3260 3259/3259/3259
f 3259/3259/3259 3254/3254/3254 3257/3257/3257
f 3259/3259/3259 3262/3262/3262 3261/3261/3261
f 3261/3261/3261 3254/3254/3254 3259/3259/3259
f 3261/3261/3261 3264/3264/3264 3263/3263/3263
f 3263/3263/3263 3254/3254/3254 3261/3261/3261
f 3267/3267/3267 3266/3266/3266 3265/3265/3265
f 3265/3265/3265 3268/3268/3268 3267/3267/3267
f 3268/3268/3268 3265/3265/3265 3269/3269/3269
f 3269/3269/3269 3270/3270/3270 3268/3268/3268
f 3270/3270/3270 3269/3269/3269 3271/3271/3271
f 3271/3271/3271 3272/3272/3272 3270/3270/3270
f 3272/3272/3272 3271/3271/3271 3273/3273/3273
f 3273/3273/3273 3274/3274/3274 3272/3272/3272
f 3274/3274/3274 3273/3273/3273 3275/3275/3275
f 3275/3275/3275 3276/3276/3276 3274/3274/3274
f 3276/3276/3276 3275/3275/3275 3277/3277/3277
f 3277/3277/3277 3278/3278/3278 3276/3276/3276
f 3278/3278/3278 3277/3277/3277 3279/3279/3279
f 3279/3279/3279 3280/3280/3280 3278/3278/3278
f 3280/3280/3280 3279/3279/3279 3281/3281/3281
f 3281/3281/3281 3282/3282/3282 3280/3280/3280
f 3282/3282/3282 3281/3281/3281 3283/3283/3283
f 3283/3283/3283 3284/3284/3284 3282/3282/3282
f 3284/3284/3284 3283/3283/3283 3285/3285/3285
f 3285/3285/3285 3286/3286/3286 3284/3284/3284
f 3286/3286/3286 3285/3285/3285 3287/3287/3287
f 3287/3287/3287 3288/3288/3288 3286/3286/3286
f 3288/3288/3288 3287/3287/3287 3289/3289/3289
f 3289/3289/3289 3290/3290/3290 3288/3288/3288
f 3291/3291/3291 3292/3292/3292 3293/3293/3293
f 3293/3293/3293 3294/3294/3294 3291/3291/3291
f 3295/3295/3295 3296/3296/3296 3291/3291/3291
f 3291/3291/3291 3294/3294/3294 3295/3295/3295
f 3297/3297/3297 3298/3298/3298 3295/3295/3295
f 3295/3295/3295 3294/3294/3294 3297/3297/3297
f 3299/3299/3299 3300/3300/3300 3297/3297/3297
f 3297/3297/3297 3294/3294/3294 3299/3299/3299
f 3301/3301/3301 3302/3302/3302 3299/3299/3299
f 3299/3299/3299 3294/3294/3294 3301/3301/3301
f 3303/3303/3303 3304/3304/3304 3301/3301/3301
f 3301/3301/3301 3294/3294/3294 3303/3303/3303
f 3305/3305/3305 3290/3290/3290 3289/3289/3289
f 3289/3289/3289 3306/3306/3306 3305/3305/3305
f 3307/3307/3307 3308/3308/3308 3254/3254/3254
f 3254/3254/3254 3263/3263/3263 3307/3307/3307
f 3303/3303/3303 3294/3294/3294 3309/3309/3309
f 3309/3309/3309 3310/3310/3310 3303/3303/3303
f 3313/3313/3313 3312/3312/3312 3311/3311/3311
f 3311/3311/3311 3309/3309/3309 3313/3313/3313
f 3311/3311/3311 3315/3315/3315 3314/3314/3314
f 3314/3314/3314 3309/3309/3309 3311/3311/3311
f 3314/3314/3314 3317/3317/3317 3316/3316/3316
f 3316/3316/3316 3309/3309/3309 3314/3314/3314
f 3316/3316/3316 3319/3319/3319 3318/3318/3318
f 3318/3318/3318 3309/3309/3309 3316/3316/3316
f 3318/3318/3318 3321/3321/3321 3320/3320/3320
f 3320/3320/3320 3309/3309/3309 3318/3318/3318
f 3320/3320/3320 3322/3322/3322 3310/3310/3310
f 3310/3310/3310 3309/3309/3309 3320/3320/3320
f 3323/3323/3323 3244/3244/3244 3243/3243/3243
f 3243/3243/3243 3324/3324/3324 3323/3323/3323
f 3325/3325/3325 3323/3323/3323 3324/3324/3324
f 3324/3324/3324 3326/3326/3326 3325/3325/3325
f 3327/3327/3327 3325/3325/3325 3326/3326/3326
f 3326/3326/3326 3328/3328/3328 3327/3327/3327
f 3329/3329/3329 3327/3327/3327 3328/3328/3328
f 3328/3328/3328 3330/3330/3330 3329/3329/3329
f 3331/3331/3331 3329/3329/3329 3330/3330/3330
f 3330/3330/3330 3332/3332/3332 3331/3331/3331
f 3333/3333/3333 3331/3331/3331 3332/3332/3332
f 3332/3332/3332 3334/3334/3334 3333/3333/3333
f 3335/3335/3335 3333/3333/3333 3334/3334/3334
f 3334/3334/3334 3336/3336/3336 3335/3335/3335
f 3337/3337/3337 3335/3335/3335 3336/3336/3336
f 3336/3336/3336 3338/3338/3338 3337/3337/3337
f 3339/3339/3339 3337/3337/3337 3338/3338/3338
f 3338/3338/3338 3340/3340/3340 3339/3339/3339
f 3341/3341/3341 3339/3339/3339 3340/3340/3340
f 3340/3340/3340 3342/3342/3342 3341/3341/3341
f 3343/3343/3343 3341/3341/3341 3342/3342/3342
f 3342/3342/3342 3344/3344/3344 3343/3343/3343
f 3306/3306/3306 3343/3343/3343 3344/3344/3344
f 3344/3344/3344 3305/3305/3305 3306/3306/3306
f 3345/3345/3345 3346/3346/3346 3347/3347/3347
f 3347/3347/3347 3308/3308/3308 3345/3345/3345
f 3348/3348/3348 3349/3349/3349 3345/3345/3345
f 3345/3345/3345 3308/3308/3308 3348/3348/3348
f 3350/3350/3350 3351/3351/3351 3348/3348/3348
f 3348/3348/3348 3308/3308/3308 3350/3350/3350
f 3352/3352/3352 3353/3353/3353 3350/3350/3350
f 3350/3350/3350 3308/3308/3308 3352/3352/3352
f 3354/3354/3354 3355/3355/3355 3352/3352/3352
f 3352/3352/3352 3308/3308/3308 3354/3354/3354
f 3307/3307/3307 3356/3356/3356 3354/3354/3354
f 3354/3354/3354 3308/3308/3308 3307/3307/3307
f 3359/3359/3359 3358/3358/3358 3357/3357/3357
f 3357/3357/3357 3360/3360/3360 3359/3359/3359
f 3358/3358/3358 3266/3266/3266 3267/3267/3267
f 3267/3267/3267 3357/3357/3357 3358/3358/3358
f 3363/3363/3363 3362/3362/3362 3361/3361/3361
f 3366/3366/3366 3365/3365/3365 3364/3364/3364
f 3369/3369/3369 3368/3368/3368 3367/3367/3367
f 3369/3369/3369 3367/3367/3367 3358/3358/3358
f 3358/3358/3358 3367/3367/3367 3266/3266/3266
f 3239/3239/3239 3245/3245/3245 3246/3246/3246
f 3246/3246/3246 3243/3243/3243 3239/3239/3239
f 3372/3372/3372 3371/3371/3371 3370/3370/3370
f 3372/3372/3372 3370/3370/3370 3357/3357/3357
f 3357/3357/3357 3267/3267/3267 3372/3372/3372
f 3364/3364/3364 3242/3242/3242 3366/3366/3366
f 3366/3366/3366 3242/3242/3242 3244/3244/3244
f 3375/3375/3375 3374/3374/3374 3373/3373/3373
f 3373/3373/3373 3376/3376/3376 3375/3375/3375
f 3379/3379/3379 3378/3378/3378 3377/3377/3377
f 3377/3377/3377 3380/3380/3380 3379/3379/3379
f 3383/3383/3383 3382/3382/3382 3381/3381/3381
f 3381/3381/3381 3384/3384/3384 3383/3383/3383
f 3387/3387/3387 3386/3386/3386 3385/3385/3385
f 3390/3390/3390 3389/3389/3389 3388/3388/3388
f 3393/3393/3393 3392/3392/3392 3391/3391/3391
f 3391/3391/3391 3394/3394/3394 3393/3393/3393
f 3394/3394/3394 3391/3391/3391 3395/3395/3395
f 3395/3395/3395 3396/3396/3396 3394/3394/3394
f 3399/3399/3399 3398/3398/3398 3397/3397/3397
f 3402/3402/3402 3401/3401/3401 3400/3400/3400
f 3405/3405/3405 3404/3404/3404 3403/3403/3403
f 3403/3403/3403 3406/3406/3406 3405/3405/3405
f 3403/3403/3403 3408/3408/3408 3407/3407/3407
f 3407/3407/3407 3406/3406/3406 3403/3403/3403
f 3407/3407/3407 3410/3410/3410 3409/3409/3409
f 3409/3409/3409 3406/3406/3406 3407/3407/3407
f 3409/3409/3409 3412/3412/3412 3411/3411/3411
f 3411/3411/3411 3406/3406/3406 3409/3409/3409
f 3411/3411/3411 3414/3414/3414 3413/3413/3413
f 3413/3413/3413 3406/3406/3406 3411/3411/3411
f 3413/3413/3413 3416/3416/3416 3415/3415/3415
f 3415/3415/3415 3406/3406/3406 3413/3413/3413
f 3419/3419/3419 3418/3418/3418 3417/3417/3417
f 3417/3417/3417 3420/3420/3420 3419/3419/3419
f 3420/3420/3420 3417/3417/3417 3421/3421/3421
f 3421/3421/3421 3422/3422/3422 3420/3420/3420
f 3422/3422/3422 3421/3421/3421 3423/3423/3423
f 3423/3423/3423 3424/3424/3424 3422/3422/3422
f 3424/3424/3424 3423/3423/3423 3425/3425/3425
f 3425/3425/3425 3426/3426/3426 3424/3424/3424
f 3426/3426/3426 3425/3425/3425 3427/3427/3427
f 3427/3427/3427 3428/3428/3428 3426/3426/3426
f 3428/3428/3428 3427/3427/3427 3429/3429/3429
f 3429/3429/3429 3430/3430/3430 3428/3428/3428
f 3430/3430/3430 3429/3429/3429 3431/3431/3431
f 3431/3431/3431 3432/3432/3432 3430/3430/3430
f 3432/3432/3432 3431/3431/3431 3433/3433/3433
f 3433/3433/3433 3434/3434/3434 3432/3432/3432
f 3434/3434/3434 3433/3433/3433 3435/3435/3435
f 3435/3435/3435 3436/3436/3436 3434/3434/3434
f 3436/3436/3436 3435/3435/3435 3437/3437/3437
f 3437/3437/3437 3438/3438/3438 3436/3436/3436
f 3438/3438/3438 3437/3437/3437 3439/3439/3439
f 3439/3439/3439 3440/3440/3440 3438/3438/3438
f 3440/3440/3440 3439/3439/3439 3441/3441/3441
f 3441/3441/3441 3442/3442/3442 3440/3440/3440
f 3443/3443/3443 3444/3444/3444 3445/3445/3445
f 3445/3445/3445 3446/3446/3446 3443/3443/3443
f 3447/3447/3447 3448/3448/3448 3443/3443/3443
f 3443/3443/3443 3446/3446/3446 3447/3447/3447
f 3449/3449/3449 3450/3450/3450 3447/3447/3447
f 3447/3447/3447 3446/3446/3446 3449/3449/3449
f 3451/3451/3451 3452/3452/3452 3449/3449/3449
f 3449/3449/3449 3446/3446/3446 3451/3451/3451
f 3453/3453/3453 3454/3454/3454 3451/3451/3451
f 3451/3451/3451 3446/3446/3446 3453/3453/3453
f 3455/3455/3455 3456/3456/3456 3453/3453/3453
f 3453/3453/3453 3446/3446/3446 3455/3455/3455
f 3457/3457/3457 3442/3442/3442 3441/3441/3441
f 3441/3441/3441 3458/3458/3458 3457/3457/3457
f 3459/3459/3459 3460/3460/3460 3406/3406/3406
f 3406/3406/3406 3415/3415/3415 3459/3459/3459
f 3455/3455/3455 3446/3446/3446 3461/3461/3461
f 3461/3461/3461 3462/3462/3462 3455/3455/3455
f 3465/3465/3465 3464/3464/3464 3463/3463/3463
f 3463/3463/3463 3461/3461/3461 3465/3465/3465
f 3463/3463/3463 3467/3467/3467 3466/3466/3466
f 3466/3466/3466 3461/3461/3461 3463/3463/3463
f 3466/3466/3466 3469/3469/3469 3468/3468/3468
f 3468/3468/3468 3461/3461/3461 3466/3466/3466
f 3468/3468/3468 3471/3471/3471 3470/3470/3470
f 3470/3470/3470 3461/3461/3461 3468/3468/3468
f 3470/3470/3470 3473/3473/3473 3472/3472/3472
f 3472/3472/3472 3461/3461/3461 3470/3470/3470
f 3472/3472/3472 3474/3474/3474 3462/3462/3462
f 3462/3462/3462 3461/3461/3461 3472/3472/3472
f 3475/3475/3475 3396/3396/3396 3395/3395/3395
f 3395/3395/3395 3476/3476/3476 3475/3475/3475
f 3477/3477/3477 3475/3475/3475 3476/3476/3476
f 3476/3476/3476 3478/3478/3478 3477/3477/3477
f 3479/3479/3479 3477/3477/3477 3478/3478/3478
f 3478/3478/3478 3480/3480/3480 3479/3479/3479
f 3481/3481/3481 3479/3479/3479 3480/3480/3480
f 3480/3480/3480 3482/3482/3482 3481/3481/3481
f 3483/3483/3483 3481/3481/3481 3482/3482/3482
f 3482/3482/3482 3484/3484/3484 3483/3483/3483
f 3485/3485/3485 3483/3483/3483 3484/3484/3484
f 3484/3484/3484 3486/3486/3486 3485/3485/3485
f 3487/3487/3487 3485/3485/3485 3486/3486/3486
f 3486/3486/3486 3488/3488/3488 3487/3487/3487
f 3489/3489/3489 3487/3487/3487 3488/3488/3488
f 3488/3488/3488 3490/3490/3490 3489/3489/3489
f 3491/3491/3491 3489/3489/3489 3490/3490/3490
f 3490/3490/3490 3492/3492/3492 3491/3491/3491
f 3493/3493/3493 3491/3491/3491 3492/3492/3492
f 3492/3492/3492 3494/3494/3494 3493/3493/3493
f 3495/3495/3495 3493/3493/3493 3494/3494/3494
f 3494/3494/3494 3496/3496/3496 3495/3495/3495
f 3458/3458/3458 3495/3495/3495 3496/3496/3496
f 3496/3496/3496 3457/3457/3457 3458/3458/3458
f 3497/3497/3497 3498/3498/3498 3499/3499/3499
f 3499/3499/3499 3460/3460/3460 3497/3497/3497
f 3500/3500/3500 3501/3501/3501 3497/3497/3497
f 3497/3497/3497 3460/3460/3460 3500/3500/3500
f 3502/3502/3502 3503/3503/3503 3500/3500/3500
f 3500/3500/3500 3460/3460/3460 3502/3502/3502
f 3504/3504/3504 3505/3505/3505 3502/3502/3502
f 3502/3502/3502 3460/3460/3460 3504/3504/3504
f 3506/3506/3506 3507/3507/3507 3504/3504/3504
f 3504/3504/3504 3460/3460/3460 3506/3506/3506
f 3459/3459/3459 3508/3508/3508 3506/3506/3506
f 3506/3506/3506 3460/3460/3460 3459/3459/3459
f 3511/3511/3511 3510/3510/3510 3509/3509/3509
f 3509/3509/3509 3512/3512/3512 3511/3511/3511
f 3510/3510/3510 3418/3418/3418 3419/3419/3419
f 3419/3419/3419 3509/3509/3509 3510/3510/3510
f 3515/3515/3515 3514/3514/3514 3513/3513/3513
f 3518/3518/3518 3517/3517/3517 3516/3516/3516
f 3521/3521/3521 3520/3520/3520 3519/3519/3519
f 3521/3521/3521 3519/3519/3519 3510/3510/3510
f 3510/3510/3510 3519/3519/3519 3418/3418/3418
f 3391/3391/3391 3397/3397/3397 3398/3398/3398
f 3398/3398/3398 3395/3395/3395 3391/3391/3391
f 3524/3524/3524 3523/3523/3523 3522/3522/3522
f 3524/3524/3524 3522/3522/3522 3509/3509/3509
f 3509/3509/3509 3419/3419/3419 3524/3524/3524
f 3516/3516/3516 3394/3394/3394 3518/3518/3518
f 3518/3518/3518 3394/3394/3394 3396/3396/3396
f 3527/3527/3527 3526/3526/3526 3525/3525/3525
f 3525/3525/3525 3528/3528/3528 3527/3527/3527
f 3531/3531/3531 3530/3530/3530 3529/3529/3529
f 3529/3529/3529 3532/3532/3532 3531/3531/3531
f 3535/3535/3535 3534/3534/3534 3533/3533/3533
f 3533/3533/3533 3536/3536/3536 3535/3535/3535
f 3539/3539/3539 3538/3538/3538 3537/3537/3537
f 3542/3542/3542 3541/3541/3541 3540/3540/3540
f 3545/3545/3545 3544/3544/3544 3543/3543/3543
f 3543/3543/3543 3546/3546/3546 3545/3545/3545
f 3546/3546/3546 3543/3543/3543 3547/3547/3547
f 3547/3547/3547 3548/3548/3548 3546/3546/3546
f 3551/3551/3551 3550/3550/3550 3549/3549/3549
f 3554/3554/3554 3553/3553/3553 3552/3552/3552
f 3557/3557/3557 3556/3556/3556 3555/3555/3555
f 3555/3555/3555 3558/3558/3558 3557/3557/3557
f 3555/3555/3555 3560/3560/3560 3559/3559/3559
f 3559/3559/3559 3558/3558/3558 3555/3555/3555
f 3559/3559/3559 3562/3562/3562 3561/3561/3561
f 3561/3561/3561 3558/3558/3558 3559/3559/3559
f 3561/3561/3561 3564/3564/3564 3563/3563/3563
f 3563/3563/3563 3558/3558/3558 3561/3561/3561
f 3563/3563/3563 3566/3566/3566 3565/3565/3565
f 3565/3565/3565 3558/3558/3558 3563/3563/3563
f 3565/3565/3565 3568/3568/3568 3567/3567/3567
f 3567/3567/3567 3558/3558/3558 3565/3565/3565
f 3571/3571/3571 3570/3570/3570 3569/3569/3569
f 3569/3569/3569 3572/3572/3572 3571/3571/3571
f 3572/3572/3572 3569/3569/3569 3573/3573/3573
f 3573/3573/3573 3574/3574/3574 3572/3572/3572
f 3574/3574/3574 3573/3573/3573 3575/3575/3575
f 3575/3575/3575 3576/3576/3576 3574/3574/3574
f 3576/3576/3576 3575/3575/3575 3577/3577/3577
f 3577/3577/3577 3578/3578/3578 3576/3576/3576
f 3578/3578/3578 3577/3577/3577 3579/3579/3579
f 3579/3579/3579 3580/3580/3580 3578/3578/3578
f 3580/3580/3580 3579/3579/3579 3581/3581/3581
f 3581/3581/3581 3582/3582/3582 3580/3580/3580
f 3582/3582/3582 3581/3581/3581 3583/3583/3583
f 3583/3583/3583 3584/3584/3584 3582/3582/3582
f 3584/3584/3584 3583/3583/3583 3585/3585/3585
f 3585/3585/3585 3586/3586/3586 3584/3584/3584
f 3586/3586/3586 3585/3585/3585 3587/3587/3587
f 3587/3587/3587 3588/3588/3588 3586/3586/3586
f 3588/3588/3588 3587/3587/3587 3589/3589/3589
f 3589/3589/3589 3590/3590/3590 3588/3588/3588
f 3590/3590/3590 3589/3589/3589 3591/3591/3591
f 3591/3591/3591 3592/3592/3592 3590/3590/3590
f 3592/3592/3592 3591/3591/3591 3593/3593/3593
f 3593/3593/3593 3594/3594/3594 3592/3592/3592
f 3595/3595/3595 3596/3596/3596 3597/3597/3597
f 3597/3597/3597 3598/3598/3598 3595/3595/3595
f 3599/3599/3599 3600/3600/3600 3595/3595/3595
f 3595/3595/3595 3598/3598/3598 3599/3599/3599
f 3601/3601/3601 3602/3602/3602 3599/3599/3599
f 3599/3599/3599 3598/3598/3598 3601/3601/3601
f 3603/3603/3603 3604/3604/3604 3601/3601/3601
f 3601/3601/3601 3598/3598/3598 3603/3603/3603
f 3605/3605/3605 3606/3606/3606 3603/3603/3603
f 3603/3603/3603 3598/3598/3598 3605/3605/3605
f 3607/3607/3607 3608/3608/3608 3605/3605/3605
f 3605/3605/3605 3598/3598/3598 3607/3607/3607
f 3609/3609/3609 3594/3594/3594 3593/3593/3593
f 3593/3593/3593 3610/3610/3610 3609/3609/3609
f 3611/3611/3611 3612/3612/3612 3558/3558/3558
f 3558/3558/3558 3567/3567/3567 3611/3611/3611
f 3607/3607/3607 3598/3598/3598 3613/3613/3613
f 3613/3613/3613 3614/3614/3614 3607/3607/3607
f 3617/3617/3617 3616/3616/3616 3615/3615/3615
f 3615/3615/3615 3613/3613/3613 3617/3617/3617
f 3615/3615/3615 3619/3619/3619 3618/3618/3618
f 3618/3618/3618 3613/3613/3613 3615/3615/3615
f 3618/3618/3618 3621/3621/3621 3620/3620/3620
f 3620/3620/3620 3613/3613/3613 3618/3618/3618
f 3620/3620/3620 3623/3623/3623 3622/3622/3622
f 3622/3622/3622 3613/3613/3613 3620/3620/3620
f 3622/3622/3622 3625/3625/3625 3624/3624/3624
f 3624/3624/3624 3613/3613/3613 3622/3622/3622
f 3624/3624/3624 3626/3626/3626 3614/3614/3614
f 3614/3614/3614 3613/3613/3613 3624/3624/3624
f 3627/3627/3627 3548/3548/3548 3547/3547/3547
f 3547/3547/3547 3628/3628/3628 3627/3627/3627
f 3629/3629/3629 3627/3627/3627 3628/3628/3628
f 3628/3628/3628 3630/3630/3630 3629/3629/3629
f 3631/3631/3631 3629/3629/3629 3630/3630/3630
f 3630/3630/3630 3632/3632/3632 3631/3631/3631
f 3633/3633/3633 3631/3631/3631 3632/3632/3632
f 3632/3632/3632 3634/3634/3634 3633/3633/3633
f 3635/3635/3635 3633/3633/3633 3634/3634/3634
f 3634/3634/3634 3636/3636/3636 3635/3635/3635
f 3637/3637/3637 3635/3635/3635 3636/3636/3636
f 3636/3636/3636 3638/3638/3638 3637/3637/3637
f 3639/3639/3639 3637/3637/3637 3638/3638/3638
f 3638/3638/3638 3640/3640/3640 3639/3639/3639
f 3641/3641/3641 3639/3639/3639 3640/3640/3640
f 3640/3640/3640 3642/3642/3642 3641/3641/3641
f 3643/3643/3643 3641/3641/3641 3642/3642/3642
f 3642/3642/3642 3644/3644/3644 3643/3643/3643
f 3645/3645/3645 3643/3643/3643 3644/3644/3644
f 3644/3644/3644 3646/3646/3646 3645/3645/3645
f 3647/3647/3647 3645/3645/3645 3646/3646/3646
f 3646/3646/3646 3648/3648/3648 3647/3647/3647
f 3610/3610/3610 3647/3647/3647 3648/3648/3648
f 3648/3648/3648 3609/3609/3609 3610/3610/3610
f 3649/3649/3649 3650/3650/3650 3651/3651/3651
f 3651/3651/3651 3612/3612/3612 3649/3649/3649
f 3652/3652/3652 3653/3653/3653 3649/3649/3649
f 3649/3649/3649 3612/3612/3612 3652/3652/3652
f 3654/3654/3654 3655/3655/3655 3652/3652/3652
f 3652/3652/3652 3612/3612/3612 3654/3654/3654
f 3656/3656/3656 3657/3657/3657 3654/3654/3654
f 3654/3654/3654 3612/3612/3612 3656/3656/3656
f 3658/3658/3658 3659/3659/3659 3656/3656/3656
f 3656/3656/3656 3612/3612/3612 3658/3658/3658
f 3611/3611/3611 3660/3660/3660 3658/3658/3658
f 3658/3658/3658 3612/3612/3612 3611/3611/3611
f 3663/3663/3663 3662/3662/3662 3661/3661/3661
f 3661/3661/3661 3664/3664/3664 3663/3663/3663
f 3662/3662/3662 3570/3570/3570 3571/3571/3571
f 3571/3571/3571 3661/3661/3661 3662/3662/3662
f 3667/3667/3667 3666/3666/3666 3665/3665/3665
f 3670/3670/3670 3669/3669/3669 3668/3668/3668
f 3673/3673/3673 3672/3672/3672 3671/3671/3671
f 3673/3673/3673 3671/3671/3671 3662/3662/3662
f 3662/3662/3662 3671/3671/3671 3570/3570/3570
f 3543/3543/3543 3549/3549/3549 3550/3550/3550
f 3550/3550/3550 3547/3547/3547 3543/3543/3543
f 3676/3676/3676 3675/3675/3675 3674/3674/3674
f 3676/3676/3676 3674/3674/3674 3661/3661/3661
f 3661/3661/3661 3571/3571/3571 3676/3676/3676
f 3668/3668/3668 3546/3546/3546 3670/3670/3670
f 3670/3670/3670 3546/3546/3546 3548/3548/3548
f 3679/3679/3679 3678/3678/3678 3677/3677/3677
f 3677/3677/3677 3680/3680/3680 3679/3679/3679
f 3683/3683/3683 3682/3682/3682 3681/3681/3681
f 3681/3681/3681 3684/3684/3684 3683/3683/3683
f 3687/3687/3687 3686/3686/3686 3685/3685/3685
f 3685/3685/3685 3688/3688/3688 3687/3687/3687
f 3691/3691/3691 3690/3690/3690 3689/3689/3689
f 3694/3694/3694 3693/3693/3693 3692/3692/3692
f 3697/3697/3697 3696/3696/3696 3695/3695/3695
f 3695/3695/3695 3698/3698/3698 3697/3697/3697
f 3698/3698/3698 3695/3695/3695 3699/3699/3699
f 3699/3699/3699 3700/3700/3700 3698/3698/3698
f 3703/3703/3703 3702/3702/3702 3701/3701/3701
f 3706/3706/3706 3705/3705/3705 3704/3704/3704
f 3709/3709/3709 3708/3708/3708 3707/3707/3707
f 3707/3707/3707 3710/3710/3710 3709/3709/3709
f 3707/3707/3707 3712/3712/3712 3711/3711/3711
f 3711/3711/3711 3710/3710/3710 3707/3707/3707
f 3711/3711/3711 3714/3714/3714 3713/3713/3713
f 3713/3713/3713 3710/3710/3710 3711/3711/3711
f 3713/3713/3713 3716/3716/3716 3715/3715/3715
f 3715/3715/3715 3710/3710/3710 3713/3713/3713
f 3715/3715/3715 3718/3718/3718 3717/3717/3717
f 3717/3717/3717 3710/3710/3710 3715/3715/3715
f 3717/3717/3717 3720/3720/3720 3719/3719/3719
f 3719/3719/3719 3710/3710/3710 3717/3717/3717
f 3723/3723/3723 3722/3722/3722 3721/3721/3721
f 3721/3721/3721 3724/3724/3724 3723/3723/3723
f 3724/3724/3724 3721/3721/3721 3725/3725/3725
f 3725/3725/3725 3726/3726/3726 3724/3724/3724
f 3726/3726/3726 3725/3725/3725 3727/3727/3727
f 3727/3727/3727 3728/3728/3728 3726/3726/3726
f 3728/3728/3728 3727/3727/3727 3729/3729/3729
f 3729/3729/3729 3730/3730/3730 3728/3728/3728
f 3730/3730/3730 3729/3729/3729 3731/3731/3731
f 3731/3731/3731 3732/3732/3732 3730/3730/3730
f 3732/3732/3732 3731/3731/3731 3733/3733/3733
f 3733/3733/3733 3734/3734/3734 3732/3732/3732
f 3734/3734/3734 3733/3733/3733 3735/3735/3735
f 3735/3735/3735 3736/3736/3736 3734/3734/3734
f 3736/3736/3736 3735/3735/3735 3737/3737/3737
f 3737/3737/3737 3738/3738/3738 3736/3736/3736
f 3738/3738/3738 3737/3737/3737 3739/3739/3739
f 3739/3739/3739 3740/3740/3740 3738/3738/3738
f 3740/3740/3740 3739/3739/3739 3741/3741/3741
f 3741/3741/3741 3742/3742/3742 3740/3740/3740
f 3742/3742/3742 3741/3741/3741 3743/3743/3743
f 3743/3743/3743 3744/3744/3744 3742/3742/3742
f 3744/3744/3744 3743/3743/3743 3745/3745/3745
f 3745/3745/3745 3746/3746/3746 3744/3744/3744
f 3747/3747/3747 3748/3748/3748 3749/3749/3749
f 3749/3749/3749 3750/3750/3750 3747/3747/3747
f 3751/3751/3751 3752/3752/3752 3747/3747/3747
f 3747/3747/3747 3750/3750/3750 3751/3751/3751
f 3753/3753/3753 3754/3754/3754 3751/3751/3751
f 3751/3751/3751 3750/3750/3750 3753/3753/3753
f 3755/3755/3755 3756/3756/3756 3753/3753/3753
f 3753/3753/3753 3750/3750/3750 3755/3755/3755
f 3757/3757/3757 3758/3758/3758 3755/3755/3755
f 3755/3755/3755 3750/3750/3750 3757/3757/3757
f 3759/3759/3759 3760/3760/3760 3757/3757/3757
f 3757/3757/3757 3750/3750/3750 3759/3759/3759
f 3761/3761/3761 3746/3746/3746 3745/3745/3745
f 3745/3745/3745 3762/3762/3762 3761/3761/3761
f 3763/3763/3763 3764/3764/3764 3710/3710/3710
f 3710/3710/3710 3719/3719/3719 3763/3763/3763
f 3759/3759/3759 3750/3750/3750 3765/3765/3765
f 3765/3765/3765 3766/3766/3766 3759/3759/3759
f 3769/3769/3769 3768/3768/3768 3767/3767/3767
f 3767/3767/3767 3765/3765/3765 3769/3769/3769
f 3767/3767/3767 3771/3771/3771 3770/3770/3770
f 3770/3770/3770 3765/3765/3765 3767/3767/3767
f 3770/3770/3770 3773/3773/3773 3772/3772/3772
f 3772/3772/3772 3765/3765/3765 3770/3770/3770
f 3772/3772/3772 3775/3775/3775 3774/3774/3774
f 3774/3774/3774 3765/3765/3765 3772/3772/3772
f 3774/3774/3774 3777/3777/3777 3776/3776/3776
f 3776/3776/3776 3765/3765/3765 3774/3774/3774
f 3776/3776/3776 3778/3778/3778 3766/3766/3766
f 3766/3766/3766 3765/3765/3765 3776/3776/3776
f 3779/3779/3779 3700/3700/3700 3699/3699/3699
f 3699/3699/3699 3780/3780/3780 3779/3779/3779
f 3781/3781/3781 3779/3779/3779 3780/3780/3780
f 3780/3780/3780 3782/3782/3782 3781/3781/3781
f 3783/3783/3783 3781/3781/3781 3782/3782/3782
f 3782/3782/3782 3784/3784/3784 3783/3783/3783
f 3785/3785/3785 3783/3783/3783 3784/3784/3784
f 3784/3784/3784 3786/3786/3786 3785/3785/3785
f 3787/3787/3787 3785/3785/3785 3786/3786/3786
f 3786/3786/3786 3788/3788/3788 3787/3787/3787
f 3789/3789/3789 3787/3787/3787 3788/3788/3788
f 3788/3788/3788 3790/3790/3790 3789/3789/3789
f 3791/3791/3791 3789/3789/3789 3790/3790/3790
f 3790/3790/3790 3792/3792/3792 3791/3791/3791
f 3793/3793/3793 3791/3791/3791 3792/3792/3792
f 3792/3792/3792 3794/3794/3794 3793/3793/3793
f 3795/3795/3795 3793/3793/3793 3794/3794/3794
f 3794/3794/3794 3796/3796/3796 3795/3795/3795
f 3797/3797/3797 3795/3795/3795 3796/3796/3796
f 3796/3796/3796 3798/3798/3798 3797/3797/3797
f 3799/3799/3799 3797/3797/3797 3798/3798/3798
f 3798/3798/3798 3800/3800/3800 3799/3799/3799
f 3762/3762/3762 3799/3799/3799 3800/3800/3800
f 3800/3800/3800 3761/3761/3761 3762/3762/3762
f 3801/3801/3801 3802/3802/3802 3803/3803/3803
f 3803/3803/3803 3764/3764/3764 3801/3801/3801
f 3804/3804/3804 3805/3805/3805 3801/3801/3801
f 3801/3801/3801 3764/3764/3764 3804/3804/3804
f 3806/3806/3806 3807/3807/3807 3804/3804/3804
f 3804/3804/3804 3764/3764/3764 3806/3806/3806
f 3808/3808/3808 3809/3809/3809 3806/3806/3806
f 3806/3806/3806 3764/3764/3764 3808/3808/3808
f 3810/3810/3810 3811/3811/3811 3808/3808/3808
f 3808/3808/3808 3764/3764/3764 3810/3810/3810
f 3763/3763/3763 3812/3812/3812 3810/3810/3810
f 3810/3810/3810 3764/3764/3764 3763/3763/3763
f 3815/3815/3815 3814/3814/3814 3813/3813/3813
f 3813/3813/3813 3816/3816/3816 3815/3815/3815
f 3814/3814/3814 3722/3722/3722 3723/3723/3723
f 3723/3723/3723 3813/3813/3813 3814/3814/3814
f 3819/3819/3819 3818/3818/3818 3817/3817/3817
f 3822/3822/3822 3821/3821/3821 3820/3820/3820
f 3825/3825/3825 3824/3824/3824 3823/3823/3823
f 3825/3825/3825 3823/3823/3823 3814/3814/3814
f 3814/3814/3814 3823/3823/3823 3722/3722/3722
f 3695/3695/3695 3701/3701/3701 3702/3702/3702
f 3702/3702/3702 3699/3699/3699 3695/3695/3695
f 3828/3828/3828 3827/3827/3827 3826/3826/3826
f 3828/3828/3828 3826/3826/3826 3813/3813/3813
f 3813/3813/3813 3723/3723/3723 3828/3828/3828
f 3820/3820/3820 3698/3698/3698 3822/3822/3822
f 3822/3822/3822 3698/3698/3698 3700/3700/3700
f 3831/3831/3831 3830/3830/3830 3829/3829/3829
f 3829/3829/3829 3832/3832/3832 3831/3831/3831
f 3835/3835/3835 3834/3834/3834 3833/3833/3833
f 3833/3833/3833 3836/3836/3836 3835/3835/3835
f 3839/3839/3839 3838/3838/3838 3837/3837/3837
f 3837/3837/3837 3840/3840/3840 3839/3839/3839
f 3843/3843/3843 3842/3842/3842 3841/3841/3841
f 3846/3846/3846 3845/3845/3845 3844/3844/3844
f 3849/3849/3849 3848/3848/3848 3847/3847/3847
f 3847/3847/3847 3850/3850/3850 3849/3849/3849
f 3850/3850/3850 3847/3847/3847 3851/3851/3851
f 3851/3851/3851 3852/3852/3852 3850/3850/3850
f 3855/3855/3855 3854/3854/3854 3853/3853/3853
f 3858/3858/3858 3857/3857/3857 3856/3856/3856
f 3861/3861/3861 3860/3860/3860 3859/3859/3859
f 3859/3859/3859 3862/3862/3862 3861/3861/3861
f 3859/3859/3859 3864/3864/3864 3863/3863/3863
f 3863/3863/3863 3862/3862/3862 3859/3859/3859
f 3863/3863/3863 3866/3866/3866 3865/3865/3865
f 3865/3865/3865 3862/3862/3862 3863/3863/3863
f 3865/3865/3865 3868/3868/3868 3867/3867/3867
f 3867/3867/3867 3862/3862/3862 3865/3865/3865
f 3867/3867/3867 3870/3870/3870 3869/3869/3869
f 3869/3869/3869 3862/3862/3862 3867/3867/3867
f 3869/3869/3869 3872/3872/3872 3871/3871/3871
f 3871/3871/3871 3862/3862/3862 3869/3869/3869
f 3875/3875/3875 3874/3874/3874 3873/3873/3873
f 3873/3873/3873 3876/3876/3876 3875/3875/3875
f 3876/3876/3876 3873/3873/3873 3877/3877/3877
f 3877/3877/3877 3878/3878/3878 3876/3876/3876
f 3878/3878/3878 3877/3877/3877 3879/3879/3879
f 3879/3879/3879 3880/3880/3880 3878/3878/3878
f 3880/3880/3880 3879/3879/3879 3881/3881/3881
f 3881/3881/3881 3882/3882/3882 3880/3880/3880
f 3882/3882/3882 3881/3881/3881 3883/3883/3883
f 3883/3883/3883 3884/3884/3884 3882/3882/3882
f 3884/3884/3884 3883/3883/3883 3885/3885/3885
f 3885/3885/3885 3886/3886/3886 3884/3884/3884
f 3886/3886/3886 3885/3885/3885 3887/3887/3887
f 3887/3887/3887 3888/3888/3888 3886/3886/3886
f 3888/3888/3888 3887/3887/3887 3889/3889/3889
f 3889/3889/3889 3890/3890/3890 3888/3888/3888
f 3890/3890/3890 3889/3889/3889 3891/3891/3891
f 3891/3891/3891 3892/3892/3892 3890/3890/3890
f 3892/3892/3892 3891/3891/3891 3893/3893/3893
f 3893/3893/3893 3894/3894/3894 3892/3892/3892
f 3894/3894/3894 3893/3893/3893 3895/3895/3895
f 3895/3895/3895 3896/3896/3896 3894/3894/3894
f 3896/3896/3896 3895/3895/3895 3897/3897/3897
f 3897/3897/3897 3898/3898/3898 3896/3896/3896
f 3899/3899/3899 3900/3900/3900 3901/3901/3901
f 3901/3901/3901 3902/3902/3902 3899/3899/3899
f 3903/3903/3903 3904/3904/3904 3899/3899/3899
f 3899/3899/3899 3902/3902/3902 3903/3903/3903
f 3905/3905/3905 3906/3906/3906 3903/3903/3903
f 3903/3903/3903 3902/3902/3902 3905/3905/3905
f 3907/3907/3907 3908/3908/3908 3905/3905/3905
f 3905/3905/3905 3902/3902/3902 3907/3907/3907
f 3909/3909/3909 3910/3910/3910 3907/3907/3907
f 3907/3907/3907 3902/3902/3902 3909/3909/3909
f 3911/3911/3911 3912/3912/3912 3909/3909/3909
f 3909/3909/3909 3902/3902/3902 3911/3911/3911
f 3913/3913/3913 3898/3898/3898 3897/3897/3897
f 3897/3897/3897 3914/3914/3914 3913/3913/3913
f 3915/3915/3915 3916/3916/3916 3862/3862/3862
f 3862/3862/3862 3871/3871/3871 3915/3915/3915
f 3911/3911/3911 3902/3902/3902 3917/3917/3917
f 3917/3917/3917 3918/3918/3918 3911/3911/3911
f 3921/3921/3921 3920/3920/3920 3919/3919/3919
f 3919/3919/3919 3917/3917/3917 3921/3921/3921
f 3919/3919/3919 3923/3923/3923 3922/3922/3922
f 3922/3922/3922 3917/3917/3917 3919/3919/3919
f 3922/3922/3922 3925/3925/3925 3924/3924/3924
f 3924/3924/3924 3917/3917/3917 3922/3922/3922
f 3924/3924/3924 3927/3927/3927 3926/3926/3926
f 3926/3926/3926 3917/3917/3917 3924/3924/3924
f 3926/3926/3926 3929/3929/3929 3928/3928/3928
f 3928/3928/3928 3917/3917/3917 3926/3926/3926
f 3928/3928/3928 3930/3930/3930 3918/3918/3918
f 3918/3918/3918 3917/3917/3917 3928/3928/3928
f 3931/3931/3931 3852/3852/3852 3851/3851/3851
f 3851/3851/3851 3932/3932/3932 3931/3931/3931
f 3933/3933/3933 3931/3931/3931 3932/3932/3932
f 3932/3932/3932 3934/3934/3934 3933/3933/3933
f 3935/3935/3935 3933/3933/3933 3934/3934/3934
f 3934/3934/3934 3936/3936/3936 3935/3935/3935
f 3937/3937/3937 3935/3935/3935 3936/3936/3936
f 3936/3936/3936 3938/3938/3938 3937/3937/3937
f 3939/3939/3939 3937/3937/3937 3938/3938/3938
f 3938/3938/3938 3940/3940/3940 3939/3939/3939
f 3941/3941/3941 3939/3939/3939 3940/3940/3940
f 3940/3940/3940 3942/3942/3942 3941/3941/3941
f 3943/3943/3943 3941/3941/3941 3942/3942/3942
f 3942/3942/3942 3944/3944/3944 3943/3943/3943
f 3945/3945/3945 3943/3943/3943 3944/3944/3944
f 3944/3944/3944 3946/3946/3946 3945/3945/3945
f 3947/3947/3947 3945/3945/3945 3946/3946/3946
f 3946/3946/3946 3948/3948/3948 3947/3947/3947
f 3949/3949/3949 3947/3947/3947 3948/3948/3948
f 3948/3948/3948 3950/3950/3950 3949/3949/3949
f 3951/3951/3951 3949/3949/3949 3950/3950/3950
f 3950/3950/3950 3952/3952/3952 3951/3951/3951
f 3914/3914/3914 3951/3951/3951 3952/3952/3952
f 3952/3952/3952 3913/3913/3913 3914/3914/3914
f 3953/3953/3953 3954/3954/3954 3955/3955/3955
f 3955/3955/3955 3916/3916/3916 3953/3953/3953
f 3956/3956/3956 3957/3957/3957 3953/3953/3953
f 3953/3953/3953 3916/3916/3916 3956/3956/3956
f 3958/3958/3958 3959/3959/3959 3956/3956/3956
f 3956/3956/3956 3916/3916/3916 3958/3958/3958
f 3960/3960/3960 3961/3961/3961 3958/3958/3958
f 3958/3958/3958 3916/3916/3916 3960/3960/3960
f 3962/3962/3962 3963/3963/3963 3960/3960/3960
f 3960/3960/3960 3916/3916/3916 3962/3962/3962
f 3915/3915/3915 3964/3964/3964 3962/3962/3962
f 3962/3962/3962 3916/3916/3916 3915/3915/3915
f 3967/3967/3967 3966/3966/3966 3965/3965/3965
f 3965/3965/3965 3968/3968/3968 3967/3967/3967
f 3966/3966/3966 3874/3874/3874 3875/3875/3875
f 3875/3875/3875 3965/3965/3965 3966/3966/3966
f 3971/3971/3971 3970/3970/3970 3969/3969/3969
f 3974/3974/3974 3973/3973/3973 3972/3972/3972
f 3977/3977/3977 3976/3976/3976 3975/3975/3975
f 3977/3977/3977 3975/3975/3975 3966/3966/3966
f 3966/3966/3966 3975/3975/3975 3874/3874/3874
f 3847/3847/3847 3853/3853/3853 3854/3854/3854
f 3854/3854/3854 3851/3851/3851 3847/3847/3847
f 3980/3980/3980 3979/3979/3979 3978/3978/3978
f 3980/3980/3980 3978/3978/3978 3965/3965/3965
f 3965/3965/3965 3875/3875/3875 3980/3980/3980
f 3972/3972/3972 3850/3850/3850 3974/3974/3974
f 3974/3974/3974 3850/3850/3850 3852/3852/3852
f 3983/3983/3983 3982/3982/3982 3981/3981/3981
f 3981/3981/3981 3984/3984/3984 3983/3983/3983
f 3987/3987/3987 3986/3986/3986 3985/3985/3985
f 3985/3985/3985 3988/3988/3988 3987/3987/3987
f 3991/3991/3991 3990/3990/3990 3989/3989/3989
f 3989/3989/3989 3992/3992/3992 3991/3991/3991
f 3995/3995/3995 3994/3994/3994 3993/3993/3993
f 3998/3998/3998 3997/3997/3997 3996/3996/3996
f 4001/4001/4001 4000/4000/4000 3999/3999/3999
f 3999/3999/3999 4002/4002/4002 4001/4001/4001
f 4002/4002/4002 3999/3999/3999 4003/4003/4003
f 4003/4003/4003 4004/4004/4004 4002/4002/4002
f 4007/4007/4007 4006/4006/4006 4005/4005/4005
f 4010/4010/4010 4009/4009/4009 4008/4008/4008
f 4013/4013/4013 4012/4012/4012 4011/4011/4011
f 4011/4011/4011 4014/4014/4014 4013/4013/4013
f 4011/4011/4011 4016/4016/4016 4015/4015/4015
f 4015/4015/4015 4014/4014/4014 4011/4011/4011
f 4015/4015/4015 4018/4018/4018 4017/4017/4017
f 4017/4017/4017 4014/4014/4014 4015/4015/4015
f 4017/4017/4017 4020/4020/4020 4019/4019/4019
f 4019/4019/4019 4014/4014/4014 4017/4017/4017
f 4019/4019/4019 4022/4022/4022 4021/4021/4021
f 4021/4021/4021 4014/4014/4014 4019/4019/4019
f 4021/4021/4021 4024/4024/4024 4023/4023/4023
f 4023/4023/4023 4014/4014/4014 4021/4021/4021
f 4027/4027/4027 4026/4026/4026 4025/4025/4025
f 4025/4025/4025 4028/4028/4028 4027/4027/4027
f 4028/4028/4028 4025/4025/4025 4029/4029/4029
f 4029/4029/4029 4030/4030/4030 4028/4028/4028
f 4030/4030/4030 4029/4029/4029 4031/4031/4031
f 4031/4031/4031 4032/4032/4032 4030/4030/4030
f 4032/4032/4032 4031/4031/4031 4033/4033/4033
f 4033/4033/4033 4034/4034/4034 4032/4032/4032
f 4034/4034/4034 4033/4033/4033 4035/4035/4035
f 4035/4035/4035 4036/4036/4036 4034/4034/4034
f 4036/4036/4036 4035/4035/4035 4037/4037/4037
f 4037/4037/4037 4038/4038/4038 4036/4036/4036
f 4038/4038/4038 4037/4037/4037 4039/4039/4039
f 4039/4039/4039 4040/4040/4040 4038/4038/4038
f 4040/4040/4040 4039/4039/4039 4041/4041/4041
f 4041/4041/4041 4042/4042/4042 4040/4040/4040
f 4042/4042/4042 4041/4041/4041 4043/4043/4043
f 4043/4043/4043 4044/4044/4044 4042/4042/4042
f 4044/4044/4044 4043/4043/4043 4045/4045/4045
f 4045/4045/4045 4046/4046/4046 4044/4044/4044
f 4046/4046/4046 4045/4045/4045 4047/4047/4047
f 4047/4047/4047 4048/4048/4048 4046/4046/4046
f 4048/4048/4048 4047/4047/4047 4049/4049/4049
f 4049/4049/4049 4050/4050/4050 4048/4048/4048
f 4051/4051/4051 4052/4052/4052 4053/4053/4053
f 4053/4053/4053 4054/4054/4054 4051/4051/4051
f 4055/4055/4055 4056/4056/4056 4051/4051/4051
f 4051/4051/4051 4054/4054/4054 4055/4055/4055
f 4057/4057/4057 4058/4058/4058 4055/4055/4055
f 4055/4055/4055 4054/4054/4054 4057/4057/4057
f 4059/4059/4059 4060/4060/4060 4057/4057/4057
f 4057/4057/4057 4054/4054/4054 4059/4059/4059
f 4061/4061/4061 4062/4062/4062 4059/4059/4059
f 4059/4059/4059 4054/4054/4054 4061/4061/4061
f 4063/4063/4063 4064/4064/4064 4061/4061/4061
f 4061/4061/4061 4054/4054/4054 4063/4063/4063
f 4065/4065/4065 4050/4050/4050 4049/4049/4049
f 4049/4049/4049 4066/4066/4066 4065/4065/4065
f 4067/4067/4067 4068/4068/4068 4014/4014/4014
f 4014/4014/4014 4023/4023/4023 4067/4067/4067
f 4063/4063/4063 4054/4054/4054 4069/4069/4069
f 4069/4069/4069 4070/4070/4070 4063/4063/4063
f 4073/4073/4073 4072/4072/4072 4071/4071/4071
f 4071/4071/4071 4069/4069/4069 4073/4073/4073
f 4071/4071/4071 4075/4075/4075 4074/4074/4074
f 4074/4074/4074 4069/4069/4069 4071/4071/4071
f 4074/4074/4074 4077/4077/4077 4076/4076/4076
f 4076/4076/4076 4069/4069/4069 4074/4074/4074
f 4076/4076/4076 4079/4079/4079 4078/4078/4078
f 4078/4078/4078 4069/4069/4069 4076/4076/4076
f 4078/4078/4078 4081/4081/4081 4080/4080/4080
f 4080/4080/4080 4069/4069/4069 4078/4078/4078
f 4080/4080/4080 4082/4082/4082 4070/4070/4070
f 4070/4070/4070 4069/4069/4069 4080/4080/4080
f 4083/4083/4083 4004/4004/4004 4003/4003/4003
f 4003/4003/4003 4084/4084/4084 4083/4083/4083
f 4085/4085/4085 4083/4083/4083 4084/4084/4084
f 4084/4084/4084 4086/4086/4086 4085/4085/4085
f 4087/4087/4087 4085/4085/4085 4086/4086/4086
f 4086/4086/4086 4088/4088/4088 4087/4087/4087
f 4089/4089/4089 4087/4087/4087 4088/4088/4088
f 4088/4088/4088 4090/4090/4090 4089/4089/4089
f 4091/4091/4091 4089/4089/4089 4090/4090/4090
f 4090/4090/4090 4092/4092/4092 4091/4091/4091
f 4093/4093/4093 4091/4091/4091 4092/4092/4092
f 4092/4092/4092 4094/4094/4094 4093/4093/4093
f 4095/4095/4095 4093/4093/4093 4094/4094/4094
f 4094/4094/4094 4096/4096/4096 4095/4095/4095
f 4097/4097/4097 4095/4095/4095 4096/4096/4096
f 4096/4096/4096 4098/4098/4098 4097/4097/4097
f 4099/4099/4099 4097/4097/4097 4098/4098/4098
f 4098/4098/4098 4100/4100/4100 4099/4099/4099
f 4101/4101/4101 4099/4099/4099 4100/4100/4100
f 4100/4100/4100 4102/4102/4102 4101/4101/4101
f 4103/4103/4103 4101/4101/4101 4102/4102/4102
f 4102/4102/4102 4104/4104/4104 4103/4103/4103
f 4066/4066/4066 4103/4103/4103 4104/4104/4104
f 4104/4104/4104 4065/4065/4065 4066/4066/4066
f 4105/4105/4105 4106/4106/4106 4107/4107/4107
f 4107/4107/4107 4068/4068/4068 4105/4105/4105
f 4108/4108/4108 4109/4109/4109 4105/4105/4105
f 4105/4105/4105 4068/4068/4068 4108/4108/4108
f 4110/4110/4110 4111/4111/4111 4108/4108/4108
f 4108/4108/4108 4068/4068/4068 4110/4110/4110
f 4112/4112/4112 4113/4113/4113 4110/4110/4110
f 4110/4110/4110 4068/4068/4068 4112/4112/4112
f 4114/4114/4114 4115/4115/4115 4112/4112/4112
f 4112/4112/4112 4068/4068/4068 4114/4114/4114
f 4067/4067/4067 4116/4116/4116 4114/4114/4114
f 4114/4114/4114 4068/4068/4068 4067/4067/4067
f 4119/4119/4119 4118/4118/4118 4117/4117/4117
f 4117/4117/4117 4120/4120/4120 4119/4119/4119
f 4118/4118/4118 4026/4026/4026 4027/4027/4027
f 4027/4027/4027 4117/4117/4117 4118/4118/4118
f 4123/4123/4123 4122/4122/4122 4121/4121/4121
f 4126/4126/4126 4125/4125/4125 4124/4124/4124
f 4129/4129/4129 4128/4128/4128 4127/4127/4127
f 4129/4129/4129 4127/4127/4127 4118/4118/4118
f 4118/4118/4118 4127/4127/4127 4026/4026/4026
f 3999/3999/3999 4005/4005/4005 4006/4006/4006
f 4006/4006/4006 4003/4003/4003 3999/3999/3999
f 4132/4132/4132 4131/4131/4131 4130/4130/4130
f 4132/4132/4132 4130/4130/4130 4117/4117/4117
f 4117/4117/4117 4027/4027/4027 4132/4132/4132
f 4124/4124/4124 4002/4002/4002 4126/4126/4126
f 4126/4126/4126 4002/4002/4002 4004/4004/4004
f 4135/4135/4135 4134/4134/4134 4133/4133/4133
f 4133/4133/4133 4136/4136/4136 4135/4135/4135
f 4139/4139/4139 4138/4138/4138 4137/4137/4137
f 4137/4137/4137 4140/4140/4140 4139/4139/4139
f 4143/4143/4143 4142/4142/4142 4141/4141/4141
f 4141/4141/4141 4144/4144/4144 4143/4143/4143
f 4147/4147/4147 4146/4146/4146 4145/4145/4145
f 4150/4150/4150 4149/4149/4149 4148/4148/4148
f 4153/4153/4153 4152/4152/4152 4151/4151/4151
f 4151/4151/4151 4154/4154/4154 4153/4153/4153
f 4154/4154/4154 4151/4151/4151 4155/4155/4155
f 4155/4155/4155 4156/4156/4156 4154/4154/4154
f 4159/4159/4159 4158/4158/4158 4157/4157/4157
f 4162/4162/4162 4161/4161/4161 4160/4160/4160
f 4165/4165/4165 4164/4164/4164 4163/4163/4163
f 4163/4163/4163 4166/4166/4166 4165/4165/4165
f 4163/4163/4163 4168/4168/4168 4167/4167/4167
f 4167/4167/4167 4166/4166/4166 4163/4163/4163
f 4167/4167/4167 4170/4170/4170 4169/4169/4169
f 4169/4169/4169 4166/4166/4166 4167/4167/4167
f 4169/4169/4169 4172/4172/4172 4171/4171/4171
f 4171/4171/4171 4166/4166/4166 4169/4169/4169
f 4171/4171/4171 4174/4174/4174 4173/4173/4173
f 4173/4173/4173 4166/4166/4166 4171/4171/4171
f 4173/4173/4173 4176/4176/4176 4175/4175/4175
f 4175/4175/4175 4166/4166/4166 4173/4173/4173
f 4179/4179/4179 4178/4178/4178 4177/4177/4177
f 4177/4177/4177 4180/4180/4180 4179/4179/4179
f 4180/4180/4180 4177/4177/4177 4181/4181/4181
f 4181/4181/4181 4182/4182/4182 4180/4180/4180
f 4182/4182/4182 4181/4181/4181 4183/4183/4183
f 4183/4183/4183 4184/4184/4184 4182/4182/4182
f 4184/4184/4184 4183/4183/4183 4185/4185/4185
f 4185/4185/4185 4186/4186/4186 4184/4184/4184
f 4186/4186/4186 4185/4185/4185 4187/4187/4187
f 4187/4187/4187 4188/4188/4188 4186/4186/4186
f 4188/4188/4188 4187/4187/4187 4189/4189/4189
f 4189/4189/4189 4190/4190/4190 4188/4188/4188
f 4190/4190/4190 4189/4189/4189 4191/4191/4191
f 4191/4191/4191 4192/4192/4192 4190/4190/4190
f 4192/4192/4192 4191/4191/4191 4193/4193/4193
f 4193/4193/4193 4194/4194/4194 4192/4192/4192
f 4194/4194/4194 4193/4193/4193 4195/4195/4195
f 4195/4195/4195 4196/4196/4196 4194/4194/4194
f 4196/4196/4196 4195/4195/4195 4197/4197/4197
f 4197/4197/4197 4198/4198/4198 4196/4196/4196
f 4198/4198/4198 4197/4197/4197 4199/4199/4199
f 4199/4199/4199 4200/4200/4200 4198/4198/4198
f 4200/4200/4200 4199/4199/4199 4201/4201/4201
f 4201/4201/4201 4202/4202/4202 4200/4200/4200
f 4203/4203/4203 4204/4204/4204 4205/4205/4205
f 4205/4205/4205 4206/4206/4206 4203/4203/4203
f 4207/4207/4207 4208/4208/4208 4203/4203/4203
f 4203/4203/4203 4206/4206/4206 4207/4207/4207
f 4209/4209/4209 4210/4210/4210 4207/4207/4207
f 4207/4207/4207 4206/4206/4206 4209/4209/4209
f 4211/4211/4211 4212/4212/4212 4209/4209/4209
f 4209/4209/4209 4206/4206/4206 4211/4211/4211
f 4213/4213/4213 4214/4214/4214 4211/4211/4211
f 4211/4211/4211 4206/4206/4206 4213/4213/4213
f 4215/4215/4215 4216/4216/4216 4213/4213/4213
f 4213/4213/4213 4206/4206/4206 4215/4215/4215
f 4217/4217/4217 4202/4202/4202 4201/4201/4201
f 4201/4201/4201 4218/4218/4218 4217/4217/4217
f 4219/4219/4219 4220/4220/4220 4166/4166/4166
f 4166/4166/4166 4175/4175/4175 4219/4219/4219
f 4215/4215/4215 4206/4206/4206 4221/4221/4221
f 4221/4221/4221 4222/4222/4222 4215/4215/4215
f 4225/4225/4225 4224/4224/4224 4223/4223/4223
f 4223/4223/4223 4221/4221/4221 4225/4225/4225
f 4223/4223/4223 4227/4227/4227 4226/4226/4226
f 4226/4226/4226 4221/4221/4221 4223/4223/4223
f 4226/4226/4226 4229/4229/4229 4228/4228/4228
f 4228/4228/4228 4221/4221/4221 4226/4226/4226
f 4228/4228/4228 4231/4231/4231 4230/4230/4230
f 4230/4230/4230 4221/4221/4221 4228/4228/4228
f 4230/4230/4230 4233/4233/4233 4232/4232/4232
f 4232/4232/4232 4221/4221/4221 4230/4230/4230
f 4232/4232/4232 4234/4234/4234 4222/4222/4222
f 4222/4222/4222 4221/4221/4221 4232/4232/4232
f 4235/4235/4235 4156/4156/4156 4155/4155/4155
f 4155/4155/4155 4236/4236/4236 4235/4235/4235
f 4237/4237/4237 4235/4235/4235 4236/4236/4236
f 4236/4236/4236 4238/4238/4238 4237/4237/4237
f 4239/4239/4239 4237/4237/4237 4238/4238/4238
f 4238/4238/4238 4240/4240/4240 4239/4239/4239
f 4241/4241/4241 4239/4239/4239 4240/4240/4240
f 4240/4240/4240 4242/4242/4242 4241/4241/4241
f 4243/4243/4243 4241/4241/4241 4242/4242/4242
f 4242/4242/4242 4244/4244/4244 4243/4243/4243
f 4245/4245/4245 4243/4243/4243 4244/4244/4244
f 4244/4244/4244 4246/4246/4246 4245/4245/4245
f 4247/4247/4247 4245/4245/4245 4246/4246/4246
f 4246/4246/4246 4248/4248/4248 4247/4247/4247
f 4249/4249/4249 4247/4247/4247 4248/4248/4248
f 4248/4248/4248 4250/4250/4250 4249/4249/4249
f 4251/4251/4251 4249/4249/4249 4250/4250/4250
f 4250/4250/4250 4252/4252/4252 4251/4251/4251
f 4253/4253/4253 4251/4251/4251 4252/4252/4252
f 4252/4252/4252 4254/4254/4254 4253/4253/4253
f 4255/4255/4255 4253/4253/4253 4254/4254/4254
f 4254/4254/4254 4256/4256/4256 4255/4255/4255
f 4218/4218/4218 4255/4255/4255 4256/4256/4256
f 4256/4256/4256 4217/4217/4217 4218/4218/4218
f 4257/4257/4257 4258/4258/4258 4259/4259/4259
f 4259/4259/4259 4220/4220/4220 4257/4257/4257
f 4260/4260/4260 4261/4261/4261 4257/4257/4257
f 4257/4257/4257 4220/4220/4220 4260/4260/4260
f 4262/4262/4262 4263/4263/4263 4260/4260/4260
f 4260/4260/4260 4220/4220/4220 4262/4262/4262
f 4264/4264/4264 4265/4265/4265 4262/4262/4262
f 4262/4262/4262 4220/4220/4220 4264/4264/4264
f 4266/4266/4266 4267/4267/4267 4264/4264/4264
f 4264/4264/4264 4220/4220/4220 4266/4266/4266
f 4219/4219/4219 4268/4268/4268 4266/4266/4266
f 4266/4266/4266 4220/4220/4220 4219/4219/4219
f 4271/4271/4271 4270/4270/4270 4269/4269/4269
f 4269/4269/4269 4272/4272/4272 4271/4271/4271
f 4270/4270/4270 4178/4178/4178 4179/4179/4179
f 4179/4179/4179 4269/4269/4269 4270/4270/4270
f 4275/4275/4275 4274/4274/4274 4273/4273/4273
f 4278/4278/4278 4277/4277/4277 4276/4276/4276
f 4281/4281/4281 4280/4280/4280 4279/4279/4279
f 4281/4281/4281 4279/4279/4279 4270/4270/4270
f 4270/4270/4270 4279/4279/4279 4178/4178/4178
f 4151/4151/4151 4157/4157/4157 4158/4158/4158
f 4158/4158/4158 4155/4155/4155 4151/4151/4151
f 4284/4284/4284 4283/4283/4283 4282/4282/4282
f 4284/4284/4284 4282/4282/4282 4269/4269/4269
f 4269/4269/4269 4179/4179/4179 4284/4284/4284
f 4276/4276/4276 4154/4154/4154 4278/4278/4278
f 4278/4278/4278 4154/4154/4154 4156/4156/4156
f 4287/4287/4287 4286/4286/4286 4285/4285/4285
f 4285/4285/4285 4288/4288/4288 4287/4287/4287
f 4291/4291/4291 4290/4290/4290 4289/4289/4289
f 4289/4289/4289 4292/4292/4292 4291/4291/4291
f 4295/4295/4295 4294/4294/4294 4293/4293/4293
f 4293/4293/4293 4296/4296/4296 4295/4295/4295
f 4299/4299/4299 4298/4298/4298 4297/4297/4297
f 4302/4302/4302 4301/4301/4301 4300/4300/4300
f 4305/4305/4305 4304/4304/4304 4303/4303/4303
f 4303/4303/4303 4306/4306/4306 4305/4305/4305
f 4306/4306/4306 4303/4303/4303 4307/4307/4307
f 4307/4307/4307 4308/4308/4308 4306/4306/4306
f 4311/4311/4311 4310/4310/4310 4309/4309/4309
f 4314/4314/4314 4313/4313/4313 4312/4312/4312
f 4317/4317/4317 4316/4316/4316 4315/4315/4315
f 4315/4315/4315 4318/4318/4318 4317/4317/4317
f 4315/4315/4315 4320/4320/4320 4319/4319/4319
f 4319/4319/4319 4318/4318/4318 4315/4315/4315
f 4319/4319/4319 4322/4322/4322 4321/4321/4321
f 4321/4321/4321 4318/4318/4318 4319/4319/4319
f 4321/4321/4321 4324/4324/4324 4323/4323/4323
f 4323/4323/4323 4318/4318/4318 4321/4321/4321
f 4323/4323/4323 4326/4326/4326 4325/4325/4325
f 4325/4325/4325 4318/4318/4318 4323/4323/4323
f 4325/4325/4325 4328/4328/4328 4327/4327/4327
f 4327/4327/4327 4318/4318/4318 4325/4325/4325
f 4331/4331/4331 4330/4330/4330 4329/4329/4329
f 4329/4329/4329 4332/4332/4332 4331/4331/4331
f 4332/4332/4332 4329/4329/4329 4333/4333/4333
f 4333/4333/4333 4334/4334/4334 4332/4332/4332
f 4334/4334/4334 4333/4333/4333 4335/4335/4335
f 4335/4335/4335 4336/4336/4336 4334/4334/4334
f 4336/4336/4336 4335/4335/4335 4337/4337/4337
f 4337/4337/4337 4338/4338/4338 4336/4336/4336
f 4338/4338/4338 4337/4337/4337 4339/4339/4339
f 4339/4339/4339 4340/4340/4340 4338/4338/4338
f 4340/4340/4340 4339/4339/4339 4341/4341/4341
f 4341/4341/4341 4342/4342/4342 4340/4340/4340
f 4342/4342/4342 4341/4341/4341 4343/4343/4343
f 4343/4343/4343 4344/4344/4344 4342/4342/4342
f 4344/4344/4344 4343/4343/4343 4345/4345/4345
f 4345/4345/4345 4346/4346/4346 4344/4344/4344
f 4346/4346/4346 4345/4345/4345 4347/4347/4347
f 4347/4347/4347 4348/4348/4348 4346/4346/4346
f 4348/4348/4348 4347/4347/4347 4349/4349/4349
f 4349/4349/4349 4350/4350/4350 4348/4348/4348
f 4350/4350/4350 4349/4349/4349 4351/4351/4351
f 4351/4351/4351 4352/4352/4352 4350/4350/4350
f 4352/4352/4352 4351/4351/4351 4353/4353/4353
f 4353/4353/4353 4354/4354/4354 4352/4352/4352
f 4355/4355/4355 4356/4356/4356 4357/4357/4357
f 4357/4357/4357 4358/4358/4358 4355/4355/4355
f 4359/4359/4359 4360/4360/4360 4355/4355/4355
f 4355/4355/4355 4358/4358/4358 4359/4359/4359
f 4361/4361/4361 4362/4362/4362 4359/4359/4359
f 4359/4359/4359 4358/4358/4358 4361/4361/4361
f 4363/4363/4363 4364/4364/4364 4361/4361/4361
f 4361/4361/4361 4358/4358/4358 4363/4363/4363
f 4365/4365/4365 4366/4366/4366 4363/4363/4363
f 4363/4363/4363 4358/4358/4358 4365/4365/4365
f 4367/4367/4367 4368/4368/4368 4365/4365/4365
f 4365/4365/4365 4358/4358/4358 4367/4367/4367
f 4369/4369/4369 4354/4354/4354 4353/4353/4353
f 4353/4353/4353 4370/4370/4370 4369/4369/4369
f 4371/4371/4371 4372/4372/4372 4318/4318/4318
f 4318/4318/4318 4327/4327/4327 4371/4371/4371
f 4367/4367/4367 4358/4358/4358 4373/4373/4373
f 4373/4373/4373 4374/4374/4374 4367/4367/4367
f 4377/4377/4377 4376/4376/4376 4375/4375/4375
f 4375/4375/4375 4373/4373/4373 4377/4377/4377
f 4375/4375/4375 4379/4379/4379 4378/4378/4378
f 4378/4378/4378 4373/4373/4373 4375/4375/4375
f 4378/4378/4378 4381/4381/4381 4380/4380/4380
f 4380/4380/4380 4373/4373/4373 4378/4378/4378
f 4380/4380/4380 4383/4383/4383 4382/4382/4382
f 4382/4382/4382 4373/4373/4373 4380/4380/4380
f 4382/4382/4382 4385/4385/4385 4384/4384/4384
f 4384/4384/4384 4373/4373/4373 4382/4382/4382
f 4384/4384/4384 4386/4386/4386 4374/4374/4374
f 4374/4374/4374 4373/4373/4373 4384/4384/4384
f 4387/4387/4387 4308/4308/4308 4307/4307/4307
f 4307/4307/4307 4388/4388/4388 4387/4387/4387
f 4389/4389/4389 4387/4387/4387 4388/4388/4388
f 4388/4388/4388 4390/4390/4390 4389/4389/4389
f 4391/4391/4391 4389/4389/4389 4390/4390/4390
f 4390/4390/4390 4392/4392/4392 4391/4391/4391
f 4393/4393/4393 4391/4391/4391 4392/4392/4392
f 4392/4392/4392 4394/4394/4394 4393/4393/4393
f 4395/4395/4395 4393/4393/4393 4394/4394/4394
f 4394/4394/4394 4396/4396/4396 4395/4395/4395
f 4397/4397/4397 4395/4395/4395 4396/4396/4396
f 4396/4396/4396 4398/4398/4398 4397/4397/4397
f 4399/4399/4399 4397/4397/4397 4398/4398/4398
f 4398/4398/4398 4400/4400/4400 4399/4399/4399
f 4401/4401/4401 4399/4399/4399 4400/4400/4400
f 4400/4400/4400 4402/4402/4402 4401/4401/4401
f 4403/4403/4403 4401/4401/4401 4402/4402/4402
f 4402/4402/4402 4404/4404/4404 4403/4403/4403
f 4405/4405/4405 4403/4403/4403 4404/4404/4404
f 4404/4404/4404 4406/4406/4406 4405/4405/4405
f 4407/4407/4407 4405/4405/4405 4406/4406/4406
f 4406/4406/4406 4408/4408/4408 4407/4407/4407
f 4370/4370/4370 4407/4407/4407 4408/4408/4408
f 4408/4408/4408 4369/4369/4369 4370/4370/4370
f 4409/4409/4409 4410/4410/4410 4411/4411/4411
f 4411/4411/4411 4372/4372/4372 4409/4409/4409
f 4412/4412/4412 4413/4413/4413 4409/4409/4409
f 4409/4409/4409 4372/4372/4372 4412/4412/4412
f 4414/4414/4414 4415/4415/4415 4412/4412/4412
f 4412/4412/4412 4372/4372/4372 4414/4414/4414
f 4416/4416/4416 4417/4417/4417 4414/4414/4414
f 4414/4414/4414 4372/4372/4372 4416/4416/4416
f 4418/4418/4418 4419/4419/4419 4416/4416/4416
f 4416/4416/4416 4372/4372/4372 4418/4418/4418
f 4371/4371/4371 4420/4420/4420 4418/4418/4418
f 4418/4418/4418 4372/4372/4372 4371/4371/4371
f 4423/4423/4423 4422/4422/4422 4421/4421/4421
f 4421/4421/4421 4424/4424/4424 4423/4423/4423
f 4422/4422/4422 4330/4330/4330 4331/4331/4331
f 4331/4331/4331 4421/4421/4421 4422/4422/4422
f 4427/4427/4427 4426/4426/4426 4425/4425/4425
f 4430/4430/4430 4429/4429/4429 4428/4428/4428
f 4433/4433/4433 4432/4432/4432 4431/4431/4431
f 4433/4433/4433 4431/4431/4431 4422/4422/4422
f 4422/4422/4422 4431/4431/4431 4330/4330/4330
f 4303/4303/4303 4309/4309/4309 4310/4310/4310
f 4310/4310/4310 4307/4307/4307 4303/4303/4303
f 4436/4436/4436 4435/4435/4435 4434/4434/4434
f 4436/4436/4436 4434/4434/4434 4421/4421/4421
f 4421/4421/4421 4331/4331/4331 4436/4436/4436
f 4428/4428/4428 4306/4306/4306 4430/4430/4430
f 4430/4430/4430 4306/4306/4306 4308/4308/4308
f 4439/4439/4439 4438/4438/4438 4437/4437/4437
f 4437/4437/4437 4440/4440/4440 4439/4439/4439
f 4443/4443/4443 4442/4442/4442 4441/4441/4441
f 4441/4441/4441 4444/4444/4444 4443/4443/4443
f 4447/4447/4447 4446/4446/4446 4445/4445/4445
f 4445/4445/4445 4448/4448/4448 4447/4447/4447
f 4451/4451/4451 4450/4450/4450 4449/4449/4449
f 4454/4454/4454 4453/4453/4453 4452/4452/4452
f 4457/4457/4457 4456/4456/4456 4455/4455/4455
f 4455/4455/4455 4458/4458/4458 4457/4457/4457
f 4458/4458/4458 4455/4455/4455 4459/4459/4459
f 4459/4459/4459 4460/4460/4460 4458/4458/4458
f 4463/4463/4463 4462/4462/4462 4461/4461/4461
f 4466/4466/4466 4465/4465/4465 4464/4464/4464
f 4469/4469/4469 4468/4468/4468 4467/4467/4467
f 4467/4467/4467 4470/4470/4470 4469/4469/4469
f 4467/4467/4467 4472/4472/4472 4471/4471/4471
f 4471/4471/4471 4470/4470/4470 4467/4467/4467
f 4471/4471/4471 4474/4474/4474 4473/4473/4473
f 4473/4473/4473 4470/4470/4470 4471/4471/4471
f 4473/4473/4473 4476/4476/4476 4475/4475/4475
f 4475/4475/4475 4470/4470/4470 4473/4473/4473
f 4475/4475/4475 4478/4478/4478 4477/4477/4477
f 4477/4477/4477 4470/4470/4470 4475/4475/4475
f 4477/4477/4477 4480/4480/4480 4479/4479/4479
f 4479/4479/4479 4470/4470/4470 4477/4477/4477
f 4483/4483/4483 4482/4482/4482 4481/4481/4481
f 4481/4481/4481 4484/4484/4484 4483/4483/4483
f 4484/4484/4484 4481/4481/4481 4485/4485/4485
f 4485/4485/4485 4486/4486/4486 4484/4484/4484
f 4486/4486/4486 4485/4485/4485 4487/4487/4487
f 4487/4487/4487 4488/4488/4488 4486/4486/4486
f 4488/4488/4488 4487/4487/4487 4489/4489/4489
f 4489/4489/4489 4490/4490/4490 4488/4488/4488
f 4490/4490/4490 4489/4489/4489 4491/4491/4491
f 4491/4491/4491 4492/4492/4492 4490/4490/4490
f 4492/4492/4492 4491/4491/4491 4493/4493/4493
f 4493/4493/4493 4494/4494/4494 4492/4492/4492
f 4494/4494/4494 4493/4493/4493 4495/4495/4495
f 4495/4495/4495 4496/4496/4496 4494/4494/4494
f 4496/4496/4496 4495/4495/4495 4497/4497/4497
f 4497/4497/4497 4498/4498/4498 4496/4496/4496
f 4498/4498/4498 4497/4497/4497 4499/4499/4499
f 4499/4499/4499 4500/4500/4500 4498/4498/4498
f 4500/4500/4500 4499/4499/4499 4501/4501/4501
f 4501/4501/4501 4502/4502/4502 4500/4500/4500
f 4502/4502/4502 4501/4501/4501 4503/4503/4503
f 4503/4503/4503 4504/4504/4504 4502/4502/4502
f 4504/4504/4504 4503/4503/4503 4505/4505/4505
f 4505/4505/4505 4506/4506/4506 4504/4504/4504
f 4507/4507/4507 4508/4508/4508 4509/4509/4509
f 4509/4509/4509 4510/4510/4510 4507/4507/4507
f 4511/4511/4511 4512/4512/4512 4507/4507/4507
f 4507/4507/4507 4510/4510/4510 4511/4511/4511
f 4513/4513/4513 4514/4514/4514 4511/4511/4511
f 4511/4511/4511 4510/4510/4510 4513/4513/4513
f 4515/4515/4515 4516/4516/4516 4513/4513/4513
f 4513/4513/4513 4510/4510/4510 4515/4515/4515
f 4517/4517/4517 4518/4518/4518 4515/4515/4515
f 4515/4515/4515 4510/4510/4510 4517/4517/4517
f 4519/4519/4519 4520/4520/4520 4517/4517/4517
f 4517/4517/4517 4510/4510/4510 4519/4519/4519
f 4521/4521/4521 4506/4506/4506 4505/4505/4505
f 4505/4505/4505 4522/4522/4522 4521/4521/4521
f 4523/4523/4523 4524/4524/4524 4470/4470/4470
f 4470/4470/4470 4479/4479/4479 4523/4523/4523
f 4519/4519/4519 4510/4510/4510 4525/4525/4525
f 4525/4525/4525 4526/4526/4526 4519/4519/4519
f 4529/4529/4529 4528/4528/4528 4527/4527/4527
f 4527/4527/4527 4525/4525/4525 4529/4529/4529
f 4527/4527/4527 4531/4531/4531 4530/4530/4530
f 4530/4530/4530 4525/4525/4525 4527/4527/4527
f 4530/4530/4530 4533/4533/4533 4532/4532/4532
f 4532/4532/4532 4525/4525/4525 4530/4530/4530
f 4532/4532/4532 4535/4535/4535 4534/4534/4534
f 4534/4534/4534 4525/4525/4525 4532/4532/4532
f 4534/4534/4534 4537/4537/4537 4536/4536/4536
f 4536/4536/4536 4525/4525/4525 4534/4534/4534
f 4536/4536/4536 4538/4538/4538 4526/4526/4526
f 4526/4526/4526 4525/4525/4525 4536/4536/4536
f 4539/4539/4539 4460/4460/4460 4459/4459/4459
f 4459/4459/4459 4540/4540/4540 4539/4539/4539
f 4541/4541/4541 4539/4539/4539 4540/4540/4540
f 4540/4540/4540 4542/4542/4542 4541/4541/4541
f 4543/4543/4543 4541/4541/4541 4542/4542/4542
f 4542/4542/4542 4544/4544/4544 4543/4543/4543
f 4545/4545/4545 4543/4543/4543 4544/4544/4544
f 4544/4544/4544 4546/4546/4546 4545/4545/4545
f 4547/4547/4547 4545/4545/4545 4546/4546/4546
f 4546/4546/4546 4548/4548/4548 4547/4547/4547
f 4549/4549/4549 4547/4547/4547 4548/4548/4548
f 4548/4548/4548 4550/4550/4550 4549/4549/4549
f 4551/4551/4551 4549/4549/4549 4550/4550/4550
f 4550/4550/4550 4552/4552/4552 4551/4551/4551
f 4553/4553/4553 4551/4551/4551 4552/4552/4552
f 4552/4552/4552 4554/4554/4554 4553/4553/4553
f 4555/4555/4555 4553/4553/4553 4554/4554/4554
f 4554/4554/4554 4556/4556/4556 4555/4555/4555
f 4557/4557/4557 4555/4555/4555 4556/4556/4556
f 4556/4556/4556 4558/4558/4558 4557/4557/4557
f 4559/4559/4559 4557/4557/4557 4558/4558/4558
f 4558/4558/4558 4560/4560/4560 4559/4559/4559
f 4522/4522/4522 4559/4559/4559 4560/4560/4560
f 4560/4560/4560 4521/4521/4521 4522/4522/4522
f 4561/4561/4561 4562/4562/4562 4563/4563/4563
f 4563/4563/4563 4524/4524/4524 4561/4561/4561
f 4564/4564/4564 4565/4565/4565 4561/4561/4561
f 4561/4561/4561 4524/4524/4524 4564/4564/4564
f 4566/4566/4566 4567/4567/4567 4564/4564/4564
f 4564/4564/4564 4524/4524/4524 4566/4566/4566
f 4568/4568/4568 4569/4569/4569 4566/4566/4566
f 4566/4566/4566 4524/4524/4524 4568/4568/4568
f 4570/4570/4570 4571/4571/4571 4568/4568/4568
f 4568/4568/4568 4524/4524/4524 4570/4570/4570
f 4523/4523/4523 4572/4572/4572 4570/4570/4570
f 4570/4570/4570 4524/4524/4524 4523/4523/4523
f 4575/4575/4575 4574/4574/4574 4573/4573/4573
f 4573/4573/4573 4576/4576/4576 4575/4575/4575
f 4574/4574/4574 4482/4482/4482 4483/4483/4483
f 4483/4483/4483 4573/4573/4573 4574/4574/4574
f 4579/4579/4579 4578/4578/4578 4577/4577/4577
f 4582/4582/4582 4581/4581/4581 4580/4580/4580
f 4585/4585/4585 4584/4584/4584 4583/4583/4583
f 4585/4585/4585 4583/4583/4583 4574/4574/4574
f 4574/4574/4574 4583/4583/4583 4482/4482/4482
f 4455/4455/4455 4461/4461/4461 4462/4462/4462
f 4462/4462/4462 4459/4459/4459 4455/4455/4455
f 4588/4588/4588 4587/4587/4587 4586/4586/4586
f 4588/4588/4588 4586/4586/4586 4573/4573/4573
f 4573/4573/4573 4483/4483/4483 4588/4588/4588
f 4580/4580/4580 4458/4458/4458 4582/4582/4582
f 4582/4582/4582 4458/4458/4458 4460/4460/4460
f 4591/4591/4591 4590/4590/4590 4589/4589/4589
f 4589/4589/4589 4592/4592/4592 4591/4591/4591
f 4595/4595/4595 4594/4594/4594 4593/4593/4593
f 4593/4593/4593 4596/4596/4596 4595/4595/4595
f 4599/4599/4599 4598/4598/4598 4597/4597/4597
f 4597/4597/4597 4600/4600/4600 4599/4599/4599
f 4603/4603/4603 4602/4602/4602 4601/4601/4601
f 4606/4606/4606 4605/4605/4605 4604/4604/4604
f 4609/4609/4609 4608/4608/4608 4607/4607/4607
f 4607/4607/4607 4610/4610/4610 4609/4609/4609
f 4610/4610/4610 4607/4607/4607 4611/4611/4611
f 4611/4611/4611 4612/4612/4612 4610/4610/4610
f 4615/4615/4615 4614/4614/4614 4613/4613/4613
f 4618/4618/4618 4617/4617/4617 4616/4616/4616
f 4621/4621/4621 4620/4620/4620 4619/4619/4619
f 4619/4619/4619 4622/4622/4622 4621/4621/4621
f 4619/4619/4619 4624/4624/4624 4623/4623/4623
f 4623/4623/4623 4622/4622/4622 4619/4619/4619
f 4623/4623/4623 4626/4626/4626 4625/4625/4625
f 4625/4625/4625 4622/4622/4622 4623/4623/4623
f 4625/4625/4625 4628/4628/4628 4627/4627/4627
f 4627/4627/4627 4622/4622/4622 4625/4625/4625
f 4627/4627/4627 4630/4630/4630 4629/4629/4629
f 4629/4629/4629 4622/4622/4622 4627/4627/4627
f 4629/4629/4629 4632/4632/4632 4631/4631/4631
f 4631/4631/4631 4622/4622/4622 4629/4629/4629
f 4635/4635/4635 4634/4634/4634 4633/4633/4633
f 4633/4633/4633 4636/4636/4636 4635/4635/4635
f 4636/4636/4636 4633/4633/4633 4637/4637/4637
f 4637/4637/4637 4638/4638/4638 4636/4636/4636
f 4638/4638/4638 4637/4637/4637 4639/4639/4639
f 4639/4639/4639 4640/4640/4640 4638/4638/4638
f 4640/4640/4640 4639/4639/4639 4641/4641/4641
f 4641/4641/4641 4642/4642/4642 4640/4640/4640
f 4642/4642/4642 4641/4641/4641 4643/4643/4643
f 4643/4643/4643 4644/4644/4644 4642/4642/4642
f 4644/4644/4644 4643/4643/4643 4645/4645/4645
f 4645/4645/4645 4646/4646/4646 4644/4644/4644
f 4646/4646/4646 4645/4645/4645 4647/4647/4647
f 4647/4647/4647 4648/4648/4648 4646/4646/4646
f 4648/4648/4648 4647/4647/4647 4649/4649/4649
f 4649/4649/4649 4650/4650/4650 4648/4648/4648
f 4650/4650/4650 4649/4649/4649 4651/4651/4651
f 4651/4651/4651 4652/4652/4652 4650/4650/4650
f 4652/4652/4652 4651/4651/4651 4653/4653/4653
f 4653/4653/4653 4654/4654/4654 4652/4652/4652
f 4654/4654/4654 4653/4653/4653 4655/4655/4655
f 4655/4655/4655 4656/4656/4656 4654/4654/4654
f 4656/4656/4656 4655/4655/4655 4657/4657/4657
f 4657/4657/4657 4658/4658/4658 4656/4656/4656
f 4659/4659/4659 4660/4660/4660 4661/4661/4661
f 4661/4661/4661 4662/4662/4662 4659/4659/4659
f 4663/4663/4663 4664/4664/4664 4659/4659/4659
f 4659/4659/4659 4662/4662/4662 4663/4663/4663
f 4665/4665/4665 4666/4666/4666 4663/4663/4663
f 4663/4663/4663 4662/4662/4662 4665/4665/4665
f 4667/4667/4667 4668/4668/4668 4665/4665/4665
f 4665/4665/4665 4662/4662/4662 4667/4667/4667
f 4669/4669/4669 4670/4670/4670 4667/4667/4667
f 4667/4667/4667 4662/4662/4662 4669/4669/4669
f 4671/4671/4671 4672/4672/4672 4669/4669/4669
f 4669/4669/4669 4662/4662/4662 4671/4671/4671
f 4673/4673/4673 4658/4658/4658 4657/4657/4657
f 4657/4657/4657 4674/4674/4674 4673/4673/4673
f 4675/4675/4675 4676/4676/4676 4622/4622/4622
f 4622/4622/4622 4631/4631/4631 4675/4675/4675
f 4671/4671/4671 4662/4662/4662 4677/4677/4677
f 4677/4677/4677 4678/4678/4678 4671/4671/4671
f 4681/4681/4681 4680/4680/4680 4679/4679/4679
f 4679/4679/4679 4677/4677/4677 4681/4681/4681
f 4679/4679/4679 4683/4683/4683 4682/4682/4682
f 4682/4682/4682 4677/4677/4677 4679/4679/4679
f 4682/4682/4682 4685/4685/4685 4684/4684/4684
f 4684/4684/4684 4677/4677/4677 4682/4682/4682
f 4684/4684/4684 4687/4687/4687 4686/4686/4686
f 4686/4686/4686 4677/4677/4677 4684/4684/4684
f 4686/4686/4686 4689/4689/4689 4688/4688/4688
f 4688/4688/4688 4677/4677/4677 4686/4686/4686
f 4688/4688/4688 4690/4690/4690 4678/4678/4678
f 4678/4678/4678 4677/4677/4677 4688/4688/4688
f 4691/4691/4691 4612/4612/4612 4611/4611/4611
f 4611/4611/4611 4692/4692/4692 4691/4691/4691
f 4693/4693/4693 4691/4691/4691 4692/4692/4692
f 4692/4692/4692 4694/4694/4694 4693/4693/4693
f 4695/4695/4695 4693/4693/4693 4694/4694/4694
f 4694/4694/4694 4696/4696/4696 4695/4695/4695
f 4697/4697/4697 4695/4695/4695 4696/4696/4696
f 4696/4696/4696 4698/4698/4698 4697/4697/4697
f 4699/4699/4699 4697/4697/4697 4698/4698/4698
f 4698/4698/4698 4700/4700/4700 4699/4699/4699
f 4701/4701/4701 4699/4699/4699 4700/4700/4700
f 4700/4700/4700 4702/4702/4702 4701/4701/4701
f 4703/4703/4703 4701/4701/4701 4702/4702/4702
f 4702/4702/4702 4704/4704/4704 4703/4703/4703
f 4705/4705/4705 4703/4703/4703 4704/4704/4704
f 4704/4704/4704 4706/4706/4706 4705/4705/4705
f 4707/4707/4707 4705/4705/4705 4706/4706/4706
f 4706/4706/4706 4708/4708/4708 4707/4707/4707
f 4709/4709/4709 4707/4707/4707 4708/4708/4708
f 4708/4708/4708 4710/4710/4710 4709/4709/4709
f 4711/4711/4711 4709/4709/4709 4710/4710/4710
f 4710/4710/4710 4712/4712/4712 4711/4711/4711
f 4674/4674/4674 4711/4711/4711 4712/4712/4712
f 4712/4712/4712 4673/4673/4673 4674/4674/4674
f 4713/4713/4713 4714/4714/4714 4715/4715/4715
f 4715/4715/4715 4676/4676/4676 4713/4713/4713
f 4716/4716/4716 4717/4717/4717 4713/4713/4713
f 4713/4713/4713 4676/4676/4676 4716/4716/4716
f 4718/4718/4718 4719/4719/4719 4716/4716/4716
f 4716/4716/4716 4676/4676/4676 4718/4718/4718
f 4720/4720/4720 4721/4721/4721 4718/4718/4718
f 4718/4718/4718 4676/4676/4676 4720/4720/4720
f 4722/4722/4722 4723/4723/4723 4720/4720/4720
f 4720/4720/4720 4676/4676/4676 4722/4722/4722
f 4675/4675/4675 4724/4724/4724 4722/4722/4722
f 4722/4722/4722 4676/4676/4676 4675/4675/4675
f 4727/4727/4727 4726/4726/4726 4725/4725/4725
f 4725/4725/4725 4728/4728/4728 4727/4727/4727
f 4726/4726/4726 4634/4634/4634 4635/4635/4635
f 4635/4635/4635 4725/4725/4725 4726/4726/4726
f 4731/4731/4731 4730/4730/4730 4729/4729/4729
f 4734/4734/4734 4733/4733/4733 4732/4732/4732
f 4737/4737/4737 4736/4736/4736 4735/4735/4735
f 4737/4737/4737 4735/4735/4735 4726/4726/4726
f 4726/4726/4726 4735/4735/4735 4634/4634/4634
f 4607/4607/4607 4613/4613/4613 4614/4614/4614
f 4614/4614/4614 4611/4611/4611 4607/4607/4607
f 4740/4740/4740 4739/4739/4739 4738/4738/4738
f 4740/4740/4740 4738/4738/4738 4725/4725/4725
f 4725/4725/4725 4635/4635/4635 4740/4740/4740
f 4732/4732/4732 4610/4610/4610 4734/4734/4734
f 4734/4734/4734 4610/4610/4610 4612/4612/4612
f 4743/4743/4743 4742/4742/4742 4741/4741/4741
f 4741/4741/4741 4744/4744/4744 4743/4743/4743
f 4747/4747/4747 4746/4746/4746 4745/4745/4745
f 4745/4745/4745 4748/4748/4748 4747/4747/4747
f 4751/4751/4751 4750/4750/4750 4749/4749/4749
f 4749/4749/4749 4752/4752/4752 4751/4751/4751
f 4755/4755/4755 4754/4754/4754 4753/4753/4753
f 4758/4758/4758 4757/4757/4757 4756/4756/4756
f 4761/4761/4761 4760/4760/4760 4759/4759/4759
f 4759/4759/4759 4762/4762/4762 4761/4761/4761
f 4762/4762/4762 4759/4759/4759 4763/4763/4763
f 4763/4763/4763 4764/4764/4764 4762/4762/4762
f 4767/4767/4767 4766/4766/4766 4765/4765/4765
f 4770/4770/4770 4769/4769/4769 4768/4768/4768
f 4773/4773/4773 4772/4772/4772 4771/4771/4771
f 4771/4771/4771 4774/4774/4774 4773/4773/4773
f 4771/4771/4771 4776/4776/4776 4775/4775/4775
f 4775/4775/4775 4774/4774/4774 4771/4771/4771
f 4775/4775/4775 4778/4778/4778 4777/4777/4777
f 4777/4777/4777 4774/4774/4774 4775/4775/4775
f 4777/4777/4777 4780/4780/4780 4779/4779/4779
f 4779/4779/4779 4774/4774/4774 4777/4777/4777
f 4779/4779/4779 4782/4782/4782 4781/4781/4781
f 4781/4781/4781 4774/4774/4774 4779/4779/4779
f 4781/4781/4781 4784/4784/4784 4783/4783/4783
f 4783/4783/4783 4774/4774/4774 4781/4781/4781
f 4787/4787/4787 4786/4786/4786 4785/4785/4785
f 4785/4785/4785 4788/4788/4788 4787/4787/4787
f 4788/4788/4788 4785/4785/4785 4789/4789/4789
f 4789/4789/4789 4790/4790/4790 4788/4788/4788
f 4790/4790/4790 4789/4789/4789 4791/4791/4791
f 4791/4791/4791 4792/4792/4792 4790/4790/4790
f 4792/4792/4792 4791/4791/4791 4793/4793/4793
f 4793/4793/4793 4794/4794/4794 4792/4792/4792
f 4794/4794/4794 4793/4793/4793 4795/4795/4795
f 4795/4795/4795 4796/4796/4796 4794/4794/4794
f 4796/4796/4796 4795/4795/4795 4797/4797/4797
f 4797/4797/4797 4798/4798/4798 4796/4796/4796
f 4798/4798/4798 4797/4797/4797 4799/4799/4799
f 4799/4799/4799 4800/4800/4800 4798/4798/4798
f 4800/4800/4800 4799/4799/4799 4801/4801/4801
f 4801/4801/4801 4802/4802/4802 4800/4800/4800
f 4802/4802/4802 4801/4801/4801 4803/4803/4803
f 4803/4803/4803 4804/4804/4804 4802/4802/4802
f 4804/4804/4804 4803/4803/4803 4805/4805/4805
f 4805/4805/4805 4806/4806/4806 4804/4804/4804
f 4806/4806/4806 4805/4805/4805 4807/4807/4807
f 4807/4807/4807 4808/4808/4808 4806/4806/4806
f 4808/4808/4808 4807/4807/4807 4809/4809/4809
f 4809/4809/4809 4810/4810/4810 4808/4808/4808
f 4811/4811/4811 4812/4812/4812 4813/4813/4813
f 4813/4813/4813 4814/4814/4814 4811/4811/4811
f 4815/4815/4815 4816/4816/4816 4811/4811/4811
f 4811/4811/4811 4814/4814/4814 4815/4815/4815
f 4817/4817/4817 4818/4818/4818 4815/4815/4815
f 4815/4815/4815 4814/4814/4814 4817/4817/4817
f 4819/4819/4819 4820/4820/4820 4817/4817/4817
f 4817/4817/4817 4814/4814/4814 4819/4819/4819
f 4821/4821/4821 4822/4822/4822 4819/4819/4819
f 4819/4819/4819 4814/4814/4814 4821/4821/4821
f 4823/4823/4823 4824/4824/4824 4821/4821/4821
f 4821/4821/4821 4814/4814/4814 4823/4823/4823
f 4825/4825/4825 4810/4810/4810 4809/4809/4809
f 4809/4809/4809 4826/4826/4826 4825/4825/4825
f 4827/4827/4827 4828/4828/4828 4774/4774/4774
f 4774/4774/4774 4783/4783/4783 4827/4827/4827
f 4823/4823/4823 4814/4814/4814 4829/4829/4829
f 4829/4829/4829 4830/4830/4830 4823/4823/4823
f 4833/4833/4833 4832/4832/4832 4831/4831/4831
f 4831/4831/4831 4829/4829/4829 4833/4833/4833
f 4831/4831/4831 4835/4835/4835 4834/4834/4834
f 4834/4834/4834 4829/4829/4829 4831/4831/4831
f 4834/4834/4834 4837/4837/4837 4836/4836/4836
f 4836/4836/4836 4829/4829/4829 4834/4834/4834
f 4836/4836/4836 4839/4839/4839 4838/4838/4838
f 4838/4838/4838 4829/4829/4829 4836/4836/4836
f 4838/4838/4838 4841/4841/4841 4840/4840/4840
f 4840/4840/4840 4829/4829/4829 4838/4838/4838
f 4840/4840/4840 4842/4842/4842 4830/4830/4830
f 4830/4830/4830 4829/4829/4829 4840/4840/4840
f 4843/4843/4843 4764/4764/4764 4763/4763/4763
f 4763/4763/4763 4844/4844/4844 4843/4843/4843
f 4845/4845/4845 4843/4843/4843 4844/4844/4844
f 4844/4844/4844 4846/4846/4846 4845/4845/4845
f 4847/4847/4847 4845/4845/4845 4846/4846/4846
f 4846/4846/4846 4848/4848/4848 4847/4847/4847
f 4849/4849/4849 4847/4847/4847 4848/4848/4848
f 4848/4848/4848 4850/4850/4850 4849/4849/4849
f 4851/4851/4851 4849/4849/4849 4850/4850/4850
f 4850/4850/4850 4852/4852/4852 4851/4851/4851
f 4853/4853/4853 4851/4851/4851 4852/4852/4852
f 4852/4852/4852 4854/4854/4854 4853/4853/4853
f 4855/4855/4855 4853/4853/4853 4854/4854/4854
f 4854/4854/4854 4856/4856/4856 4855/4855/4855
f 4857/4857/4857 4855/4855/4855 4856/4856/4856
f 4856/4856/4856 4858/4858/4858 4857/4857/4857
f 4859/4859/4859 4857/4857/4857 4858/4858/4858
f 4858/4858/4858 4860/4860/4860 4859/4859/4859
f 4861/4861/4861 4859/4859/4859 4860/4860/4860
f 4860/4860/4860 4862/4862/4862 4861/4861/4861
f 4863/4863/4863 4861/4861/4861 4862/4862/4862
f 4862/4862/4862 4864/4864/4864 4863/4863/4863
f 4826/4826/4826 4863/4863/4863 4864/4864/4864
f 4864/4864/4864 4825/4825/4825 4826/4826/4826
f 4865/4865/4865 4866/4866/4866 4867/4867/4867
f 4867/4867/4867 4828/4828/4828 4865/4865/4865
f 4868/4868/4868 4869/4869/4869 4865/4865/4865
f 4865/4865/4865 4828/4828/4828 4868/4868/4868
f 4870/4870/4870 4871/4871/4871 4868/4868/4868
f 4868/4868/4868 4828/4828/4828 4870/4870/4870
f 4872/4872/4872 4873/4873/4873 4870/4870/4870
f 4870/4870/4870 4828/4828/4828 4872/4872/4872
f 4874/4874/4874 4875/4875/4875 4872/4872/4872
f 4872/4872/4872 4828/4828/4828 4874/4874/4874
f 4827/4827/4827 4876/4876/4876 4874/4874/4874
f 4874/4874/4874 4828/4828/4828 4827/4827/4827
f 4879/4879/4879 4878/4878/4878 4877/4877/4877
f 4877/4877/4877 4880/4880/4880 4879/4879/4879
f 4878/4878/4878 4786/4786/4786 4787/4787/4787
f 4787/4787/4787 4877/4877/4877 4878/4878/4878
f 4883/4883/4883 4882/4882/4882 4881/4881/4881
f 4886/4886/4886 4885/4885/4885 4884/4884/4884
f 4889/4889/4889 4888/4888/4888 4887/4887/4887
f 4889/4889/4889 4887/4887/4887 4878/4878/4878
f 4878/4878/4878 4887/4887/4887 4786/4786/4786
f 4759/4759/4759 4765/4765/4765 4766/4766/4766
f 4766/4766/4766 4763/4763/4763 4759/4759/4759
f 4892/4892/4892 4891/4891/4891 4890/4890/4890
f 4892/4892/4892 4890/4890/4890 4877/4877/4877
f 4877/4877/4877 4787/4787/4787 4892/4892/4892
f 4884/4884/4884 4762/4762/4762 4886/4886/4886
f 4886/4886/4886 4762/4762/4762 4764/4764/4764
f 4895/4895/4895 4894/4894/4894 4893/4893/4893
f 4893/4893/4893 4896/4896/4896 4895/4895/4895
f 4899/4899/4899 4898/4898/4898 4897/4897/4897
f 4897/4897/4897 4900/4900/4900 4899/4899/4899
f 4903/4903/4903 4902/4902/4902 4901/4901/4901
f 4901/4901/4901 4904/4904/4904 4903/4903/4903
f 4907/4907/4907 4906/4906/4906 4905/4905/4905
f 4910/4910/4910 4909/4909/4909 4908/4908/4908
f 4913/4913/4913 4912/4912/4912 4911/4911/4911
f 4911/4911/4911 4914/4914/4914 4913/4913/4913
f 4914/4914/4914 4911/4911/4911 4915/4915/4915
f 4915/4915/4915 4916/4916/4916 4914/4914/4914
f 4919/4919/4919 4918/4918/4918 4917/4917/4917
f 4922/4922/4922 4921/4921/4921 4920/4920/4920
f 4925/4925/4925 4924/4924/4924 4923/4923/4923
f 4923/4923/4923 4926/4926/4926 4925/4925/4925
f 4923/4923/4923 4928/4928/4928 4927/4927/4927
f 4927/4927/4927 4926/4926/4926 4923/4923/4923
f 4927/4927/4927 4930/4930/4930 4929/4929/4929
f 4929/4929/4929 4926/4926/4926 4927/4927/4927
f 4929/4929/4929 4932/4932/4932 4931/4931/4931
f 4931/4931/4931 4926/4926/4926 4929/4929/4929
f 4931/4931/4931 4934/4934/4934 4933/4933/4933
f 4933/4933/4933 4926/4926/4926 4931/4931/4931
f 4933/4933/4933 4936/4936/4936 4935/4935/4935
f 4935/4935/4935 4926/4926/4926 4933/4933/4933
f 4939/4939/4939 4938/4938/4938 4937/4937/4937
f 4937/4937/4937 4940/4940/4940 4939/4939/4939
f 4940/4940/4940 4937/4937/4937 4941/4941/4941
f 4941/4941/4941 4942/4942/4942 4940/4940/4940
f 4942/4942/4942 4941/4941/4941 4943/4943/4943
f 4943/4943/4943 4944/4944/4944 4942/4942/4942
f 4944/4944/4944 4943/4943/4943 4945/4945/4945
f 4945/4945/4945 4946/4946/4946 4944/4944/4944
f 4946/4946/4946 4945/4945/4945 4947/4947/4947
f 4947/4947/4947 4948/4948/4948 4946/4946/4946
f 4948/4948/4948 4947/4947/4947 4949/4949/4949
f 4949/4949/4949 4950/4950/4950 4948/4948/4948
f 4950/4950/4950 4949/4949/4949 4951/4951/4951
f 4951/4951/4951 4952/4952/4952 4950/4950/4950
f 4952/4952/4952 4951/4951/4951 4953/4953/4953
f 4953/4953/4953 4954/4954/4954 4952/4952/4952
f 4954/4954/4954 4953/4953/4953 4955/4955/4955
f 4955/4955/4955 4956/4956/4956 4954/4954/4954
f 4956/4956/4956 4955/4955/4955 4957/4957/4957
f 4957/4957/4957 4958/4958/4958 4956/4956/4956
f 4958/4958/4958 4957/4957/4957 4959/4959/4959
f 4959/4959/4959 4960/4960/4960 4958/4958/4958
f 4960/4960/4960 4959/4959/4959 4961/4961/4961
f 4961/4961/4961 4962/4962/4962 4960/4960/4960
f 4963/4963/4963 4964/4964/4964 4965/4965/4965
f 4965/4965/4965 4966/4966/4966 4963/4963/4963
f 4967/4967/4967 4968/4968/4968 4963/4963/4963
f 4963/4963/4963 4966/4966/4966 4967/4967/4967
f 4969/4969/4969 4970/4970/4970 4967/4967/4967
f 4967/4967/4967 4966/4966/4966 4969/4969/4969
f 4971/4971/4971 4972/4972/4972 4969/4969/4969
f 4969/4969/4969 4966/4966/4966 4971/4971/4971
f 4973/4973/4973 4974/4974/4974 4971/4971/4971
f 4971/4971/4971 4966/4966/4966 4973/4973/4973
f 4975/4975/4975 4976/4976/4976 4973/4973/4973
f 4973/4973/4973 4966/4966/4966 4975/4975/4975
f 4977/4977/4977 4962/4962/4962 4961/4961/4961
f 4961/4961/4961 4978/4978/4978 4977/4977/4977
f 4979/4979/4979 4980/4980/4980 4926/4926/4926
f 4926/4926/4926 4935/4935/4935 4979/4979/4979
f 4975/4975/4975 4966/4966/4966 4981/4981/4981
f 4981/4981/4981 4982/4982/4982 4975/4975/4975
f 4985/4985/4985 4984/4984/4984 4983/4983/4983
f 4983/4983/4983 4981/4981/4981 4985/4985/4985
f 4983/4983/4983 4987/4987/4987 4986/4986/4986
f 4986/4986/4986 4981/4981/4981 4983/4983/4983
f 4986/4986/4986 4989/4989/4989 4988/4988/4988
f 4988/4988/4988 4981/4981/4981 4986/4986/4986
f 4988/4988/4988 4991/4991/4991 4990/4990/4990
f 4990/4990/4990 4981/4981/4981 4988/4988/4988
f 4990/4990/4990 4993/4993/4993 4992/4992/4992
f 4992/4992/4992 4981/4981/4981 4990/4990/4990
f 4992/4992/4992 4994/4994/4994 4982/4982/4982
f 4982/4982/4982 4981/4981/4981 4992/4992/4992
f 4995/4995/4995 4916/4916/4916 4915/4915/4915
f 4915/4915/4915 4996/4996/4996 4995/4995/4995
f 4997/4997/4997 4995/4995/4995 4996/4996/4996
f 4996/4996/4996 4998/4998/4998 4997/4997/4997
f 4999/4999/4999 4997/4997/4997 4998/4998/4998
f 4998/4998/4998 5000/5000/5000 4999/4999/4999
f 5001/5001/5001 4999/4999/4999 5000/5000/5000
f 5000/5000/5000 5002/5002/5002 5001/5001/5001
f 5003/5003/5003 5001/5001/5001 5002/5002/5002
f 5002/5002/5002 5004/5004/5004 5003/5003/5003
f 5005/5005/5005 5003/5003/5003 5004/5004/5004
f 5004/5004/5004 5006/5006/5006 5005/5005/5005
f 5007/5007/5007 5005/5005/5005 5006/5006/5006
f 5006/5006/5006 5008/5008/5008 5007/5007/5007
f 5009/5009/5009 5007/5007/5007 5008/5008/5008
f 5008/5008/5008 5010/5010/5010 5009/5009/5009
f 5011/5011/5011 5009/5009/5009 5010/5010/5010
f 5010/5010/5010 5012/5012/5012 5011/5011/5011
f 5013/5013/5013 5011/5011/5011 5012/5012/5012
f 5012/5012/5012 5014/5014/5014 5013/5013/5013
f 5015/5015/5015 5013/5013/5013 5014/5014/5014
f 5014/5014/5014 5016/5016/5016 5015/5015/5015
f 4978/4978/4978 5015/5015/5015 5016/5016/5016
f 5016/5016/5016 4977/4977/4977 4978/4978/4978
f 5017/5017/5017 5018/5018/5018 5019/5019/5019
f 5019/5019/5019 4980/4980/4980 5017/5017/5017
f 5020/5020/5020 5021/5021/5021 5017/5017/5017
f 5017/5017/5017 4980/4980/4980 5020/5020/5020
f 5022/5022/5022 5023/5023/5023 5020/5020/5020
f 5020/5020/5020 4980/4980/4980 5022/5022/5022
f 5024/5024/5024 5025/5025/5025 5022/5022/5022
f 5022/5022/5022 4980/4980/4980 5024/5024/5024
f 5026/5026/5026 5027/5027/5027 5024/5024/5024
f 5024/5024/5024 4980/4980/4980 5026/5026/5026
f 4979/4979/4979 5028/5028/5028 5026/5026/5026
f 5026/5026/5026 4980/4980/4980 4979/4979/4979
f 5031/5031/5031 5030/5030/5030 5029/5029/5029
f 5029/5029/5029 5032/5032/5032 5031/5031/5031
f 5030/5030/5030 4938/4938/4938 4939/4939/4939
f 4939/4939/4939 5029/5029/5029 5030/5030/5030
f 5035/5035/5035 5034/5034/5034 5033/5033/5033
f 5038/5038/5038 5037/5037/5037 5036/5036/5036
f 5041/5041/5041 5040/5040/5040 5039/5039/5039
f 5041/5041/5041 5039/5039/5039 5030/5030/5030
f 5030/5030/5030 5039/5039/5039 4938/4938/4938
f 4911/4911/4911 4917/4917/4917 4918/4918/4918
f 4918/4918/4918 4915/4915/4915 4911/4911/4911
f 5044/5044/5044 5043/5043/5043 5042/5042/5042
f 5044/5044/5044 5042/5042/5042 5029/5029/5029
f 5029/5029/5029 4939/4939/4939 5044/5044/5044
f 5036/5036/5036 4914/4914/4914 5038/5038/5038
f 5038/5038/5038 4914/4914/4914 4916/4916/4916
f 5047/5047/5047 5046/5046/5046 5045/5045/5045
f 5045/5045/5045 5048/5048/5048 5047/5047/5047
f 5051/5051/5051 5050/5050/5050 5049/5049/5049
f 5049/5049/5049 5052/5052/5052 5051/5051/5051
f 5055/5055/5055 5054/5054/5054 5053/5053/5053
f 5053/5053/5053 5056/5056/5056 5055/5055/5055
f 5059/5059/5059 5058/5058/5058 5057/5057/5057
f 5062/5062/5062 5061/5061/5061 5060/5060/5060
f 5065/5065/5065 5064/5064/5064 5063/5063/5063
f 5063/5063/5063 5066/5066/5066 5065/5065/5065
f 5066/5066/5066 5063/5063/5063 5067/5067/5067
f 5067/5067/5067 5068/5068/5068 5066/5066/5066
f 5071/5071/5071 5070/5070/5070 5069/5069/5069
f 5074/5074/5074 5073/5073/5073 5072/5072/5072
f 5077/5077/5077 5076/5076/5076 5075/5075/5075
f 5075/5075/5075 5078/5078/5078 5077/5077/5077
f 5075/5075/5075 5080/5080/5080 5079/5079/5079
f 5079/5079/5079 5078/5078/5078 5075/5075/5075
f 5079/5079/5079 5082/5082/5082 5081/5081/5081
f 5081/5081/5081 5078/5078/5078 5079/5079/5079
f 5081/5081/5081 5084/5084/5084 5083/5083/5083
f 5083/5083/5083 5078/5078/5078 5081/5081/5081
f 5083/5083/5083 5086/5086/5086 5085/5085/5085
f 5085/5085/5085 5078/5078/5078 5083/5083/5083
f 5085/5085/5085 5088/5088/5088 5087/5087/5087
f 5087/5087/5087 5078/5078/5078 5085/5085/5085
f 5091/5091/5091 5090/5090/5090 5089/5089/5089
f 5089/5089/5089 5092/5092/5092 5091/5091/5091
f 5092/5092/5092 5089/5089/5089 5093/5093/5093
f 5093/5093/5093 5094/5094/5094 5092/5092/5092
f 5094/5094/5094 5093/5093/5093 5095/5095/5095
f 5095/5095/5095 5096/5096/5096 5094/5094/5094
f 5096/5096/5096 5095/5095/5095 5097/5097/5097
f 5097/5097/5097 5098/5098/5098 5096/5096/5096
f 5098/5098/5098 5097/5097/5097 5099/5099/5099
f 5099/5099/5099 5100/5100/5100 5098/5098/5098
f 5100/5100/5100 5099/5099/5099 5101/5101/5101
f 5101/5101/5101 5102/5102/5102 5100/5100/5100
f 5102/5102/5102 5101/5101/5101 5103/5103/5103
f 5103/5103/5103 5104/5104/5104 5102/5102/5102
f 5104/5104/5104 5103/5103/5103 5105/5105/5105
f 5105/5105/5105 5106/5106/5106 5104/5104/5104
f 5106/5106/5106 5105/5105/5105 5107/5107/5107
f 5107/5107/5107 5108/5108/5108 5106/5106/5106
f 5108/5108/5108 5107/5107/5107 5109/5109/5109
f 5109/5109/5109 5110/5110/5110 5108/5108/5108
f 5110/5110/5110 5109/5109/5109 5111/5111/5111
f 5111/5111/5111 5112/5112/5112 5110/5110/5110
f 5112/5112/5112 5111/5111/5111 5113/5113/5113
f 5113/5113/5113 5114/5114/5114 5112/5112/5112
f 5115/5115/5115 5116/5116/5116 5117/5117/5117
f 5117/5117/5117 5118/5118/5118 5115/5115/5115
f 5119/5119/5119 5120/5120/5120 5115/5115/5115
f 5115/5115/5115 5118/5118/5118 5119/5119/5119
f 5121/5121/5121 5122/5122/5122 5119/5119/5119
f 5119/5119/5119 5118/5118/5118 5121/5121/5121
f 5123/5123/5123 5124/5124/5124 5121/5121/5121
f 5121/5121/5121 5118/5118/5118 5123/5123/5123
f 5125/5125/5125 5126/5126/5126 5123/5123/5123
f 5123/5123/5123 5118/5118/5118 5125/5125/5125
f 5127/5127/5127 5128/5128/5128 5125/5125/5125
f 5125/5125/5125 5118/5118/5118 5127/5127/5127
f 5129/5129/5129 5114/5114/5114 5113/5113/5113
f 5113/5113/5113 5130/5130/5130 5129/5129/5129
f 5131/5131/5131 5132/5132/5132 5078/5078/5078
f 5078/5078/5078 5087/5087/5087 5131/5131/5131
f 5127/5127/5127 5118/5118/5118 5133/5133/5133
f 5133/5133/5133 5134/5134/5134 5127/5127/5127
f 5137/5137/5137 5136/5136/5136 5135/5135/5135
f 5135/5135/5135 5133/5133/5133 5137/5137/5137
f 5135/5135/5135 5139/5139/5139 5138/5138/5138
f 5138/5138/5138 5133/5133/5133 5135/5135/5135
f 5138/5138/5138 5141/5141/5141 5140/5140/5140
f 5140/5140/5140 5133/5133/5133 5138/5138/5138
f 5140/5140/5140 5143/5143/5143 5142/5142/5142
f 5142/5142/5142 5133/5133/5133 5140/5140/5140
f 5142/5142/5142 5145/5145/5145 5144/5144/5144
f 5144/5144/5144 5133/5133/5133 5142/5142/5142
f 5144/5144/5144 5146/5146/5146 5134/5134/5134
f 5134/5134/5134 5133/5133/5133 5144/5144/5144
f 5147/5147/5147 5068/5068/5068 5067/5067/5067
f 5067/5067/5067 5148/5148/5148 5147/5147/5147
f 5149/5149/5149 5147/5147/5147 5148/5148/5148
f 5148/5148/5148 5150/5150/5150 5149/5149/5149
f 5151/5151/5151 5149/5149/5149 5150/5150/5150
f 5150/5150/5150 5152/5152/5152 5151/5151/5151
f 5153/5153/5153 5151/5151/5151 5152/5152/5152
f 5152/5152/5152 5154/5154/5154 5153/5153/5153
f 5155/5155/5155 5153/5153/5153 5154/5154/5154
f 5154/5154/5154 5156/5156/5156 5155/5155/5155
f 5157/5157/5157 5155/5155/5155 5156/5156/5156
f 5156/5156/5156 5158/5158/5158 5157/5157/5157
f 5159/5159/5159 5157/5157/5157 5158/5158/5158
f 5158/5158/5158 5160/5160/5160 5159/5159/5159
f 5161/5161/5161 5159/5159/5159 5160/5160/5160
f 5160/5160/5160 5162/5162/5162 5161/5161/5161
f 5163/5163/5163 5161/5161/5161 5162/5162/5162
f 5162/5162/5162 5164/5164/5164 5163/5163/5163
f 5165/5165/5165 5163/5163/5163 5164/5164/5164
f 5164/5164/5164 5166/5166/5166 5165/5165/5165
f 5167/5167/5167 5165/5165/5165 5166/5166/5166
f 5166/5166/5166 5168/5168/5168 5167/5167/5167
f 5130/5130/5130 5167/5167/5167 5168/5168/5168
f 5168/5168/5168 5129/5129/5129 5130/5130/5130
f 5169/5169/5169 5170/5170/5170 5171/5171/5171
f 5171/5171/5171 5132/5132/5132 5169/5169/5169
f 5172/5172/5172 5173/5173/5173 5169/5169/5169
f 5169/5169/5169 5132/5132/5132 5172/5172/5172
f 5174/5174/5174 5175/5175/5175 5172/5172/5172
f 5172/5172/5172 5132/5132/5132 5174/5174/5174
f 5176/5176/5176 5177/5177/5177 5174/5174/5174
f 5174/5174/5174 5132/5132/5132 5176/5176/5176
f 5178/5178/5178 5179/5179/5179 5176/5176/5176
f 5176/5176/5176 5132/5132/5132 5178/5178/5178
f 5131/5131/5131 5180/5180/5180 5178/5178/5178
f 5178/5178/5178 5132/5132/5132 5131/5131/5131
f 5183/5183/5183 5182/5182/5182 5181/5181/5181
f 5181/5181/5181 5184/5184/5184 5183/5183/5183
f 5182/5182/5182 5090/5090/5090 5091/5091/5091
f 5091/5091/5091 5181/5181/5181 5182/5182/5182
f 5187/5187/5187 5186/5186/5186 5185/5185/5185
f 5190/5190/5190 5189/5189/5189 5188/5188/5188
f 5193/5193/5193 5192/5192/5192 5191/5191/5191
f 5193/5193/5193 5191/5191/5191 5182/5182/5182
f 5182/5182/5182 5191/5191/5191 5090/5090/5090
f 5063/5063/5063 5069/5069/5069 5070/5070/5070
f 5070/5070/5070 5067/5067/5067 5063/5063/5063
f 5196/5196/5196 5195/5195/5195 5194/5194/5194
f 5196/5196/5196 5194/5194/5194 5181/5181/5181
f 5181/5181/5181 5091/5091/5091 5196/5196/5196
f 5188/5188/5188 5066/5066/5066 5190/5190/5190
f 5190/5190/5190 5066/5066/5066 5068/5068/5068
f 5199/5199/5199 5198/5198/5198 5197/5197/5197
f 5197/5197/5197 5200/5200/5200 5199/5199/5199
f 5203/5203/5203 5202/5202/5202 5201/5201/5201
f 5201/5201/5201 5204/5204/5204 5203/5203/5203
f 5207/5207/5207 5206/5206/5206 5205/5205/5205
f 5205/5205/5205 5208/5208/5208 5207/5207/5207
f 5211/5211/5211 5210/5210/5210 5209/5209/5209
f 5214/5214/5214 5213/5213/5213 5212/5212/5212
f 5217/5217/5217 5216/5216/5216 5215/5215/5215
f 5215/5215/5215 5218/5218/5218 5217/5217/5217
f 5218/5218/5218 5215/5215/5215 5219/5219/5219
f 5219/5219/5219 5220/5220/5220 5218/5218/5218
f 5223/5223/5223 5222/5222/5222 5221/5221/5221
f 5226/5226/5226 5225/5225/5225 5224/5224/5224
f 5229/5229/5229 5228/5228/5228 5227/5227/5227
f 5227/5227/5227 5230/5230/5230 5229/5229/5229
f 5227/5227/5227 5232/5232/5232 5231/5231/5231
f 5231/5231/5231 5230/5230/5230 5227/5227/5227
f 5231/5231/5231 5234/5234/5234 5233/5233/5233
f 5233/5233/5233 5230/5230/5230 5231/5231/5231
f 5233/5233/5233 5236/5236/5236 5235/5235/5235
f 5235/5235/5235 5230/5230/5230 5233/5233/5233
f 5235/5235/5235 5238/5238/5238 5237/5237/5237
f 5237/5237/5237 5230/5230/5230 5235/5235/5235
f 5237/5237/5237 5240/5240/5240 5239/5239/5239
f 5239/5239/5239 5230/5230/5230 5237/5237/5237
f 5243/5243/5243 5242/5242/5242 5241/5241/5241
f 5241/5241/5241 5244/5244/5244 5243/5243/5243
f 5244/5244/5244 5241/5241/5241 5245/5245/5245
f 5245/5245/5245 5246/5246/5246 5244/5244/5244
f 5246/5246/5246 5245/5245/5245 5247/5247/5247
f 5247/5247/5247 5248/5248/5248 5246/5246/5246
f 5248/5248/5248 5247/5247/5247 5249/5249/5249
f 5249/5249/5249 5250/5250/5250 5248/5248/5248
f 5250/5250/5250 5249/5249/5249 5251/5251/5251
f 5251/5251/5251 5252/5252/5252 5250/5250/5250
f 5252/5252/5252 5251/5251/5251 5253/5253/5253
f 5253/5253/5253 5254/5254/5254 5252/5252/5252
f 5254/5254/5254 5253/5253/5253 5255/5255/5255
f 5255/5255/5255 5256/5256/5256 5254/5254/5254
f 5256/5256/5256 5255/5255/5255 5257/5257/5257
f 5257/5257/5257 5258/5258/5258 5256/5256/5256
f 5258/5258/5258 5257/5257/5257 5259/5259/5259
f 5259/5259/5259 5260/5260/5260 5258/5258/5258
f 5260/5260/5260 5259/5259/5259 5261/5261/5261
f 5261/5261/5261 5262/5262/5262 5260/5260/5260
f 5262/5262/5262 5261/5261/5261 5263/5263/5263
f 5263/5263/5263 5264/5264/5264 5262/5262/5262
f 5264/5264/5264 5263/5263/5263 5265/5265/5265
f 5265/5265/5265 5266/5266/5266 5264/5264/5264
f 5267/5267/5267 5268/5268/5268 5269/5269/5269
f 5269/5269/5269 5270/5270/5270 5267/5267/5267
f 5271/5271/5271 5272/5272/5272 5267/5267/5267
f 5267/5267/5267 5270/5270/5270 5271/5271/5271
f 5273/5273/5273 5274/5274/5274 5271/5271/5271
f 5271/5271/5271 5270/5270/5270 5273/5273/5273
f 5275/5275/5275 5276/5276/5276 5273/5273/5273
f 5273/5273/5273 5270/5270/5270 5275/5275/5275
f 5277/5277/5277 5278/5278/5278 5275/5275/5275
f 5275/5275/5275 5270/5270/5270 5277/5277/5277
f 5279/5279/5279 5280/5280/5280 5277/5277/5277
f 5277/5277/5277 5270/5270/5270 5279/5279/5279
f 5281/5281/5281 5266/5266/5266 5265/5265/5265
f 5265/5265/5265 5282/5282/5282 5281/5281/5281
f 5283/5283/5283 5284/5284/5284 5230/5230/5230
f 5230/5230/5230 5239/5239/5239 5283/5283/5283
f 5279/5279/5279 5270/5270/5270 5285/5285/5285
f 5285/5285/5285 5286/5286/5286 5279/5279/5279
f 5289/5289/5289 5288/5288/5288 5287/5287/5287
f 5287/5287/5287 5285/5285/5285 5289/5289/5289
f 5287/5287/5287 5291/5291/5291 5290/5290/5290
f 5290/5290/5290 5285/5285/5285 5287/5287/5287
f 5290/5290/5290 5293/5293/5293 5292/5292/5292
f 5292/5292/5292 5285/5285/5285 5290/5290/5290
f 5292/5292/5292 5295/5295/5295 5294/5294/5294
f 5294/5294/5294 5285/5285/5285 5292/5292/5292
f 5294/5294/5294 5297/5297/5297 5296/5296/5296
f 5296/5296/5296 5285/5285/5285 5294/5294/5294
f 5296/5296/5296 5298/5298/5298 5286/5286/5286
f 5286/5286/5286 5285/5285/5285 5296/5296/5296
f 5299/5299/5299 5220/5220/5220 5219/5219/5219
f 5219/5219/5219 5300/5300/5300 5299/5299/5299
f 5301/5301/5301 5299/5299/5299 5300/5300/5300
f 5300/5300/5300 5302/5302/5302 5301/5301/5301
f 5303/5303/5303 5301/5301/5301 5302/5302/5302
f 5302/5302/5302 5304/5304/5304 5303/5303/5303
f 5305/5305/5305 5303/5303/5303 5304/5304/5304
f 5304/5304/5304 5306/5306/5306 5305/5305/5305
f 5307/5307/5307 5305/5305/5305 5306/5306/5306
f 5306/5306/5306 5308/5308/5308 5307/5307/5307
f 5309/5309/5309 5307/5307/5307 5308/5308/5308
f 5308/5308/5308 5310/5310/5310 5309/5309/5309
f 5311/5311/5311 5309/5309/5309 5310/5310/5310
f 5310/5310/5310 5312/5312/5312 5311/5311/5311
f 5313/5313/5313 5311/5311/5311 5312/5312/5312
f 5312/5312/5312 5314/5314/5314 5313/5313/5313
f 5315/5315/5315 5313/5313/5313 5314/5314/5314
f 5314/5314/5314 5316/5316/5316 5315/5315/5315
f 5317/5317/5317 5315/5315/5315 5316/5316/5316
f 5316/5316/5316 5318/5318/5318 5317/5317/5317
f 5319/5319/5319 5317/5317/5317 5318/5318/5318
f 5318/5318/5318 5320/5320/5320 5319/5319/5319
f 5282/5282/5282 5319/5319/5319 5320/5320/5320
f 5320/5320/5320 5281/5281/5281 5282/5282/5282
f 5321/5321/5321 5322/5322/5322 5323/5323/5323
f 5323/5323/5323 5284/5284/5284 5321/5321/5321
f 5324/5324/5324 5325/5325/5325 5321/5321/5321
f 5321/5321/5321 5284/5284/5284 5324/5324/5324
f 5326/5326/5326 5327/5327/5327 5324/5324/5324
f 5324/5324/5324 5284/5284/5284 5326/5326/5326
f 5328/5328/5328 5329/5329/5329 5326/5326/5326
f 5326/5326/5326 5284/5284/5284 5328/5328/5328
f 5330/5330/5330 5331/5331/5331 5328/5328/5328
f 5328/5328/5328 5284/5284/5284 5330/5330/5330
f 5283/5283/5283 5332/5332/5332 5330/5330/5330
f 5330/5330/5330 5284/5284/5284 5283/5283/5283
f 5335/5335/5335 5334/5334/5334 5333/5333/5333
f 5333/5333/5333 5336/5336/5336 5335/5335/5335
f 5334/5334/5334 5242/5242/5242 5243/5243/5243
f 5243/5243/5243 5333/5333/5333 5334/5334/5334
f 5339/5339/5339 5338/5338/5338 5337/5337/5337
f 5342/5342/5342 5341/5341/5341 5340/5340/5340
f 5345/5345/5345 5344/5344/5344 5343/5343/5343
f 5345/5345/5345 5343/5343/5343 5334/5334/5334
f 5334/5334/5334 5343/5343/5343 5242/5242/5242
f 5215/5215/5215 5221/5221/5221 5222/5222/5222
f 5222/5222/5222 5219/5219/5219 5215/5215/5215
f 5348/5348/5348 5347/5347/5347 5346/5346/5346
f 5348/5348/5348 5346/5346/5346 5333/5333/5333
f 5333/5333/5333 5243/5243/5243 5348/5348/5348
f 5340/5340/5340 5218/5218/5218 5342/5342/5342
f 5342/5342/5342 5218/5218/5218 5220/5220/5220
f 5351/5351/5351 5350/5350/5350 5349/5349/5349
f 5349/5349/5349 5352/5352/5352 5351/5351/5351
f 5355/5355/5355 5354/5354/5354 5353/5353/5353
f 5353/5353/5353 5356/5356/5356 5355/5355/5355
f 5359/5359/5359 5358/5358/5358 5357/5357/5357
f 5357/5357/5357 5360/5360/5360 5359/5359/5359
f 5363/5363/5363 5362/5362/5362 5361/5361/5361
f 5361/5361/5361 5364/5364/5364 5363/5363/5363
f 5364/5364/5364 5361/5361/5361 5365/5365/5365
f 5365/5365/5365 5366/5366/5366 5364/5364/5364
f 5366/5366/5366 5365/5365/5365 5367/5367/5367
f 5367/5367/5367 5368/5368/5368 5366/5366/5366
f 5368/5368/5368 5367/5367/5367 5369/5369/5369
f 5369/5369/5369 5370/5370/5370 5368/5368/5368
f 5370/5370/5370 5369/5369/5369 5371/5371/5371
f 5371/5371/5371 5372/5372/5372 5370/5370/5370
f 5372/5372/5372 5371/5371/5371 5373/5373/5373
f 5373/5373/5373 5374/5374/5374 5372/5372/5372
f 5374/5374/5374 5373/5373/5373 5375/5375/5375
f 5375/5375/5375 5376/5376/5376 5374/5374/5374
f 5376/5376/5376 5375/5375/5375 5377/5377/5377
f 5377/5377/5377 5378/5378/5378 5376/5376/5376
f 5378/5378/5378 5377/5377/5377 5379/5379/5379
f 5379/5379/5379 5380/5380/5380 5378/5378/5378
f 5380/5380/5380 5379/5379/5379 5381/5381/5381
f 5381/5381/5381 5382/5382/5382 5380/5380/5380
f 5382/5382/5382 5381/5381/5381 5383/5383/5383
f 5383/5383/5383 5384/5384/5384 5382/5382/5382
f 5384/5384/5384 5383/5383/5383 5385/5385/5385
f 5385/5385/5385 5386/5386/5386 5384/5384/5384
f 5386/5386/5386 5385/5385/5385 5387/5387/5387
f 5387/5387/5387 5388/5388/5388 5386/5386/5386
f 5388/5388/5388 5387/5387/5387 5389/5389/5389
f 5389/5389/5389 5390/5390/5390 5388/5388/5388
f 5390/5390/5390 5389/5389/5389 5391/5391/5391
f 5391/5391/5391 5392/5392/5392 5390/5390/5390
f 5392/5392/5392 5391/5391/5391 5393/5393/5393
f 5393/5393/5393 5394/5394/5394 5392/5392/5392
f 5394/5394/5394 5393/5393/5393 5395/5395/5395
f 5395/5395/5395 5396/5396/5396 5394/5394/5394
f 5396/5396/5396 5395/5395/5395 5397/5397/5397
f 5397/5397/5397 5398/5398/5398 5396/5396/5396
f 5398/5398/5398 5397/5397/5397 5399/5399/5399
f 5399/5399/5399 5400/5400/5400 5398/5398/5398
f 5400/5400/5400 5399/5399/5399 5401/5401/5401
f 5401/5401/5401 5402/5402/5402 5400/5400/5400
f 5402/5402/5402 5401/5401/5401 5403/5403/5403
f 5403/5403/5403 5404/5404/5404 5402/5402/5402
f 5404/5404/5404 5403/5403/5403 5405/5405/5405
f 5405/5405/5405 5406/5406/5406 5404/5404/5404
f 5406/5406/5406 5405/5405/5405 5407/5407/5407
f 5407/5407/5407 5408/5408/5408 5406/5406/5406
f 5408/5408/5408 5407/5407/5407 5409/5409/5409
f 5409/5409/5409 5410/5410/5410 5408/5408/5408
f 5410/5410/5410 5409/5409/5409 5411/5411/5411
f 5411/5411/5411 5412/5412/5412 5410/5410/5410
f 5412/5412/5412 5411/5411/5411 5413/5413/5413
f 5413/5413/5413 5414/5414/5414 5412/5412/5412
f 5414/5414/5414 5413/5413/5413 5415/5415/5415
f 5415/5415/5415 5416/5416/5416 5414/5414/5414
f 5416/5416/5416 5415/5415/5415 5417/5417/5417
f 5417/5417/5417 5418/5418/5418 5416/5416/5416
f 5418/5418/5418 5417/5417/5417 5419/5419/5419
f 5419/5419/5419 5420/5420/5420 5418/5418/5418
f 5420/5420/5420 5419/5419/5419 5421/5421/5421
f 5421/5421/5421 5422/5422/5422 5420/5420/5420
f 5422/5422/5422 5421/5421/5421 5423/5423/5423
f 5423/5423/5423 5424/5424/5424 5422/5422/5422
f 5424/5424/5424 5423/5423/5423 5425/5425/5425
f 5425/5425/5425 5426/5426/5426 5424/5424/5424
f 5426/5426/5426 5425/5425/5425 5427/5427/5427
f 5427/5427/5427 5428/5428/5428 5426/5426/5426
f 5428/5428/5428 5427/5427/5427 5429/5429/5429
f 5429/5429/5429 5430/5430/5430 5428/5428/5428
f 5430/5430/5430 5429/5429/5429 5431/5431/5431
f 5431/5431/5431 5432/5432/5432 5430/5430/5430
f 5432/5432/5432 5431/5431/5431 5433/5433/5433
f 5433/5433/5433 5434/5434/5434 5432/5432/5432
f 5434/5434/5434 5433/5433/5433 5435/5435/5435
f 5435/5435/5435 5436/5436/5436 5434/5434/5434
f 5436/5436/5436 5435/5435/5435 5437/5437/5437
f 5437/5437/5437 5438/5438/5438 5436/5436/5436
f 5438/5438/5438 5437/5437/5437 5439/5439/5439
f 5439/5439/5439 5440/5440/5440 5438/5438/5438
f 5440/5440/5440 5439/5439/5439 5441/5441/5441
f 5441/5441/5441 5442/5442/5442 5440/5440/5440
f 5442/5442/5442 5441/5441/5441 5443/5443/5443
f 5443/5443/5443 5444/5444/5444 5442/5442/5442
f 5444/5444/5444 5443/5443/5443 5445/5445/5445
f 5445/5445/5445 5446/5446/5446 5444/5444/5444
f 5446/5446/5446 5445/5445/5445 5447/5447/5447
f 5447/5447/5447 5448/5448/5448 5446/5446/5446
f 5448/5448/5448 5447/5447/5447 5449/5449/5449
f 5449/5449/5449 5450/5450/5450 5448/5448/5448
f 5450/5450/5450 5449/5449/5449 5451/5451/5451
f 5451/5451/5451 5452/5452/5452 5450/5450/5450
f 5452/5452/5452 5451/5451/5451 5453/5453/5453
f 5453/5453/5453 5454/5454/5454 5452/5452/5452
f 5454/5454/5454 5453/5453/5453 5455/5455/5455
f 5455/5455/5455 5456/5456/5456 5454/5454/5454
f 5456/5456/5456 5455/5455/5455 5362/5362/5362
f 5362/5362/5362 5363/5363/5363 5456/5456/5456
f 5459/5459/5459 5458/5458/5458 5457/5457/5457
f 5457/5457/5457 5460/5460/5460 5459/5459/5459
f 5462/5462/5462 5461/5461/5461 5458/5458/5458
f 5458/5458/5458 5459/5459/5459 5462/5462/5462
f 5464/5464/5464 5463/5463/5463 5461/5461/5461
f 5461/5461/5461 5462/5462/5462 5464/5464/5464
f 5466/5466/5466 5465/5465/5465 5463/5463/5463
f 5463/5463/5463 5464/5464/5464 5466/5466/5466
f 5468/5468/5468 5467/5467/5467 5465/5465/5465
f 5465/5465/5465 5466/5466/5466 5468/5468/5468
f 5470/5470/5470 5469/5469/5469 5467/5467/5467
f 5467/5467/5467 5468/5468/5468 5470/5470/5470
f 5472/5472/5472 5471/5471/5471 5469/5469/5469
f 5469/5469/5469 5470/5470/5470 5472/5472/5472
f 5474/5474/5474 5473/5473/5473 5471/5471/5471
f 5471/5471/5471 5472/5472/5472 5474/5474/5474
f 5476/5476/5476 5475/5475/5475 5473/5473/5473
f 5473/5473/5473 5474/5474/5474 5476/5476/5476
f 5478/5478/5478 5477/5477/5477 5475/5475/5475
f 5475/5475/5475 5476/5476/5476 5478/5478/5478
f 5480/5480/5480 5479/5479/5479 5477/5477/5477
f 5477/5477/5477 5478/5478/5478 5480/5480/5480
f 5482/5482/5482 5481/5481/5481 5479/5479/5479
f 5479/5479/5479 5480/5480/5480 5482/5482/5482
f 5484/5484/5484 5483/5483/5483 5481/5481/5481
f 5481/5481/5481 5482/5482/5482 5484/5484/5484
f 5486/5486/5486 5485/5485/5485 5483/5483/5483
f 5483/5483/5483 5484/5484/5484 5486/5486/5486
f 5488/5488/5488 5487/5487/5487 5485/5485/5485
f 5485/5485/5485 5486/5486/5486 5488/5488/5488
f 5490/5490/5490 5489/5489/5489 5487/5487/5487
f 5487/5487/5487 5488/5488/5488 5490/5490/5490
f 5492/5492/5492 5491/5491/5491 5489/5489/5489
f 5489/5489/5489 5490/5490/5490 5492/5492/5492
f 5494/5494/5494 5493/5493/5493 5491/5491/5491
f 5491/5491/5491 5492/5492/5492 5494/5494/5494
f 5496/5496/5496 5495/5495/5495 5493/5493/5493
f 5493/5493/5493 5494/5494/5494 5496/5496/5496
f 5498/5498/5498 5497/5497/5497 5495/5495/5495
f 5495/5495/5495 5496/5496/5496 5498/5498/5498
f 5500/5500/5500 5499/5499/5499 5497/5497/5497
f 5497/5497/5497 5498/5498/5498 5500/5500/5500
f 5502/5502/5502 5501/5501/5501 5499/5499/5499
f 5499/5499/5499 5500/5500/5500 5502/5502/5502
f 5504/5504/5504 5503/5503/5503 5501/5501/5501
f 5501/5501/5501 5502/5502/5502 5504/5504/5504
f 5506/5506/5506 5505/5505/5505 5503/5503/5503
f 5503/5503/5503 5504/5504/5504 5506/5506/5506
f 5508/5508/5508 5507/5507/5507 5505/5505/5505
f 5505/5505/5505 5506/5506/5506 5508/5508/5508
f 5510/5510/5510 5509/5509/5509 5507/5507/5507
f 5507/5507/5507 5508/5508/5508 5510/5510/5510
f 5512/5512/5512 5511/5511/5511 5509/5509/5509
f 5509/5509/5509 5510/5510/5510 5512/5512/5512
f 5514/5514/5514 5513/5513/5513 5511/5511/5511
f 5511/5511/5511 5512/5512/5512 5514/5514/5514
f 5516/5516/5516 5515/5515/5515 5513/5513/5513
f 5513/5513/5513 5514/5514/5514 5516/5516/5516
f 5518/5518/5518 5517/5517/5517 5515/5515/5515
f 5515/5515/5515 5516/5516/5516 5518/5518/5518
f 5520/5520/5520 5519/5519/5519 5517/5517/5517
f 5517/5517/5517 5518/5518/5518 5520/5520/5520
f 5522/5522/5522 5521/5521/5521 5519/5519/5519
f 5519/5519/5519 5520/5520/5520 5522/5522/5522
f 5524/5524/5524 5523/5523/5523 5521/5521/5521
f 5521/5521/5521 5522/5522/5522 5524/5524/5524
f 5526/5526/5526 5525/5525/5525 5523/5523/5523
f 5523/5523/5523 5524/5524/5524 5526/5526/5526
f 5528/5528/5528 5527/5527/5527 5525/5525/5525
f 5525/5525/5525 5526/5526/5526 5528/5528/5528
f 5530/5530/5530 5529/5529/5529 5527/5527/5527
f 5527/5527/5527 5528/5528/5528 5530/5530/5530
f 5532/5532/5532 5531/5531/5531 5529/5529/5529
f 5529/5529/5529 5530/5530/5530 5532/5532/5532
f 5534/5534/5534 5533/5533/5533 5531/5531/5531
f 5531/5531/5531 5532/5532/5532 5534/5534/5534
f 5536/5536/5536 5535/5535/5535 5533/5533/5533
f 5533/5533/5533 5534/5534/5534 5536/5536/5536
f 5538/5538/5538 5537/5537/5537 5535/5535/5535
f 5535/5535/5535 5536/5536/5536 5538/5538/5538
f 5540/5540/5540 5539/5539/5539 5537/5537/5537
f 5537/5537/5537 5538/5538/5538 5540/5540/5540
f 5542/5542/5542 5541/5541/5541 5539/5539/5539
f 5539/5539/5539 5540/5540/5540 5542/5542/5542
f 5544/5544/5544 5543/5543/5543 5541/5541/5541
f 5541/5541/5541 5542/5542/5542 5544/5544/5544
f 5546/5546/5546 5545/5545/5545 5543/5543/5543
f 5543/5543/5543 5544/5544/5544 5546/5546/5546
f 5548/5548/5548 5547/5547/5547 5545/5545/5545
f 5545/5545/5545 5546/5546/5546 5548/5548/5548
f 5550/5550/5550 5549/5549/5549 5547/5547/5547
f 5547/5547/5547 5548/5548/5548 5550/5550/5550
f 5552/5552/5552 5551/5551/5551 5549/5549/5549
f 5549/5549/5549 5550/5550/5550 5552/5552/5552
f 5460/5460/5460 5457/5457/5457 5551/5551/5551
f 5551/5551/5551 5552/5552/5552 5460/5460/5460
f 5553/5553/5553 5554/5554/5554 5555/5555/5555
f 5555/5555/5555 5556/5556/5556 5553/5553/5553
f 5554/5554/5554 5557/5557/5557 5558/5558/5558
f 5558/5558/5558 5555/5555/5555 5554/5554/5554
f 5557/5557/5557 5559/5559/5559 5560/5560/5560
f 5560/5560/5560 5558/5558/5558 5557/5557/5557
f 5559/5559/5559 5561/5561/5561 5562/5562/5562
f 5562/5562/5562 5560/5560/5560 5559/5559/5559
f 5561/5561/5561 5563/5563/5563 5564/5564/5564
f 5564/5564/5564 5562/5562/5562 5561/5561/5561
f 5563/5563/5563 5565/5565/5565 5566/5566/5566
f 5566/5566/5566 5564/5564/5564 5563/5563/5563
f 5565/5565/5565 5567/5567/5567 5568/5568/5568
f 5568/5568/5568 5566/5566/5566 5565/5565/5565
f 5567/5567/5567 5569/5569/5569 5570/5570/5570
f 5570/5570/5570 5568/5568/5568 5567/5567/5567
f 5569/5569/5569 5571/5571/5571 5572/5572/5572
f 5572/5572/5572 5570/5570/5570 5569/5569/5569
f 5571/5571/5571 5573/5573/5573 5574/5574/5574
f 5574/5574/5574 5572/5572/5572 5571/5571/5571
f 5573/5573/5573 5575/5575/5575 5576/5576/5576
f 5576/5576/5576 5574/5574/5574 5573/5573/5573
f 5575/5575/5575 5577/5577/5577 5578/5578/5578
f 5578/5578/5578 5576/5576/5576 5575/5575/5575
f 5577/5577/5577 5579/5579/5579 5580/5580/5580
f 5580/5580/5580 5578/5578/5578 5577/5577/5577
f 5579/5579/5579 5581/5581/5581 5582/5582/5582
f 5582/5582/5582 5580/5580/5580 5579/5579/5579
f 5581/5581/5581 5583/5583/5583 5584/5584/5584
f 5584/5584/5584 5582/5582/5582 5581/5581/5581
f 5583/5583/5583 5585/5585/5585 5586/5586/5586
f 5586/5586/5586 5584/5584/5584 5583/5583/5583
f 5585/5585/5585 5587/5587/5587 5588/5588/5588
f 5588/5588/5588 5586/5586/5586 5585/5585/5585
f 5587/5587/5587 5589/5589/5589 5590/5590/5590
f 5590/5590/5590 5588/5588/5588 5587/5587/5587
f 5589/5589/5589 5591/5591/5591 5592/5592/5592
f 5592/5592/5592 5590/5590/5590 5589/5589/5589
f 5591/5591/5591 5593/5593/5593 5594/5594/5594
f 5594/5594/5594 5592/5592/5592 5591/5591/5591
f 5593/5593/5593 5595/5595/5595 5596/5596/5596
f 5596/5596/5596 5594/5594/5594 5593/5593/5593
f 5595/5595/5595 5597/5597/5597 5598/5598/5598
f 5598/5598/5598 5596/5596/5596 5595/5595/5595
f 5597/5597/5597 5599/5599/5599 5600/5600/5600
f 5600/5600/5600 5598/5598/5598 5597/5597/5597
f 5599/5599/5599 5601/5601/5601 5602/5602/5602
f 5602/5602/5602 5600/5600/5600 5599/5599/5599
f 5601/5601/5601 5603/5603/5603 5604/5604/5604
f 5604/5604/5604 5602/5602/5602 5601/5601/5601
f 5603/5603/5603 5605/5605/5605 5606/5606/5606
f 5606/5606/5606 5604/5604/5604 5603/5603/5603
f 5605/5605/5605 5607/5607/5607 5608/5608/5608
f 5608/5608/5608 5606/5606/5606 5605/5605/5605
f 5607/5607/5607 5609/5609/5609 5610/5610/5610
f 5610/5610/5610 5608/5608/5608 5607/5607/5607
f 5609/5609/5609 5611/5611/5611 5612/5612/5612
f 5612/5612/5612 5610/5610/5610 5609/5609/5609
f 5611/5611/5611 5613/5613/5613 5614/5614/5614
f 5614/5614/5614 5612/5612/5612 5611/5611/5611
f 5613/5613/5613 5615/5615/5615 5616/5616/5616
f 5616/5616/5616 5614/5614/5614 5613/5613/5613
f 5615/5615/5615 5617/5617/5617 5618/5618/5618
f 5618/5618/5618 5616/5616/5616 5615/5615/5615
f 5617/5617/5617 5619/5619/5619 5620/5620/5620
f 5620/5620/5620 5618/5618/5618 5617/5617/5617
f 5619/5619/5619 5621/5621/5621 5622/5622/5622
f 5622/5622/5622 5620/5620/5620 5619/5619/5619
f 5621/5621/5621 5623/5623/5623 5624/5624/5624
f 5624/5624/5624 5622/5622/5622 5621/5621/5621
f 5623/5623/5623 5625/5625/5625 5626/5626/5626
f 5626/5626/5626 5624/5624/5624 5623/5623/5623
f 5625/5625/5625 5627/5627/5627 5628/5628/5628
f 5628/5628/5628 5626/5626/5626 5625/5625/5625
f 5627/5627/5627 5629/5629/5629 5630/5630/5630
f 5630/5630/5630 5628/5628/5628 5627/5627/5627
f 5629/5629/5629 5631/5631/5631 5632/5632/5632
f 5632/5632/5632 5630/5630/5630 5629/5629/5629
f 5631/5631/5631 5633/5633/5633 5634/5634/5634
f 5634/5634/5634 5632/5632/5632 5631/5631/5631
f 5633/5633/5633 5635/5635/5635 5636/5636/5636
f 5636/5636/5636 5634/5634/5634 5633/5633/5633
f 5635/5635/5635 5637/5637/5637 5638/5638/5638
f 5638/5638/5638 5636/5636/5636 5635/5635/5635
f 5637/5637/5637 5639/5639/5639 5640/5640/5640
f 5640/5640/5640 5638/5638/5638 5637/5637/5637
f 5639/5639/5639 5641/5641/5641 5642/5642/5642
f 5642/5642/5642 5640/5640/5640 5639/5639/5639
f 5641/5641/5641 5643/5643/5643 5644/5644/5644
f 5644/5644/5644 5642/5642/5642 5641/5641/5641
f 5643/5643/5643 5645/5645/5645 5646/5646/5646
f 5646/5646/5646 5644/5644/5644 5643/5643/5643
f 5645/5645/5645 5647/5647/5647 5648/5648/5648
f 5648/5648/5648 5646/5646/5646 5645/5645/5645
f 5647/5647/5647 5553/5553/5553 5556/5556/5556
f 5556/5556/5556 5648/5648/5648 5647/5647/5647
f 5651/5651/5651 5650/5650/5650 5649/5649/5649
f 5649/5649/5649 5652/5652/5652 5651/5651/5651
f 5654/5654/5654 5653/5653/5653 5650/5650/5650
f 5650/5650/5650 5651/5651/5651 5654/5654/5654
f 5656/5656/5656 5655/5655/5655 5653/5653/5653
f 5653/5653/5653 5654/5654/5654 5656/5656/5656
f 5658/5658/5658 5657/5657/5657 5655/5655/5655
f 5655/5655/5655 5656/5656/5656 5658/5658/5658
f 5660/5660/5660 5659/5659/5659 5657/5657/5657
f 5657/5657/5657 5658/5658/5658 5660/5660/5660
f 5662/5662/5662 5661/5661/5661 5659/5659/5659
f 5659/5659/5659 5660/5660/5660 5662/5662/5662
f 5664/5664/5664 5663/5663/5663 5661/5661/5661
f 5661/5661/5661 5662/5662/5662 5664/5664/5664
f 5666/5666/5666 5665/5665/5665 5663/5663/5663
f 5663/5663/5663 5664/5664/5664 5666/5666/5666
f 5668/5668/5668 5667/5667/5667 5665/5665/5665
f 5665/5665/5665 5666/5666/5666 5668/5668/5668
f 5670/5670/5670 5669/5669/5669 5667/5667/5667
f 5667/5667/5667 5668/5668/5668 5670/5670/5670
f 5672/5672/5672 5671/5671/5671 5669/5669/5669
f 5669/5669/5669 5670/5670/5670 5672/5672/5672
f 5674/5674/5674 5673/5673/5673 5671/5671/5671
f 5671/5671/5671 5672/5672/5672 5674/5674/5674
f 5676/5676/5676 5675/5675/5675 5673/5673/5673
f 5673/5673/5673 5674/5674/5674 5676/5676/5676
f 5678/5678/5678 5677/5677/5677 5675/5675/5675
f 5675/5675/5675 5676/5676/5676 5678/5678/5678
f 5680/5680/5680 5679/5679/5679 5677/5677/5677
f 5677/5677/5677 5678/5678/5678 5680/5680/5680
f 5682/5682/5682 5681/5681/5681 5679/5679/5679
f 5679/5679/5679 5680/5680/5680 5682/5682/5682
f 5684/5684/5684 5683/5683/5683 5681/5681/5681
f 5681/5681/5681 5682/5682/5682 5684/5684/5684
f 5686/5686/5686 5685/5685/5685 5683/5683/5683
f 5683/5683/5683 5684/5684/5684 5686/5686/5686
f 5688/5688/5688 5687/5687/5687 5685/5685/5685
f 5685/5685/5685 5686/5686/5686 5688/5688/5688
f 5690/5690/5690 5689/5689/5689 5687/5687/5687
f 5687/5687/5687 5688/5688/5688 5690/5690/5690
f 5692/5692/5692 5691/5691/5691 5689/5689/5689
f 5689/5689/5689 5690/5690/5690 5692/5692/5692
f 5694/5694/5694 5693/5693/5693 5691/5691/5691
f 5691/5691/5691 5692/5692/5692 5694/5694/5694
f 5696/5696/5696 5695/5695/5695 5693/5693/5693
f 5693/5693/5693 5694/5694/5694 5696/5696/5696
f 5698/5698/5698 5697/5697/5697 5695/5695/5695
f 5695/5695/5695 5696/5696/5696 5698/5698/5698
f 5700/5700/5700 5699/5699/5699 5697/5697/5697
f 5697/5697/5697 5698/5698/5698 5700/5700/5700
f 5702/5702/5702 5701/5701/5701 5699/5699/5699
f 5699/5699/5699 5700/5700/5700 5702/5702/5702
f 5704/5704/5704 5703/5703/5703 5701/5701/5701
f 5701/5701/5701 5702/5702/5702 5704/5704/5704
f 5706/5706/5706 5705/5705/5705 5703/5703/5703
f 5703/5703/5703 5704/5704/5704 5706/5706/5706
f 5708/5708/5708 5707/5707/5707 5705/5705/5705
f 5705/5705/5705 5706/5706/5706 5708/5708/5708
f 5710/5710/5710 5709/5709/5709 5707/5707/5707
f 5707/5707/5707 5708/5708/5708 5710/5710/5710
f 5712/5712/5712 5711/5711/5711 5709/5709/5709
f 5709/5709/5709 5710/5710/5710 5712/5712/5712
f 5714/5714/5714 5713/5713/5713 5711/5711/5711
f 5711/5711/5711 5712/5712/5712 5714/5714/5714
f 5716/5716/5716 5715/5715/5715 5713/5713/5713
f 5713/5713/5713 5714/5714/5714 5716/5716/5716
f 5718/5718/5718 5717/5717/5717 5715/5715/5715
f 5715/5715/5715 5716/5716/5716 5718/5718/5718
f 5720/5720/5720 5719/5719/5719 5717/5717/5717
f 5717/5717/5717 5718/5718/5718 5720/5720/5720
f 5722/5722/5722 5721/5721/5721 5719/5719/5719
f 5719/5719/5719 5720/5720/5720 5722/5722/5722
f 5724/5724/5724 5723/5723/5723 5721/5721/5721
f 5721/5721/5721 5722/5722/5722 5724/5724/5724
f 5726/5726/5726 5725/5725/5725 5723/5723/5723
f 5723/5723/5723 5724/5724/5724 5726/5726/5726
f 5728/5728/5728 5727/5727/5727 5725/5725/5725
f 5725/5725/5725 5726/5726/5726 5728/5728/5728
f 5730/5730/5730 5729/5729/5729 5727/5727/5727
f 5727/5727/5727 5728/5728/5728 5730/5730/5730
f 5732/5732/5732 5731/5731/5731 5729/5729/5729
f 5729/5729/5729 5730/5730/5730 5732/5732/5732
f 5734/5734/5734 5733/5733/5733 5731/5731/5731
f 5731/5731/5731 5732/5732/5732 5734/5734/5734
f 5736/5736/5736 5735/5735/5735 5733/5733/5733
f 5733/5733/5733 5734/5734/5734 5736/5736/5736
f 5738/5738/5738 5737/5737/5737 5735/5735/5735
f 5735/5735/5735 5736/5736/5736 5738/5738/5738
f 5740/5740/5740 5739/5739/5739 5737/5737/5737
f 5737/5737/5737 5738/5738/5738 5740/5740/5740
f 5742/5742/5742 5741/5741/5741 5739/5739/5739
f 5739/5739/5739 5740/5740/5740 5742/5742/5742
f 5744/5744/5744 5743/5743/5743 5741/5741/5741
f 5741/5741/5741 5742/5742/5742 5744/5744/5744
f 5652/5652/5652 5649/5649/5649 5743/5743/5743
f 5743/5743/5743 5744/5744/5744 5652/5652/5652
f 5745/5745/5745 5746/5746/5746 5747/5747/5747
f 5747/5747/5747 5748/5748/5748 5745/5745/5745
f 5746/5746/5746 5749/5749/5749 5750/5750/5750
f 5750/5750/5750 5747/5747/5747 5746/5746/5746
f 5749/5749/5749 5751/5751/5751 5752/5752/5752
f 5752/5752/5752 5750/5750/5750 5749/5749/5749
f 5751/5751/5751 5753/5753/5753 5754/5754/5754
f 5754/5754/5754 5752/5752/5752 5751/5751/5751
f 5753/5753/5753 5755/5755/5755 5756/5756/5756
f 5756/5756/5756 5754/5754/5754 5753/5753/5753
f 5755/5755/5755 5757/5757/5757 5758/5758/5758
f 5758/5758/5758 5756/5756/5756 5755/5755/5755
f 5757/5757/5757 5759/5759/5759 5760/5760/5760
f 5760/5760/5760 5758/5758/5758 5757/5757/5757
f 5759/5759/5759 5761/5761/5761 5762/5762/5762
f 5762/5762/5762 5760/5760/5760 5759/5759/5759
f 5761/5761/5761 5763/5763/5763 5764/5764/5764
f 5764/5764/5764 5762/5762/5762 5761/5761/5761
f 5763/5763/5763 5765/5765/5765 5766/5766/5766
f 5766/5766/5766 5764/5764/5764 5763/5763/5763
f 5765/5765/5765 5767/5767/5767 5768/5768/5768
f 5768/5768/5768 5766/5766/5766 5765/5765/5765
f 5767/5767/5767 5769/5769/5769 5770/5770/5770
f 5770/5770/5770 5768/5768/5768 5767/5767/5767
f 5769/5769/5769 5771/5771/5771 5772/5772/5772
f 5772/5772/5772 5770/5770/5770 5769/5769/5769
f 5771/5771/5771 5773/5773/5773 5774/5774/5774
f 5774/5774/5774 5772/5772/5772 5771/5771/5771
f 5773/5773/5773 5775/5775/5775 5776/5776/5776
f 5776/5776/5776 5774/5774/5774 5773/5773/5773
f 5775/5775/5775 5777/5777/5777 5778/5778/5778
f 5778/5778/5778 5776/5776/5776 5775/5775/5775
f 5777/5777/5777 5779/5779/5779 5780/5780/5780
f 5780/5780/5780 5778/5778/5778 5777/5777/5777
f 5779/5779/5779 5781/5781/5781 5782/5782/5782
f 5782/5782/5782 5780/5780/5780 5779/5779/5779
f 5781/5781/5781 5783/5783/5783 5784/5784/5784
f 5784/5784/5784 5782/5782/5782 5781/5781/5781
f 5783/5783/5783 5785/5785/5785 5786/5786/5786
f 5786/5786/5786 5784/5784/5784 5783/5783/5783
f 5785/5785/5785 5787/5787/5787 5788/5788/5788
f 5788/5788/5788 5786/5786/5786 5785/5785/5785
f 5787/5787/5787 5789/5789/5789 5790/5790/5790
f 5790/5790/5790 5788/5788/5788 5787/5787/5787
f 5789/5789/5789 5791/5791/5791 5792/5792/5792
f 5792/5792/5792 5790/5790/5790 5789/5789/5789
f 5791/5791/5791 5793/5793/5793 5794/5794/5794
f 5794/5794/5794 5792/5792/5792 5791/5791/5791
f 5793/5793/5793 5795/5795/5795 5796/5796/5796
f 5796/5796/5796 5794/5794/5794 5793/5793/5793
f 5795/5795/5795 5797/5797/5797 5798/5798/5798
f 5798/5798/5798 5796/5796/5796 5795/5795/5795
f 5797/5797/5797 5799/5799/5799 5800/5800/5800
f 5800/5800/5800 5798/5798/5798 5797/5797/5797
f 5799/5799/5799 5801/5801/5801 5802/5802/5802
f 5802/5802/5802 5800/5800/5800 5799/5799/5799
f 5801/5801/5801 5803/5803/5803 5804/5804/5804
f 5804/5804/5804 5802/5802/5802 5801/5801/5801
f 5803/5803/5803 5805/5805/5805 5806/5806/5806
f 5806/5806/5806 5804/5804/5804 5803/5803/5803
f 5805/5805/5805 5807/5807/5807 5808/5808/5808
f 5808/5808/5808 5806/5806/5806 5805/5805/5805
f 5807/5807/5807 5809/5809/5809 5810/5810/5810
f 5810/5810/5810 5808/5808/5808 5807/5807/5807
f 5809/5809/5809 5811/5811/5811 5812/5812/5812
f 5812/5812/5812 5810/5810/5810 5809/5809/5809
f 5811/5811/5811 5813/5813/5813 5814/5814/5814
f 5814/5814/5814 5812/5812/5812 5811/5811/5811
f 5813/5813/5813 5815/5815/5815 5816/5816/5816
f 5816/5816/5816 5814/5814/5814 5813/5813/5813
f 5815/5815/5815 5817/5817/5817 5818/5818/5818
f 5818/5818/5818 5816/5816/5816 5815/5815/5815
f 5817/5817/5817 5819/5819/5819 5820/5820/5820
f 5820/5820/5820 5818/5818/5818 5817/5817/5817
f 5819/5819/5819 5821/5821/5821 5822/5822/5822
f 5822/5822/5822 5820/5820/5820 5819/5819/5819
f 5821/5821/5821 5823/5823/5823 5824/5824/5824
f 5824/5824/5824 5822/5822/5822 5821/5821/5821
f 5823/5823/5823 5825/5825/5825 5826/5826/5826
f 5826/5826/5826 5824/5824/5824 5823/5823/5823
f 5825/5825/5825 5827/5827/5827 5828/5828/5828
f 5828/5828/5828 5826/5826/5826 5825/5825/5825
f 5827/5827/5827 5829/5829/5829 5830/5830/5830
f 5830/5830/5830 5828/5828/5828 5827/5827/5827
f 5829/5829/5829 5831/5831/5831 5832/5832/5832
f 5832/5832/5832 5830/5830/5830 5829/5829/5829
f 5831/5831/5831 5833/5833/5833 5834/5834/5834
f 5834/5834/5834 5832/5832/5832 5831/5831/5831
f 5833/5833/5833 5835/5835/5835 5836/5836/5836
f 5836/5836/5836 5834/5834/5834 5833/5833/5833
f 5835/5835/5835 5837/5837/5837 5838/5838/5838
f 5838/5838/5838 5836/5836/5836 5835/5835/5835
f 5837/5837/5837 5839/5839/5839 5840/5840/5840
f 5840/5840/5840 5838/5838/5838 5837/5837/5837
f 5839/5839/5839 5745/5745/5745 5748/5748/5748
f 5748/5748/5748 5840/5840/5840 5839/5839/5839
f 5841/5841/5841 5842/5842/5842 5843/5843/5843
f 5843/5843/5843 5844/5844/5844 5841/5841/5841
f 5845/5845/5845 5841/5841/5841 5844/5844/5844
f 5844/5844/5844 5846/5846/5846 5845/5845/5845
f 5847/5847/5847 5845/5845/5845 5846/5846/5846
f 5846/5846/5846 5848/5848/5848 5847/5847/5847
f 5849/5849/5849 5847/5847/5847 5848/5848/5848
f 5848/5848/5848 5850/5850/5850 5849/5849/5849
f 5851/5851/5851 5849/5849/5849 5850/5850/5850
f 5850/5850/5850 5852/5852/5852 5851/5851/5851
f 5853/5853/5853 5851/5851/5851 5852/5852/5852
f 5852/5852/5852 5854/5854/5854 5853/5853/5853
f 5855/5855/5855 5853/5853/5853 5854/5854/5854
f 5854/5854/5854 5856/5856/5856 5855/5855/5855
f 5857/5857/5857 5855/5855/5855 5856/5856/5856
f 5856/5856/5856 5858/5858/5858 5857/5857/5857
f 5859/5859/5859 5857/5857/5857 5858/5858/5858
f 5858/5858/5858 5860/5860/5860 5859/5859/5859
f 5861/5861/5861 5859/5859/5859 5860/5860/5860
f 5860/5860/5860 5862/5862/5862 5861/5861/5861
f 5863/5863/5863 5861/5861/5861 5862/5862/5862
f 5862/5862/5862 5864/5864/5864 5863/5863/5863
f 5865/5865/5865 5863/5863/5863 5864/5864/5864
f 5864/5864/5864 5866/5866/5866 5865/5865/5865
f 5867/5867/5867 5865/5865/5865 5866/5866/5866
f 5866/5866/5866 5868/5868/5868 5867/5867/5867
f 5869/5869/5869 5867/5867/5867 5868/5868/5868
f 5868/5868/5868 5870/5870/5870 5869/5869/5869
f 5871/5871/5871 5869/5869/5869 5870/5870/5870
f 5870/5870/5870 5872/5872/5872 5871/5871/5871
f 5873/5873/5873 5871/5871/5871 5872/5872/5872
f 5872/5872/5872 5874/5874/5874 5873/5873/5873
f 5875/5875/5875 5873/5873/5873 5874/5874/5874
f 5874/5874/5874 5876/5876/5876 5875/5875/5875
f 5877/5877/5877 5875/5875/5875 5876/5876/5876
f 5876/5876/5876 5878/5878/5878 5877/5877/5877
f 5879/5879/5879 5877/5877/5877 5878/5878/5878
f 5878/5878/5878 5880/5880/5880 5879/5879/5879
f 5881/5881/5881 5879/5879/5879 5880/5880/5880
f 5880/5880/5880 5882/5882/5882 5881/5881/5881
f 5883/5883/5883 5881/5881/5881 5882/5882/5882
f 5882/5882/5882 5884/5884/5884 5883/5883/5883
f 5885/5885/5885 5883/5883/5883 5884/5884/5884
f 5884/5884/5884 5886/5886/5886 5885/5885/5885
f 5887/5887/5887 5885/5885/5885 5886/5886/5886
f 5886/5886/5886 5888/5888/5888 5887/5887/5887
f 5889/5889/5889 5887/5887/5887 5888/5888/5888
f 5888/5888/5888 5890/5890/5890 5889/5889/5889
f 5891/5891/5891 5889/5889/5889 5890/5890/5890
f 5890/5890/5890 5892/5892/5892 5891/5891/5891
f 5893/5893/5893 5891/5891/5891 5892/5892/5892
f 5892/5892/5892 5894/5894/5894 5893/5893/5893
f 5895/5895/5895 5893/5893/5893 5894/5894/5894
f 5894/5894/5894 5896/5896/5896 5895/5895/5895
f 5897/5897/5897 5895/5895/5895 5896/5896/5896
f 5896/5896/5896 5898/5898/5898 5897/5897/5897
f 5899/5899/5899 5897/5897/5897 5898/5898/5898
f 5898/5898/5898 5900/5900/5900 5899/5899/5899
f 5901/5901/5901 5899/5899/5899 5900/5900/5900
f 5900/5900/5900 5902/5902/5902 5901/5901/5901
f 5903/5903/5903 5901/5901/5901 5902/5902/5902
f 5902/5902/5902 5904/5904/5904 5903/5903/5903
f 5905/5905/5905 5903/5903/5903 5904/5904/5904
f 5904/5904/5904 5906/5906/5906 5905/5905/5905
f 5907/5907/5907 5905/5905/5905 5906/5906/5906
f 5906/5906/5906 5908/5908/5908 5907/5907/5907
f 5909/5909/5909 5907/5907/5907 5908/5908/5908
f 5908/5908/5908 5910/5910/5910 5909/5909/5909
f 5911/5911/5911 5909/5909/5909 5910/5910/5910
f 5910/5910/5910 5912/5912/5912 5911/5911/5911
f 5913/5913/5913 5911/5911/5911 5912/5912/5912
f 5912/5912/5912 5914/5914/5914 5913/5913/5913
f 5915/5915/5915 5913/5913/5913 5914/5914/5914
f 5914/5914/5914 5916/5916/5916 5915/5915/5915
f 5917/5917/5917 5915/5915/5915 5916/5916/5916
f 5916/5916/5916 5918/5918/5918 5917/5917/5917
f 5919/5919/5919 5917/5917/5917 5918/5918/5918
f 5918/5918/5918 5920/5920/5920 5919/5919/5919
f 5921/5921/5921 5919/5919/5919 5920/5920/5920
f 5920/5920/5920 5922/5922/5922 5921/5921/5921
f 5923/5923/5923 5921/5921/5921 5922/5922/5922
f 5922/5922/5922 5924/5924/5924 5923/5923/5923
f 5925/5925/5925 5923/5923/5923 5924/5924/5924
f 5924/5924/5924 5926/5926/5926 5925/5925/5925
f 5927/5927/5927 5925/5925/5925 5926/5926/5926
f 5926/5926/5926 5928/5928/5928 5927/5927/5927
f 5929/5929/5929 5927/5927/5927 5928/5928/5928
f 5928/5928/5928 5930/5930/5930 5929/5929/5929
f 5931/5931/5931 5929/5929/5929 5930/5930/5930
f 5930/5930/5930 5932/5932/5932 5931/5931/5931
f 5933/5933/5933 5931/5931/5931 5932/5932/5932
f 5932/5932/5932 5934/5934/5934 5933/5933/5933
f 5935/5935/5935 5933/5933/5933 5934/5934/5934
f 5934/5934/5934 5936/5936/5936 5935/5935/5935
f 5842/5842/5842 5935/5935/5935 5936/5936/5936
f 5936/5936/5936 5843/5843/5843 5842/5842/5842
f 5937/5937/5937 5938/5938/5938 5939/5939/5939
f 5939/5939/5939 5940/5940/5940 5937/5937/5937
f 5941/5941/5941 5942/5942/5942 5943/5943/5943
f 5943/5943/5943 5944/5944/5944 5941/5941/5941
f 5945/5945/5945 5946/5946/5946 5947/5947/5947
f 5947/5947/5947 5948/5948/5948 5945/5945/5945
f 5949/5949/5949 5950/5950/5950 5951/5951/5951
f 5951/5951/5951 5952/5952/5952 5949/5949/5949
f 5955/5955/5955 5954/5954/5954 5953/5953/5953
f 5953/5953/5953 5956/5956/5956 5955/5955/5955
f 5959/5959/5959 5958/5958/5958 5957/5957/5957
f 5957/5957/5957 5960/5960/5960 5959/5959/5959
f 5963/5963/5963 5962/5962/5962 5961/5961/5961
f 5961/5961/5961 5964/5964/5964 5963/5963/5963
f 5967/5967/5967 5966/5966/5966 5965/5965/5965
f 5965/5965/5965 5968/5968/5968 5967/5967/5967
f 5971/5971/5971 5970/5970/5970 5969/5969/5969
f 5969/5969/5969 5972/5972/5972 5971/5971/5971
f 5975/5975/5975 5974/5974/5974 5973/5973/5973
f 5973/5973/5973 5976/5976/5976 5975/5975/5975
f 5979/5979/5979 5978/5978/5978 5977/5977/5977
f 5977/5977/5977 5980/5980/5980 5979/5979/5979
f 5981/5981/5981 5982/5982/5982 5983/5983/5983
f 5983/5983/5983 5984/5984/5984 5981/5981/5981
f 5985/5985/5985 5986/5986/5986 5987/5987/5987
f 5987/5987/5987 5988/5988/5988 5985/5985/5985
f 5989/5989/5989 5990/5990/5990 5991/5991/5991
f 5991/5991/5991 5992/5992/5992 5989/5989/5989
f 5993/5993/5993 5994/5994/5994 5995/5995/5995
f 5995/5995/5995 5996/5996/5996 5993/5993/5993
f 5997/5997/5997 5993/5993/5993 5996/5996/5996
f 5996/5996/5996 5998/5998/5998 5997/5997/5997
f 5999/5999/5999 5997/5997/5997 5998/5998/5998
f 5998/5998/5998 6000/6000/6000 5999/5999/5999
f 6001/6001/6001 5999/5999/5999 6000/6000/6000
f 6000/6000/6000 6002/6002/6002 6001/6001/6001
f 6003/6003/6003 6001/6001/6001 6002/6002/6002
f 6002/6002/6002 6004/6004/6004 6003/6003/6003
f 6005/6005/6005 6003/6003/6003 6004/6004/6004
f 6004/6004/6004 6006/6006/6006 6005/6005/6005
f 6007/6007/6007 6005/6005/6005 6006/6006/6006
f 6006/6006/6006 6008/6008/6008 6007/6007/6007
f 6009/6009/6009 6007/6007/6007 6008/6008/6008
f 6008/6008/6008 6010/6010/6010 6009/6009/6009
f 6011/6011/6011 6009/6009/6009 6010/6010/6010
f 6010/6010/6010 6012/6012/6012 6011/6011/6011
f 6013/6013/6013 6011/6011/6011 6012/6012/6012
f 6012/6012/6012 6014/6014/6014 6013/6013/6013
f 6015/6015/6015 6013/6013/6013 6014/6014/6014
f 6014/6014/6014 6016/6016/6016 6015/6015/6015
f 6017/6017/6017 6015/6015/6015 6016/6016/6016
f 6016/6016/6016 6018/6018/6018 6017/6017/6017
f 6019/6019/6019 6020/6020/6020 6021/6021/6021
f 6021/6021/6021 6022/6022/6022 6019/6019/6019
f 6025/6025/6025 6024/6024/6024 6023/6023/6023
f 6023/6023/6023 6026/6026/6026 6025/6025/6025
f 6027/6027/6027 6028/6028/6028 6029/6029/6029
f 6029/6029/6029 6030/6030/6030 6027/6027/6027
f 6031/6031/6031 6032/6032/6032 6033/6033/6033
f 6033/6033/6033 6034/6034/6034 6031/6031/6031
f 6035/6035/6035 6036/6036/6036 6037/6037/6037
f 6037/6037/6037 6038/6038/6038 6035/6035/6035
f 6039/6039/6039 6040/6040/6040 6041/6041/6041
f 6041/6041/6041 6042/6042/6042 6039/6039/6039
f 6045/6045/6045 6044/6044/6044 6043/6043/6043
f 6043/6043/6043 6046/6046/6046 6045/6045/6045
f 6049/6049/6049 6048/6048/6048 6047/6047/6047
f 6047/6047/6047 6050/6050/6050 6049/6049/6049
f 6053/6053/6053 6052/6052/6052 6051/6051/6051
f 6051/6051/6051 6054/6054/6054 6053/6053/6053
f 6057/6057/6057 6056/6056/6056 6055/6055/6055
f 6055/6055/6055 6058/6058/6058 6057/6057/6057
f 6061/6061/6061 6060/6060/6060 6059/6059/6059
f 6059/6059/6059 6062/6062/6062 6061/6061/6061
f 6065/6065/6065 6064/6064/6064 6063/6063/6063
f 6063/6063/6063 6066/6066/6066 6065/6065/6065
f 6069/6069/6069 6068/6068/6068 6067/6067/6067
f 6067/6067/6067 6070/6070/6070 6069/6069/6069
f 6071/6071/6071 6072/6072/6072 6073/6073/6073
f 6073/6073/6073 6074/6074/6074 6071/6071/6071
f 6075/6075/6075 6076/6076/6076 6077/6077/6077
f 6077/6077/6077 6078/6078/6078 6075/6075/6075
f 6079/6079/6079 6080/6080/6080 6081/6081/6081
f 6081/6081/6081 6082/6082/6082 6079/6079/6079
f 6085/6085/6085 6084/6084/6084 6083/6083/6083
f 6083/6083/6083 6086/6086/6086 6085/6085/6085
f 6087/6087/6087 6088/6088/6088 6089/6089/6089
f 6089/6089/6089 6090/6090/6090 6087/6087/6087
f 6091/6091/6091 6087/6087/6087 6090/6090/6090
f 6090/6090/6090 6092/6092/6092 6091/6091/6091
f 6093/6093/6093 6091/6091/6091 6092/6092/6092
f 6092/6092/6092 6094/6094/6094 6093/6093/6093
f 6095/6095/6095 6093/6093/6093 6094/6094/6094
f 6094/6094/6094 6096/6096/6096 6095/6095/6095
f 6097/6097/6097 6095/6095/6095 6096/6096/6096
f 6096/6096/6096 6098/6098/6098 6097/6097/6097
f 6099/6099/6099 6097/6097/6097 6098/6098/6098
f 6098/6098/6098 6100/6100/6100 6099/6099/6099
f 6101/6101/6101 6099/6099/6099 6100/6100/6100
f 6100/6100/6100 6102/6102/6102 6101/6101/6101
f 6103/6103/6103 6101/6101/6101 6102/6102/6102
f 6102/6102/6102 6104/6104/6104 6103/6103/6103
f 6105/6105/6105 6103/6103/6103 6104/6104/6104
f 6104/6104/6104 6106/6106/6106 6105/6105/6105
f 6107/6107/6107 6105/6105/6105 6106/6106/6106
f 6106/6106/6106 6108/6108/6108 6107/6107/6107
f 6109/6109/6109 6107/6107/6107 6108/6108/6108
f 6108/6108/6108 6110/6110/6110 6109/6109/6109
f 6111/6111/6111 6109/6109/6109 6110/6110/6110
f 6110/6110/6110 6112/6112/6112 6111/6111/6111
f 6113/6113/6113 6114/6114/6114 6115/6115/6115
f 6115/6115/6115 6116/6116/6116 6113/6113/6113
f 6117/6117/6117 6118/6118/6118 6119/6119/6119
f 6119/6119/6119 6120/6120/6120 6117/6117/6117
f 6121/6121/6121 6122/6122/6122 6123/6123/6123
f 6123/6123/6123 6124/6124/6124 6121/6121/6121
f 6125/6125/6125 6126/6126/6126 6127/6127/6127
f 6127/6127/6127 6128/6128/6128 6125/6125/6125
f 6129/6129/6129 6130/6130/6130 6131/6131/6131
f 6131/6131/6131 6132/6132/6132 6129/6129/6129
f 6135/6135/6135 6134/6134/6134 6133/6133/6133
f 6133/6133/6133 6136/6136/6136 6135/6135/6135
f 6139/6139/6139 6138/6138/6138 6137/6137/6137
f 6137/6137/6137 6140/6140/6140 6139/6139/6139
f 6143/6143/6143 6142/6142/6142 6141/6141/6141
f 6141/6141/6141 6144/6144/6144 6143/6143/6143
f 6147/6147/6147 6146/6146/6146 6145/6145/6145
f 6145/6145/6145 6148/6148/6148 6147/6147/6147
f 6151/6151/6151 6150/6150/6150 6149/6149/6149
f 6149/6149/6149 6152/6152/6152 6151/6151/6151
f 6155/6155/6155 6154/6154/6154 6153/6153/6153
f 6153/6153/6153 6156/6156/6156 6155/6155/6155
f 6159/6159/6159 6158/6158/6158 6157/6157/6157
f 6157/6157/6157 6160/6160/6160 6159/6159/6159
f 6161/6161/6161 6162/6162/6162 6163/6163/6163
f 6163/6163/6163 6164/6164/6164 6161/6161/6161
f 6165/6165/6165 6166/6166/6166 6167/6167/6167
f 6167/6167/6167 6168/6168/6168 6165/6165/6165
f 6169/6169/6169 6170/6170/6170 6171/6171/6171
f 6171/6171/6171 6172/6172/6172 6169/6169/6169
f 6175/6175/6175 6174/6174/6174 6173/6173/6173
f 6173/6173/6173 6176/6176/6176 6175/6175/6175
f 6177/6177/6177 6178/6178/6178 6179/6179/6179
f 6179/6179/6179 6180/6180/6180 6177/6177/6177
f 6181/6181/6181 6177/6177/6177 6180/6180/6180
f 6180/6180/6180 6182/6182/6182 6181/6181/6181
f 6183/6183/6183 6181/6181/6181 6182/6182/6182
f 6182/6182/6182 6184/6184/6184 6183/6183/6183
f 6185/6185/6185 6183/6183/6183 6184/6184/6184
f 6184/6184/6184 6186/6186/6186 6185/6185/6185
f 6187/6187/6187 6185/6185/6185 6186/6186/6186
f 6186/6186/6186 6188/6188/6188 6187/6187/6187
f 6189/6189/6189 6187/6187/6187 6188/6188/6188
f 6188/6188/6188 6190/6190/6190 6189/6189/6189
f 6191/6191/6191 6189/6189/6189 6190/6190/6190
f 6190/6190/6190 6192/6192/6192 6191/6191/6191
f 6193/6193/6193 6191/6191/6191 6192/6192/6192
f 6192/6192/6192 6194/6194/6194 6193/6193/6193
f 6195/6195/6195 6193/6193/6193 6194/6194/6194
f 6194/6194/6194 6196/6196/6196 6195/6195/6195
f 6197/6197/6197 6195/6195/6195 6196/6196/6196
f 6196/6196/6196 6198/6198/6198 6197/6197/6197
f 6199/6199/6199 6197/6197/6197 6198/6198/6198
f 6198/6198/6198 6200/6200/6200 6199/6199/6199
f 6201/6201/6201 6199/6199/6199 6200/6200/6200
f 6200/6200/6200 6202/6202/6202 6201/6201/6201
f 6203/6203/6203 6204/6204/6204 6205/6205/6205
f 6205/6205/6205 6206/6206/6206 6203/6203/6203
f 6207/6207/6207 6208/6208/6208 6209/6209/6209
f 6209/6209/6209 6210/6210/6210 6207/6207/6207
f 6211/6211/6211 6212/6212/6212 6213/6213/6213
f 6213/6213/6213 6214/6214/6214 6211/6211/6211
f 6215/6215/6215 6216/6216/6216 6217/6217/6217
f 6217/6217/6217 6218/6218/6218 6215/6215/6215
f 6219/6219/6219 6220/6220/6220 6221/6221/6221
f 6221/6221/6221 6222/6222/6222 6219/6219/6219
f 6225/6225/6225 6224/6224/6224 6223/6223/6223
f 6223/6223/6223 6226/6226/6226 6225/6225/6225
f 6229/6229/6229 6228/6228/6228 6227/6227/6227
f 6227/6227/6227 6230/6230/6230 6229/6229/6229
f 6233/6233/6233 6232/6232/6232 6231/6231/6231
f 6231/6231/6231 6234/6234/6234 6233/6233/6233
f 6237/6237/6237 6236/6236/6236 6235/6235/6235
f 6235/6235/6235 6238/6238/6238 6237/6237/6237
f 6241/6241/6241 6240/6240/6240 6239/6239/6239
f 6239/6239/6239 6242/6242/6242 6241/6241/6241
f 6245/6245/6245 6244/6244/6244 6243/6243/6243
f 6243/6243/6243 6246/6246/6246 6245/6245/6245
f 6249/6249/6249 6248/6248/6248 6247/6247/6247
f 6247/6247/6247 6250/6250/6250 6249/6249/6249
f 6251/6251/6251 6252/6252/6252 6253/6253/6253
f 6253/6253/6253 6254/6254/6254 6251/6251/6251
f 6255/6255/6255 6256/6256/6256 6257/6257/6257
f 6257/6257/6257 6258/6258/6258 6255/6255/6255
f 6259/6259/6259 6260/6260/6260 6261/6261/6261
f 6261/6261/6261 6262/6262/6262 6259/6259/6259
f 6265/6265/6265 6264/6264/6264 6263/6263/6263
f 6263/6263/6263 6266/6266/6266 6265/6265/6265
f 6267/6267/6267 6268/6268/6268 6269/6269/6269
f 6269/6269/6269 6270/6270/6270 6267/6267/6267
f 6271/6271/6271 6267/6267/6267 6270/6270/6270
f 6270/6270/6270 6272/6272/6272 6271/6271/6271
f 6273/6273/6273 6271/6271/6271 6272/6272/6272
f 6272/6272/6272 6274/6274/6274 6273/6273/6273
f 6275/6275/6275 6273/6273/6273 6274/6274/6274
f 6274/6274/6274 6276/6276/6276 6275/6275/6275
f 6277/6277/6277 6275/6275/6275 6276/6276/6276
f 6276/6276/6276 6278/6278/6278 6277/6277/6277
f 6279/6279/6279 6277/6277/6277 6278/6278/6278
f 6278/6278/6278 6280/6280/6280 6279/6279/6279
f 6281/6281/6281 6279/6279/6279 6280/6280/6280
f 6280/6280/6280 6282/6282/6282 6281/6281/6281
f 6283/6283/6283 6281/6281/6281 6282/6282/6282
f 6282/6282/6282 6284/6284/6284 6283/6283/6283
f 6285/6285/6285 6283/6283/6283 6284/6284/6284
f 6284/6284/6284 6286/6286/6286 6285/6285/6285
f 6287/6287/6287 6285/6285/6285 6286/6286/6286
f 6286/6286/6286 6288/6288/6288 6287/6287/6287
f 6289/6289/6289 6287/6287/6287 6288/6288/6288
f 6288/6288/6288 6290/6290/6290 6289/6289/6289
f 6291/6291/6291 6289/6289/6289 6290/6290/6290
f 6290/6290/6290 6292/6292/6292 6291/6291/6291
f 6293/6293/6293 6294/6294/6294 6295/6295/6295
f 6295/6295/6295 6296/6296/6296 6293/6293/6293
f 6297/6297/6297 6298/6298/6298 6299/6299/6299
f 6299/6299/6299 6300/6300/6300 6297/6297/6297
f 6301/6301/6301 6297/6297/6297 6300/6300/6300
f 6300/6300/6300 6302/6302/6302 6301/6301/6301
f 6303/6303/6303 6301/6301/6301 6302/6302/6302
f 6302/6302/6302 6304/6304/6304 6303/6303/6303
f 6305/6305/6305 6303/6303/6303 6304/6304/6304
f 6304/6304/6304 6306/6306/6306 6305/6305/6305
f 6307/6307/6307 6305/6305/6305 6306/6306/6306
f 6306/6306/6306 6308/6308/6308 6307/6307/6307
f 6309/6309/6309 6307/6307/6307 6308/6308/6308
f 6308/6308/6308 6310/6310/6310 6309/6309/6309
f 6311/6311/6311 6309/6309/6309 6310/6310/6310
f 6310/6310/6310 6312/6312/6312 6311/6311/6311
f 6313/6313/6313 6311/6311/6311 6312/6312/6312
f 6312/6312/6312 6314/6314/6314 6313/6313/6313
f 6315/6315/6315 6313/6313/6313 6314/6314/6314
f 6314/6314/6314 6316/6316/6316 6315/6315/6315
f 6317/6317/6317 6315/6315/6315 6316/6316/6316
f 6316/6316/6316 6318/6318/6318 6317/6317/6317
f 6319/6319/6319 6317/6317/6317 6318/6318/6318
f 6318/6318/6318 6320/6320/6320 6319/6319/6319
f 6321/6321/6321 6319/6319/6319 6320/6320/6320
f 6320/6320/6320 6322/6322/6322 6321/6321/6321
f 6323/6323/6323 6321/6321/6321 6322/6322/6322
f 6322/6322/6322 6324/6324/6324 6323/6323/6323
f 6325/6325/6325 6323/6323/6323 6324/6324/6324
f 6324/6324/6324 6326/6326/6326 6325/6325/6325
f 6327/6327/6327 6325/6325/6325 6326/6326/6326
f 6326/6326/6326 6328/6328/6328 6327/6327/6327
f 6329/6329/6329 6327/6327/6327 6328/6328/6328
f 6328/6328/6328 6330/6330/6330 6329/6329/6329
f 6331/6331/6331 6329/6329/6329 6330/6330/6330
f 6330/6330/6330 6332/6332/6332 6331/6331/6331
f 6333/6333/6333 6331/6331/6331 6332/6332/6332
f 6332/6332/6332 6334/6334/6334 6333/6333/6333
f 6335/6335/6335 6333/6333/6333 6334/6334/6334
f 6334/6334/6334 6336/6336/6336 6335/6335/6335
f 6337/6337/6337 6335/6335/6335 6336/6336/6336
f 6336/6336/6336 6338/6338/6338 6337/6337/6337
f 6339/6339/6339 6337/6337/6337 6338/6338/6338
f 6338/6338/6338 6340/6340/6340 6339/6339/6339
f 6341/6341/6341 6339/6339/6339 6340/6340/6340
f 6340/6340/6340 6342/6342/6342 6341/6341/6341
f 6343/6343/6343 6341/6341/6341 6342/6342/6342
f 6342/6342/6342 6344/6344/6344 6343/6343/6343
f 6345/6345/6345 6343/6343/6343 6344/6344/6344
f 6344/6344/6344 6346/6346/6346 6345/6345/6345
f 6349/6349/6349 6348/6348/6348 6347/6347/6347
f 6349/6349/6349 6350/6350/6350 6348/6348/6348
f 6349/6349/6349 6351/6351/6351 6350/6350/6350
f 6349/6349/6349 6352/6352/6352 6351/6351/6351
f 6349/6349/6349 6353/6353/6353 6352/6352/6352
f 6349/6349/6349 6354/6354/6354 6353/6353/6353
f 6349/6349/6349 6355/6355/6355 6354/6354/6354
f 6349/6349/6349 6356/6356/6356 6355/6355/6355
f 6349/6349/6349 6357/6357/6357 6356/6356/6356
f 6349/6349/6349 6358/6358/6358 6357/6357/6357
f 6349/6349/6349 6359/6359/6359 6358/6358/6358
f 6349/6349/6349 6360/6360/6360 6359/6359/6359
f 6362/6362/6362 6361/6361/6361 6360/6360/6360
f 6362/6362/6362 6363/6363/6363 6361/6361/6361
f 6362/6362/6362 6364/6364/6364 6363/6363/6363
f 6362/6362/6362 6365/6365/6365 6364/6364/6364
f 6362/6362/6362 6366/6366/6366 6365/6365/6365
f 6362/6362/6362 6367/6367/6367 6366/6366/6366
f 6362/6362/6362 6368/6368/6368 6367/6367/6367
f 6362/6362/6362 6369/6369/6369 6368/6368/6368
f 6362/6362/6362 6370/6370/6370 6369/6369/6369
f 6362/6362/6362 6371/6371/6371 6370/6370/6370
f 6362/6362/6362 6372/6372/6372 6371/6371/6371
f 6362/6362/6362 6373/6373/6373 6372/6372/6372
f 6374/6374/6374 6375/6375/6375 6376/6376/6376
f 6375/6375/6375 6377/6377/6377 6376/6376/6376
f 6377/6377/6377 6378/6378/6378 6376/6376/6376
f 6378/6378/6378 6379/6379/6379 6376/6376/6376
f 6379/6379/6379 6380/6380/6380 6376/6376/6376
f 6380/6380/6380 6381/6381/6381 6376/6376/6376
f 6381/6381/6381 6382/6382/6382 6376/6376/6376
f 6382/6382/6382 6383/6383/6383 6376/6376/6376
f 6383/6383/6383 6384/6384/6384 6376/6376/6376
f 6384/6384/6384 6385/6385/6385 6376/6376/6376
f 6385/6385/6385 6386/6386/6386 6376/6376/6376
f 6386/6386/6386 6387/6387/6387 6376/6376/6376
f 6387/6387/6387 6388/6388/6388 6389/6389/6389
f 6388/6388/6388 6390/6390/6390 6389/6389/6389
f 6390/6390/6390 6391/6391/6391 6389/6389/6389
f 6391/6391/6391 6392/6392/6392 6389/6389/6389
f 6392/6392/6392 6393/6393/6393 6389/6389/6389
f 6393/6393/6393 6394/6394/6394 6389/6389/6389
f 6394/6394/6394 6395/6395/6395 6389/6389/6389
f 6395/6395/6395 6396/6396/6396 6389/6389/6389
f 6396/6396/6396 6397/6397/6397 6389/6389/6389
f 6397/6397/6397 6398/6398/6398 6389/6389/6389
f 6398/6398/6398 6399/6399/6399 6389/6389/6389
f 6399/6399/6399 6400/6400/6400 6389/6389/6389
f 6401/6401/6401 6299/6299/6299 6298/6298/6298
f 6298/6298/6298 6402/6402/6402 6401/6401/6401
f 6403/6403/6403 6404/6404/6404 6405/6405/6405
f 6405/6405/6405 6406/6406/6406 6403/6403/6403
f 6409/6409/6409 6408/6408/6408 6407/6407/6407
f 6407/6407/6407 6410/6410/6410 6409/6409/6409
f 6413/6413/6413 6412/6412/6412 6411/6411/6411
f 6411/6411/6411 6414/6414/6414 6413/6413/6413
f 6417/6417/6417 6416/6416/6416 6415/6415/6415
f 6419/6419/6419 6418/6418/6418 6415/6415/6415
f 6422/6422/6422 6421/6421/6421 6420/6420/6420
f 6422/6422/6422 6424/6424/6424 6423/6423/6423
f 6416/6416/6416 6426/6426/6426 6425/6425/6425
f 6425/6425/6425 6419/6419/6419 6416/6416/6416
f 6426/6426/6426 6428/6428/6428 6427/6427/6427
f 6427/6427/6427 6425/6425/6425 6426/6426/6426
f 6427/6427/6427 6428/6428/6428 6429/6429/6429
f 6415/6415/6415 6416/6416/6416 6419/6419/6419
f 6422/6422/6422 6423/6423/6423 6421/6421/6421
f 6423/6423/6423 6431/6431/6431 6430/6430/6430
f 6430/6430/6430 6421/6421/6421 6423/6423/6423
f 6431/6431/6431 6433/6433/6433 6432/6432/6432
f 6432/6432/6432 6430/6430/6430 6431/6431/6431
f 6432/6432/6432 6433/6433/6433 6434/6434/6434
f 6437/6437/6437 6436/6436/6436 6435/6435/6435
f 6435/6435/6435 6438/6438/6438 6437/6437/6437
f 6441/6441/6441 6440/6440/6440 6439/6439/6439
f 6439/6439/6439 6442/6442/6442 6441/6441/6441
f 6443/6443/6443 6444/6444/6444 6445/6445/6445
f 6445/6445/6445 6446/6446/6446 6443/6443/6443
f 6447/6447/6447 6443/6443/6443 6446/6446/6446
f 6446/6446/6446 6448/6448/6448 6447/6447/6447
f 6449/6449/6449 6447/6447/6447 6448/6448/6448
f 6448/6448/6448 6450/6450/6450 6449/6449/6449
f 6451/6451/6451 6449/6449/6449 6450/6450/6450
f 6450/6450/6450 6452/6452/6452 6451/6451/6451
f 6453/6453/6453 6451/6451/6451 6452/6452/6452
f 6452/6452/6452 6454/6454/6454 6453/6453/6453
f 6455/6455/6455 6453/6453/6453 6454/6454/6454
f 6454/6454/6454 6456/6456/6456 6455/6455/6455
f 6457/6457/6457 6455/6455/6455 6456/6456/6456
f 6456/6456/6456 6458/6458/6458 6457/6457/6457
f 6459/6459/6459 6457/6457/6457 6458/6458/6458
f 6458/6458/6458 6460/6460/6460 6459/6459/6459
f 6461/6461/6461 6459/6459/6459 6460/6460/6460
f 6460/6460/6460 6462/6462/6462 6461/6461/6461
f 6463/6463/6463 6461/6461/6461 6462/6462/6462
f 6462/6462/6462 6464/6464/6464 6463/6463/6463
f 6465/6465/6465 6463/6463/6463 6464/6464/6464
f 6464/6464/6464 6466/6466/6466 6465/6465/6465
f 6467/6467/6467 6465/6465/6465 6466/6466/6466
f 6466/6466/6466 6468/6468/6468 6467/6467/6467
f 6469/6469/6469 6467/6467/6467 6468/6468/6468
f 6468/6468/6468 6470/6470/6470 6469/6469/6469
f 6471/6471/6471 6469/6469/6469 6470/6470/6470
f 6470/6470/6470 6472/6472/6472 6471/6471/6471
f 6473/6473/6473 6471/6471/6471 6472/6472/6472
f 6472/6472/6472 6474/6474/6474 6473/6473/6473
f 6475/6475/6475 6473/6473/6473 6474/6474/6474
f 6474/6474/6474 6476/6476/6476 6475/6475/6475
f 6477/6477/6477 6475/6475/6475 6476/6476/6476
f 6476/6476/6476 6478/6478/6478 6477/6477/6477
f 6479/6479/6479 6477/6477/6477 6478/6478/6478
f 6478/6478/6478 6480/6480/6480 6479/6479/6479
f 6481/6481/6481 6479/6479/6479 6480/6480/6480
f 6480/6480/6480 6482/6482/6482 6481/6481/6481
f 6483/6483/6483 6481/6481/6481 6482/6482/6482
f 6482/6482/6482 6484/6484/6484 6483/6483/6483
f 6485/6485/6485 6483/6483/6483 6484/6484/6484
f 6484/6484/6484 6486/6486/6486 6485/6485/6485
f 6487/6487/6487 6485/6485/6485 6486/6486/6486
f 6486/6486/6486 6488/6488/6488 6487/6487/6487
f 6489/6489/6489 6487/6487/6487 6488/6488/6488
f 6488/6488/6488 6490/6490/6490 6489/6489/6489
f 6441/6441/6441 6489/6489/6489 6490/6490/6490
f 6490/6490/6490 6440/6440/6440 6441/6441/6441
f 6493/6493/6493 6492/6492/6492 6491/6491/6491
f 6493/6493/6493 6494/6494/6494 6492/6492/6492
f 6493/6493/6493 6495/6495/6495 6494/6494/6494
f 6493/6493/6493 6496/6496/6496 6495/6495/6495
f 6493/6493/6493 6497/6497/6497 6496/6496/6496
f 6493/6493/6493 6498/6498/6498 6497/6497/6497
f 6493/6493/6493 6499/6499/6499 6498/6498/6498
f 6493/6493/6493 6500/6500/6500 6499/6499/6499
f 6493/6493/6493 6501/6501/6501 6500/6500/6500
f 6493/6493/6493 6502/6502/6502 6501/6501/6501
f 6493/6493/6493 6503/6503/6503 6502/6502/6502
f 6493/6493/6493 6504/6504/6504 6503/6503/6503
f 6506/6506/6506 6505/6505/6505 6504/6504/6504
f 6506/6506/6506 6507/6507/6507 6505/6505/6505
f 6506/6506/6506 6508/6508/6508 6507/6507/6507
f 6506/6506/6506 6509/6509/6509 6508/6508/6508
f 6506/6506/6506 6510/6510/6510 6509/6509/6509
f 6506/6506/6506 6511/6511/6511 6510/6510/6510
f 6506/6506/6506 6512/6512/6512 6511/6511/6511
f 6506/6506/6506 6513/6513/6513 6512/6512/6512
f 6506/6506/6506 6514/6514/6514 6513/6513/6513
f 6506/6506/6506 6515/6515/6515 6514/6514/6514
f 6506/6506/6506 6516/6516/6516 6515/6515/6515
f 6506/6506/6506 6517/6517/6517 6516/6516/6516
f 6518/6518/6518 6519/6519/6519 6520/6520/6520
f 6519/6519/6519 6521/6521/6521 6520/6520/6520
f 6521/6521/6521 6522/6522/6522 6520/6520/6520
f 6522/6522/6522 6523/6523/6523 6520/6520/6520
f 6523/6523/6523 6524/6524/6524 6520/6520/6520
f 6524/6524/6524 6525/6525/6525 6520/6520/6520
f 6525/6525/6525 6526/6526/6526 6520/6520/6520
f 6526/6526/6526 6527/6527/6527 6520/6520/6520
f 6527/6527/6527 6528/6528/6528 6520/6520/6520
f 6528/6528/6528 6529/6529/6529 6520/6520/6520
f 6529/6529/6529 6530/6530/6530 6520/6520/6520
f 6530/6530/6530 6531/6531/6531 6520/6520/6520
f 6531/6531/6531 6532/6532/6532 6533/6533/6533
f 6532/6532/6532 6534/6534/6534 6533/6533/6533
f 6534/6534/6534 6535/6535/6535 6533/6533/6533
f 6535/6535/6535 6536/6536/6536 6533/6533/6533
f 6536/6536/6536 6537/6537/6537 6533/6533/6533
f 6537/6537/6537 6538/6538/6538 6533/6533/6533
f 6538/6538/6538 6539/6539/6539 6533/6533/6533
f 6539/6539/6539 6540/6540/6540 6533/6533/6533
f 6540/6540/6540 6541/6541/6541 6533/6533/6533
f 6541/6541/6541 6542/6542/6542 6533/6533/6533
f 6542/6542/6542 6543/6543/6543 6533/6533/6533
f 6543/6543/6543 6544/6544/6544 6533/6533/6533
f 6545/6545/6545 6445/6445/6445 6444/6444/6444
f 6444/6444/6444 6546/6546/6546 6545/6545/6545
f 6549/6549/6549 6548/6548/6548 6547/6547/6547
f 6547/6547/6547 6550/6550/6550 6549/6549/6549
f 6553/6553/6553 6552/6552/6552 6551/6551/6551
f 6551/6551/6551 6554/6554/6554 6553/6553/6553
f 6557/6557/6557 6556/6556/6556 6555/6555/6555
f 6555/6555/6555 6558/6558/6558 6557/6557/6557
f 6559/6559/6559 6560/6560/6560 6561/6561/6561
f 6561/6561/6561 6562/6562/6562 6559/6559/6559
f 6565/6565/6565 6564/6564/6564 6563/6563/6563
f 6563/6563/6563 6566/6566/6566 6565/6565/6565
f 6567/6567/6567 6568/6568/6568 6569/6569/6569
f 6569/6569/6569 6570/6570/6570 6567/6567/6567
f 6573/6573/6573 6572/6572/6572 6571/6571/6571
f 6571/6571/6571 6574/6574/6574 6573/6573/6573
f 6575/6575/6575 6576/6576/6576 6577/6577/6577
f 6577/6577/6577 6578/6578/6578 6575/6575/6575
f 6579/6579/6579 6575/6575/6575 6578/6578/6578
f 6578/6578/6578 6580/6580/6580 6579/6579/6579
f 6581/6581/6581 6579/6579/6579 6580/6580/6580
f 6580/6580/6580 6582/6582/6582 6581/6581/6581
f 6583/6583/6583 6581/6581/6581 6582/6582/6582
f 6582/6582/6582 6584/6584/6584 6583/6583/6583
f 6585/6585/6585 6583/6583/6583 6584/6584/6584
f 6584/6584/6584 6586/6586/6586 6585/6585/6585
f 6587/6587/6587 6585/6585/6585 6586/6586/6586
f 6586/6586/6586 6588/6588/6588 6587/6587/6587
f 6589/6589/6589 6587/6587/6587 6588/6588/6588
f 6588/6588/6588 6590/6590/6590 6589/6589/6589
f 6591/6591/6591 6589/6589/6589 6590/6590/6590
f 6590/6590/6590 6592/6592/6592 6591/6591/6591
f 6593/6593/6593 6591/6591/6591 6592/6592/6592
f 6592/6592/6592 6594/6594/6594 6593/6593/6593
f 6595/6595/6595 6593/6593/6593 6594/6594/6594
f 6594/6594/6594 6596/6596/6596 6595/6595/6595
f 6597/6597/6597 6595/6595/6595 6596/6596/6596
f 6596/6596/6596 6598/6598/6598 6597/6597/6597
f 6599/6599/6599 6597/6597/6597 6598/6598/6598
f 6598/6598/6598 6600/6600/6600 6599/6599/6599
f 6601/6601/6601 6599/6599/6599 6600/6600/6600
f 6600/6600/6600 6602/6602/6602 6601/6601/6601
f 6603/6603/6603 6601/6601/6601 6602/6602/6602
f 6602/6602/6602 6604/6604/6604 6603/6603/6603
f 6605/6605/6605 6603/6603/6603 6604/6604/6604
f 6604/6604/6604 6606/6606/6606 6605/6605/6605
f 6607/6607/6607 6605/6605/6605 6606/6606/6606
f 6606/6606/6606 6608/6608/6608 6607/6607/6607
f 6609/6609/6609 6607/6607/6607 6608/6608/6608
f 6608/6608/6608 6610/6610/6610 6609/6609/6609
f 6611/6611/6611 6609/6609/6609 6610/6610/6610
f 6610/6610/6610 6612/6612/6612 6611/6611/6611
f 6613/6613/6613 6611/6611/6611 6612/6612/6612
f 6612/6612/6612 6614/6614/6614 6613/6613/6613
f 6615/6615/6615 6613/6613/6613 6614/6614/6614
f 6614/6614/6614 6616/6616/6616 6615/6615/6615
f 6617/6617/6617 6615/6615/6615 6616/6616/6616
f 6616/6616/6616 6618/6618/6618 6617/6617/6617
f 6619/6619/6619 6617/6617/6617 6618/6618/6618
f 6618/6618/6618 6620/6620/6620 6619/6619/6619
f 6621/6621/6621 6619/6619/6619 6620/6620/6620
f 6620/6620/6620 6622/6622/6622 6621/6621/6621
f 6573/6573/6573 6621/6621/6621 6622/6622/6622
f 6622/6622/6622 6572/6572/6572 6573/6573/6573
f 6625/6625/6625 6624/6624/6624 6623/6623/6623
f 6625/6625/6625 6626/6626/6626 6624/6624/6624
f 6625/6625/6625 6627/6627/6627 6626/6626/6626
f 6625/6625/6625 6628/6628/6628 6627/6627/6627
f 6625/6625/6625 6629/6629/6629 6628/6628/6628
f 6625/6625/6625 6630/6630/6630 6629/6629/6629
f 6625/6625/6625 6631/6631/6631 6630/6630/6630
f 6625/6625/6625 6632/6632/6632 6631/6631/6631
f 6625/6625/6625 6633/6633/6633 6632/6632/6632
f 6625/6625/6625 6634/6634/6634 6633/6633/6633
f 6625/6625/6625 6635/6635/6635 6634/6634/6634
f 6625/6625/6625 6636/6636/6636 6635/6635/6635
f 6638/6638/6638 6637/6637/6637 6636/6636/6636
f 6638/6638/6638 6639/6639/6639 6637/6637/6637
f 6638/6638/6638 6640/6640/6640 6639/6639/6639
f 6638/6638/6638 6641/6641/6641 6640/6640/6640
f 6638/6638/6638 6642/6642/6642 6641/6641/6641
f 6638/6638/6638 6643/6643/6643 6642/6642/6642
f 6638/6638/6638 6644/6644/6644 6643/6643/6643
f 6638/6638/6638 6645/6645/6645 6644/6644/6644
f 6638/6638/6638 6646/6646/6646 6645/6645/6645
f 6638/6638/6638 6647/6647/6647 6646/6646/6646
f 6638/6638/6638 6648/6648/6648 6647/6647/6647
f 6638/6638/6638 6649/6649/6649 6648/6648/6648
f 6650/6650/6650 6651/6651/6651 6652/6652/6652
f 6651/6651/6651 6653/6653/6653 6652/6652/6652
f 6653/6653/6653 6654/6654/6654 6652/6652/6652
f 6654/6654/6654 6655/6655/6655 6652/6652/6652
f 6655/6655/6655 6656/6656/6656 6652/6652/6652
f 6656/6656/6656 6657/6657/6657 6652/6652/6652
f 6657/6657/6657 6658/6658/6658 6652/6652/6652
f 6658/6658/6658 6659/6659/6659 6652/6652/6652
f 6659/6659/6659 6660/6660/6660 6652/6652/6652
f 6660/6660/6660 6661/6661/6661 6652/6652/6652
f 6661/6661/6661 6662/6662/6662 6652/6652/6652
f 6662/6662/6662 6663/6663/6663 6652/6652/6652
f 6663/6663/6663 6664/6664/6664 6665/6665/6665
f 6664/6664/6664 6666/6666/6666 6665/6665/6665
f 6666/6666/6666 6667/6667/6667 6665/6665/6665
f 6667/6667/6667 6668/6668/6668 6665/6665/6665
f 6668/6668/6668 6669/6669/6669 6665/6665/6665
f 6669/6669/6669 6670/6670/6670 6665/6665/6665
f 6670/6670/6670 6671/6671/6671 6665/6665/6665
f 6671/6671/6671 6672/6672/6672 6665/6665/6665
f 6672/6672/6672 6673/6673/6673 6665/6665/6665
f 6673/6673/6673 6674/6674/6674 6665/6665/6665
f 6674/6674/6674 6675/6675/6675 6665/6665/6665
f 6675/6675/6675 6676/6676/6676 6665/6665/6665
f 6677/6677/6677 6577/6577/6577 6576/6576/6576
f 6576/6576/6576 6678/6678/6678 6677/6677/6677
f 6681/6681/6681 6680/6680/6680 6679/6679/6679
f 6679/6679/6679 6682/6682/6682 6681/6681/6681
f 6685/6685/6685 6684/6684/6684 6683/6683/6683
f 6683/6683/6683 6686/6686/6686 6685/6685/6685
f 6689/6689/6689 6688/6688/6688 6687/6687/6687
f 6687/6687/6687 6690/6690/6690 6689/6689/6689
f 6693/6693/6693 6692/6692/6692 6691/6691/6691
f 6695/6695/6695 6694/6694/6694 6691/6691/6691
f 6698/6698/6698 6697/6697/6697 6696/6696/6696
f 6698/6698/6698 6700/6700/6700 6699/6699/6699
f 6692/6692/6692 6702/6702/6702 6701/6701/6701
f 6701/6701/6701 6695/6695/6695 6692/6692/6692
f 6702/6702/6702 6704/6704/6704 6703/6703/6703
f 6703/6703/6703 6701/6701/6701 6702/6702/6702
f 6703/6703/6703 6704/6704/6704 6705/6705/6705
f 6691/6691/6691 6692/6692/6692 6695/6695/6695
f 6698/6698/6698 6699/6699/6699 6697/6697/6697
f 6699/6699/6699 6707/6707/6707 6706/6706/6706
f 6706/6706/6706 6697/6697/6697 6699/6699/6699
f 6707/6707/6707 6709/6709/6709 6708/6708/6708
f 6708/6708/6708 6706/6706/6706 6707/6707/6707
f 6708/6708/6708 6709/6709/6709 6710/6710/6710
f 6711/6711/6711 6712/6712/6712 6713/6713/6713
f 6713/6713/6713 6714/6714/6714 6711/6711/6711
f 6717/6717/6717 6716/6716/6716 6715/6715/6715
f 6715/6715/6715 6718/6718/6718 6717/6717/6717
f 6719/6719/6719 6720/6720/6720 6721/6721/6721
f 6721/6721/6721 6722/6722/6722 6719/6719/6719
f 6723/6723/6723 6719/6719/6719 6722/6722/6722
f 6722/6722/6722 6724/6724/6724 6723/6723/6723
f 6725/6725/6725 6723/6723/6723 6724/6724/6724
f 6724/6724/6724 6726/6726/6726 6725/6725/6725
f 6727/6727/6727 6725/6725/6725 6726/6726/6726
f 6726/6726/6726 6728/6728/6728 6727/6727/6727
f 6729/6729/6729 6727/6727/6727 6728/6728/6728
f 6728/6728/6728 6730/6730/6730 6729/6729/6729
f 6731/6731/6731 6729/6729/6729 6730/6730/6730
f 6730/6730/6730 6732/6732/6732 6731/6731/6731
f 6733/6733/6733 6731/6731/6731 6732/6732/6732
f 6732/6732/6732 6734/6734/6734 6733/6733/6733
f 6735/6735/6735 6733/6733/6733 6734/6734/6734
f 6734/6734/6734 6736/6736/6736 6735/6735/6735
f 6737/6737/6737 6735/6735/6735 6736/6736/6736
f 6736/6736/6736 6738/6738/6738 6737/6737/6737
f 6739/6739/6739 6737/6737/6737 6738/6738/6738
f 6738/6738/6738 6740/6740/6740 6739/6739/6739
f 6741/6741/6741 6739/6739/6739 6740/6740/6740
f 6740/6740/6740 6742/6742/6742 6741/6741/6741
f 6743/6743/6743 6741/6741/6741 6742/6742/6742
f 6742/6742/6742 6744/6744/6744 6743/6743/6743
f 6745/6745/6745 6743/6743/6743 6744/6744/6744
f 6744/6744/6744 6746/6746/6746 6745/6745/6745
f 6747/6747/6747 6745/6745/6745 6746/6746/6746
f 6746/6746/6746 6748/6748/6748 6747/6747/6747
f 6749/6749/6749 6747/6747/6747 6748/6748/6748
f 6748/6748/6748 6750/6750/6750 6749/6749/6749
f 6751/6751/6751 6749/6749/6749 6750/6750/6750
f 6750/6750/6750 6752/6752/6752 6751/6751/6751
f 6753/6753/6753 6751/6751/6751 6752/6752/6752
f 6752/6752/6752 6754/6754/6754 6753/6753/6753
f 6755/6755/6755 6753/6753/6753 6754/6754/6754
f 6754/6754/6754 6756/6756/6756 6755/6755/6755
f 6757/6757/6757 6755/6755/6755 6756/6756/6756
f 6756/6756/6756 6758/6758/6758 6757/6757/6757
f 6759/6759/6759 6757/6757/6757 6758/6758/6758
f 6758/6758/6758 6760/6760/6760 6759/6759/6759
f 6761/6761/6761 6759/6759/6759 6760/6760/6760
f 6760/6760/6760 6762/6762/6762 6761/6761/6761
f 6763/6763/6763 6761/6761/6761 6762/6762/6762
f 6762/6762/6762 6764/6764/6764 6763/6763/6763
f 6765/6765/6765 6763/6763/6763 6764/6764/6764
f 6764/6764/6764 6766/6766/6766 6765/6765/6765
f 6717/6717/6717 6765/6765/6765 6766/6766/6766
f 6766/6766/6766 6716/6716/6716 6717/6717/6717
f 6769/6769/6769 6768/6768/6768 6767/6767/6767
f 6769/6769/6769 6770/6770/6770 6768/6768/6768
f 6769/6769/6769 6771/6771/6771 6770/6770/6770
f 6769/6769/6769 6772/6772/6772 6771/6771/6771
f 6769/6769/6769 6773/6773/6773 6772/6772/6772
f 6769/6769/6769 6774/6774/6774 6773/6773/6773
f 6769/6769/6769 6775/6775/6775 6774/6774/6774
f 6769/6769/6769 6776/6776/6776 6775/6775/6775
f 6769/6769/6769 6777/6777/6777 6776/6776/6776
f 6769/6769/6769 6778/6778/6778 6777/6777/6777
f 6769/6769/6769 6779/6779/6779 6778/6778/6778
f 6769/6769/6769 6780/6780/6780 6779/6779/6779
f 6782/6782/6782 6781/6781/6781 6780/6780/6780
f 6782/6782/6782 6783/6783/6783 6781/6781/6781
f 6782/6782/6782 6784/6784/6784 6783/6783/6783
f 6782/6782/6782 6785/6785/6785 6784/6784/6784
f 6782/6782/6782 6786/6786/6786 6785/6785/6785
f 6782/6782/6782 6787/6787/6787 6786/6786/6786
f 6782/6782/6782 6788/6788/6788 6787/6787/6787
f 6782/6782/6782 6789/6789/6789 6788/6788/6788
f 6782/6782/6782 6790/6790/6790 6789/6789/6789
f 6782/6782/6782 6791/6791/6791 6790/6790/6790
f 6782/6782/6782 6792/6792/6792 6791/6791/6791
f 6782/6782/6782 6793/6793/6793 6792/6792/6792
f 6794/6794/6794 6795/6795/6795 6796/6796/6796
f 6795/6795/6795 6797/6797/6797 6796/6796/6796
f 6797/6797/6797 6798/6798/6798 6796/6796/6796
f 6798/6798/6798 6799/6799/6799 6796/6796/6796
f 6799/6799/6799 6800/6800/6800 6796/6796/6796
f 6800/6800/6800 6801/6801/6801 6796/6796/6796
f 6801/6801/6801 6802/6802/6802 6796/6796/6796
f 6802/6802/6802 6803/6803/6803 6796/6796/6796
f 6803/6803/6803 6804/6804/6804 6796/6796/6796
f 6804/6804/6804 6805/6805/6805 6796/6796/6796
f 6805/6805/6805 6806/6806/6806 6796/6796/6796
f 6806/6806/6806 6807/6807/6807 6796/6796/6796
f 6807/6807/6807 6808/6808/6808 6809/6809/6809
f 6808/6808/6808 6810/6810/6810 6809/6809/6809
f 6810/6810/6810 6811/6811/6811 6809/6809/6809
f 6811/6811/6811 6812/6812/6812 6809/6809/6809
f 6812/6812/6812 6813/6813/6813 6809/6809/6809
f 6813/6813/6813 6814/6814/6814 6809/6809/6809
f 6814/6814/6814 6815/6815/6815 6809/6809/6809
f 6815/6815/6815 6816/6816/6816 6809/6809/6809
f 6816/6816/6816 6817/6817/6817 6809/6809/6809
f 6817/6817/6817 6818/6818/6818 6809/6809/6809
f 6818/6818/6818 6819/6819/6819 6809/6809/6809
f 6819/6819/6819 6820/6820/6820 6809/6809/6809
f 6821/6821/6821 6721/6721/6721 6720/6720/6720
f 6720/6720/6720 6822/6822/6822 6821/6821/6821
f 6823/6823/6823 6824/6824/6824 6825/6825/6825
f 6825/6825/6825 6826/6826/6826 6823/6823/6823
f 6827/6827/6827 6828/6828/6828 6829/6829/6829
f 6829/6829/6829 6830/6830/6830 6827/6827/6827
f 6831/6831/6831 6832/6832/6832 6833/6833/6833
f 6833/6833/6833 6834/6834/6834 6831/6831/6831
f 6835/6835/6835 6836/6836/6836 6837/6837/6837
f 6837/6837/6837 6838/6838/6838 6835/6835/6835
f 6839/6839/6839 6840/6840/6840 6841/6841/6841
f 6841/6841/6841 6842/6842/6842 6839/6839/6839
f 6843/6843/6843 6844/6844/6844 6845/6845/6845
f 6845/6845/6845 6846/6846/6846 6843/6843/6843
f 6345/6345/6345 6346/6346/6346 6847/6847/6847
f 6847/6847/6847 6848/6848/6848 6345/6345/6345
f 5721/5721/5721 6849/6849/6849 6362/6362/6362
f 6362/6362/6362 6850/6850/6850 5721/5721/5721
f 6349/6349/6349 6850/6850/6850 6362/6362/6362
f 6853/6853/6853 6852/6852/6852 6851/6851/6851
f 6851/6851/6851 6854/6854/6854 6853/6853/6853
f 6855/6855/6855 6854/6854/6854 6851/6851/6851
f 6851/6851/6851 6419/6419/6419 6855/6855/6855
f 6856/6856/6856 6855/6855/6855 6419/6419/6419
f 6419/6419/6419 6429/6429/6429 6856/6856/6856
f 6857/6857/6857 6856/6856/6856 6429/6429/6429
f 6429/6429/6429 6416/6416/6416 6857/6857/6857
f 6858/6858/6858 6857/6857/6857 6416/6416/6416
f 6416/6416/6416 6859/6859/6859 6858/6858/6858
f 6860/6860/6860 6858/6858/6858 6859/6859/6859
f 6859/6859/6859 6861/6861/6861 6860/6860/6860
f 5697/5697/5697 6862/6862/6862 6506/6506/6506
f 6506/6506/6506 6863/6863/6863 5697/5697/5697
f 6493/6493/6493 6863/6863/6863 6506/6506/6506
f 6866/6866/6866 6865/6865/6865 6864/6864/6864
f 6864/6864/6864 6867/6867/6867 6866/6866/6866
f 6868/6868/6868 6867/6867/6867 6864/6864/6864
f 6864/6864/6864 6869/6869/6869 6868/6868/6868
f 6870/6870/6870 6868/6868/6868 6869/6869/6869
f 6869/6869/6869 6871/6871/6871 6870/6870/6870
f 6870/6870/6870 6871/6871/6871 6872/6872/6872
f 6872/6872/6872 6873/6873/6873 6870/6870/6870
f 6874/6874/6874 6870/6870/6870 6873/6873/6873
f 6873/6873/6873 6875/6875/6875 6874/6874/6874
f 6876/6876/6876 6874/6874/6874 6875/6875/6875
f 6875/6875/6875 6877/6877/6877 6876/6876/6876
f 6878/6878/6878 6876/6876/6876 6877/6877/6877
f 6877/6877/6877 6879/6879/6879 6878/6878/6878
f 5673/5673/5673 6880/6880/6880 6638/6638/6638
f 6638/6638/6638 6881/6881/6881 5673/5673/5673
f 6625/6625/6625 6881/6881/6881 6638/6638/6638
f 6884/6884/6884 6883/6883/6883 6882/6882/6882
f 6882/6882/6882 6885/6885/6885 6884/6884/6884
f 6886/6886/6886 6885/6885/6885 6882/6882/6882
f 6882/6882/6882 6695/6695/6695 6886/6886/6886
f 6887/6887/6887 6886/6886/6886 6695/6695/6695
f 6695/6695/6695 6705/6705/6705 6887/6887/6887
f 6888/6888/6888 6887/6887/6887 6705/6705/6705
f 6705/6705/6705 6692/6692/6692 6888/6888/6888
f 6889/6889/6889 6888/6888/6888 6692/6692/6692
f 6692/6692/6692 6890/6890/6890 6889/6889/6889
f 6891/6891/6891 6889/6889/6889 6890/6890/6890
f 6890/6890/6890 6892/6892/6892 6891/6891/6891
f 5649/5649/5649 6893/6893/6893 6782/6782/6782
f 6782/6782/6782 6894/6894/6894 5649/5649/5649
f 6769/6769/6769 6894/6894/6894 6782/6782/6782
f 6897/6897/6897 6896/6896/6896 6895/6895/6895
f 6895/6895/6895 6898/6898/6898 6897/6897/6897
f 6899/6899/6899 6898/6898/6898 6895/6895/6895
f 6895/6895/6895 6900/6900/6900 6899/6899/6899
f 6901/6901/6901 6899/6899/6899 6900/6900/6900
f 6900/6900/6900 6902/6902/6902 6901/6901/6901
f 6901/6901/6901 6902/6902/6902 6903/6903/6903
f 6903/6903/6903 6904/6904/6904 6901/6901/6901
f 6905/6905/6905 6901/6901/6901 6904/6904/6904
f 6904/6904/6904 6906/6906/6906 6905/6905/6905
f 6907/6907/6907 6905/6905/6905 6906/6906/6906
f 6906/6906/6906 6908/6908/6908 6907/6907/6907
f 6909/6909/6909 6907/6907/6907 6908/6908/6908
f 6908/6908/6908 6910/6910/6910 6909/6909/6909
f 5793/5793/5793 6911/6911/6911 6520/6520/6520
f 6520/6520/6520 6912/6912/6912 5793/5793/5793
f 6533/6533/6533 6912/6912/6912 6520/6520/6520
f 6915/6915/6915 6914/6914/6914 6913/6913/6913
f 6913/6913/6913 6916/6916/6916 6915/6915/6915
f 6917/6917/6917 6916/6916/6916 6913/6913/6913
f 6913/6913/6913 6421/6421/6421 6917/6917/6917
f 6918/6918/6918 6917/6917/6917 6421/6421/6421
f 6421/6421/6421 6434/6434/6434 6918/6918/6918
f 6919/6919/6919 6918/6918/6918 6434/6434/6434
f 6434/6434/6434 6423/6423/6423 6919/6919/6919
f 6920/6920/6920 6919/6919/6919 6423/6423/6423
f 6423/6423/6423 6921/6921/6921 6920/6920/6920
f 6922/6922/6922 6920/6920/6920 6921/6921/6921
f 6921/6921/6921 6923/6923/6923 6922/6922/6922
f 5817/5817/5817 6924/6924/6924 6376/6376/6376
f 6376/6376/6376 6925/6925/6925 5817/5817/5817
f 6389/6389/6389 6925/6925/6925 6376/6376/6376
f 6928/6928/6928 6927/6927/6927 6926/6926/6926
f 6926/6926/6926 6929/6929/6929 6928/6928/6928
f 6930/6930/6930 6929/6929/6929 6926/6926/6926
f 6926/6926/6926 6931/6931/6931 6930/6930/6930
f 6932/6932/6932 6930/6930/6930 6931/6931/6931
f 6931/6931/6931 6933/6933/6933 6932/6932/6932
f 6932/6932/6932 6933/6933/6933 6934/6934/6934
f 6934/6934/6934 6935/6935/6935 6932/6932/6932
f 6936/6936/6936 6932/6932/6932 6935/6935/6935
f 6935/6935/6935 6937/6937/6937 6936/6936/6936
f 6938/6938/6938 6936/6936/6936 6937/6937/6937
f 6937/6937/6937 6939/6939/6939 6938/6938/6938
f 6940/6940/6940 6938/6938/6938 6939/6939/6939
f 6939/6939/6939 6941/6941/6941 6940/6940/6940
f 5745/5745/5745 6942/6942/6942 6796/6796/6796
f 6796/6796/6796 6943/6943/6943 5745/5745/5745
f 6809/6809/6809 6943/6943/6943 6796/6796/6796
f 6946/6946/6946 6945/6945/6945 6944/6944/6944
f 6944/6944/6944 6947/6947/6947 6946/6946/6946
f 6948/6948/6948 6947/6947/6947 6944/6944/6944
f 6944/6944/6944 6697/6697/6697 6948/6948/6948
f 6949/6949/6949 6948/6948/6948 6697/6697/6697
f 6697/6697/6697 6710/6710/6710 6949/6949/6949
f 6950/6950/6950 6949/6949/6949 6710/6710/6710
f 6710/6710/6710 6699/6699/6699 6950/6950/6950
f 6951/6951/6951 6950/6950/6950 6699/6699/6699
f 6699/6699/6699 6952/6952/6952 6951/6951/6951
f 6953/6953/6953 6951/6951/6951 6952/6952/6952
f 6952/6952/6952 6954/6954/6954 6953/6953/6953
f 5769/5769/5769 6955/6955/6955 6652/6652/6652
f 6652/6652/6652 6956/6956/6956 5769/5769/5769
f 6665/6665/6665 6956/6956/6956 6652/6652/6652
f 6959/6959/6959 6958/6958/6958 6957/6957/6957
f 6957/6957/6957 6960/6960/6960 6959/6959/6959
f 6961/6961/6961 6960/6960/6960 6957/6957/6957
f 6957/6957/6957 6962/6962/6962 6961/6961/6961
f 6963/6963/6963 6961/6961/6961 6962/6962/6962
f 6962/6962/6962 6964/6964/6964 6963/6963/6963
f 6963/6963/6963 6964/6964/6964 6965/6965/6965
f 6965/6965/6965 6966/6966/6966 6963/6963/6963
f 6967/6967/6967 6963/6963/6963 6966/6966/6966
f 6966/6966/6966 6968/6968/6968 6967/6967/6967
f 6969/6969/6969 6967/6967/6967 6968/6968/6968
f 6968/6968/6968 6970/6970/6970 6969/6969/6969
f 6971/6971/6971 6969/6969/6969 6970/6970/6970
f 6970/6970/6970 6972/6972/6972 6971/6971/6971
