mtllib mm.mtl
v 30.28827 0.8135929 -3.458667
v 30.08825 0.8068472 -3.88196
v 29.18846 0.8228397 -3.803967
v 29.07944 0.8477867 -2.810241
v 30.91866 0.8150913 -2.969911
v 32.67345 1.773844 -3.569279
v 33.55184 1.756535 -3.718018
v 34.36332 1.733101 -4.173823
v 33.61293 1.72305 -5.10925
v 32.06402 1.766262 -4.304142
v 31.8614 1.782403 -3.750159
v 31.53605 1.780977 -4.030352
v 33.65366 1.266785 -3.202465
v 34.6687 1.237495 -3.771643
v 34.36332 1.733101 -4.173823
v 33.55184 1.756535 -3.718018
v 32.90443 1.281546 -3.07572
v 32.67345 1.773844 -3.569279
v 32.54195 1.231142 -2.9512
v 31.30818 0.9472744 -2.873136
v 31.86424 1.020251 -2.843146
v 31.8614 1.782403 -3.750159
v 31.53605 1.780977 -4.030352
v 30.28827 0.8135929 -3.458667
v 30.91866 0.8150913 -2.969911
v 31.53605 1.780977 -4.030352
v 29.2042 1.822443 -3.827334
v 29.18846 0.8228397 -3.803967
v 30.08825 0.8068472 -3.88196
v 30.08825 0.8068472 -3.88196
v 31.94758 1.308235 -2.578584
v 30.91866 0.8150913 -2.969911
v 29.07944 0.8477867 -2.810241
v 29.0328 1.360062 -2.325061
v 31.30818 0.9472744 -2.873136
v 31.86424 1.020251 -2.843146
v 32.54195 1.231142 -2.9512
v 32.90443 1.281546 -3.07572
v 35.48192 1.248387 -2.757897
v 33.65366 1.266785 -3.202465
v 32.90443 1.281546 -3.07572
v 31.94758 1.308235 -2.578584
v 34.6687 1.237495 -3.771643
v 29.0328 1.360062 -2.325061
v 28.86926 1.397482 -0.8344716
v 23.78076 0.7264314 -11.57085
v 22.88519 0.7648209 -10.53192
v 23.8791 0.7517262 -10.42255
v 24.15062 0.7273186 -11.28374
v 23.44043 0.7149279 -12.29219
v 24.39616 1.662978 -13.88765
v 26.10373 1.622472 -14.47013
v 25.35334 1.612421 -15.40556
v 24.73211 1.638404 -14.71259
v 24.98133 1.671397 -13.13333
v 24.39645 1.682418 -13.05589
v 24.59937 1.688067 -12.67753
v 24.25609 1.140914 -14.91736
v 24.73211 1.638404 -14.71259
v 25.35334 1.612421 -15.40556
v 25.03222 1.108424 -15.78437
v 23.96966 1.161874 -14.21369
v 24.39616 1.662978 -13.88765
v 23.77 1.11365 -13.8862
v 23.42909 0.841742 -12.69512
v 23.5197 0.9084839 -13.24535
v 24.39645 1.682418 -13.05589
v 23.78076 0.7264314 -11.57085
v 24.59937 1.688067 -12.67753
v 23.44043 0.7149279 -12.29219
v 24.59937 1.688067 -12.67753
v 24.15062 0.7273186 -11.28374
v 23.8791 0.7517262 -10.42255
v 23.89484 1.751329 -10.44592
v 24.15062 0.7273186 -11.28374
v 23.27652 1.192095 -13.38783
v 22.3961 1.27117 -10.59829
v 22.88519 0.7648209 -10.53192
v 23.44043 0.7149279 -12.29219
v 23.42909 0.841742 -12.69512
v 23.5197 0.9084839 -13.24535
v 23.77 1.11365 -13.8862
v 23.96966 1.161874 -14.21369
v 24.219 1.097532 -16.79812
v 23.27652 1.192095 -13.38783
v 23.96966 1.161874 -14.21369
v 24.25609 1.140914 -14.91736
v 25.03222 1.108424 -15.78437
v 20.90523 1.290812 -10.76235
v 22.3961 1.27117 -10.59829
v 29.39691 0.5327235 -16.07398
v 29.59692 0.5394691 -15.65069
v 30.49672 0.5234766 -15.72868
v 30.60574 0.4985297 -16.72241
v 28.76651 0.531225 -16.56274
v 27.04321 1.571678 -16.01011
v 26.16482 1.588987 -15.86137
v 27.65265 1.57926 -15.27524
v 27.85526 1.563119 -15.82923
v 28.18061 1.564546 -15.54903
v 26.04726 1.079134 -16.35355
v 26.16482 1.588987 -15.86137
v 26.79649 1.064373 -16.4803
v 27.04321 1.571678 -16.01011
v 27.15712 0.9968245 -16.60206
v 28.38128 0.6709352 -16.66587
v 27.82777 0.7598934 -16.69965
v 27.85526 1.563119 -15.82923
v 28.18061 1.564546 -15.54903
v 29.39691 0.5327235 -16.07398
v 28.76651 0.531225 -16.56274
v 28.18061 1.564546 -15.54903
v 30.51246 1.52308 -15.75205
v 30.49672 0.5234766 -15.72868
v 29.59692 0.5394691 -15.65069
v 29.59692 0.5394691 -15.65069
v 27.75334 1.037684 -16.97743
v 28.76651 0.531225 -16.56274
v 30.60574 0.4985297 -16.72241
v 30.66812 0.9858577 -17.23096
v 28.38128 0.6709352 -16.66587
v 27.82777 0.7598934 -16.69965
v 27.15712 0.9968245 -16.60206
v 26.79649 1.064373 -16.4803
v 26.04726 1.079134 -16.35355
v 26.79649 1.064373 -16.4803
v 27.75334 1.037684 -16.97743
v 30.66812 0.9858577 -17.23096
v 30.83166 0.9484373 -18.72154
v 35.90442 0.619885 -7.961804
v 36.79999 0.5814955 -9.000728
v 35.80608 0.5945901 -9.110098
v 35.53456 0.6189978 -8.248906
v 36.24474 0.6313884 -7.240462
v 35.3205 1.682544 -5.691732
v 34.98455 1.707119 -4.866795
v 34.73533 1.674126 -6.446051
v 35.32021 1.663105 -6.523497
v 35.11729 1.657456 -6.901853
v 35.44483 1.205005 -4.638658
v 34.98455 1.707119 -4.866795
v 35.73125 1.184045 -5.342322
v 35.3205 1.682544 -5.691732
v 35.92906 1.114316 -5.667055
v 36.26036 0.7764677 -6.843891
v 36.17231 0.8716602 -6.297437
v 35.32021 1.663105 -6.523497
v 35.90442 0.619885 -7.961804
v 35.11729 1.657456 -6.901853
v 36.24474 0.6313884 -7.240462
v 35.11729 1.657456 -6.901853
v 35.53456 0.6189978 -8.248906
v 35.80608 0.5945901 -9.110098
v 35.82182 1.594193 -9.133466
v 35.53456 0.6189978 -8.248906
v 36.4244 1.153824 -6.168182
v 37.30482 1.07475 -8.957726
v 36.79999 0.5814955 -9.000728
v 36.24474 0.6313884 -7.240462
v 36.26036 0.7764677 -6.843891
v 36.17231 0.8716602 -6.297437
v 35.92906 1.114316 -5.667055
v 35.73125 1.184045 -5.342322
v 36.4244 1.153824 -6.168182
v 35.73125 1.184045 -5.342322
v 35.44483 1.205005 -4.638658
v 38.79569 1.055108 -8.793669
v 37.30482 1.07475 -8.957726
v 47.58469 15.20331 -7.470128
v 47.43515 5.707076 -7.248137
v 45.9916 5.745467 -6.57827
v 46.14114 15.2417 -6.800261
v 46.47562 15.16516 -9.849012
v 46.32608 5.66893 -9.627022
v 47.58995 5.671651 -8.659228
v 47.73949 15.16788 -8.881219
v 44.17106 5.782031 -6.240541
v 44.3206 15.27826 -6.462532
v 42.33183 5.799938 -6.713471
v 42.48137 15.29617 -6.935462
v 42.48137 15.29617 -6.935462
v 42.33183 5.799938 -6.713471
v 41.78467 5.813471 -6.503141
v 41.93421 15.3097 -6.725132
v 42.38535 15.20647 -10.83717
v 42.23581 5.710241 -10.61518
v 42.72431 5.710129 -10.29089
v 42.87385 15.20636 -10.51288
v 42.87385 15.20636 -10.51288
v 42.72431 5.710129 -10.29089
v 44.62219 5.678801 -10.35258
v 44.77173 15.17503 -10.57457
v 41.10191 15.37284 -4.58502
v 41.93421 15.3097 -6.725132
v 41.78467 5.813471 -6.503141
v 40.95237 5.876606 -4.363029
v 46.14114 15.2417 -6.800261
v 46.47562 15.16516 -9.849012
v 47.73949 15.16788 -8.881219
v 47.58469 15.20331 -7.470128
v 44.3206 15.27826 -6.462532
v 44.77173 15.17503 -10.57457
v 42.48137 15.29617 -6.935462
v 42.87385 15.20636 -10.51288
v 41.93421 15.3097 -6.725132
v 42.38535 15.20647 -10.83717
v 38.69372 5.780865 -9.980123
v 37.56568 5.901383 -5.584533
v 40.95237 5.876606 -4.363029
v 42.23581 5.710241 -10.61518
v 41.78467 5.813471 -6.503141
v 45.9916 5.745467 -6.57827
v 47.43515 5.707076 -7.248137
v 47.58995 5.671651 -8.659228
v 46.32608 5.66893 -9.627022
v 44.17106 5.782031 -6.240541
v 44.62219 5.678801 -10.35258
v 42.33183 5.799938 -6.713471
v 42.72431 5.710129 -10.29089
v 38.84326 15.27709 -10.20211
v 41.10191 15.37284 -4.58502
v 37.71522 15.39761 -5.806523
v 47.59008 5.671645 -8.659416
v 47.43522 5.70708 -7.247927
v 47.58476 15.20331 -7.469918
v 47.73962 15.16787 -8.881407
v 43.92101 15.45736 0.9298126
v 43.77147 5.961133 1.151803
v 42.18666 5.982765 1.009594
v 42.3362 15.47899 0.7876029
v 44.15054 15.39262 -1.684953
v 44.001 5.896393 -1.462962
v 44.61235 5.921113 0.006288934
v 44.76189 15.41734 -0.2157017
v 40.44075 5.995822 0.392051
v 40.59029 15.49205 0.1700604
v 39.08472 5.986109 -0.9368808
v 39.23426 15.48234 -1.158871
v 39.23426 15.48234 -1.158871
v 39.08472 5.986109 -0.9368808
v 38.50533 5.993084 -1.028797
v 38.65487 15.48931 -1.250787
v 41.10191 15.37284 -4.58502
v 40.95237 5.876606 -4.363029
v 41.2127 5.884768 -3.838561
v 41.36224 15.381 -4.060552
v 41.36224 15.381 -4.060552
v 41.2127 5.884768 -3.838561
v 42.88789 5.879319 -2.943175
v 43.03743 15.37555 -3.165166
v 36.8626 15.55113 0.1862897
v 38.65487 15.48931 -1.250787
v 38.50533 5.993084 -1.028797
v 36.71306 6.054902 0.4082803
v 42.3362 15.47899 0.7876029
v 44.15054 15.39262 -1.684953
v 44.76189 15.41734 -0.2157017
v 43.92101 15.45736 0.9298126
v 40.59029 15.49205 0.1700604
v 43.03743 15.37555 -3.165166
v 39.23426 15.48234 -1.158871
v 41.36224 15.381 -4.060552
v 38.65487 15.48931 -1.250787
v 34.39042 6.027173 -2.342503
v 36.71306 6.054902 0.4082803
v 38.50533 5.993084 -1.028797
v 42.18666 5.982765 1.009594
v 43.77147 5.961133 1.151803
v 44.61235 5.921113 0.006288934
v 44.001 5.896393 -1.462962
v 40.44075 5.995822 0.392051
v 42.88789 5.879319 -2.943175
v 39.08472 5.986109 -0.9368808
v 41.2127 5.884768 -3.838561
v 36.8626 15.55113 0.1862897
v 34.53996 15.5234 -2.564494
v 44.6119 5.921128 0.00664326
v 43.77191 5.961117 1.15145
v 43.92145 15.45735 0.9294593
v 44.76144 15.41736 -0.2153474
v 36.54721 15.70068 6.370976
v 36.39767 6.204447 6.592967
v 35.09589 6.203541 5.677322
v 35.24543 15.69977 5.455331
v 38.0535 15.62671 4.221554
v 37.90396 6.13048 4.443544
v 37.6987 6.17059 6.021064
v 37.84824 15.66682 5.799073
v 33.89234 6.189587 4.269627
v 34.04188 15.68581 4.047636
v 33.38185 6.154863 2.440361
v 33.53139 15.65109 2.21837
v 33.53139 15.65109 2.21837
v 33.38185 6.154863 2.440361
v 32.9263 6.153435 2.072424
v 33.07584 15.64966 1.850433
v 36.8626 15.55113 0.1862897
v 36.71306 6.054902 0.4082803
v 36.67701 6.069154 0.9936668
v 36.82655 15.56538 0.7716761
v 36.82655 15.56538 0.7716761
v 36.67701 6.069154 0.9936668
v 37.6801 6.09104 2.605592
v 37.82964 15.58727 2.383602
v 30.80559 15.69354 2.198012
v 33.07584 15.64966 1.850433
v 32.9263 6.153435 2.072424
v 30.65605 6.197311 2.420003
v 35.24543 15.69977 5.455331
v 38.0535 15.62671 4.221554
v 37.84824 15.66682 5.799073
v 36.54721 15.70068 6.370976
v 34.04188 15.68581 4.047636
v 37.82964 15.58727 2.383602
v 33.53139 15.65109 2.21837
v 36.82655 15.56538 0.7716761
v 33.07584 15.64966 1.850433
v 30.01959 6.124537 -1.121789
v 30.65605 6.197311 2.420003
v 32.9263 6.153435 2.072424
v 35.09589 6.203541 5.677322
v 36.39767 6.204447 6.592967
v 37.6987 6.17059 6.021064
v 37.90396 6.13048 4.443544
v 33.89234 6.189587 4.269627
v 37.6801 6.09104 2.605592
v 33.38185 6.154863 2.440361
v 36.67701 6.069154 0.9936668
v 30.80559 15.69354 2.198012
v 30.16913 15.62077 -1.34378
v 37.69826 6.170605 6.021418
v 36.39812 6.204432 6.592614
v 36.54766 15.70066 6.370623
v 37.8478 15.66683 5.799428
v 27.43995 15.86804 7.395339
v 27.29041 6.371807 7.61733
v 26.61991 6.348619 6.173753
v 26.76945 15.84485 5.951763
v 29.81878 15.80467 6.287313
v 29.66924 6.308445 6.509304
v 28.70177 6.353213 7.772636
v 28.85131 15.84944 7.550646
v 26.28147 6.311394 4.353362
v 26.43101 15.80762 4.131371
v 26.75379 6.260972 2.514577
v 26.90333 15.7572 2.292587
v 26.90333 15.7572 2.292587
v 26.75379 6.260972 2.514577
v 26.54323 6.251497 1.967425
v 26.69277 15.74773 1.745435
v 30.80559 15.69354 2.198012
v 30.65605 6.197311 2.420003
v 30.33188 6.213831 2.908313
v 30.48142 15.71006 2.686322
v 30.48142 15.71006 2.686322
v 30.33188 6.213831 2.908313
v 30.39428 6.257208 4.80594
v 30.54382 15.75344 4.583949
v 24.55203 15.76196 0.9124669
v 26.69277 15.74773 1.745435
v 26.54323 6.251497 1.967425
v 24.40249 6.265735 1.134458
v 26.76945 15.84485 5.951763
v 29.81878 15.80467 6.287313
v 28.85131 15.84944 7.550646
v 27.43995 15.86804 7.395339
v 26.43101 15.80762 4.131371
v 30.54382 15.75344 4.583949
v 26.90333 15.7572 2.292587
v 30.48142 15.71006 2.686322
v 26.69277 15.74773 1.745435
v 25.62293 6.167369 -2.251275
v 24.40249 6.265735 1.134458
v 26.54323 6.251497 1.967425
v 26.61991 6.348619 6.173753
v 27.29041 6.371807 7.61733
v 28.70177 6.353213 7.772636
v 29.66924 6.308445 6.509304
v 26.28147 6.311394 4.353362
v 30.39428 6.257208 4.80594
v 26.75379 6.260972 2.514577
v 30.33188 6.213831 2.908313
v 24.55203 15.76196 0.9124669
v 25.77247 15.6636 -2.473266
v 28.70196 6.353213 7.772759
v 27.2902 6.371812 7.617408
v 27.43974 15.86804 7.395418
v 28.8515 15.84944 7.550768
v 19.03741 15.91465 3.729116
v 18.88787 6.418419 3.951107
v 19.02952 6.379148 2.366588
v 19.17906 15.87538 2.144597
v 21.65265 15.87885 3.959573
v 21.50311 6.382624 4.181563
v 20.03386 6.420037 4.792282
v 20.1834 15.91627 4.570291
v 19.64651 6.328629 0.6211639
v 19.79605 15.82486 0.3991733
v 20.97514 6.276024 -0.7341773
v 21.12468 15.77225 -0.9561679
v 21.12468 15.77225 -0.9561679
v 20.97514 6.276024 -0.7341773
v 21.06686 6.261038 -1.313439
v 21.2164 15.75727 -1.53543
v 24.55203 15.76196 0.9124669
v 24.40249 6.265735 1.134458
v 23.87804 6.280074 1.394555
v 24.02758 15.7763 1.172565
v 24.02758 15.7763 1.172565
v 23.87804 6.280074 1.394555
v 22.98314 6.333313 3.06917
v 23.13268 15.82954 2.847179
v 19.77845 15.73801 -3.327962
v 21.2164 15.75727 -1.53543
v 21.06686 6.261038 -1.313439
v 19.62891 6.241778 -3.105972
v 19.17906 15.87538 2.144597
v 21.65265 15.87885 3.959573
v 20.1834 15.91627 4.570291
v 19.03741 15.91465 3.729116
v 19.79605 15.82486 0.3991733
v 23.13268 15.82954 2.847179
v 21.12468 15.77225 -0.9561679
v 24.02758 15.7763 1.172565
v 21.2164 15.75727 -1.53543
v 22.37925 6.144204 -5.427254
v 19.62891 6.241778 -3.105972
v 21.06686 6.261038 -1.313439
v 19.02952 6.379148 2.366588
v 18.88787 6.418419 3.951107
v 20.03386 6.420037 4.792282
v 21.50311 6.382624 4.181563
v 19.64651 6.328629 0.6211639
v 22.98314 6.333313 3.06917
v 20.97514 6.276024 -0.7341773
v 23.87804 6.280074 1.394555
v 19.77845 15.73801 -3.327962
v 22.52879 15.64043 -5.649244
v 20.03351 6.420033 4.791841
v 18.88822 6.418424 3.951549
v 19.03776 15.91465 3.729558
v 20.18305 15.91626 4.56985
v 13.59272 15.82799 -3.645578
v 13.44318 6.331762 -3.423588
v 14.35848 6.286929 -4.724844
v 14.50802 15.78316 -4.946836
v 15.74302 15.82935 -2.138729
v 15.59348 6.333126 -1.916739
v 14.01565 6.353161 -2.122548
v 14.16519 15.84939 -2.344538
v 15.76595 6.236647 -5.927692
v 15.91549 15.73288 -6.149683
v 17.5953 6.195923 -6.437436
v 17.74484 15.69215 -6.659427
v 17.74484 15.69215 -6.659427
v 17.5953 6.195923 -6.437436
v 17.96312 6.179486 -6.892782
v 18.11266 15.67572 -7.114772
v 19.77845 15.73801 -3.327962
v 19.62891 6.241778 -3.105972
v 19.04342 6.25015 -3.142239
v 19.19296 15.74638 -3.36423
v 19.19296 15.74638 -3.36423
v 19.04342 6.25015 -3.142239
v 17.43162 6.298964 -2.139889
v 17.58116 15.79519 -2.36188
v 17.7642 15.62814 -9.384817
v 18.11266 15.67572 -7.114772
v 17.96312 6.179486 -6.892782
v 17.61466 6.131907 -9.162827
v 14.50802 15.78316 -4.946836
v 15.74302 15.82935 -2.138729
v 14.16519 15.84939 -2.344538
v 13.59272 15.82799 -3.645578
v 15.91549 15.73288 -6.149683
v 17.58116 15.79519 -2.36188
v 17.74484 15.69215 -6.659427
v 19.19296 15.74638 -3.36423
v 18.11266 15.67572 -7.114772
v 21.15674 6.061284 -9.797885
v 17.61466 6.131907 -9.162827
v 17.96312 6.179486 -6.892782
v 14.35848 6.286929 -4.724844
v 13.44318 6.331762 -3.423588
v 14.01565 6.353161 -2.122548
v 15.59348 6.333126 -1.916739
v 15.76595 6.236647 -5.927692
v 17.43162 6.298964 -2.139889
v 17.5953 6.195923 -6.437436
v 19.04342 6.25015 -3.142239
v 17.7642 15.62814 -9.384817
v 21.30628 15.55751 -10.01988
v 14.01529 6.353156 -2.122989
v 13.44353 6.331767 -3.423146
v 13.59307 15.828 -3.645136
v 14.16483 15.84939 -2.344979
v 12.56485 15.6313 -12.75186
v 12.41531 6.135072 -12.52987
v 13.85886 6.096681 -13.19974
v 14.0084 15.59291 -13.42173
v 13.67392 15.66945 -10.37298
v 13.52438 6.173218 -10.15099
v 12.2605 6.170496 -11.11878
v 12.41004 15.66673 -11.34077
v 15.6794 6.060117 -13.53747
v 15.82894 15.55635 -13.75946
v 17.51863 6.04221 -13.06454
v 17.66817 15.53844 -13.28653
v 17.66817 15.53844 -13.28653
v 17.51863 6.04221 -13.06454
v 18.06579 6.028677 -13.27487
v 18.21533 15.52491 -13.49686
v 17.7642 15.62814 -9.384817
v 17.61466 6.131907 -9.162827
v 17.12615 6.132019 -9.487122
v 17.27569 15.62825 -9.709112
v 17.27569 15.62825 -9.709112
v 17.12615 6.132019 -9.487122
v 15.22827 6.163348 -9.425426
v 15.37781 15.65958 -9.647417
v 19.04763 15.46177 -15.63697
v 18.21533 15.52491 -13.49686
v 18.06579 6.028677 -13.27487
v 18.89809 5.965541 -15.41498
v 14.0084 15.59291 -13.42173
v 13.67392 15.66945 -10.37298
v 12.41004 15.66673 -11.34077
v 12.56485 15.6313 -12.75186
v 15.82894 15.55635 -13.75946
v 15.37781 15.65958 -9.647417
v 17.66817 15.53844 -13.28653
v 17.27569 15.62825 -9.709112
v 18.21533 15.52491 -13.49686
v 22.28478 5.940765 -14.19347
v 18.89809 5.965541 -15.41498
v 18.06579 6.028677 -13.27487
v 13.85886 6.096681 -13.19974
v 12.41531 6.135072 -12.52987
v 12.2605 6.170496 -11.11878
v 13.52438 6.173218 -10.15099
v 15.6794 6.060117 -13.53747
v 15.22827 6.163348 -9.425426
v 17.51863 6.04221 -13.06454
v 17.12615 6.132019 -9.487122
v 19.04763 15.46177 -15.63697
v 22.43432 15.43699 -14.41547
v 12.26038 6.170503 -11.11859
v 12.41524 6.135068 -12.53008
v 12.56478 15.6313 -12.75207
v 12.40992 15.66673 -11.34058
v 16.22853 15.37724 -21.1518
v 16.07899 5.881015 -20.92981
v 17.6638 5.859384 -20.7876
v 17.81334 15.35561 -21.00959
v 15.999 15.44198 -18.53704
v 15.84946 5.945755 -18.31505
v 15.23811 5.921035 -19.7843
v 15.38765 15.41726 -20.00629
v 19.40971 5.846326 -20.17006
v 19.55925 15.34256 -20.39205
v 20.76574 5.856039 -18.84113
v 20.91528 15.35227 -19.06312
v 20.91528 15.35227 -19.06312
v 20.76574 5.856039 -18.84113
v 21.34513 5.849064 -18.74921
v 21.49467 15.34529 -18.9712
v 19.04763 15.46177 -15.63697
v 18.89809 5.965541 -15.41498
v 18.63776 5.957381 -15.93945
v 18.7873 15.45361 -16.16144
v 18.7873 15.45361 -16.16144
v 18.63776 5.957381 -15.93945
v 16.96257 5.962829 -16.83483
v 17.11211 15.45906 -17.05682
v 23.28694 15.28347 -20.40828
v 21.49467 15.34529 -18.9712
v 21.34513 5.849064 -18.74921
v 23.1374 5.787246 -20.18629
v 17.81334 15.35561 -21.00959
v 15.999 15.44198 -18.53704
v 15.38765 15.41726 -20.00629
v 16.22853 15.37724 -21.1518
v 19.55925 15.34256 -20.39205
v 17.11211 15.45906 -17.05682
v 20.91528 15.35227 -19.06312
v 18.7873 15.45361 -16.16144
v 21.49467 15.34529 -18.9712
v 25.46004 5.814976 -17.4355
v 23.1374 5.787246 -20.18629
v 21.34513 5.849064 -18.74921
v 17.6638 5.859384 -20.7876
v 16.07899 5.881015 -20.92981
v 15.23811 5.921035 -19.7843
v 15.84946 5.945755 -18.31505
v 19.40971 5.846326 -20.17006
v 16.96257 5.962829 -16.83483
v 20.76574 5.856039 -18.84113
v 18.63776 5.957381 -15.93945
v 23.28694 15.28347 -20.40828
v 25.60958 15.3112 -17.6575
v 15.23855 5.92102 -19.78465
v 16.07855 5.881031 -20.92946
v 16.22809 15.37726 -21.15145
v 15.38809 15.41725 -20.00664
v 23.60232 15.13393 -26.59296
v 23.45278 5.637702 -26.37097
v 24.75457 5.638607 -25.45533
v 24.90411 15.13484 -25.67732
v 22.09604 15.2079 -24.44354
v 21.9465 5.711668 -24.22155
v 22.15176 5.671558 -25.79907
v 22.3013 15.16779 -26.02106
v 25.95812 5.652562 -24.04763
v 26.10766 15.14879 -24.26962
v 26.46861 5.687285 -22.21837
v 26.61815 15.18351 -22.44036
v 26.61815 15.18351 -22.44036
v 26.46861 5.687285 -22.21837
v 26.92416 5.688713 -21.85043
v 27.0737 15.18494 -22.07242
v 23.28694 15.28347 -20.40828
v 23.1374 5.787246 -20.18629
v 23.17345 5.772994 -20.77168
v 23.32299 15.26922 -20.99367
v 23.32299 15.26922 -20.99367
v 23.17345 5.772994 -20.77168
v 22.17036 5.751108 -22.3836
v 22.3199 15.24734 -22.60559
v 29.34395 15.14107 -22.42
v 27.0737 15.18494 -22.07242
v 26.92416 5.688713 -21.85043
v 29.19441 5.644837 -22.19801
v 24.90411 15.13484 -25.67732
v 22.09604 15.2079 -24.44354
v 22.3013 15.16779 -26.02106
v 23.60232 15.13393 -26.59296
v 26.10766 15.14879 -24.26962
v 22.3199 15.24734 -22.60559
v 26.61815 15.18351 -22.44036
v 23.32299 15.26922 -20.99367
v 27.0737 15.18494 -22.07242
v 29.83087 5.71761 -18.65622
v 29.19441 5.644837 -22.19801
v 26.92416 5.688713 -21.85043
v 24.75457 5.638607 -25.45533
v 23.45278 5.637702 -26.37097
v 22.15176 5.671558 -25.79907
v 21.9465 5.711668 -24.22155
v 25.95812 5.652562 -24.04763
v 22.17036 5.751108 -22.3836
v 26.46861 5.687285 -22.21837
v 23.17345 5.772994 -20.77168
v 29.34395 15.14107 -22.42
v 29.98041 15.21384 -18.87821
v 22.1522 5.671543 -25.79943
v 23.45234 5.637717 -26.37062
v 23.60188 15.13395 -26.59261
v 22.30174 15.16777 -26.02142
v 32.70959 14.96657 -27.61733
v 32.56005 5.470341 -27.39534
v 33.23055 5.493529 -25.95176
v 33.38008 14.98976 -26.17375
v 30.33076 15.02993 -26.5093
v 30.18122 5.533703 -26.28731
v 31.14869 5.488935 -27.55064
v 31.29823 14.98516 -27.77263
v 33.569 5.530754 -24.13137
v 33.71854 15.02698 -24.35336
v 33.09667 5.581177 -22.29259
v 33.24621 15.0774 -22.51458
v 33.24621 15.0774 -22.51458
v 33.09667 5.581177 -22.29259
v 33.30724 5.590652 -21.74543
v 33.45678 15.08688 -21.96742
v 29.34395 15.14107 -22.42
v 29.19441 5.644837 -22.19801
v 29.51858 5.628317 -22.68632
v 29.66812 15.12455 -22.90831
v 29.66812 15.12455 -22.90831
v 29.51858 5.628317 -22.68632
v 29.45618 5.584939 -24.58395
v 29.60572 15.08117 -24.80594
v 35.59751 15.07264 -21.13445
v 33.45678 15.08688 -21.96742
v 33.30724 5.590652 -21.74543
v 35.44797 5.576413 -20.91246
v 33.38008 14.98976 -26.17375
v 30.33076 15.02993 -26.5093
v 31.29823 14.98516 -27.77263
v 32.70959 14.96657 -27.61733
v 33.71854 15.02698 -24.35336
v 29.60572 15.08117 -24.80594
v 33.24621 15.0774 -22.51458
v 29.66812 15.12455 -22.90831
v 33.45678 15.08688 -21.96742
v 34.22753 5.674779 -17.52673
v 35.44797 5.576413 -20.91246
v 33.30724 5.590652 -21.74543
v 33.23055 5.493529 -25.95176
v 32.56005 5.470341 -27.39534
v 31.14869 5.488935 -27.55064
v 30.18122 5.533703 -26.28731
v 33.569 5.530754 -24.13137
v 29.45618 5.584939 -24.58395
v 33.09667 5.581177 -22.29259
v 29.51858 5.628317 -22.68632
v 35.59751 15.07264 -21.13445
v 34.37707 15.17101 -17.74872
v 31.1485 5.488935 -27.55077
v 32.56026 5.470336 -27.39542
v 32.7098 14.96656 -27.61741
v 31.29804 14.98516 -27.77276
v 41.11213 14.91996 -23.95111
v 40.96259 5.423728 -23.72911
v 40.82094 5.463 -22.1446
v 40.97048 14.95923 -22.36659
v 38.49689 14.95575 -24.18156
v 38.34735 5.459524 -23.95957
v 39.81659 5.422111 -24.57029
v 39.96613 14.91834 -24.79228
v 40.20395 5.513518 -20.39917
v 40.35349 15.00975 -20.62116
v 38.87532 5.566124 -19.04383
v 39.02486 15.06235 -19.26582
v 39.02486 15.06235 -19.26582
v 38.87532 5.566124 -19.04383
v 38.7836 5.58111 -18.46457
v 38.93314 15.07734 -18.68656
v 35.59751 15.07264 -21.13445
v 35.44797 5.576413 -20.91246
v 35.97242 5.562074 -21.17256
v 36.12196 15.0583 -21.39455
v 36.12196 15.0583 -21.39455
v 35.97242 5.562074 -21.17256
v 36.86732 5.508835 -22.84718
v 37.01686 15.00506 -23.06917
v 40.37109 15.0966 -16.89403
v 38.93314 15.07734 -18.68656
v 38.7836 5.58111 -18.46457
v 40.22155 5.60037 -16.67204
v 40.97048 14.95923 -22.36659
v 38.49689 14.95575 -24.18156
v 39.96613 14.91834 -24.79228
v 41.11213 14.91996 -23.95111
v 40.35349 15.00975 -20.62116
v 37.01686 15.00506 -23.06917
v 39.02486 15.06235 -19.26582
v 36.12196 15.0583 -21.39455
v 38.93314 15.07734 -18.68656
v 37.47121 5.697944 -14.35075
v 40.22155 5.60037 -16.67204
v 38.7836 5.58111 -18.46457
v 40.82094 5.463 -22.1446
v 40.96259 5.423728 -23.72911
v 39.81659 5.422111 -24.57029
v 38.34735 5.459524 -23.95957
v 40.20395 5.513518 -20.39917
v 36.86732 5.508835 -22.84718
v 38.87532 5.566124 -19.04383
v 35.97242 5.562074 -21.17256
v 40.37109 15.0966 -16.89403
v 37.62075 15.19417 -14.57274
v 39.81695 5.422116 -24.56985
v 40.96223 5.423724 -23.72956
v 41.11177 14.91995 -23.95155
v 39.96649 14.91834 -24.79184
v 46.55682 15.00662 -16.57641
v 46.40728 5.510386 -16.35442
v 45.49198 5.555219 -15.05316
v 45.64152 15.05145 -15.27515
v 44.40652 15.00525 -18.08326
v 44.25698 5.509022 -17.86127
v 45.83481 5.488987 -17.65546
v 45.98435 14.98522 -17.87745
v 44.08451 5.605502 -13.85032
v 44.23405 15.10173 -14.07231
v 42.25516 5.646225 -13.34057
v 42.4047 15.14245 -13.56256
v 42.4047 15.14245 -13.56256
v 42.25516 5.646225 -13.34057
v 41.88734 5.662662 -12.88523
v 42.03688 15.15889 -13.10722
v 40.37109 15.0966 -16.89403
v 40.22155 5.60037 -16.67204
v 40.80704 5.591998 -16.63577
v 40.95658 15.08823 -16.85776
v 40.95658 15.08823 -16.85776
v 40.80704 5.591998 -16.63577
v 42.41884 5.543185 -17.63812
v 42.56838 15.03941 -17.86011
v 42.38535 15.20647 -10.83717
v 42.03688 15.15889 -13.10722
v 41.88734 5.662662 -12.88523
v 42.23581 5.710241 -10.61518
v 45.64152 15.05145 -15.27515
v 44.40652 15.00525 -18.08326
v 45.98435 14.98522 -17.87745
v 46.55682 15.00662 -16.57641
v 44.23405 15.10173 -14.07231
v 42.56838 15.03941 -17.86011
v 42.4047 15.14245 -13.56256
v 40.95658 15.08823 -16.85776
v 42.03688 15.15889 -13.10722
v 41.88734 5.662662 -12.88523
v 45.49198 5.555219 -15.05316
v 46.40728 5.510386 -16.35442
v 45.83481 5.488987 -17.65546
v 44.25698 5.509022 -17.86127
v 44.08451 5.605502 -13.85032
v 42.41884 5.543185 -17.63812
v 42.25516 5.646225 -13.34057
v 40.80704 5.591998 -16.63577
v 45.83517 5.488992 -17.65502
v 46.40693 5.510382 -16.35486
v 46.55647 15.00661 -16.57685
v 45.98471 14.98522 -17.87701
v 28.94403 6.145597 -0.9454669
v 32.44204 6.083408 -1.249364
v 32.36728 1.335294 -1.138368
v 28.86926 1.397482 -0.8344716
v 35.5566 5.9965 -2.869003
v 35.48183 1.248386 -2.758007
v 37.81423 5.898115 -5.556881
v 37.73946 1.150001 -5.445886
v 38.87046 5.803222 -8.904664
v 38.79569 1.055108 -8.793669
v 38.56524 5.726266 -12.40226
v 38.49046 0.9781514 -12.29127
v 36.94421 5.678981 -15.51695
v 36.86944 0.9308667 -15.40596
v 34.2551 5.668536 -17.77523
v 34.18032 0.9204215 -17.66423
v 30.90643 5.696552 -18.83254
v 30.83166 0.9484373 -18.72154
v 27.40841 5.75874 -18.52864
v 27.33364 1.010625 -18.41765
v 24.29386 5.845647 -16.909
v 24.21909 1.097533 -16.79801
v 22.03623 5.944033 -14.22113
v 21.96146 1.195918 -14.11013
v 20.98 6.038926 -10.87334
v 20.90523 1.290812 -10.76235
v 21.28523 6.115882 -7.375743
v 21.21046 1.367768 -7.264748
v 22.90625 6.163167 -4.261055
v 22.83148 1.415053 -4.15006
v 25.59536 6.173612 -2.002777
v 25.52059 1.425498 -1.891782
v 29.09357 15.64183 -1.167458
v 32.59158 15.57964 -1.471354
v 32.66636 20.32775 -1.58235
v 29.16834 20.38994 -1.278453
v 35.70614 15.49273 -3.090993
v 35.78091 20.24084 -3.201989
v 37.96377 15.39434 -5.778872
v 38.03854 20.14246 -5.889867
v 39.02 15.29945 -9.126655
v 39.09477 20.04757 -9.23765
v 38.71478 15.2225 -12.62425
v 38.78954 19.97061 -12.73525
v 37.09375 15.17521 -15.73894
v 37.16852 19.92332 -15.84994
v 34.40464 15.16476 -17.99722
v 34.47941 19.91288 -18.10822
v 31.05597 15.19278 -19.05453
v 31.13074 19.9409 -19.16553
v 27.55795 15.25497 -18.75064
v 27.63272 20.00308 -18.86163
v 24.4434 15.34188 -17.13099
v 24.51817 20.08999 -17.24199
v 22.18577 15.44026 -14.44312
v 22.26054 20.18838 -14.55411
v 21.12954 15.53516 -11.09533
v 21.20431 20.28327 -11.20633
v 21.43477 15.61211 -7.597734
v 21.50954 20.36023 -7.70873
v 23.05579 15.6594 -4.483046
v 23.13056 20.40751 -4.594042
v 25.7449 15.66984 -2.224768
v 25.81967 20.41796 -2.335763
v 27.65265 1.57926 -15.27524
v 27.95173 20.57172 -15.71922
v 27.94518 20.63559 -12.99142
v 27.6461 1.643131 -12.54744
v 27.6461 1.643131 -12.54744
v 27.94518 20.63559 -12.99142
v 25.28041 20.66385 -13.57731
v 24.98133 1.671397 -13.13333
v 24.89845 20.68052 -13.12151
v 24.19392 20.74379 -10.8899
v 24.98133 1.671397 -13.13333
v 25.28041 20.66385 -13.57731
v 28.47969 20.557 -15.99301
v 27.95173 20.57172 -15.71922
v 27.65265 1.57926 -15.27524
v 30.81154 20.51554 -16.19603
v 32.06402 1.766262 -4.304142
v 32.3631 20.75872 -4.748124
v 32.36964 20.69485 -7.47593
v 32.07056 1.702392 -7.031949
v 32.07056 1.702392 -7.031949
v 32.36964 20.69485 -7.47593
v 35.03441 20.66658 -6.890032
v 34.73533 1.674126 -6.446051
v 35.41637 20.64991 -7.345834
v 36.1209 20.58665 -9.577447
v 34.73533 1.674126 -6.446051
v 35.03441 20.66658 -6.890032
v 31.83513 20.77343 -4.474332
v 32.3631 20.75872 -4.748124
v 32.06402 1.766262 -4.304142
v 29.50328 20.8149 -4.271316
v 32.4569 1.506819 -15.1378
v 32.75598 20.49928 -15.58179
v 32.28225 1.546784 -13.54586
v 32.58133 20.53924 -13.98984
v 32.75598 20.49928 -15.58179
v 32.4569 1.506819 -15.1378
v 32.61567 1.577657 -12.00058
v 32.91475 20.57011 -12.44456
v 34.05203 1.570489 -11.33966
v 34.35111 20.56295 -11.78364
v 32.91475 20.57011 -12.44456
v 32.61567 1.577657 -12.00058
v 35.64428 1.549511 -11.16445
v 35.94336 20.54197 -11.60843
v 35.64428 1.549511 -11.16445
v 35.94336 20.54197 -11.60843
v 27.25976 1.838703 -4.441579
v 27.55884 20.83116 -4.885561
v 27.73349 20.7912 -6.47751
v 27.55884 20.83116 -4.885561
v 27.25976 1.838703 -4.441579
v 27.43441 1.798738 -6.033529
v 27.10099 1.767865 -7.578804
v 27.40007 20.76032 -8.022785
v 25.66463 1.775034 -8.239724
v 25.96371 20.76749 -8.683705
v 27.40007 20.76032 -8.022785
v 27.10099 1.767865 -7.578804
v 24.07238 1.796011 -8.414936
v 24.37146 20.78847 -8.858917
v 24.07238 1.796011 -8.414936
v 24.37146 20.78847 -8.858917
v 27.95173 20.57172 -15.71922
v 26.40281 20.61493 -14.91412
v 25.28041 20.66385 -13.57731
v 27.94518 20.63559 -12.99142
v 32.3631 20.75872 -4.748124
v 33.91201 20.71551 -5.553231
v 35.03441 20.66658 -6.890032
v 32.36964 20.69485 -7.47593
v 32.58133 20.53924 -13.98984
v 34.83717 20.50381 -13.98599
v 33.04375 20.49687 -15.49078
v 32.75598 20.49928 -15.58179
v 32.91475 20.57011 -12.44456
v 34.35111 20.56295 -11.78364
v 35.94336 20.54197 -11.60843
v 35.91699 20.53536 -11.90903
v 27.73349 20.7912 -6.47751
v 25.47765 20.82663 -6.481354
v 27.27107 20.83356 -4.976564
v 27.55884 20.83116 -4.885561
v 27.40007 20.76032 -8.022785
v 25.96371 20.76749 -8.683705
v 24.37146 20.78847 -8.858917
v 24.39783 20.79508 -8.558322
v 29.50328 20.8149 -4.271316
v 26.78985 20.86163 -4.10003
v 29.39426 20.83985 -3.277589
v 24.69821 20.85351 -5.85638
v 23.43752 20.81673 -8.279004
v 24.19392 20.74379 -10.8899
v 23.20001 20.75688 -10.99927
v 24.89817 20.68053 -13.12164
v 24.02161 20.68308 -13.60299
v 25.77746 20.60655 -15.69367
v 28.47962 20.557 -15.99332
v 28.19998 20.53896 -16.95328
v 30.81154 20.51554 -16.19603
v 30.92056 20.49059 -17.18976
v 33.52497 20.4688 -16.36732
v 35.61662 20.47692 -14.61097
v 36.8773 20.5137 -12.18834
v 36.1209 20.58665 -9.577447
v 37.11481 20.57356 -9.468076
v 35.41665 20.64991 -7.345702
v 36.29321 20.64736 -6.864355
v 34.53736 20.72388 -4.773673
v 31.8352 20.77344 -4.474023
v 32.11485 20.79148 -3.514064
v 29.33188 20.35252 -2.769042
v 26.54132 20.37587 -3.650134
v 26.78974 20.86164 -4.099941
v 29.39426 20.83985 -3.277589
v 24.30039 20.36716 -5.532033
v 24.69821 20.85351 -5.85638
v 22.94954 20.32776 -8.127606
v 23.43741 20.81674 -8.278915
v 22.69518 20.26363 -11.04227
v 23.20001 20.75688 -10.99927
v 23.57538 20.18455 -13.83209
v 24.02152 20.68307 -13.6031
v 25.45673 20.10256 -16.07199
v 25.77746 20.60655 -15.69367
v 28.05219 20.03014 -17.42169
v 28.19989 20.53896 -16.95339
v 30.9672 19.97832 -17.67494
v 30.92056 20.49059 -17.18976
v 33.75776 19.95497 -16.79385
v 33.52509 20.4688 -16.3674
v 35.99869 19.96367 -14.91195
v 35.61662 20.47692 -14.61097
v 37.34954 20.00308 -12.31637
v 36.87741 20.5137 -12.18843
v 37.6039 20.06721 -9.401707
v 37.11481 20.57356 -9.468076
v 36.72371 20.14628 -6.611887
v 36.2933 20.64736 -6.864244
v 34.84235 20.22827 -4.371989
v 34.53736 20.72388 -4.773673
v 32.24689 20.3007 -3.02229
v 32.11493 20.79148 -3.513953
v 29.33188 20.35252 -2.769042
v 26.54132 20.37587 -3.650134
v 25.81967 20.41796 -2.335763
v 29.16834 20.38994 -1.278453
v 24.30039 20.36716 -5.532032
v 23.13056 20.40751 -4.594041
v 22.94954 20.32776 -8.127606
v 21.50954 20.36023 -7.708729
v 22.69518 20.26363 -11.04227
v 21.20431 20.28327 -11.20633
v 23.57538 20.18455 -13.83209
v 22.26054 20.18838 -14.55411
v 25.45673 20.10256 -16.07199
v 24.51817 20.08999 -17.24199
v 28.05219 20.03014 -17.42169
v 27.63272 20.00308 -18.86163
v 30.9672 19.97832 -17.67494
v 31.13074 19.9409 -19.16553
v 33.75776 19.95497 -16.79385
v 34.47941 19.91288 -18.10822
v 35.99869 19.96367 -14.91195
v 37.16852 19.92332 -15.84994
v 37.34954 20.00308 -12.31637
v 38.78954 19.97061 -12.73525
v 37.6039 20.06721 -9.401707
v 39.09477 20.04757 -9.23765
v 36.72371 20.14628 -6.611887
v 38.03854 20.14246 -5.889867
v 34.84235 20.22827 -4.371988
v 35.78091 20.24084 -3.201988
v 32.24689 20.3007 -3.022289
v 32.66636 20.32775 -1.58235
v 27.6461 1.643131 -12.54744
v 32.07056 1.702392 -7.031949
v 32.28225 1.546784 -13.54586
v 34.53809 1.511351 -13.54201
v 32.74467 1.504415 -15.0468
v 32.4569 1.506819 -15.1378
v 32.61567 1.577657 -12.00058
v 34.05203 1.570489 -11.33966
v 35.64428 1.549511 -11.16445
v 35.61791 1.542899 -11.46504
v 27.43441 1.798738 -6.033529
v 25.17857 1.834172 -6.037373
v 26.97199 1.841107 -4.532583
v 27.25976 1.838703 -4.441579
v 27.10099 1.767865 -7.578804
v 25.66463 1.775034 -8.239724
v 24.07238 1.796011 -8.414936
v 24.09875 1.802623 -8.114341
v 26.95601 0.841517 -4.50884
v 26.47492 0.8695768 -3.632593
v 25.16327 0.8345535 -6.014359
v 24.38338 0.8614527 -5.389031
v 24.08259 0.8030303 -8.090817
v 23.12259 0.8246757 -7.811567
v 26.24224 1.383408 -3.206153
v 26.47492 0.8695768 -3.632593
v 24.00131 1.374704 -5.088052
v 24.38338 0.8614527 -5.389031
v 22.65046 1.3353 -7.683625
v 23.12259 0.8246757 -7.811567
v 26.24224 1.383408 -3.206152
v 25.52076 1.425492 -1.891914
v 24.00131 1.374704 -5.088051
v 22.83148 1.415053 -4.15006
v 22.65046 1.3353 -7.683625
v 21.21062 1.367762 -7.264881
v 26.95601 0.841517 -4.50884
v 26.97175 1.84112 -4.532207
v 25.16327 0.8345535 -6.014359
v 25.17901 1.834157 -6.037726
v 24.08259 0.8030303 -8.090817
v 24.09833 1.802633 -8.114185
v 32.36728 1.335294 -1.138368
v 21.96146 1.195918 -14.11013
v 32.72917 0.5047994 -15.02381
v 33.21026 0.4767396 -15.90006
v 34.52191 0.5117629 -13.51829
v 35.30179 0.4848636 -14.14362
v 35.60259 0.543286 -11.44183
v 36.56259 0.5216407 -11.72108
v 33.45868 0.9625112 -16.34986
v 33.21026 0.4767396 -15.90006
v 35.69961 0.9712155 -14.46797
v 35.30179 0.4848636 -14.14362
v 37.05046 1.01062 -11.87239
v 36.56259 0.5216407 -11.72108
v 33.45868 0.9625112 -16.34986
v 34.18016 0.9204272 -17.6641
v 35.69961 0.9712155 -14.46797
v 36.86944 0.9308667 -15.40596
v 37.05046 1.01062 -11.87239
v 38.4903 0.9781572 -12.29114
v 32.72917 0.5047994 -15.02381
v 32.74491 1.504402 -15.04718
v 34.52191 0.5117629 -13.51829
v 34.53765 1.511366 -13.54166
v 35.60259 0.543286 -11.44183
v 35.61833 1.542889 -11.4652
v 27.33364 1.010625 -18.41765
v 37.73946 1.150001 -5.445886
vn -0.01574105 -0.999603 0.02336744
vn -0.01574105 -0.999603 0.02336744
vn -0.01574105 -0.999603 0.02336744
vn -0.01574105 -0.999603 0.02336744
vn -0.01574105 -0.999603 0.02336744
vn -0.01574105 -0.999603 0.02336744
vn -0.01574105 -0.999603 0.02336744
vn -0.01574105 -0.999603 0.02336744
vn -0.01574105 -0.999603 0.02336744
vn -0.01574105 -0.999603 0.02336744
vn -0.01574105 -0.999603 0.02336744
vn -0.01574105 -0.999603 0.02336744
vn -0.2841308 -0.722679 -0.6300833
vn -0.453305 -0.7131941 -0.534667
vn -0.4534893 -0.7128949 -0.5349097
vn -0.2065017 -0.7294044 -0.6521705
vn -0.127947 -0.7315204 -0.6697071
vn -0.04102554 -0.7464113 -0.6642193
vn 0.06890135 -0.756586 -0.6502541
vn 0.2937873 -0.7789579 -0.5539981
vn 0.1338783 -0.7575668 -0.6388814
vn 0.2301403 -0.7731649 -0.590975
vn 0.4450902 -0.7991489 -0.4040492
vn 0.4363551 -0.8003737 -0.4110917
vn 0.3870337 -0.7767742 -0.4968167
vn -0.1516547 -0.02101184 -0.9882103
vn 0.1089542 -0.02494604 -0.9937338
vn 0.04304654 -0.02432875 -0.9987769
vn -0.08673482 -0.02280933 -0.9959703
vn 0.5258219 -0.8173642 -0.2354297
vn 0.1416142 -0.6916389 0.7082238
vn 0.05144467 -0.6844382 0.7272536
vn -0.04156983 -0.6889253 0.7236394
vn -0.08818459 -0.6891864 0.7191979
vn 0.05115169 -0.684236 0.7274644
vn 0.186195 -0.6933742 0.696106
vn 0.3189516 -0.6885998 0.6512298
vn 0.3195881 -0.6875488 0.6520276
vn -0.01574105 -0.999603 0.02336744
vn -0.01574105 -0.999603 0.02336744
vn -0.01574105 -0.999603 0.02336744
vn -0.01574105 -0.999603 0.02336744
vn -0.01574105 -0.999603 0.02336744
vn -0.01574105 -0.999603 0.02336744
vn -0.01574105 -0.999603 0.02336744
vn -0.01574105 -0.999603 0.02336744
vn -0.01574105 -0.999603 0.02336744
vn -0.01574105 -0.999603 0.02336744
vn -0.01574105 -0.999603 0.02336744
vn -0.01574105 -0.999603 0.02336744
vn -0.01574105 -0.999603 0.02336744
vn -0.01574105 -0.999603 0.02336744
vn -0.01574105 -0.999603 0.02336744
vn -0.01574105 -0.999603 0.02336744
vn -0.01574105 -0.999603 0.02336744
vn -0.01574105 -0.999603 0.02336744
vn -0.01574105 -0.999603 0.02336744
vn 0.560972 -0.7113597 0.423412
vn 0.5994451 -0.7186096 0.3525134
vn 0.4312236 -0.7010451 0.5679631
vn 0.4310298 -0.7013493 0.5677344
vn 0.6336287 -0.7213199 0.2796644
vn 0.6472871 -0.7371921 0.1938231
vn 0.6576122 -0.7487008 0.08362596
vn 0.6126812 -0.7746866 -0.1564686
vn 0.660619 -0.7505116 0.01774739
vn 0.6349056 -0.7677434 -0.08639947
vn 0.5043437 -0.799463 -0.3263378
vn 0.4993518 -0.7984222 -0.3364074
vn 0.5770734 -0.7742288 -0.2599153
vn 0.9319317 -0.006498277 0.3625759
vn 0.9536106 -0.008874909 0.3009122
vn 0.984524 -0.01171859 0.1748579
vn 0.9939073 -0.01309298 0.1094385
vn 0.3524653 -0.8196861 -0.4515339
vn -0.6533347 -0.7022864 -0.2827502
vn -0.7139305 -0.6975676 -0.06084972
vn -0.708155 -0.6978535 -0.1073179
vn -0.6915491 -0.6943898 -0.1989538
vn -0.6918206 -0.6941874 -0.1987162
vn -0.6318156 -0.7043306 -0.3236164
vn -0.5592575 -0.7003625 -0.4435354
vn -0.5599092 -0.6993288 -0.4443434
vn -0.01574105 -0.999603 0.02336744
vn -0.01574105 -0.999603 0.02336744
vn -0.01574105 -0.999603 0.02336744
vn -0.01574105 -0.999603 0.02336744
vn -0.01574105 -0.999603 0.02336744
vn -0.01574105 -0.999603 0.02336744
vn -0.01574105 -0.999603 0.02336744
vn -0.01574105 -0.999603 0.02336744
vn -0.01574105 -0.999603 0.02336744
vn -0.01574105 -0.999603 0.02336744
vn -0.01574105 -0.999603 0.02336744
vn -0.01574105 -0.999603 0.02336744
vn -0.01574105 -0.999603 0.02336744
vn -0.01574105 -0.999603 0.02336744
vn -0.01574105 -0.999603 0.02336744
vn -0.01574105 -0.999603 0.02336744
vn -0.01574105 -0.999603 0.02336744
vn 0.2617111 -0.7010378 0.6633651
vn 0.1839251 -0.7042778 0.6856853
vn 0.1053556 -0.7030991 0.7032438
vn 0.01800458 -0.7154874 0.6983937
vn -0.0921983 -0.7228389 0.6848382
vn -0.3177477 -0.742595 0.5895669
vn -0.1571823 -0.7223046 0.6734759
vn -0.2539227 -0.7370867 0.6262798
vn -0.4697213 -0.7649977 0.4406138
vn -0.4610238 -0.7661663 0.4477122
vn -0.4109212 -0.7401517 0.5322774
vn 0.1516453 0.02041473 0.9882242
vn -0.1089542 0.02494604 0.9937338
vn -0.04305607 0.02372387 0.998791
vn 0.08670673 0.02102561 0.996012
vn -0.5511102 -0.7885208 0.27297
vn -0.1638307 -0.71917 -0.6752437
vn -0.07349318 -0.7157073 -0.6945227
vn 0.01933667 -0.7229456 -0.6906344
vn 0.06592339 -0.7244657 -0.6861513
vn -0.07319414 -0.7155246 -0.6947426
vn -0.208435 -0.7189335 -0.6630909
vn -0.3409426 -0.7078925 -0.6185844
vn -0.3415463 -0.7068604 -0.6194309
vn -0.01574105 -0.999603 0.02336744
vn -0.01574105 -0.999603 0.02336744
vn -0.01574105 -0.999603 0.02336744
vn -0.01574105 -0.999603 0.02336744
vn -0.01574105 -0.999603 0.02336744
vn -0.01574105 -0.999603 0.02336744
vn -0.01574105 -0.999603 0.02336744
vn -0.01574105 -0.999603 0.02336744
vn -0.01574105 -0.999603 0.02336744
vn -0.01574105 -0.999603 0.02336744
vn -0.01574105 -0.999603 0.02336744
vn -0.01574105 -0.999603 0.02336744
vn -0.01574105 -0.999603 0.02336744
vn -0.01574105 -0.999603 0.02336744
vn -0.01574105 -0.999603 0.02336744
vn -0.5833917 -0.7123571 -0.3901302
vn -0.6220217 -0.7150726 -0.3189987
vn -0.6562201 -0.7132996 -0.2461277
vn -0.670308 -0.7247066 -0.1596487
vn -0.6809092 -0.7307241 -0.04904187
vn -0.6366416 -0.7468663 0.1920375
vn -0.6839229 -0.7293598 0.01684714
vn -0.658688 -0.7425081 0.1217042
vn -0.5290124 -0.767077 0.3629583
vn -0.5239829 -0.7657244 0.372972
vn -0.6009609 -0.7426971 0.2953761
vn -0.9319411 0.005901184 -0.3625619
vn -0.9536387 0.007091262 -0.3008704
vn -0.9845335 0.01111373 -0.1748438
vn -0.9939073 0.01309298 -0.1094385
vn -0.3777536 -0.7861988 0.4890742
vn 0.6311182 -0.7085225 0.3157302
vn 0.6916693 -0.7160845 0.09389626
vn 0.6859218 -0.7140173 0.1403228
vn 0.6695006 -0.7057557 0.2316846
vn 0.6697782 -0.7055732 0.231438
vn 0.6095755 -0.7079771 0.3566315
vn 0.5372665 -0.6961297 0.4761808
vn 0.5379509 -0.6950805 0.4769401
vn -0.01574105 -0.999603 0.02336744
vn -0.01574105 -0.999603 0.02336744
vn -0.01574105 -0.999603 0.02336744
vn -0.01574105 -0.999603 0.02336744
vn -0.01574105 -0.999603 0.02336744
vn 0.4212042 0.01456642 0.9068488
vn 0.4212042 0.01456642 0.9068488
vn 0.3441252 0.01652661 0.9387782
vn 0.2640816 0.01838427 0.9643251
vn 0.5394449 -0.0281675 -0.8415496
vn 0.4668495 -0.02801418 -0.8838929
vn 0.6077626 -0.0281229 -0.7936206
vn 0.6077626 -0.0281229 -0.7936206
vn 0.03976586 0.02272606 0.9989506
vn -0.1071271 0.02492193 0.9939329
vn -0.2487031 0.02655018 0.9682159
vn -0.2487031 0.02655018 0.9682159
vn 0.3591101 0.01615919 0.9331554
vn 0.3591101 0.01615919 0.9331554
vn 0.3591101 0.01615919 0.9331554
vn 0.3591101 0.01615919 0.9331554
vn 0.5528532 -0.02817416 -0.8328023
vn 0.5528532 -0.02817416 -0.8328023
vn 0.5528532 -0.02817416 -0.8328023
vn 0.5528532 -0.02817416 -0.8328023
vn -0.03285811 -0.02284065 -0.9991991
vn -0.03285811 -0.02284065 -0.9991991
vn 0.1109158 -0.02497184 -0.993516
vn 0.2553922 -0.02661472 -0.9664712
vn 0.9319194 -0.00619844 0.3626127
vn 0.9319194 -0.00619844 0.3626127
vn 0.9319194 -0.00619844 0.3626127
vn 0.9319194 -0.00619844 0.3626127
vn 0.01574105 0.999603 -0.02336744
vn 0.01574105 0.999603 -0.02336744
vn 0.01574105 0.999603 -0.02336744
vn 0.01574105 0.999603 -0.02336744
vn 0.01574105 0.999603 -0.02336744
vn 0.01574105 0.999603 -0.02336744
vn 0.01574105 0.999603 -0.02336744
vn 0.01574105 0.999603 -0.02336744
vn 0.01574105 0.999603 -0.02336744
vn 0.01574105 0.999603 -0.02336744
vn -0.01574105 -0.999603 0.02336744
vn -0.01574105 -0.999603 0.02336744
vn -0.01574105 -0.999603 0.02336744
vn -0.01574105 -0.999603 0.02336744
vn -0.01574105 -0.999603 0.02336744
vn -0.01574105 -0.999603 0.02336744
vn -0.01574105 -0.999603 0.02336744
vn -0.01574105 -0.999603 0.02336744
vn -0.01574105 -0.999603 0.02336744
vn -0.01574105 -0.999603 0.02336744
vn -0.01574105 -0.999603 0.02336744
vn -0.01574105 -0.999603 0.02336744
vn -0.01574105 -0.999603 0.02336744
vn 0.01574105 0.999603 -0.02336744
vn 0.01574105 0.999603 -0.02336744
vn 0.01574105 0.999603 -0.02336744
vn 0.9939147 -0.01309467 0.1093711
vn 0.9939147 -0.01309467 0.1093711
vn 0.9939147 -0.01309467 0.1093711
vn 0.9939147 -0.01309467 0.1093711
vn -0.08901259 0.02467856 0.9957247
vn -0.08901259 0.02467856 0.9957247
vn -0.171589 0.02572429 0.9848328
vn -0.2535412 0.02659698 0.9669589
vn 0.8879811 -0.02471823 -0.4592151
vn 0.8463418 -0.0257644 -0.5320168
vn 0.9231488 -0.02350727 -0.3837234
vn 0.9231488 -0.02350727 -0.3837234
vn -0.46511 0.02800822 0.8848098
vn -0.5899295 0.028154 0.8069639
vn -0.6997665 0.02770655 0.7138342
vn -0.6997665 0.02770655 0.7138342
vn -0.1563339 0.02554347 0.9873739
vn -0.1563339 0.02554347 0.9873739
vn -0.1563339 0.02554347 0.9873739
vn -0.1563339 0.02554347 0.9873739
vn 0.8956076 -0.02448664 -0.4441705
vn 0.8956076 -0.02448664 -0.4441705
vn 0.8956076 -0.02448664 -0.4441705
vn 0.8956076 -0.02448664 -0.4441705
vn 0.4711309 -0.02802842 -0.8816179
vn 0.4711309 -0.02802842 -0.8816179
vn 0.5928718 -0.02814986 -0.8048047
vn 0.7045338 -0.02767167 -0.7091308
vn 0.6257139 0.008380812 0.7800077
vn 0.6257139 0.008380812 0.7800077
vn 0.6257139 0.008380812 0.7800077
vn 0.6257139 0.008380812 0.7800077
vn 0.01574105 0.999603 -0.02336744
vn 0.01574105 0.999603 -0.02336744
vn 0.01574105 0.999603 -0.02336744
vn 0.01574105 0.999603 -0.02336744
vn 0.01574105 0.999603 -0.02336744
vn 0.01574105 0.999603 -0.02336744
vn 0.01574105 0.999603 -0.02336744
vn 0.01574105 0.999603 -0.02336744
vn 0.01574105 0.999603 -0.02336744
vn -0.01574105 -0.999603 0.02336744
vn -0.01574105 -0.999603 0.02336744
vn -0.01574105 -0.999603 0.02336744
vn -0.01574105 -0.999603 0.02336744
vn -0.01574105 -0.999603 0.02336744
vn -0.01574105 -0.999603 0.02336744
vn -0.01574105 -0.999603 0.02336744
vn -0.01574105 -0.999603 0.02336744
vn -0.01574105 -0.999603 0.02336744
vn -0.01574105 -0.999603 0.02336744
vn -0.01574105 -0.999603 0.02336744
vn 0.01574105 0.999603 -0.02336744
vn 0.01574105 0.999603 -0.02336744
vn 0.8062649 0.00113218 0.5915536
vn 0.8062649 0.00113218 0.5915536
vn 0.8062649 0.00113218 0.5915536
vn 0.8062649 0.00113218 0.5915536
vn -0.5750982 0.02816907 0.8175994
vn -0.5750982 0.02816907 0.8175994
vn -0.6411699 0.02802402 0.7668871
vn -0.70321 0.02768151 0.7104431
vn 0.9988166 -0.0146444 0.04637953
vn 0.9991593 -0.01661017 -0.03748001
vn 0.9915214 -0.01259036 0.1293322
vn 0.9915214 -0.01259036 0.1293322
vn -0.8453478 0.02578561 0.5335937
vn -0.9145158 0.02384176 0.4038472
vn -0.9630802 0.02143925 0.2683597
vn -0.9630802 0.02143925 0.2683597
vn -0.6281368 0.02806914 0.7775965
vn -0.6281368 0.02806914 0.7775965
vn -0.6281368 0.02806914 0.7775965
vn -0.6281368 0.02806914 0.7775965
vn 0.9979854 -0.01427039 0.06181898
vn 0.9979854 -0.01427039 0.06181898
vn 0.9979854 -0.01427039 0.06181898
vn 0.9979854 -0.01427039 0.06181898
vn 0.848905 -0.02570899 -0.5279199
vn 0.848905 -0.02570899 -0.5279199
vn 0.915985 -0.02378681 -0.4005069
vn 0.9648893 -0.02131418 -0.2617907
vn 0.1516964 0.02071239 0.9882102
vn 0.1516964 0.02071239 0.9882102
vn 0.1516964 0.02071239 0.9882102
vn 0.1516964 0.02071239 0.9882102
vn 0.01574105 0.999603 -0.02336744
vn 0.01574105 0.999603 -0.02336744
vn 0.01574105 0.999603 -0.02336744
vn 0.01574105 0.999603 -0.02336744
vn 0.01574105 0.999603 -0.02336744
vn 0.01574105 0.999603 -0.02336744
vn 0.01574105 0.999603 -0.02336744
vn 0.01574105 0.999603 -0.02336744
vn 0.01574105 0.999603 -0.02336744
vn -0.01574105 -0.999603 0.02336744
vn -0.01574105 -0.999603 0.02336744
vn -0.01574105 -0.999603 0.02336744
vn -0.01574105 -0.999603 0.02336744
vn -0.01574105 -0.999603 0.02336744
vn -0.01574105 -0.999603 0.02336744
vn -0.01574105 -0.999603 0.02336744
vn -0.01574105 -0.999603 0.02336744
vn -0.01574105 -0.999603 0.02336744
vn -0.01574105 -0.999603 0.02336744
vn -0.01574105 -0.999603 0.02336744
vn 0.01574105 0.999603 -0.02336744
vn 0.01574105 0.999603 -0.02336744
vn 0.4025104 0.01505816 0.9152915
vn 0.4025104 0.01505816 0.9152915
vn 0.4025104 0.01505816 0.9152915
vn 0.4025104 0.01505816 0.9152915
vn -0.9068292 0.0241172 0.4208077
vn -0.9068292 0.0241172 0.4208077
vn -0.9387917 0.02281865 0.3437285
vn -0.9643718 0.02135037 0.2636874
vn 0.8418736 -0.0006413374 0.5396742
vn 0.8841966 -0.003004237 0.4671052
vn 0.7939627 0.001709529 0.607964
vn 0.7939627 0.001709529 0.607964
vn -0.999085 0.0166537 0.03939235
vn -0.9941207 0.0131422 -0.1074769
vn -0.9684519 0.009429105 -0.2490223
vn -0.9684519 0.009429105 -0.2490223
vn -0.9331625 0.0230803 0.3587132
vn -0.9331625 0.0230803 0.3587132
vn -0.9331625 0.0230803 0.3587132
vn -0.9331625 0.0230803 0.3587132
vn 0.83313 -0.0001903279 0.5530772
vn 0.83313 -0.0001903279 0.5530772
vn 0.83313 -0.0001903279 0.5530772
vn 0.83313 -0.0001903279 0.5530772
vn 0.9993361 -0.0164962 -0.03248554
vn 0.9993361 -0.0164962 -0.03248554
vn 0.9937051 -0.0130471 0.1112648
vn 0.9667094 -0.009245334 0.2557097
vn -0.3623239 0.02748453 0.9316471
vn -0.3623239 0.02748453 0.9316471
vn -0.3623239 0.02748453 0.9316471
vn -0.3623239 0.02748453 0.9316471
vn 0.01574105 0.999603 -0.02336744
vn 0.01574105 0.999603 -0.02336744
vn 0.01574105 0.999603 -0.02336744
vn 0.01574105 0.999603 -0.02336744
vn 0.01574105 0.999603 -0.02336744
vn 0.01574105 0.999603 -0.02336744
vn 0.01574105 0.999603 -0.02336744
vn 0.01574105 0.999603 -0.02336744
vn 0.01574105 0.999603 -0.02336744
vn -0.01574105 -0.999603 0.02336744
vn -0.01574105 -0.999603 0.02336744
vn -0.01574105 -0.999603 0.02336744
vn -0.01574105 -0.999603 0.02336744
vn -0.01574105 -0.999603 0.02336744
vn -0.01574105 -0.999603 0.02336744
vn -0.01574105 -0.999603 0.02336744
vn -0.01574105 -0.999603 0.02336744
vn -0.01574105 -0.999603 0.02336744
vn -0.01574105 -0.999603 0.02336744
vn -0.01574105 -0.999603 0.02336744
vn 0.01574105 0.999603 -0.02336744
vn 0.01574105 0.999603 -0.02336744
vn -0.1090217 0.02494693 0.9937263
vn -0.1090217 0.02494693 0.9937263
vn -0.1090217 0.02494693 0.9937263
vn -0.1090217 0.02494693 0.9937263
vn -0.9959061 0.01359369 -0.08936571
vn -0.9959061 0.01359369 -0.08936571
vn -0.9850429 0.01149264 -0.1719258
vn -0.9671965 0.009296266 -0.2538592
vn 0.4596104 0.01352141 0.8880177
vn 0.5324076 0.01140244 0.8464113
vn 0.3841203 0.01553151 0.9231524
vn 0.3841203 0.01553151 0.9231524
vn -0.8851129 0.003059318 -0.4653662
vn -0.8073013 -0.001082776 -0.5901385
vn -0.7141982 -0.005115348 -0.6999249
vn -0.7141982 -0.005115348 -0.6999249
vn -0.9875788 0.01188911 -0.1566739
vn -0.9875788 0.01188911 -0.1566739
vn -0.9875788 0.01188911 -0.1566739
vn -0.9875788 0.01188911 -0.1566739
vn 0.4445664 0.01393644 0.8956375
vn 0.4445664 0.01393644 0.8956375
vn 0.4445664 0.01393644 0.8956375
vn 0.4445664 0.01393644 0.8956375
vn 0.8819228 -0.002868381 0.4713851
vn 0.8819228 -0.002868381 0.4713851
vn 0.805143 0.001185519 0.5930796
vn 0.7094958 0.005300785 0.7046897
vn -0.7798939 0.02689948 0.6253336
vn -0.7798939 0.02689948 0.6253336
vn -0.7798939 0.02689948 0.6253336
vn -0.7798939 0.02689948 0.6253336
vn 0.01574105 0.999603 -0.02336744
vn 0.01574105 0.999603 -0.02336744
vn 0.01574105 0.999603 -0.02336744
vn 0.01574105 0.999603 -0.02336744
vn 0.01574105 0.999603 -0.02336744
vn 0.01574105 0.999603 -0.02336744
vn 0.01574105 0.999603 -0.02336744
vn 0.01574105 0.999603 -0.02336744
vn 0.01574105 0.999603 -0.02336744
vn -0.01574105 -0.999603 0.02336744
vn -0.01574105 -0.999603 0.02336744
vn -0.01574105 -0.999603 0.02336744
vn -0.01574105 -0.999603 0.02336744
vn -0.01574105 -0.999603 0.02336744
vn -0.01574105 -0.999603 0.02336744
vn -0.01574105 -0.999603 0.02336744
vn -0.01574105 -0.999603 0.02336744
vn -0.01574105 -0.999603 0.02336744
vn -0.01574105 -0.999603 0.02336744
vn -0.01574105 -0.999603 0.02336744
vn 0.01574105 0.999603 -0.02336744
vn 0.01574105 0.999603 -0.02336744
vn -0.5913453 0.02815205 0.805927
vn -0.5913453 0.02815205 0.805927
vn -0.5913453 0.02815205 0.805927
vn -0.5913453 0.02815205 0.805927
vn -0.817933 -0.0005687911 -0.5753133
vn -0.817933 -0.0005687911 -0.5753133
vn -0.7672375 -0.002910986 -0.6413565
vn -0.7108079 -0.005249192 -0.7033666
vn -0.04601892 0.02406993 0.9986506
vn 0.03785326 0.0227579 0.9990242
vn -0.1289866 0.02520521 0.991326
vn -0.1289866 0.02520521 0.991326
vn -0.5339844 -0.01135439 -0.8454182
vn -0.4042439 -0.01501301 -0.914528
vn -0.2687541 -0.01828055 -0.9630353
vn -0.2687541 -0.01828055 -0.9630353
vn -0.7779437 -0.002437858 -0.6283293
vn -0.7779437 -0.002437858 -0.6283293
vn -0.7779437 -0.002437858 -0.6283293
vn -0.7779437 -0.002437858 -0.6283293
vn -0.06146098 0.02429353 0.9978138
vn -0.06146098 0.02429353 0.9978138
vn -0.06146098 0.02429353 0.9978138
vn -0.06146098 0.02429353 0.9978138
vn 0.5283111 0.01152682 0.8489727
vn 0.5283111 0.01152682 0.8489727
vn 0.4009037 0.01509992 0.9159958
vn 0.2621848 0.01842622 0.9648418
vn -0.9883019 0.01910018 0.1513102
vn -0.9883019 0.01910018 0.1513102
vn -0.9883019 0.01910018 0.1513102
vn -0.9883019 0.01910018 0.1513102
vn 0.01574105 0.999603 -0.02336744
vn 0.01574105 0.999603 -0.02336744
vn 0.01574105 0.999603 -0.02336744
vn 0.01574105 0.999603 -0.02336744
vn 0.01574105 0.999603 -0.02336744
vn 0.01574105 0.999603 -0.02336744
vn 0.01574105 0.999603 -0.02336744
vn 0.01574105 0.999603 -0.02336744
vn 0.01574105 0.999603 -0.02336744
vn -0.01574105 -0.999603 0.02336744
vn -0.01574105 -0.999603 0.02336744
vn -0.01574105 -0.999603 0.02336744
vn -0.01574105 -0.999603 0.02336744
vn -0.01574105 -0.999603 0.02336744
vn -0.01574105 -0.999603 0.02336744
vn -0.01574105 -0.999603 0.02336744
vn -0.01574105 -0.999603 0.02336744
vn -0.01574105 -0.999603 0.02336744
vn -0.01574105 -0.999603 0.02336744
vn -0.01574105 -0.999603 0.02336744
vn 0.01574105 0.999603 -0.02336744
vn 0.01574105 0.999603 -0.02336744
vn -0.91528 0.02381327 0.4021136
vn -0.91528 0.02381327 0.4021136
vn -0.91528 0.02381327 0.4021136
vn -0.91528 0.02381327 0.4021136
vn -0.4212042 -0.01456642 -0.9068488
vn -0.4212042 -0.01456642 -0.9068488
vn -0.3441252 -0.01652661 -0.9387782
vn -0.2640816 -0.01838427 -0.9643251
vn -0.5394449 0.0281675 0.8415496
vn -0.4668495 0.02801418 0.8838929
vn -0.6077626 0.0281229 0.7936206
vn -0.6077626 0.0281229 0.7936206
vn -0.03976586 -0.02272606 -0.9989506
vn 0.1071271 -0.02492193 -0.9939329
vn 0.2487031 -0.02655018 -0.9682159
vn 0.2487031 -0.02655018 -0.9682159
vn -0.3591101 -0.01615919 -0.9331554
vn -0.3591101 -0.01615919 -0.9331554
vn -0.3591101 -0.01615919 -0.9331554
vn -0.3591101 -0.01615919 -0.9331554
vn -0.5528532 0.02817416 0.8328023
vn -0.5528532 0.02817416 0.8328023
vn -0.5528532 0.02817416 0.8328023
vn -0.5528532 0.02817416 0.8328023
vn 0.03285811 0.02284065 0.9991991
vn 0.03285811 0.02284065 0.9991991
vn -0.1109158 0.02497184 0.993516
vn -0.2553922 0.02661472 0.9664712
vn -0.9319194 0.00619844 -0.3626127
vn -0.9319194 0.00619844 -0.3626127
vn -0.9319194 0.00619844 -0.3626127
vn -0.9319194 0.00619844 -0.3626127
vn 0.01574105 0.999603 -0.02336744
vn 0.01574105 0.999603 -0.02336744
vn 0.01574105 0.999603 -0.02336744
vn 0.01574105 0.999603 -0.02336744
vn 0.01574105 0.999603 -0.02336744
vn 0.01574105 0.999603 -0.02336744
vn 0.01574105 0.999603 -0.02336744
vn 0.01574105 0.999603 -0.02336744
vn 0.01574105 0.999603 -0.02336744
vn -0.01574105 -0.999603 0.02336744
vn -0.01574105 -0.999603 0.02336744
vn -0.01574105 -0.999603 0.02336744
vn -0.01574105 -0.999603 0.02336744
vn -0.01574105 -0.999603 0.02336744
vn -0.01574105 -0.999603 0.02336744
vn -0.01574105 -0.999603 0.02336744
vn -0.01574105 -0.999603 0.02336744
vn -0.01574105 -0.999603 0.02336744
vn -0.01574105 -0.999603 0.02336744
vn -0.01574105 -0.999603 0.02336744
vn 0.01574105 0.999603 -0.02336744
vn 0.01574105 0.999603 -0.02336744
vn -0.9939147 0.01309467 -0.1093711
vn -0.9939147 0.01309467 -0.1093711
vn -0.9939147 0.01309467 -0.1093711
vn -0.9939147 0.01309467 -0.1093711
vn 0.08901259 -0.02467856 -0.9957247
vn 0.08901259 -0.02467856 -0.9957247
vn 0.171589 -0.02572429 -0.9848328
vn 0.2535412 -0.02659698 -0.9669589
vn -0.8879811 0.02471823 0.4592151
vn -0.8463418 0.0257644 0.5320168
vn -0.9231488 0.02350727 0.3837234
vn -0.9231488 0.02350727 0.3837234
vn 0.46511 -0.02800822 -0.8848098
vn 0.5899295 -0.028154 -0.8069639
vn 0.6997665 -0.02770655 -0.7138342
vn 0.6997665 -0.02770655 -0.7138342
vn 0.1563339 -0.02554347 -0.9873739
vn 0.1563339 -0.02554347 -0.9873739
vn 0.1563339 -0.02554347 -0.9873739
vn 0.1563339 -0.02554347 -0.9873739
vn -0.8956076 0.02448664 0.4441705
vn -0.8956076 0.02448664 0.4441705
vn -0.8956076 0.02448664 0.4441705
vn -0.8956076 0.02448664 0.4441705
vn -0.4711309 0.02802842 0.8816179
vn -0.4711309 0.02802842 0.8816179
vn -0.5928718 0.02814986 0.8048047
vn -0.7045338 0.02767167 0.7091308
vn -0.6257139 -0.008380812 -0.7800077
vn -0.6257139 -0.008380812 -0.7800077
vn -0.6257139 -0.008380812 -0.7800077
vn -0.6257139 -0.008380812 -0.7800077
vn 0.01574105 0.999603 -0.02336744
vn 0.01574105 0.999603 -0.02336744
vn 0.01574105 0.999603 -0.02336744
vn 0.01574105 0.999603 -0.02336744
vn 0.01574105 0.999603 -0.02336744
vn 0.01574105 0.999603 -0.02336744
vn 0.01574105 0.999603 -0.02336744
vn 0.01574105 0.999603 -0.02336744
vn 0.01574105 0.999603 -0.02336744
vn -0.01574105 -0.999603 0.02336744
vn -0.01574105 -0.999603 0.02336744
vn -0.01574105 -0.999603 0.02336744
vn -0.01574105 -0.999603 0.02336744
vn -0.01574105 -0.999603 0.02336744
vn -0.01574105 -0.999603 0.02336744
vn -0.01574105 -0.999603 0.02336744
vn -0.01574105 -0.999603 0.02336744
vn -0.01574105 -0.999603 0.02336744
vn -0.01574105 -0.999603 0.02336744
vn -0.01574105 -0.999603 0.02336744
vn 0.01574105 0.999603 -0.02336744
vn 0.01574105 0.999603 -0.02336744
vn -0.8062649 -0.00113218 -0.5915536
vn -0.8062649 -0.00113218 -0.5915536
vn -0.8062649 -0.00113218 -0.5915536
vn -0.8062649 -0.00113218 -0.5915536
vn 0.5750982 -0.02816907 -0.8175994
vn 0.5750982 -0.02816907 -0.8175994
vn 0.6411699 -0.02802402 -0.7668871
vn 0.70321 -0.02768151 -0.7104431
vn -0.9988166 0.0146444 -0.04637953
vn -0.9991593 0.01661017 0.03748001
vn -0.9915214 0.01259036 -0.1293322
vn -0.9915214 0.01259036 -0.1293322
vn 0.8453478 -0.02578561 -0.5335937
vn 0.9145158 -0.02384176 -0.4038472
vn 0.9630802 -0.02143925 -0.2683597
vn 0.9630802 -0.02143925 -0.2683597
vn 0.6281368 -0.02806914 -0.7775965
vn 0.6281368 -0.02806914 -0.7775965
vn 0.6281368 -0.02806914 -0.7775965
vn 0.6281368 -0.02806914 -0.7775965
vn -0.9979854 0.01427039 -0.06181898
vn -0.9979854 0.01427039 -0.06181898
vn -0.9979854 0.01427039 -0.06181898
vn -0.9979854 0.01427039 -0.06181898
vn -0.848905 0.02570899 0.5279199
vn -0.848905 0.02570899 0.5279199
vn -0.915985 0.02378681 0.4005069
vn -0.9648893 0.02131418 0.2617907
vn -0.1516964 -0.02071239 -0.9882102
vn -0.1516964 -0.02071239 -0.9882102
vn -0.1516964 -0.02071239 -0.9882102
vn -0.1516964 -0.02071239 -0.9882102
vn 0.01574105 0.999603 -0.02336744
vn 0.01574105 0.999603 -0.02336744
vn 0.01574105 0.999603 -0.02336744
vn 0.01574105 0.999603 -0.02336744
vn 0.01574105 0.999603 -0.02336744
vn 0.01574105 0.999603 -0.02336744
vn 0.01574105 0.999603 -0.02336744
vn 0.01574105 0.999603 -0.02336744
vn 0.01574105 0.999603 -0.02336744
vn -0.01574105 -0.999603 0.02336744
vn -0.01574105 -0.999603 0.02336744
vn -0.01574105 -0.999603 0.02336744
vn -0.01574105 -0.999603 0.02336744
vn -0.01574105 -0.999603 0.02336744
vn -0.01574105 -0.999603 0.02336744
vn -0.01574105 -0.999603 0.02336744
vn -0.01574105 -0.999603 0.02336744
vn -0.01574105 -0.999603 0.02336744
vn -0.01574105 -0.999603 0.02336744
vn -0.01574105 -0.999603 0.02336744
vn 0.01574105 0.999603 -0.02336744
vn 0.01574105 0.999603 -0.02336744
vn -0.4025104 -0.01505816 -0.9152915
vn -0.4025104 -0.01505816 -0.9152915
vn -0.4025104 -0.01505816 -0.9152915
vn -0.4025104 -0.01505816 -0.9152915
vn 0.9068292 -0.0241172 -0.4208077
vn 0.9068292 -0.0241172 -0.4208077
vn 0.9387917 -0.02281865 -0.3437285
vn 0.9643718 -0.02135037 -0.2636874
vn -0.8418736 0.0006413374 -0.5396742
vn -0.8841966 0.003004237 -0.4671052
vn -0.7939627 -0.001709529 -0.607964
vn -0.7939627 -0.001709529 -0.607964
vn 0.999085 -0.0166537 -0.03939235
vn 0.9941207 -0.0131422 0.1074769
vn 0.9684519 -0.009429105 0.2490223
vn 0.9684519 -0.009429105 0.2490223
vn 0.9331625 -0.0230803 -0.3587132
vn 0.9331625 -0.0230803 -0.3587132
vn 0.9331625 -0.0230803 -0.3587132
vn 0.9331625 -0.0230803 -0.3587132
vn -0.83313 0.0001903279 -0.5530772
vn -0.83313 0.0001903279 -0.5530772
vn -0.83313 0.0001903279 -0.5530772
vn -0.83313 0.0001903279 -0.5530772
vn -0.9993361 0.0164962 0.03248554
vn -0.9993361 0.0164962 0.03248554
vn -0.9937051 0.0130471 -0.1112648
vn -0.9667094 0.009245334 -0.2557097
vn 0.3623239 -0.02748453 -0.9316471
vn 0.3623239 -0.02748453 -0.9316471
vn 0.3623239 -0.02748453 -0.9316471
vn 0.3623239 -0.02748453 -0.9316471
vn 0.01574105 0.999603 -0.02336744
vn 0.01574105 0.999603 -0.02336744
vn 0.01574105 0.999603 -0.02336744
vn 0.01574105 0.999603 -0.02336744
vn 0.01574105 0.999603 -0.02336744
vn 0.01574105 0.999603 -0.02336744
vn 0.01574105 0.999603 -0.02336744
vn 0.01574105 0.999603 -0.02336744
vn 0.01574105 0.999603 -0.02336744
vn -0.01574105 -0.999603 0.02336744
vn -0.01574105 -0.999603 0.02336744
vn -0.01574105 -0.999603 0.02336744
vn -0.01574105 -0.999603 0.02336744
vn -0.01574105 -0.999603 0.02336744
vn -0.01574105 -0.999603 0.02336744
vn -0.01574105 -0.999603 0.02336744
vn -0.01574105 -0.999603 0.02336744
vn -0.01574105 -0.999603 0.02336744
vn -0.01574105 -0.999603 0.02336744
vn -0.01574105 -0.999603 0.02336744
vn 0.01574105 0.999603 -0.02336744
vn 0.01574105 0.999603 -0.02336744
vn 0.1090217 -0.02494693 -0.9937263
vn 0.1090217 -0.02494693 -0.9937263
vn 0.1090217 -0.02494693 -0.9937263
vn 0.1090217 -0.02494693 -0.9937263
vn 0.9959061 -0.01359369 0.08936571
vn 0.9959061 -0.01359369 0.08936571
vn 0.9850429 -0.01149264 0.1719258
vn 0.9671965 -0.009296266 0.2538592
vn -0.4596104 -0.01352141 -0.8880177
vn -0.5324076 -0.01140244 -0.8464113
vn -0.3841203 -0.01553151 -0.9231524
vn -0.3841203 -0.01553151 -0.9231524
vn 0.8851129 -0.003059318 0.4653662
vn 0.8073013 0.001082776 0.5901385
vn 0.7141982 0.005115348 0.6999249
vn 0.7141982 0.005115348 0.6999249
vn 0.9875788 -0.01188911 0.1566739
vn 0.9875788 -0.01188911 0.1566739
vn 0.9875788 -0.01188911 0.1566739
vn 0.9875788 -0.01188911 0.1566739
vn -0.4445664 -0.01393644 -0.8956375
vn -0.4445664 -0.01393644 -0.8956375
vn -0.4445664 -0.01393644 -0.8956375
vn -0.4445664 -0.01393644 -0.8956375
vn -0.8819228 0.002868381 -0.4713851
vn -0.8819228 0.002868381 -0.4713851
vn -0.805143 -0.001185519 -0.5930796
vn -0.7094958 -0.005300785 -0.7046897
vn 0.7798939 -0.02689948 -0.6253336
vn 0.7798939 -0.02689948 -0.6253336
vn 0.7798939 -0.02689948 -0.6253336
vn 0.7798939 -0.02689948 -0.6253336
vn 0.01574105 0.999603 -0.02336744
vn 0.01574105 0.999603 -0.02336744
vn 0.01574105 0.999603 -0.02336744
vn 0.01574105 0.999603 -0.02336744
vn 0.01574105 0.999603 -0.02336744
vn 0.01574105 0.999603 -0.02336744
vn 0.01574105 0.999603 -0.02336744
vn 0.01574105 0.999603 -0.02336744
vn 0.01574105 0.999603 -0.02336744
vn -0.01574105 -0.999603 0.02336744
vn -0.01574105 -0.999603 0.02336744
vn -0.01574105 -0.999603 0.02336744
vn -0.01574105 -0.999603 0.02336744
vn -0.01574105 -0.999603 0.02336744
vn -0.01574105 -0.999603 0.02336744
vn -0.01574105 -0.999603 0.02336744
vn -0.01574105 -0.999603 0.02336744
vn -0.01574105 -0.999603 0.02336744
vn -0.01574105 -0.999603 0.02336744
vn -0.01574105 -0.999603 0.02336744
vn 0.01574105 0.999603 -0.02336744
vn 0.01574105 0.999603 -0.02336744
vn 0.5913453 -0.02815205 -0.805927
vn 0.5913453 -0.02815205 -0.805927
vn 0.5913453 -0.02815205 -0.805927
vn 0.5913453 -0.02815205 -0.805927
vn 0.817933 0.0005687911 0.5753133
vn 0.817933 0.0005687911 0.5753133
vn 0.7672375 0.002910986 0.6413565
vn 0.7108079 0.005249192 0.7033666
vn 0.04601892 -0.02406993 -0.9986506
vn -0.03785326 -0.0227579 -0.9990242
vn 0.1289866 -0.02520521 -0.991326
vn 0.1289866 -0.02520521 -0.991326
vn 0.5339844 0.01135439 0.8454182
vn 0.4042439 0.01501301 0.914528
vn 0.2687541 0.01828055 0.9630353
vn 0.2687541 0.01828055 0.9630353
vn 0.7779437 0.002437858 0.6283293
vn 0.7779437 0.002437858 0.6283293
vn 0.7779437 0.002437858 0.6283293
vn 0.7779437 0.002437858 0.6283293
vn 0.06146098 -0.02429353 -0.9978138
vn 0.06146098 -0.02429353 -0.9978138
vn 0.06146098 -0.02429353 -0.9978138
vn 0.06146098 -0.02429353 -0.9978138
vn -0.5283111 -0.01152682 -0.8489727
vn -0.5283111 -0.01152682 -0.8489727
vn -0.4009037 -0.01509992 -0.9159958
vn -0.2621848 -0.01842622 -0.9648418
vn 0.9883019 -0.01910018 -0.1513102
vn 0.9883019 -0.01910018 -0.1513102
vn 0.9883019 -0.01910018 -0.1513102
vn 0.9883019 -0.01910018 -0.1513102
vn 0.01574105 0.999603 -0.02336744
vn 0.01574105 0.999603 -0.02336744
vn 0.01574105 0.999603 -0.02336744
vn 0.01574105 0.999603 -0.02336744
vn 0.01574105 0.999603 -0.02336744
vn 0.01574105 0.999603 -0.02336744
vn 0.01574105 0.999603 -0.02336744
vn 0.01574105 0.999603 -0.02336744
vn 0.01574105 0.999603 -0.02336744
vn -0.01574105 -0.999603 0.02336744
vn -0.01574105 -0.999603 0.02336744
vn -0.01574105 -0.999603 0.02336744
vn -0.01574105 -0.999603 0.02336744
vn -0.01574105 -0.999603 0.02336744
vn -0.01574105 -0.999603 0.02336744
vn -0.01574105 -0.999603 0.02336744
vn -0.01574105 -0.999603 0.02336744
vn -0.01574105 -0.999603 0.02336744
vn 0.91528 -0.02381327 -0.4021136
vn 0.91528 -0.02381327 -0.4021136
vn 0.91528 -0.02381327 -0.4021136
vn 0.91528 -0.02381327 -0.4021136
vn -0.1090217 0.02494693 0.9937263
vn 0.2796471 0.0180365 0.9599335
vn 0.2796471 0.0180365 0.9599335
vn -0.1090217 0.02494693 0.9937263
vn 0.6257139 0.008380812 0.7800077
vn 0.6257139 0.008380812 0.7800077
vn 0.8765291 -0.002550679 0.4813422
vn 0.8765291 -0.002550679 0.4813422
vn 0.9939147 -0.01309467 0.1093711
vn 0.9939147 -0.01309467 0.1093711
vn 0.9599738 -0.02164496 -0.2792521
vn 0.9599738 -0.02164496 -0.2792521
vn 0.7798939 -0.02689948 -0.6253336
vn 0.7798939 -0.02689948 -0.6253336
vn 0.4810915 -0.02805911 -0.8762213
vn 0.4810915 -0.02805911 -0.8762213
vn 0.1090217 -0.02494693 -0.9937263
vn 0.1090217 -0.02494693 -0.9937263
vn -0.2796471 -0.0180365 -0.9599335
vn -0.2796471 -0.0180365 -0.9599335
vn -0.6257139 -0.008380812 -0.7800077
vn -0.6257139 -0.008380812 -0.7800077
vn -0.8765291 0.002550679 -0.4813422
vn -0.8765291 0.002550679 -0.4813422
vn -0.9939147 0.01309467 -0.1093711
vn -0.9939147 0.01309467 -0.1093711
vn -0.9599738 0.02164496 0.2792521
vn -0.9599738 0.02164496 0.2792521
vn -0.7798939 0.02689948 0.6253336
vn -0.7798939 0.02689948 0.6253336
vn -0.4810915 0.02805911 0.8762213
vn -0.4810915 0.02805911 0.8762213
vn -0.1090217 0.02494693 0.9937263
vn 0.2796471 0.0180365 0.9599335
vn 0.2796471 0.0180365 0.9599335
vn -0.1090217 0.02494693 0.9937263
vn 0.6257139 0.008380812 0.7800077
vn 0.6257139 0.008380812 0.7800077
vn 0.8765291 -0.002550679 0.4813422
vn 0.8765291 -0.002550679 0.4813422
vn 0.9939147 -0.01309467 0.1093711
vn 0.9939147 -0.01309467 0.1093711
vn 0.9599738 -0.02164496 -0.2792521
vn 0.9599738 -0.02164496 -0.2792521
vn 0.7798939 -0.02689948 -0.6253336
vn 0.7798939 -0.02689948 -0.6253336
vn 0.4810915 -0.02805911 -0.8762213
vn 0.4810915 -0.02805911 -0.8762213
vn 0.1090217 -0.02494693 -0.9937263
vn 0.1090217 -0.02494693 -0.9937263
vn -0.2796471 -0.0180365 -0.9599335
vn -0.2796471 -0.0180365 -0.9599335
vn -0.6257139 -0.008380812 -0.7800077
vn -0.6257139 -0.008380812 -0.7800077
vn -0.8765291 0.002550679 -0.4813422
vn -0.8765291 0.002550679 -0.4813422
vn -0.9939147 0.01309467 -0.1093711
vn -0.9939147 0.01309467 -0.1093711
vn -0.9599738 0.02164496 0.2792521
vn -0.9599738 0.02164496 0.2792521
vn -0.7798939 0.02689948 0.6253336
vn -0.7798939 0.02689948 0.6253336
vn -0.4810915 0.02805911 0.8762213
vn -0.4810915 0.02805911 0.8762213
vn 0.9998733 -0.01568057 0.002766824
vn 0.9998733 -0.01568057 0.002766824
vn 0.9998733 -0.01568057 0.002766824
vn 0.9998733 -0.01568057 0.002766824
vn -0.2144004 0.02620119 0.9763945
vn -0.2144004 0.02620119 0.9763945
vn -0.2144004 0.02620119 0.9763945
vn -0.2144004 0.02620119 0.9763945
vn 0.8767581 -0.002564044 0.4809248
vn 0.9939125 -0.01309417 0.1093911
vn 0.7665123 0.002942659 0.6422229
vn 0.7665123 0.002942659 0.6422229
vn 0.2791897 0.01804681 0.9600664
vn 0.4606138 0.01349347 0.8874981
vn 0.4606138 0.01349347 0.8874981
vn -0.1090017 0.02494667 0.9937285
vn -0.9998733 0.01568057 -0.002766824
vn -0.9998733 0.01568057 -0.002766824
vn -0.9998733 0.01568057 -0.002766824
vn -0.9998733 0.01568057 -0.002766824
vn 0.2144004 -0.02620119 -0.9763945
vn 0.2144004 -0.02620119 -0.9763945
vn 0.2144004 -0.02620119 -0.9763945
vn 0.2144004 -0.02620119 -0.9763945
vn -0.8767581 0.002564044 -0.4809248
vn -0.9939125 0.01309417 -0.1093911
vn -0.7665123 -0.002942659 -0.6422229
vn -0.7665123 -0.002942659 -0.6422229
vn -0.2791897 -0.01804681 -0.9600664
vn -0.4606138 -0.01349347 -0.8874981
vn -0.4606138 -0.01349347 -0.8874981
vn 0.1090017 -0.02494667 -0.9937285
vn -0.3009103 0.0270229 0.9532695
vn -0.3009103 0.0270229 0.9532695
vn -0.9985441 0.01692164 0.05121851
vn -0.9985441 0.01692164 0.05121851
vn -0.9939147 0.01309467 -0.1093711
vn -0.9939147 0.01309467 -0.1093711
vn -0.9773861 0.02031161 0.2104854
vn -0.9773861 0.02031161 0.2104854
vn -0.2668214 0.02672234 0.9633755
vn -0.2668214 0.02672234 0.9633755
vn -0.4177305 0.02780764 0.9081455
vn -0.4177305 0.02780764 0.9081455
vn -0.1090217 0.02494693 0.9937263
vn -0.1090217 0.02494693 0.9937263
vn -0.9960787 0.01771181 0.0866807
vn -0.9960787 0.01771181 0.0866807
vn 0.3009103 -0.0270229 -0.9532695
vn 0.3009103 -0.0270229 -0.9532695
vn 0.9985441 -0.01692164 -0.05121851
vn 0.9939147 -0.01309467 0.1093711
vn 0.9939147 -0.01309467 0.1093711
vn 0.9985441 -0.01692164 -0.05121851
vn 0.9773861 -0.02031161 -0.2104854
vn 0.9773861 -0.02031161 -0.2104854
vn 0.2668214 -0.02672234 -0.9633755
vn 0.2668214 -0.02672234 -0.9633755
vn 0.4177305 -0.02780764 -0.9081455
vn 0.4177305 -0.02780764 -0.9081455
vn 0.1090217 -0.02494693 -0.9937263
vn 0.1090217 -0.02494693 -0.9937263
vn 0.9960787 -0.01771181 -0.0866807
vn 0.9960787 -0.01771181 -0.0866807
vn 0.01574105 0.999603 -0.02336744
vn 0.01574105 0.999603 -0.02336744
vn 0.01574105 0.999603 -0.02336744
vn 0.01574105 0.999603 -0.02336744
vn 0.01574105 0.999603 -0.02336744
vn 0.01574105 0.999603 -0.02336744
vn 0.01574105 0.999603 -0.02336744
vn 0.01574105 0.999603 -0.02336744
vn 0.01574105 0.999603 -0.02336744
vn 0.01574105 0.999603 -0.02336744
vn 0.01574105 0.999603 -0.02336744
vn 0.01574105 0.999603 -0.02336744
vn 0.01574105 0.999603 -0.02336744
vn 0.01574105 0.999603 -0.02336744
vn 0.01574105 0.999603 -0.02336744
vn 0.01574105 0.999603 -0.02336744
vn 0.01574105 0.999603 -0.02336744
vn 0.01574105 0.999603 -0.02336744
vn 0.01574105 0.999603 -0.02336744
vn 0.01574105 0.999603 -0.02336744
vn 0.01574105 0.999603 -0.02336744
vn 0.01574105 0.999603 -0.02336744
vn 0.01574105 0.999603 -0.02336744
vn 0.01574105 0.999603 -0.02336744
vn 0.01574105 0.999603 -0.02336744
vn 0.01574105 0.999603 -0.02336744
vn 0.01574105 0.999603 -0.02336744
vn 0.01574105 0.999603 -0.02336744
vn 0.01574105 0.999603 -0.02336744
vn 0.01574105 0.999603 -0.02336744
vn 0.01574105 0.999603 -0.02336744
vn 0.01574105 0.999603 -0.02336744
vn 0.01574105 0.999603 -0.02336744
vn 0.01574105 0.999603 -0.02336744
vn 0.01574105 0.999603 -0.02336744
vn 0.01574105 0.999603 -0.02336744
vn 0.01574105 0.999603 -0.02336744
vn 0.01574105 0.999603 -0.02336744
vn 0.01574105 0.999603 -0.02336744
vn 0.01574105 0.999603 -0.02336744
vn 0.01574105 0.999603 -0.02336744
vn 0.01574105 0.999603 -0.02336744
vn 0.01574105 0.999603 -0.02336744
vn 0.01574105 0.999603 -0.02336744
vn 0.01574105 0.999603 -0.02336744
vn 0.01574105 0.999603 -0.02336744
vn 0.01574105 0.999603 -0.02336744
vn 0.01574105 0.999603 -0.02336744
vn -0.06595936 0.7244661 0.6861474
vn -0.3290482 0.7266755 0.6030508
vn -0.3290482 0.7266755 0.6030508
vn -0.06595934 0.7244661 0.6861474
vn -0.5403404 0.7258435 0.4256566
vn -0.5403404 0.7258435 0.4256566
vn -0.6676648 0.7221401 0.1809352
vn -0.6676648 0.7221401 0.1809352
vn -0.6916733 0.7160853 -0.0938603
vn -0.6916733 0.7160854 -0.09386028
vn -0.6086612 0.7086385 -0.3568797
vn -0.6086611 0.7086385 -0.3568797
vn -0.4313181 0.7008965 -0.5680746
vn -0.4313181 0.7008964 -0.5680746
vn -0.1866072 0.6940814 -0.6952905
vn -0.1866072 0.6940814 -0.6952905
vn 0.08822057 0.6891859 -0.7191939
vn 0.08822054 0.6891859 -0.7191939
vn 0.3513096 0.6869944 -0.6360977
vn 0.3513097 0.6869944 -0.6360977
vn 0.5626014 0.6878018 -0.458703
vn 0.5626014 0.6878017 -0.458703
vn 0.6899263 0.6915298 -0.2139822
vn 0.6899263 0.6915298 -0.2139822
vn 0.7139345 0.6975667 0.06081375
vn 0.7139345 0.6975667 0.06081373
vn 0.6309227 0.7050314 0.3238327
vn 0.6309226 0.7050313 0.3238327
vn 0.4535792 0.7127488 0.5350282
vn 0.4535792 0.7127488 0.5350282
vn 0.2088687 0.7195885 0.6622435
vn 0.2088687 0.7195885 0.6622435
vn 0.01574105 0.999603 -0.02336744
vn 0.01574105 0.999603 -0.02336744
vn 0.01574105 0.999603 -0.02336744
vn 0.01574105 0.999603 -0.02336744
vn 0.01574105 0.999603 -0.02336744
vn 0.01574105 0.999603 -0.02336744
vn 0.01574105 0.999603 -0.02336744
vn 0.01574105 0.999603 -0.02336744
vn 0.01574105 0.999603 -0.02336744
vn 0.01574105 0.999603 -0.02336744
vn 0.01574105 0.999603 -0.02336744
vn 0.01574105 0.999603 -0.02336744
vn 0.01574105 0.999603 -0.02336744
vn 0.01574105 0.999603 -0.02336744
vn 0.01574105 0.999603 -0.02336744
vn 0.01574105 0.999603 -0.02336744
vn 0.01574105 0.999603 -0.02336744
vn 0.01574105 0.999603 -0.02336744
vn 0.01574105 0.999603 -0.02336744
vn 0.01574105 0.999603 -0.02336744
vn 0.01574105 0.999603 -0.02336744
vn 0.01574105 0.999603 -0.02336744
vn 0.01574105 0.999603 -0.02336744
vn 0.01574105 0.999603 -0.02336744
vn 0.01574105 0.999603 -0.02336744
vn 0.01574105 0.999603 -0.02336744
vn 0.01574105 0.999603 -0.02336744
vn 0.01574105 0.999603 -0.02336744
vn 0.01574105 0.999603 -0.02336744
vn 0.01574105 0.999603 -0.02336744
vn 0.01574105 0.999603 -0.02336744
vn 0.01574105 0.999603 -0.02336744
vn -0.01574105 -0.999603 0.02336744
vn -0.01574105 -0.999603 0.02336744
vn -0.01574105 -0.999603 0.02336744
vn -0.01574105 -0.999603 0.02336744
vn -0.01574105 -0.999603 0.02336744
vn -0.01574105 -0.999603 0.02336744
vn -0.01574105 -0.999603 0.02336744
vn -0.01574105 -0.999603 0.02336744
vn -0.01574105 -0.999603 0.02336744
vn -0.01574105 -0.999603 0.02336744
vn -0.01574105 -0.999603 0.02336744
vn -0.01574105 -0.999603 0.02336744
vn -0.01574105 -0.999603 0.02336744
vn -0.01574105 -0.999603 0.02336744
vn -0.01574105 -0.999603 0.02336744
vn -0.01574105 -0.999603 0.02336744
vn -0.01574105 -0.999603 0.02336744
vn -0.01574105 -0.999603 0.02336744
vn -0.01574105 -0.999603 0.02336744
vn -0.01574105 -0.999603 0.02336744
vn -0.01574105 -0.999603 0.02336744
vn -0.01574105 -0.999603 0.02336744
vn -0.01574105 -0.999603 0.02336744
vn -0.01574105 -0.999603 0.02336744
vn -0.3513096 -0.6869944 0.6360977
vn -0.3513097 -0.6869944 0.6360977
vn -0.5626014 -0.6878018 0.458703
vn -0.5626014 -0.6878017 0.458703
vn -0.6899263 -0.6915298 0.2139822
vn -0.6899263 -0.6915298 0.2139822
vn -0.01574105 -0.999603 0.02336744
vn -0.01574105 -0.999603 0.02336744
vn -0.01574105 -0.999603 0.02336744
vn -0.01574105 -0.999603 0.02336744
vn -0.01574105 -0.999603 0.02336744
vn -0.01574105 -0.999603 0.02336744
vn 0.4810915 -0.02805911 -0.8762213
vn 0.4810915 -0.02805911 -0.8762213
vn 0.7798939 -0.02689948 -0.6253336
vn 0.7798939 -0.02689948 -0.6253336
vn 0.9599738 -0.02164496 -0.2792521
vn 0.9599738 -0.02164496 -0.2792521
vn -0.01574105 -0.999603 0.02336744
vn -0.01574105 -0.999603 0.02336744
vn -0.01574105 -0.999603 0.02336744
vn -0.01574105 -0.999603 0.02336744
vn -0.01574105 -0.999603 0.02336744
vn -0.01574105 -0.999603 0.02336744
vn -0.01574105 -0.999603 0.02336744
vn -0.01574105 -0.999603 0.02336744
vn 0.3290482 -0.7266755 -0.6030508
vn 0.3290482 -0.7266755 -0.6030508
vn 0.5403404 -0.7258435 -0.4256566
vn 0.5403404 -0.7258435 -0.4256566
vn 0.6676648 -0.7221401 -0.1809352
vn 0.6676648 -0.7221401 -0.1809352
vn -0.01574105 -0.999603 0.02336744
vn -0.01574105 -0.999603 0.02336744
vn -0.01574105 -0.999603 0.02336744
vn -0.01574105 -0.999603 0.02336744
vn -0.01574105 -0.999603 0.02336744
vn -0.01574105 -0.999603 0.02336744
vn -0.4810915 0.02805911 0.8762213
vn -0.4810915 0.02805911 0.8762213
vn -0.7798939 0.02689948 0.6253336
vn -0.7798939 0.02689948 0.6253336
vn -0.9599738 0.02164496 0.2792521
vn -0.9599738 0.02164496 0.2792521
vn -0.01574105 -0.999603 0.02336744
vn -0.01574105 -0.999603 0.02336744
vt 6.223 -1.131
vt 5.824 -0.886
vt 6 0
vt 7 0
vt 6.64 -1.811
vt 5.877 -3.477
vt 5.633 -4.334
vt 5.091 -5.091
vt 4.243 -4.243
vt 5.213 -2.791
vt 5.786 -2.65
vt 5.543 -2.296
vt 6.122 -4.498
vt 5.445 -5.445
vt 5.091 -5.091
vt 5.633 -4.334
vt 6.33 -3.767
vt 5.877 -3.477
vt 6.492 -3.421
vt 6.697 -2.207
vt 6.668 -2.762
vt 5.786 -2.65
vt 5.543 -2.296
vt 6.223 -1.131
vt 6.64 -1.811
vt -2.296 -9
vt 0 -9
vt 0 -10
vt -0.886 -10
vt 5.824 -0.886
vt 6.929 -2.87
vt 6.64 -1.811
vt 0 -10
vt 0 -9.5
vt -2.207 -9.863999
vt 6.668 -2.762
vt 6.492 -3.421
vt 6.33 -3.767
vt 6.364 -6.364
vt 6.122 -4.498
vt 6.33 -3.767
vt 6.929 -2.87
vt 5.445 -5.445
vt 7.5 0
vt 9 0
vt -1.131 6.223
vt 0 7
vt 0 6
vt -0.886 5.824
vt -1.811 6.64
vt -3.477 5.877
vt -4.243 4.243
vt -5.091 5.091
vt -4.334 5.633
vt -2.791 5.213
vt -2.65 5.786
vt -2.296 5.543
vt -4.498 6.122
vt -4.334 5.633
vt -5.091 5.091
vt -5.445 5.445
vt -3.767 6.33
vt -3.477 5.877
vt -3.421 6.492
vt -2.207 6.697
vt -2.762 6.668
vt -2.65 5.786
vt -1.131 6.223
vt -2.296 5.543
vt -1.811 6.64
vt -9 -2.296
vt -10 -0.886
vt -10 0
vt -9 0
vt -0.886 5.824
vt -2.87 6.929
vt -9.5 0
vt -10 0
vt -1.811 6.64
vt -9.863999 -2.207
vt -2.762 6.668
vt -3.421 6.492
vt -3.767 6.33
vt -6.364 6.364
vt -2.87 6.929
vt -3.767 6.33
vt -4.498 6.122
vt -5.445 5.445
vt 0 9
vt 0 7.5
vt -6.223 1.131
vt -5.824 0.886
vt -6 0
vt -7 0
vt -6.64 1.811
vt -5.877 3.477
vt -5.633 4.334
vt -5.213 2.791
vt -5.786 2.65
vt -5.543 2.296
vt -6.122 4.498
vt -5.633 4.334
vt -6.33 3.767
vt -5.877 3.477
vt -6.492 3.421
vt -6.697 2.207
vt -6.668 2.762
vt -5.786 2.65
vt -5.543 2.296
vt -6.223 1.131
vt -6.64 1.811
vt 2.296 -9
vt 0 -9
vt 0 -10
vt 0.886 -10
vt -5.824 0.886
vt -6.929 2.87
vt -6.64 1.811
vt 0 -10
vt 0 -9.5
vt 2.207 -9.863999
vt -6.668 2.762
vt -6.492 3.421
vt -6.33 3.767
vt -6.122 4.498
vt -6.33 3.767
vt -6.929 2.87
vt -7.5 0
vt -9 0
vt 1.131 -6.223
vt 0 -7
vt 0 -6
vt 0.886 -5.824
vt 1.811 -6.64
vt 3.477 -5.877
vt 4.334 -5.633
vt 2.791 -5.213
vt 2.65 -5.786
vt 2.296 -5.543
vt 4.498 -6.122
vt 4.334 -5.633
vt 3.767 -6.33
vt 3.477 -5.877
vt 3.421 -6.492
vt 2.207 -6.697
vt 2.762 -6.668
vt 2.65 -5.786
vt 1.131 -6.223
vt 2.296 -5.543
vt 1.811 -6.64
vt -9 2.296
vt -10 0.886
vt -10 0
vt -9 0
vt 0.886 -5.824
vt 2.87 -6.929
vt -9.5 0
vt -10 0
vt 1.811 -6.64
vt -9.863999 2.207
vt 2.762 -6.668
vt 3.421 -6.492
vt 3.767 -6.33
vt 2.87 -6.929
vt 3.767 -6.33
vt 4.498 -6.122
vt 0 -9
vt 0 -7.5
vt -17.695 4.75
vt -17.695 -4.75
vt -16.333 -4.75
vt -16.333 4.75
vt -16.333 4.75
vt -16.333 -4.75
vt -17.695 -4.75
vt -17.695 4.75
vt -14.56 -4.75
vt -14.56 4.75
vt -12.68 -4.75
vt -12.68 4.75
vt -12.68 4.75
vt -12.68 -4.75
vt -12.159 -4.75
vt -12.159 4.75
vt -12.159 4.75
vt -12.159 -4.75
vt -12.68 -4.75
vt -12.68 4.75
vt -12.68 4.75
vt -12.68 -4.75
vt -14.56 -4.75
vt -14.56 4.75
vt 4.75 4.288
vt 4.75 2.069
vt -4.75 2.069
vt -4.75 4.288
vt 1.534 -16.333
vt -1.534 -16.333
vt -0.71 -17.695
vt 0.71 -17.695
vt 2.069 -14.56
vt -2.069 -14.56
vt 1.8 -12.68
vt -1.8 -12.68
vt 2.069 -12.159
vt -2.069 -12.159
vt -1.05 -8.707
vt 3.444 -8.065
vt 4.288 -11.565
vt -2.069 -12.159
vt 2.069 -12.159
vt 1.534 -16.333
vt 0.71 -17.695
vt -0.71 -17.695
vt -1.534 -16.333
vt 2.069 -14.56
vt -2.069 -14.56
vt 1.8 -12.68
vt -1.8 -12.68
vt -1.05 -8.707
vt 4.288 -11.565
vt 3.444 -8.065
vt -4.75 -0.7102
vt -4.75 0.7102
vt 4.75 0.7102
vt 4.75 -0.7102
vt -14.969 4.75
vt -14.969 -4.75
vt -13.378 -4.75
vt -13.378 4.75
vt 4.75 6.838
vt -4.75 6.838
vt -4.75 8.231999
vt 4.75 8.231999
vt -11.575 -4.75
vt -11.575 4.75
vt -10.082 -4.75
vt -10.082 4.75
vt -10.082 4.75
vt -10.082 -4.75
vt -9.495999 -4.75
vt -9.495999 4.75
vt 4.75 4.288
vt -4.75 4.288
vt -4.75 4.781
vt 4.75 4.781
vt -11.881 4.75
vt -11.881 -4.75
vt -13.644 -4.75
vt -13.644 4.75
vt -7.871 4.75
vt -9.495999 4.75
vt -9.495999 -4.75
vt -7.871 -4.75
vt 9.495 -13.378
vt 6.838 -14.912
vt 8.231999 -15.68
vt 9.462999 -14.969
vt 9.072 -11.575
vt 5.488 -13.644
vt 7.899 -10.082
vt 4.781 -11.881
vt 7.871 -9.495999
vt 7.015 -5.262
vt 9.495999 -7.871
vt 7.871 -9.495999
vt 9.495 -13.378
vt 9.462999 -14.969
vt 8.231999 -15.68
vt 6.838 -14.912
vt 9.072 -11.575
vt 5.488 -13.644
vt 7.899 -10.082
vt 4.781 -11.881
vt 9.495999 -7.871
vt 7.015 -5.262
vt -4.75 8.2324
vt -4.75 9.4626
vt 4.75 9.4626
vt 4.75 8.2324
vt -8.231999 4.75
vt -8.231999 -4.75
vt -6.838 -4.75
vt -6.838 4.75
vt 4.75 13.378
vt -4.75 13.378
vt -4.75 14.969
vt 4.75 14.969
vt -4.75 13.644
vt 4.75 13.644
vt -4.75 11.881
vt 4.75 11.881
vt -4.781 4.75
vt -4.781 -4.75
vt -4.288 -4.75
vt -4.288 4.75
vt 4.75 9.495999
vt -4.75 9.495999
vt -4.75 10.082
vt 4.75 10.082
vt 4.75 10.082
vt -4.75 10.082
vt -4.75 11.575
vt 4.75 11.575
vt -2.069 4.75
vt -4.288 4.75
vt -4.288 -4.75
vt -2.069 -4.75
vt 14.912 -6.838
vt 13.378 -9.495
vt 14.969 -9.462999
vt 15.68 -8.231999
vt 13.644 -5.488
vt 11.575 -9.072
vt 11.881 -4.781
vt 10.082 -7.899
vt 11.565 -4.288
vt 8.707 -1.05
vt 12.159 -2.069
vt 11.565 -4.288
vt 14.912 -6.838
vt 15.68 -8.231999
vt 14.969 -9.462999
vt 13.378 -9.495
vt 13.644 -5.488
vt 11.575 -9.072
vt 11.881 -4.781
vt 10.082 -7.899
vt 12.159 -2.069
vt 8.707 -1.05
vt -9.4626 -4.75
vt -8.2324 -4.75
vt -8.2324 4.75
vt -9.4626 4.75
vt 4.75 17.695
vt -4.75 17.695
vt -4.75 16.333
vt 4.75 16.333
vt 4.75 16.333
vt -4.75 16.333
vt -4.75 17.695
vt 4.75 17.695
vt -4.75 14.56
vt 4.75 14.56
vt -4.75 12.68
vt 4.75 12.68
vt 4.75 12.68
vt -4.75 12.68
vt -4.75 12.159
vt 4.75 12.159
vt 4.75 12.159
vt -4.75 12.159
vt -4.75 12.68
vt 4.75 12.68
vt 4.75 12.68
vt -4.75 12.68
vt -4.75 14.56
vt 4.75 14.56
vt 4.288 4.75
vt 2.069 4.75
vt 2.069 -4.75
vt 4.288 -4.75
vt 16.333 1.534
vt 16.333 -1.534
vt 17.695 -0.71
vt 17.695 0.71
vt 14.56 2.069
vt 14.56 -2.069
vt 12.68 1.8
vt 12.68 -1.8
vt 12.159 2.069
vt 8.065 3.444
vt 11.565 4.288
vt 12.159 2.069
vt 16.333 1.534
vt 17.695 0.71
vt 17.695 -0.71
vt 16.333 -1.534
vt 14.56 2.069
vt 14.56 -2.069
vt 12.68 1.8
vt 12.68 -1.8
vt 11.565 4.288
vt 8.065 3.444
vt -0.7102 -4.75
vt 0.7102 -4.75
vt 0.7102 4.75
vt -0.7102 4.75
vt 4.75 14.969
vt -4.75 14.969
vt -4.75 13.378
vt 4.75 13.378
vt 6.838 4.75
vt 6.838 -4.75
vt 8.231999 -4.75
vt 8.231999 4.75
vt -4.75 11.575
vt 4.75 11.575
vt -4.75 10.082
vt 4.75 10.082
vt 4.75 10.082
vt -4.75 10.082
vt -4.75 9.495999
vt 4.75 9.495999
vt 4.288 4.75
vt 4.288 -4.75
vt 4.781 -4.75
vt 4.781 4.75
vt 4.75 11.881
vt -4.75 11.881
vt -4.75 13.644
vt 4.75 13.644
vt 9.495999 4.75
vt 7.871 4.75
vt 7.871 -4.75
vt 9.495999 -4.75
vt 13.378 9.495
vt 14.912 6.838
vt 15.68 8.231999
vt 14.969 9.462999
vt 11.575 9.072
vt 13.644 5.488
vt 10.082 7.899
vt 11.881 4.781
vt 9.495999 7.871
vt 5.262 7.015
vt 7.871 9.495999
vt 9.495999 7.871
vt 13.378 9.495
vt 14.969 9.462999
vt 15.68 8.231999
vt 14.912 6.838
vt 11.575 9.072
vt 13.644 5.488
vt 10.082 7.899
vt 11.881 4.781
vt 7.871 9.495999
vt 5.262 7.015
vt 8.2324 -4.75
vt 9.4626 -4.75
vt 9.4626 4.75
vt 8.2324 4.75
vt 4.75 8.231999
vt -4.75 8.231999
vt -4.75 6.838
vt 4.75 6.838
vt 13.378 4.75
vt 13.378 -4.75
vt 14.969 -4.75
vt 14.969 4.75
vt 13.644 -4.75
vt 13.644 4.75
vt 11.881 -4.75
vt 11.881 4.75
vt 4.75 4.781
vt -4.75 4.781
vt -4.75 4.288
vt 4.75 4.288
vt 9.495999 4.75
vt 9.495999 -4.75
vt 10.082 -4.75
vt 10.082 4.75
vt 10.082 4.75
vt 10.082 -4.75
vt 11.575 -4.75
vt 11.575 4.75
vt 4.75 2.069
vt 4.75 4.288
vt -4.75 4.288
vt -4.75 2.069
vt 6.838 14.912
vt 9.495 13.378
vt 9.462999 14.969
vt 8.231999 15.68
vt 5.488 13.644
vt 9.072 11.575
vt 4.781 11.881
vt 7.899 10.082
vt 4.288 11.565
vt 1.05 8.707
vt 2.069 12.159
vt 4.288 11.565
vt 6.838 14.912
vt 8.231999 15.68
vt 9.462999 14.969
vt 9.495 13.378
vt 5.488 13.644
vt 9.072 11.575
vt 4.781 11.881
vt 7.899 10.082
vt 2.069 12.159
vt 1.05 8.707
vt -4.75 9.4626
vt -4.75 8.2324
vt 4.75 8.2324
vt 4.75 9.4626
vt 17.695 4.75
vt 17.695 -4.75
vt 16.333 -4.75
vt 16.333 4.75
vt 16.333 4.75
vt 16.333 -4.75
vt 17.695 -4.75
vt 17.695 4.75
vt 14.56 -4.75
vt 14.56 4.75
vt 12.68 -4.75
vt 12.68 4.75
vt 12.68 4.75
vt 12.68 -4.75
vt 12.159 -4.75
vt 12.159 4.75
vt 12.159 4.75
vt 12.159 -4.75
vt 12.68 -4.75
vt 12.68 4.75
vt 12.68 4.75
vt 12.68 -4.75
vt 14.56 -4.75
vt 14.56 4.75
vt 4.75 -4.288
vt 4.75 -2.069
vt -4.75 -2.069
vt -4.75 -4.288
vt -1.534 16.333
vt 1.534 16.333
vt 0.71 17.695
vt -0.71 17.695
vt -2.069 14.56
vt 2.069 14.56
vt -1.8 12.68
vt 1.8 12.68
vt -2.069 12.159
vt -3.444 8.065
vt -4.288 11.565
vt -2.069 12.159
vt -1.534 16.333
vt -0.71 17.695
vt 0.71 17.695
vt 1.534 16.333
vt -2.069 14.56
vt 2.069 14.56
vt -1.8 12.68
vt 1.8 12.68
vt -4.288 11.565
vt -3.444 8.065
vt -4.75 0.7102
vt -4.75 -0.7102
vt 4.75 -0.7102
vt 4.75 0.7102
vt 14.969 4.75
vt 14.969 -4.75
vt 13.378 -4.75
vt 13.378 4.75
vt 4.75 -6.838
vt -4.75 -6.838
vt -4.75 -8.231999
vt 4.75 -8.231999
vt 11.575 -4.75
vt 11.575 4.75
vt 10.082 -4.75
vt 10.082 4.75
vt 10.082 4.75
vt 10.082 -4.75
vt 9.495999 -4.75
vt 9.495999 4.75
vt 4.75 -4.288
vt -4.75 -4.288
vt -4.75 -4.781
vt 4.75 -4.781
vt 11.881 4.75
vt 11.881 -4.75
vt 13.644 -4.75
vt 13.644 4.75
vt 7.871 4.75
vt 9.495999 4.75
vt 9.495999 -4.75
vt 7.871 -4.75
vt -9.495 13.378
vt -6.838 14.912
vt -8.231999 15.68
vt -9.462999 14.969
vt -9.072 11.575
vt -5.488 13.644
vt -7.899 10.082
vt -4.781 11.881
vt -7.871 9.495999
vt -7.015 5.262
vt -9.495999 7.871
vt -7.871 9.495999
vt -9.495 13.378
vt -9.462999 14.969
vt -8.231999 15.68
vt -6.838 14.912
vt -9.072 11.575
vt -5.488 13.644
vt -7.899 10.082
vt -4.781 11.881
vt -9.495999 7.871
vt -7.015 5.262
vt -4.75 -8.2324
vt -4.75 -9.4626
vt 4.75 -9.4626
vt 4.75 -8.2324
vt 8.231999 4.75
vt 8.231999 -4.75
vt 6.838 -4.75
vt 6.838 4.75
vt 4.75 -13.378
vt -4.75 -13.378
vt -4.75 -14.969
vt 4.75 -14.969
vt -4.75 -13.644
vt 4.75 -13.644
vt -4.75 -11.881
vt 4.75 -11.881
vt 4.781 4.75
vt 4.781 -4.75
vt 4.288 -4.75
vt 4.288 4.75
vt 4.75 -9.495999
vt -4.75 -9.495999
vt -4.75 -10.082
vt 4.75 -10.082
vt 4.75 -10.082
vt -4.75 -10.082
vt -4.75 -11.575
vt 4.75 -11.575
vt 2.069 4.75
vt 4.288 4.75
vt 4.288 -4.75
vt 2.069 -4.75
vt -14.912 6.838
vt -13.378 9.495
vt -14.969 9.462999
vt -15.68 8.231999
vt -13.644 5.488
vt -11.575 9.072
vt -11.881 4.781
vt -10.082 7.899
vt -11.565 4.288
vt -8.707 1.05
vt -12.159 2.069
vt -11.565 4.288
vt -14.912 6.838
vt -15.68 8.231999
vt -14.969 9.462999
vt -13.378 9.495
vt -13.644 5.488
vt -11.575 9.072
vt -11.881 4.781
vt -10.082 7.899
vt -12.159 2.069
vt -8.707 1.05
vt 9.4626 -4.75
vt 8.2324 -4.75
vt 8.2324 4.75
vt 9.4626 4.75
vt 4.75 -17.695
vt -4.75 -17.695
vt -4.75 -16.333
vt 4.75 -16.333
vt 4.75 -16.333
vt -4.75 -16.333
vt -4.75 -17.695
vt 4.75 -17.695
vt -4.75 -14.56
vt 4.75 -14.56
vt -4.75 -12.68
vt 4.75 -12.68
vt 4.75 -12.68
vt -4.75 -12.68
vt -4.75 -12.159
vt 4.75 -12.159
vt 4.75 -12.159
vt -4.75 -12.159
vt -4.75 -12.68
vt 4.75 -12.68
vt 4.75 -12.68
vt -4.75 -12.68
vt -4.75 -14.56
vt 4.75 -14.56
vt -4.288 4.75
vt -2.069 4.75
vt -2.069 -4.75
vt -4.288 -4.75
vt -16.333 -1.534
vt -16.333 1.534
vt -17.695 0.71
vt -17.695 -0.71
vt -14.56 -2.069
vt -14.56 2.069
vt -12.68 -1.8
vt -12.68 1.8
vt -12.159 -2.069
vt -8.065 -3.444
vt -11.565 -4.288
vt -12.159 -2.069
vt -16.333 -1.534
vt -17.695 -0.71
vt -17.695 0.71
vt -16.333 1.534
vt -14.56 -2.069
vt -14.56 2.069
vt -12.68 -1.8
vt -12.68 1.8
vt -11.565 -4.288
vt -8.065 -3.444
vt 0.7102 -4.75
vt -0.7102 -4.75
vt -0.7102 4.75
vt 0.7102 4.75
vt 4.75 -14.969
vt -4.75 -14.969
vt -4.75 -13.378
vt 4.75 -13.378
vt -6.838 4.75
vt -6.838 -4.75
vt -8.231999 -4.75
vt -8.231999 4.75
vt -4.75 -11.575
vt 4.75 -11.575
vt -4.75 -10.082
vt 4.75 -10.082
vt 4.75 -10.082
vt -4.75 -10.082
vt -4.75 -9.495999
vt 4.75 -9.495999
vt -4.288 4.75
vt -4.288 -4.75
vt -4.781 -4.75
vt -4.781 4.75
vt 4.75 -11.881
vt -4.75 -11.881
vt -4.75 -13.644
vt 4.75 -13.644
vt -9.495999 4.75
vt -7.871 4.75
vt -7.871 -4.75
vt -9.495999 -4.75
vt -13.378 -9.495
vt -14.912 -6.838
vt -15.68 -8.231999
vt -14.969 -9.462999
vt -11.575 -9.072
vt -13.644 -5.488
vt -10.082 -7.899
vt -11.881 -4.781
vt -9.495999 -7.871
vt -5.262 -7.015
vt -7.871 -9.495999
vt -9.495999 -7.871
vt -13.378 -9.495
vt -14.969 -9.462999
vt -15.68 -8.231999
vt -14.912 -6.838
vt -11.575 -9.072
vt -13.644 -5.488
vt -10.082 -7.899
vt -11.881 -4.781
vt -7.871 -9.495999
vt -5.262 -7.015
vt -8.2324 -4.75
vt -9.4626 -4.75
vt -9.4626 4.75
vt -8.2324 4.75
vt 4.75 -8.231999
vt -4.75 -8.231999
vt -4.75 -6.838
vt 4.75 -6.838
vt -13.378 4.75
vt -13.378 -4.75
vt -14.969 -4.75
vt -14.969 4.75
vt -13.644 -4.75
vt -13.644 4.75
vt -11.881 -4.75
vt -11.881 4.75
vt 4.75 -4.781
vt -4.75 -4.781
vt -4.75 -4.288
vt 4.75 -4.288
vt -9.495999 4.75
vt -9.495999 -4.75
vt -10.082 -4.75
vt -10.082 4.75
vt -10.082 4.75
vt -10.082 -4.75
vt -11.575 -4.75
vt -11.575 4.75
vt 4.75 -2.069
vt 4.75 -4.288
vt -4.75 -4.288
vt -4.75 -2.069
vt -6.838 -14.912
vt -9.495 -13.378
vt -9.462999 -14.969
vt -8.231999 -15.68
vt -5.488 -13.644
vt -9.072 -11.575
vt -4.781 -11.881
vt -7.899 -10.082
vt -4.288 -11.565
vt -4.288 -11.565
vt -6.838 -14.912
vt -8.231999 -15.68
vt -9.462999 -14.969
vt -9.495 -13.378
vt -5.488 -13.644
vt -9.072 -11.575
vt -4.781 -11.881
vt -7.899 -10.082
vt -4.75 -9.4626
vt -4.75 -8.2324
vt 4.75 -8.2324
vt 4.75 -9.4626
vt 0 -4.75
vt -3.4443 -4.75
vt -3.4443 -9.5
vt 0 -9.5
vt -6.3639 -4.75
vt -6.3639 -9.5
vt -4.75 3.4443
vt -9.5 3.4443
vt -4.75 0
vt -9.5 0
vt -4.75 -3.4443
vt -9.5 -3.4443
vt -6.3639 -4.75
vt -6.3639 -9.5
vt -3.4443 -4.75
vt -3.4443 -9.5
vt 0 -4.75
vt 0 -9.5
vt 3.4443 -4.75
vt 3.4443 -9.5
vt 6.3639 -4.75
vt 6.3639 -9.5
vt -4.75 -3.4443
vt -9.5 -3.4443
vt -4.75 0
vt -9.5 0
vt -4.75 3.4443
vt -9.5 3.4443
vt 6.3639 -4.75
vt 6.3639 -9.5
vt 3.4443 -4.75
vt 3.4443 -9.5
vt 0 4.75
vt -3.4443 4.75
vt -3.4443 9.5
vt 0 9.5
vt -6.3639 4.75
vt -6.3639 9.5
vt 4.75 3.4443
vt 9.5 3.4443
vt 4.75 0
vt 9.5 0
vt 4.75 -3.4443
vt 9.5 -3.4443
vt -6.3639 4.75
vt -6.3639 9.5
vt -3.4443 4.75
vt -3.4443 9.5
vt 0 4.75
vt 0 9.5
vt 3.4443 4.75
vt 3.4443 9.5
vt 6.3639 4.75
vt 6.3639 9.5
vt 4.75 -3.4443
vt 9.5 -3.4443
vt 4.75 0
vt 9.5 0
vt 4.75 3.4443
vt 9.5 3.4443
vt 6.3639 4.75
vt 6.3639 9.5
vt 3.4443 4.75
vt 3.4443 9.5
vt -9 -5.213
vt 10 -5.213
vt 10 -2.5
vt -9 -2.5
vt 2.5 -9
vt 2.5 10
vt 5.213 10
vt 5.213 -9
vt 10 -2.296
vt 10 0
vt -9 -2.791
vt 10 -2.791
vt 2.296 10
vt 2.791 10
vt 2.791 -9
vt 0 10
vt -9 5.213
vt 10 5.213
vt 10 2.5
vt -9 2.5
vt -2.5 -9
vt -2.5 10
vt -5.213 10
vt -5.213 -9
vt 10 2.296
vt 10 0
vt -9 2.791
vt 10 2.791
vt -2.296 10
vt -2.791 10
vt -2.791 -9
vt 0 10
vt -2 -9
vt -2 10
vt -9 -4
vt 10 -4
vt 10 -5.602
vt -9 -5.602
vt -9 -2.5
vt 10 -2.5
vt -4 -9
vt -4 10
vt -2.5 10
vt -2.5 -9
vt -5.602 -9
vt -5.602 10
vt -9 -2
vt 10 -2
vt 2 -9
vt 2 10
vt 10 4
vt 10 5.602
vt -9 5.602
vt -9 4
vt -9 2.5
vt 10 2.5
vt 4 -9
vt 4 10
vt 2.5 10
vt 2.5 -9
vt 5.602 -9
vt 5.602 10
vt -9 2
vt 10 2
vt -5.213 2.791
vt -4.243 4.243
vt -2.791 5.213
vt -2.5 2.5
vt 5.213 -2.791
vt 4.243 -4.243
vt 2.791 -5.213
vt 2.5 -2.5
vt -4 -2
vt -4.243 -4.243
vt -5.543 -2.296
vt -5.602 -2
vt -2.5 -2.5
vt -2 -4
vt -2 -5.602
vt -2.296 -5.543
vt 4 2
vt 4.243 4.243
vt 5.543 2.296
vt 5.602 2
vt 2.5 2.5
vt 2 4
vt 2 5.602
vt 2.296 5.543
vt 6 0
vt 6.4672 2.6788
vt 7 0
vt 4.9497 4.9497
vt 2.6788 6.4672
vt 0 6
vt 0 7
vt -2.2961 5.5433
vt -2.6788 6.4672
vt -4.9497 4.9497
vt -5.5433 2.2961
vt -6.4672 2.6788
vt -6 0
vt -7 0
vt -6.4672 -2.6788
vt -4.9497 -4.9497
vt -2.6788 -6.4672
vt 0 -6
vt 0 -7
vt 2.2961 -5.5433
vt 2.6788 -6.4672
vt 4.9497 -4.9497
vt 5.5433 -2.2961
vt 6.4672 -2.6788
vt 0 9.5
vt 6.92925 2.87025
vt 6.4673 2.6789
vt 0 10
vt 5.30325 5.30325
vt 4.9497 4.9497
vt 2.87025 6.92925
vt 2.6789 6.4673
vt 9.5 0
vt 10 0
vt -2.87025 6.92925
vt -2.6789 6.4673
vt -5.30325 5.30325
vt -4.9497 4.9497
vt -6.92925 2.87025
vt -6.4673 2.6789
vt 0 9.5
vt 0 10
vt -6.92925 -2.87025
vt -6.4673 -2.6789
vt -5.30325 -5.30325
vt -4.9497 -4.9497
vt -2.87025 -6.92925
vt -2.6789 -6.4673
vt 9.5 0
vt 10 0
vt 2.87025 -6.92925
vt 2.6789 -6.4673
vt 5.30325 -5.30325
vt 4.9497 -4.9497
vt 6.92925 -2.87025
vt 6.4673 -2.6789
vt 7.5 0
vt 6.92925 2.87025
vt 8.3151 3.4443
vt 9 0
vt 5.30325 5.30325
vt 6.3639 6.3639
vt 2.87025 6.92925
vt 3.4443 8.3151
vt 0 7.5
vt 0 9
vt -2.87025 6.92925
vt -3.4443 8.3151
vt -5.30325 5.30325
vt -6.3639 6.3639
vt -6.92925 2.87025
vt -8.3151 3.4443
vt -7.5 0
vt -9 0
vt -6.92925 -2.87025
vt -8.3151 -3.4443
vt -5.30325 -5.30325
vt -6.3639 -6.3639
vt -2.87025 -6.92925
vt -3.4443 -8.3151
vt 0 -7.5
vt 0 -9
vt 2.87025 -6.92925
vt 3.4443 -8.3151
vt 5.30325 -5.30325
vt 6.3639 -6.3639
vt 6.92925 -2.87025
vt 8.3151 -3.4443
vt -2.5 2.5
vt 2.5 -2.5
vt -4 -2
vt -4.243 -4.243
vt -5.543 -2.296
vt -5.602 -2
vt -2.5 -2.5
vt -2 -4
vt -2 -5.602
vt -2.296 -5.543
vt 4 2
vt 4.243 4.243
vt 5.543 2.296
vt 5.602 2
vt 2.5 2.5
vt 2 4
vt 2 5.602
vt 2.296 5.543
vt 5.5434 2.2962
vt 6.4673 2.6789
vt 4.2426 4.2426
vt 4.9497 4.9497
vt 2.2962 5.5434
vt 2.6789 6.4673
vt 6.92925 2.87025
vt 6.4673 2.6789
vt 5.30325 5.30325
vt 4.9497 4.9497
vt 2.87025 6.92925
vt 2.6789 6.4673
vt 6.92925 2.87025
vt 8.31495 3.44415
vt 5.30325 5.30325
vt 6.3639 6.3639
vt 2.87025 6.92925
vt 3.44415 8.31495
vt 2.2962 -10
vt 2.2962 -9
vt 4.2426 -10
vt 4.2426 -9
vt -10 2.2962
vt -9 2.2962
vt 8.3151 -3.4443
vt -3.4443 8.3151
vt -5.5434 -2.2962
vt -6.4673 -2.6789
vt -4.2426 -4.2426
vt -4.9497 -4.9497
vt -2.2962 -5.5434
vt -2.6789 -6.4673
vt -6.92925 -2.87025
vt -6.4673 -2.6789
vt -5.30325 -5.30325
vt -4.9497 -4.9497
vt -2.87025 -6.92925
vt -2.6789 -6.4673
vt -6.92925 -2.87025
vt -8.31495 -3.44415
vt -5.30325 -5.30325
vt -6.3639 -6.3639
vt -2.87025 -6.92925
vt -3.44415 -8.31495
vt -2.2962 -10
vt -2.2962 -9
vt -4.2426 -10
vt -4.2426 -9
vt -10 -2.2962
vt -9 -2.2962
vt -8.3151 3.4443
vt 3.4443 -8.3151
usemtl 15
f 3/3/3 2/2/2 1/1/1
f 1/1/1 4/4/4 3/3/3
f 4/4/4 1/1/1 5/5/5
f 8/8/8 7/7/7 6/6/6
f 6/6/6 9/9/9 8/8/8
f 6/6/6 11/11/11 10/10/10
f 10/10/10 9/9/9 6/6/6
f 12/12/12 10/10/10 11/11/11
f 15/15/15 14/14/14 13/13/13
f 13/13/13 16/16/16 15/15/15
f 16/16/16 13/13/13 17/17/17
f 17/17/17 18/18/18 16/16/16
f 18/18/18 17/17/17 19/19/19
f 19/19/19 21/21/21 20/20/20
f 22/22/22 18/18/18 19/19/19
f 19/19/19 20/20/20 22/22/22
f 23/23/23 22/22/22 20/20/20
f 20/20/20 24/24/24 23/23/23
f 25/25/25 24/24/24 20/20/20
f 28/28/28 27/27/27 26/26/26
f 26/26/26 29/29/29 28/28/28
f 23/23/23 24/24/24 30/30/30
f 33/33/33 32/32/32 31/31/31
f 31/31/31 34/34/34 33/33/33
f 32/32/32 35/35/35 31/31/31
f 31/31/31 35/35/35 36/36/36
f 31/31/31 36/36/36 37/37/37
f 31/31/31 37/37/37 38/38/38
f 41/41/41 40/40/40 39/39/39
f 39/39/39 42/42/42 41/41/41
f 39/39/39 40/40/40 43/43/43
f 44/44/44 42/42/42 39/39/39
f 39/39/39 45/45/45 44/44/44
f 48/48/48 47/47/47 46/46/46
f 46/46/46 49/49/49 48/48/48
f 46/46/46 47/47/47 50/50/50
f 53/53/53 52/52/52 51/51/51
f 51/51/51 54/54/54 53/53/53
f 51/51/51 52/52/52 55/55/55
f 55/55/55 56/56/56 51/51/51
f 55/55/55 57/57/57 56/56/56
f 60/60/60 59/59/59 58/58/58
f 58/58/58 61/61/61 60/60/60
f 59/59/59 63/63/63 62/62/62
f 62/62/62 58/58/58 59/59/59
f 62/62/62 63/63/63 64/64/64
f 66/66/66 64/64/64 65/65/65
f 67/67/67 65/65/65 64/64/64
f 64/64/64 63/63/63 67/67/67
f 69/69/69 68/68/68 65/65/65
f 65/65/65 67/67/67 69/69/69
f 68/68/68 70/70/70 65/65/65
f 73/73/73 72/72/72 71/71/71
f 71/71/71 74/74/74 73/73/73
f 68/68/68 69/69/69 75/75/75
f 78/78/78 77/77/77 76/76/76
f 76/76/76 79/79/79 78/78/78
f 80/80/80 79/79/79 76/76/76
f 80/80/80 76/76/76 81/81/81
f 81/81/81 76/76/76 82/82/82
f 82/82/82 76/76/76 83/83/83
f 86/86/86 85/85/85 84/84/84
f 84/84/84 87/87/87 86/86/86
f 87/87/87 84/84/84 88/88/88
f 90/90/90 89/89/89 84/84/84
f 84/84/84 85/85/85 90/90/90
f 93/93/93 92/92/92 91/91/91
f 91/91/91 94/94/94 93/93/93
f 94/94/94 91/91/91 95/95/95
f 53/53/53 97/97/97 96/96/96
f 96/96/96 52/52/52 53/53/53
f 96/96/96 99/99/99 98/98/98
f 98/98/98 52/52/52 96/96/96
f 100/100/100 98/98/98 99/99/99
f 60/60/60 61/61/61 101/101/101
f 101/101/101 102/102/102 60/60/60
f 102/102/102 101/101/101 103/103/103
f 103/103/103 104/104/104 102/102/102
f 104/104/104 103/103/103 105/105/105
f 105/105/105 107/107/107 106/106/106
f 108/108/108 104/104/104 105/105/105
f 105/105/105 106/106/106 108/108/108
f 109/109/109 108/108/108 106/106/106
f 106/106/106 110/110/110 109/109/109
f 111/111/111 110/110/110 106/106/106
f 114/114/114 113/113/113 112/112/112
f 112/112/112 115/115/115 114/114/114
f 109/109/109 110/110/110 116/116/116
f 119/119/119 118/118/118 117/117/117
f 117/117/117 120/120/120 119/119/119
f 118/118/118 121/121/121 117/117/117
f 117/117/117 121/121/121 122/122/122
f 117/117/117 122/122/122 123/123/123
f 117/117/117 123/123/123 124/124/124
f 126/126/126 125/125/125 84/84/84
f 84/84/84 127/127/127 126/126/126
f 84/84/84 125/125/125 88/88/88
f 128/128/128 127/127/127 84/84/84
f 84/84/84 129/129/129 128/128/128
f 132/132/132 131/131/131 130/130/130
f 130/130/130 133/133/133 132/132/132
f 130/130/130 131/131/131 134/134/134
f 8/8/8 9/9/9 135/135/135
f 135/135/135 136/136/136 8/8/8
f 135/135/135 9/9/9 137/137/137
f 137/137/137 138/138/138 135/135/135
f 137/137/137 139/139/139 138/138/138
f 15/15/15 141/141/141 140/140/140
f 140/140/140 14/14/14 15/15/15
f 141/141/141 143/143/143 142/142/142
f 142/142/142 140/140/140 141/141/141
f 142/142/142 143/143/143 144/144/144
f 146/146/146 144/144/144 145/145/145
f 147/147/147 145/145/145 144/144/144
f 144/144/144 143/143/143 147/147/147
f 149/149/149 148/148/148 145/145/145
f 145/145/145 147/147/147 149/149/149
f 148/148/148 150/150/150 145/145/145
f 153/153/153 152/152/152 151/151/151
f 151/151/151 154/154/154 153/153/153
f 148/148/148 149/149/149 155/155/155
f 158/158/158 157/157/157 156/156/156
f 156/156/156 159/159/159 158/158/158
f 160/160/160 159/159/159 156/156/156
f 160/160/160 156/156/156 161/161/161
f 161/161/161 156/156/156 162/162/162
f 162/162/162 156/156/156 163/163/163
f 165/165/165 164/164/164 39/39/39
f 39/39/39 166/166/166 165/165/165
f 166/166/166 39/39/39 43/43/43
f 168/168/168 167/167/167 39/39/39
f 39/39/39 164/164/164 168/168/168
f 171/171/171 170/170/170 169/169/169
f 169/169/169 172/172/172 171/171/171
f 175/175/175 174/174/174 173/173/173
f 173/173/173 176/176/176 175/175/175
f 177/177/177 171/171/171 172/172/172
f 172/172/172 178/178/178 177/177/177
f 179/179/179 177/177/177 178/178/178
f 178/178/178 180/180/180 179/179/179
f 183/183/183 182/182/182 181/181/181
f 181/181/181 184/184/184 183/183/183
f 187/187/187 186/186/186 185/185/185
f 185/185/185 188/188/188 187/187/187
f 191/191/191 190/190/190 189/189/189
f 189/189/189 192/192/192 191/191/191
f 174/174/174 191/191/191 192/192/192
f 192/192/192 173/173/173 174/174/174
f 195/195/195 194/194/194 193/193/193
f 193/193/193 196/196/196 195/195/195
f 199/199/199 198/198/198 197/197/197
f 197/197/197 200/200/200 199/199/199
f 198/198/198 202/202/202 201/201/201
f 201/201/201 197/197/197 198/198/198
f 202/202/202 204/204/204 203/203/203
f 203/203/203 201/201/201 202/202/202
f 204/204/204 206/206/206 205/205/205
f 205/205/205 203/203/203 204/204/204
f 209/209/209 208/208/208 207/207/207
f 207/207/207 210/210/210 209/209/209
f 210/210/210 211/211/211 209/209/209
f 214/214/214 213/213/213 212/212/212
f 212/212/212 215/215/215 214/214/214
f 215/215/215 212/212/212 216/216/216
f 216/216/216 217/217/217 215/215/215
f 217/217/217 216/216/216 218/218/218
f 218/218/218 219/219/219 217/217/217
f 219/219/219 218/218/218 211/211/211
f 211/211/211 210/210/210 219/219/219
f 221/221/221 206/206/206 220/220/220
f 220/220/220 222/222/222 221/221/221
f 205/205/205 206/206/206 221/221/221
f 225/225/225 224/224/224 223/223/223
f 226/226/226 225/225/225 223/223/223
f 229/229/229 228/228/228 227/227/227
f 227/227/227 230/230/230 229/229/229
f 233/233/233 232/232/232 231/231/231
f 231/231/231 234/234/234 233/233/233
f 235/235/235 229/229/229 230/230/230
f 230/230/230 236/236/236 235/235/235
f 237/237/237 235/235/235 236/236/236
f 236/236/236 238/238/238 237/237/237
f 241/241/241 240/240/240 239/239/239
f 239/239/239 242/242/242 241/241/241
f 245/245/245 244/244/244 243/243/243
f 243/243/243 246/246/246 245/245/245
f 249/249/249 248/248/248 247/247/247
f 247/247/247 250/250/250 249/249/249
f 232/232/232 249/249/249 250/250/250
f 250/250/250 231/231/231 232/232/232
f 253/253/253 252/252/252 251/251/251
f 251/251/251 254/254/254 253/253/253
f 257/257/257 256/256/256 255/255/255
f 255/255/255 258/258/258 257/257/257
f 256/256/256 260/260/260 259/259/259
f 259/259/259 255/255/255 256/256/256
f 260/260/260 262/262/262 261/261/261
f 261/261/261 259/259/259 260/260/260
f 262/262/262 221/221/221 263/263/263
f 263/263/263 261/261/261 262/262/262
f 265/265/265 264/264/264 208/208/208
f 208/208/208 209/209/209 265/265/265
f 209/209/209 266/266/266 265/265/265
f 269/269/269 268/268/268 267/267/267
f 267/267/267 270/270/270 269/269/269
f 270/270/270 267/267/267 271/271/271
f 271/271/271 272/272/272 270/270/270
f 272/272/272 271/271/271 273/273/273
f 273/273/273 274/274/274 272/272/272
f 274/274/274 273/273/273 266/266/266
f 266/266/266 209/209/209 274/274/274
f 275/275/275 221/221/221 222/222/222
f 222/222/222 276/276/276 275/275/275
f 263/263/263 221/221/221 275/275/275
f 279/279/279 278/278/278 277/277/277
f 280/280/280 279/279/279 277/277/277
f 283/283/283 282/282/282 281/281/281
f 281/281/281 284/284/284 283/283/283
f 287/287/287 286/286/286 285/285/285
f 285/285/285 288/288/288 287/287/287
f 289/289/289 283/283/283 284/284/284
f 284/284/284 290/290/290 289/289/289
f 291/291/291 289/289/289 290/290/290
f 290/290/290 292/292/292 291/291/291
f 295/295/295 294/294/294 293/293/293
f 293/293/293 296/296/296 295/295/295
f 299/299/299 298/298/298 297/297/297
f 297/297/297 300/300/300 299/299/299
f 303/303/303 302/302/302 301/301/301
f 301/301/301 304/304/304 303/303/303
f 286/286/286 303/303/303 304/304/304
f 304/304/304 285/285/285 286/286/286
f 307/307/307 306/306/306 305/305/305
f 305/305/305 308/308/308 307/307/307
f 311/311/311 310/310/310 309/309/309
f 309/309/309 312/312/312 311/311/311
f 310/310/310 314/314/314 313/313/313
f 313/313/313 309/309/309 310/310/310
f 314/314/314 316/316/316 315/315/315
f 315/315/315 313/313/313 314/314/314
f 316/316/316 275/275/275 317/317/317
f 317/317/317 315/315/315 316/316/316
f 319/319/319 318/318/318 264/264/264
f 264/264/264 265/265/265 319/319/319
f 265/265/265 320/320/320 319/319/319
f 323/323/323 322/322/322 321/321/321
f 321/321/321 324/324/324 323/323/323
f 324/324/324 321/321/321 325/325/325
f 325/325/325 326/326/326 324/324/324
f 326/326/326 325/325/325 327/327/327
f 327/327/327 328/328/328 326/326/326
f 328/328/328 327/327/327 320/320/320
f 320/320/320 265/265/265 328/328/328
f 329/329/329 275/275/275 276/276/276
f 276/276/276 330/330/330 329/329/329
f 317/317/317 275/275/275 329/329/329
f 333/333/333 332/332/332 331/331/331
f 334/334/334 333/333/333 331/331/331
f 337/337/337 336/336/336 335/335/335
f 335/335/335 338/338/338 337/337/337
f 341/341/341 340/340/340 339/339/339
f 339/339/339 342/342/342 341/341/341
f 343/343/343 337/337/337 338/338/338
f 338/338/338 344/344/344 343/343/343
f 345/345/345 343/343/343 344/344/344
f 344/344/344 346/346/346 345/345/345
f 349/349/349 348/348/348 347/347/347
f 347/347/347 350/350/350 349/349/349
f 353/353/353 352/352/352 351/351/351
f 351/351/351 354/354/354 353/353/353
f 357/357/357 356/356/356 355/355/355
f 355/355/355 358/358/358 357/357/357
f 340/340/340 357/357/357 358/358/358
f 358/358/358 339/339/339 340/340/340
f 361/361/361 360/360/360 359/359/359
f 359/359/359 362/362/362 361/361/361
f 365/365/365 364/364/364 363/363/363
f 363/363/363 366/366/366 365/365/365
f 364/364/364 368/368/368 367/367/367
f 367/367/367 363/363/363 364/364/364
f 368/368/368 370/370/370 369/369/369
f 369/369/369 367/367/367 368/368/368
f 370/370/370 329/329/329 371/371/371
f 371/371/371 369/369/369 370/370/370
f 373/373/373 372/372/372 318/318/318
f 318/318/318 319/319/319 373/373/373
f 319/319/319 374/374/374 373/373/373
f 377/377/377 376/376/376 375/375/375
f 375/375/375 378/378/378 377/377/377
f 378/378/378 375/375/375 379/379/379
f 379/379/379 380/380/380 378/378/378
f 380/380/380 379/379/379 381/381/381
f 381/381/381 382/382/382 380/380/380
f 382/382/382 381/381/381 374/374/374
f 374/374/374 319/319/319 382/382/382
f 383/383/383 329/329/329 330/330/330
f 330/330/330 384/384/384 383/383/383
f 371/371/371 329/329/329 383/383/383
f 387/387/387 386/386/386 385/385/385
f 388/388/388 387/387/387 385/385/385
f 391/391/391 390/390/390 389/389/389
f 389/389/389 392/392/392 391/391/391
f 395/395/395 394/394/394 393/393/393
f 393/393/393 396/396/396 395/395/395
f 397/397/397 391/391/391 392/392/392
f 392/392/392 398/398/398 397/397/397
f 399/399/399 397/397/397 398/398/398
f 398/398/398 400/400/400 399/399/399
f 403/403/403 402/402/402 401/401/401
f 401/401/401 404/404/404 403/403/403
f 407/407/407 406/406/406 405/405/405
f 405/405/405 408/408/408 407/407/407
f 411/411/411 410/410/410 409/409/409
f 409/409/409 412/412/412 411/411/411
f 394/394/394 411/411/411 412/412/412
f 412/412/412 393/393/393 394/394/394
f 415/415/415 414/414/414 413/413/413
f 413/413/413 416/416/416 415/415/415
f 419/419/419 418/418/418 417/417/417
f 417/417/417 420/420/420 419/419/419
f 418/418/418 422/422/422 421/421/421
f 421/421/421 417/417/417 418/418/418
f 422/422/422 424/424/424 423/423/423
f 423/423/423 421/421/421 422/422/422
f 424/424/424 383/383/383 425/425/425
f 425/425/425 423/423/423 424/424/424
f 427/427/427 426/426/426 372/372/372
f 372/372/372 373/373/373 427/427/427
f 373/373/373 428/428/428 427/427/427
f 431/431/431 430/430/430 429/429/429
f 429/429/429 432/432/432 431/431/431
f 432/432/432 429/429/429 433/433/433
f 433/433/433 434/434/434 432/432/432
f 434/434/434 433/433/433 435/435/435
f 435/435/435 436/436/436 434/434/434
f 436/436/436 435/435/435 428/428/428
f 428/428/428 373/373/373 436/436/436
f 437/437/437 383/383/383 384/384/384
f 384/384/384 438/438/438 437/437/437
f 425/425/425 383/383/383 437/437/437
f 441/441/441 440/440/440 439/439/439
f 442/442/442 441/441/441 439/439/439
f 445/445/445 444/444/444 443/443/443
f 443/443/443 446/446/446 445/445/445
f 449/449/449 448/448/448 447/447/447
f 447/447/447 450/450/450 449/449/449
f 451/451/451 445/445/445 446/446/446
f 446/446/446 452/452/452 451/451/451
f 453/453/453 451/451/451 452/452/452
f 452/452/452 454/454/454 453/453/453
f 457/457/457 456/456/456 455/455/455
f 455/455/455 458/458/458 457/457/457
f 461/461/461 460/460/460 459/459/459
f 459/459/459 462/462/462 461/461/461
f 465/465/465 464/464/464 463/463/463
f 463/463/463 466/466/466 465/465/465
f 448/448/448 465/465/465 466/466/466
f 466/466/466 447/447/447 448/448/448
f 469/469/469 468/468/468 467/467/467
f 467/467/467 470/470/470 469/469/469
f 473/473/473 472/472/472 471/471/471
f 471/471/471 474/474/474 473/473/473
f 472/472/472 476/476/476 475/475/475
f 475/475/475 471/471/471 472/472/472
f 476/476/476 478/478/478 477/477/477
f 477/477/477 475/475/475 476/476/476
f 478/478/478 437/437/437 479/479/479
f 479/479/479 477/477/477 478/478/478
f 481/481/481 480/480/480 426/426/426
f 426/426/426 427/427/427 481/481/481
f 427/427/427 482/482/482 481/481/481
f 485/485/485 484/484/484 483/483/483
f 483/483/483 486/486/486 485/485/485
f 486/486/486 483/483/483 487/487/487
f 487/487/487 488/488/488 486/486/486
f 488/488/488 487/487/487 489/489/489
f 489/489/489 490/490/490 488/488/488
f 490/490/490 489/489/489 482/482/482
f 482/482/482 427/427/427 490/490/490
f 491/491/491 437/437/437 438/438/438
f 438/438/438 492/492/492 491/491/491
f 479/479/479 437/437/437 491/491/491
f 495/495/495 494/494/494 493/493/493
f 496/496/496 495/495/495 493/493/493
f 499/499/499 498/498/498 497/497/497
f 497/497/497 500/500/500 499/499/499
f 503/503/503 502/502/502 501/501/501
f 501/501/501 504/504/504 503/503/503
f 505/505/505 499/499/499 500/500/500
f 500/500/500 506/506/506 505/505/505
f 507/507/507 505/505/505 506/506/506
f 506/506/506 508/508/508 507/507/507
f 511/511/511 510/510/510 509/509/509
f 509/509/509 512/512/512 511/511/511
f 515/515/515 514/514/514 513/513/513
f 513/513/513 516/516/516 515/515/515
f 519/519/519 518/518/518 517/517/517
f 517/517/517 520/520/520 519/519/519
f 502/502/502 519/519/519 520/520/520
f 520/520/520 501/501/501 502/502/502
f 523/523/523 522/522/522 521/521/521
f 521/521/521 524/524/524 523/523/523
f 527/527/527 526/526/526 525/525/525
f 525/525/525 528/528/528 527/527/527
f 526/526/526 530/530/530 529/529/529
f 529/529/529 525/525/525 526/526/526
f 530/530/530 532/532/532 531/531/531
f 531/531/531 529/529/529 530/530/530
f 532/532/532 491/491/491 533/533/533
f 533/533/533 531/531/531 532/532/532
f 535/535/535 534/534/534 480/480/480
f 480/480/480 481/481/481 535/535/535
f 481/481/481 536/536/536 535/535/535
f 539/539/539 538/538/538 537/537/537
f 537/537/537 540/540/540 539/539/539
f 540/540/540 537/537/537 541/541/541
f 541/541/541 542/542/542 540/540/540
f 542/542/542 541/541/541 543/543/543
f 543/543/543 544/544/544 542/542/542
f 544/544/544 543/543/543 536/536/536
f 536/536/536 481/481/481 544/544/544
f 545/545/545 491/491/491 492/492/492
f 492/492/492 546/546/546 545/545/545
f 533/533/533 491/491/491 545/545/545
f 549/549/549 548/548/548 547/547/547
f 550/550/550 549/549/549 547/547/547
f 553/553/553 552/552/552 551/551/551
f 551/551/551 554/554/554 553/553/553
f 557/557/557 556/556/556 555/555/555
f 555/555/555 558/558/558 557/557/557
f 559/559/559 553/553/553 554/554/554
f 554/554/554 560/560/560 559/559/559
f 561/561/561 559/559/559 560/560/560
f 560/560/560 562/562/562 561/561/561
f 565/565/565 564/564/564 563/563/563
f 563/563/563 566/566/566 565/565/565
f 569/569/569 568/568/568 567/567/567
f 567/567/567 570/570/570 569/569/569
f 573/573/573 572/572/572 571/571/571
f 571/571/571 574/574/574 573/573/573
f 556/556/556 573/573/573 574/574/574
f 574/574/574 555/555/555 556/556/556
f 577/577/577 576/576/576 575/575/575
f 575/575/575 578/578/578 577/577/577
f 581/581/581 580/580/580 579/579/579
f 579/579/579 582/582/582 581/581/581
f 580/580/580 584/584/584 583/583/583
f 583/583/583 579/579/579 580/580/580
f 584/584/584 586/586/586 585/585/585
f 585/585/585 583/583/583 584/584/584
f 586/586/586 545/545/545 587/587/587
f 587/587/587 585/585/585 586/586/586
f 589/589/589 588/588/588 534/534/534
f 534/534/534 535/535/535 589/589/589
f 535/535/535 590/590/590 589/589/589
f 593/593/593 592/592/592 591/591/591
f 591/591/591 594/594/594 593/593/593
f 594/594/594 591/591/591 595/595/595
f 595/595/595 596/596/596 594/594/594
f 596/596/596 595/595/595 597/597/597
f 597/597/597 598/598/598 596/596/596
f 598/598/598 597/597/597 590/590/590
f 590/590/590 535/535/535 598/598/598
f 599/599/599 545/545/545 546/546/546
f 546/546/546 600/600/600 599/599/599
f 587/587/587 545/545/545 599/599/599
f 603/603/603 602/602/602 601/601/601
f 604/604/604 603/603/603 601/601/601
f 607/607/607 606/606/606 605/605/605
f 605/605/605 608/608/608 607/607/607
f 611/611/611 610/610/610 609/609/609
f 609/609/609 612/612/612 611/611/611
f 613/613/613 607/607/607 608/608/608
f 608/608/608 614/614/614 613/613/613
f 615/615/615 613/613/613 614/614/614
f 614/614/614 616/616/616 615/615/615
f 619/619/619 618/618/618 617/617/617
f 617/617/617 620/620/620 619/619/619
f 623/623/623 622/622/622 621/621/621
f 621/621/621 624/624/624 623/623/623
f 627/627/627 626/626/626 625/625/625
f 625/625/625 628/628/628 627/627/627
f 610/610/610 627/627/627 628/628/628
f 628/628/628 609/609/609 610/610/610
f 631/631/631 630/630/630 629/629/629
f 629/629/629 632/632/632 631/631/631
f 635/635/635 634/634/634 633/633/633
f 633/633/633 636/636/636 635/635/635
f 634/634/634 638/638/638 637/637/637
f 637/637/637 633/633/633 634/634/634
f 638/638/638 640/640/640 639/639/639
f 639/639/639 637/637/637 638/638/638
f 640/640/640 599/599/599 641/641/641
f 641/641/641 639/639/639 640/640/640
f 643/643/643 642/642/642 588/588/588
f 588/588/588 589/589/589 643/643/643
f 589/589/589 644/644/644 643/643/643
f 647/647/647 646/646/646 645/645/645
f 645/645/645 648/648/648 647/647/647
f 648/648/648 645/645/645 649/649/649
f 649/649/649 650/650/650 648/648/648
f 650/650/650 649/649/649 651/651/651
f 651/651/651 652/652/652 650/650/650
f 652/652/652 651/651/651 644/644/644
f 644/644/644 589/589/589 652/652/652
f 653/653/653 599/599/599 600/600/600
f 600/600/600 654/654/654 653/653/653
f 641/641/641 599/599/599 653/653/653
f 657/657/657 656/656/656 655/655/655
f 658/658/658 657/657/657 655/655/655
f 661/661/661 660/660/660 659/659/659
f 659/659/659 662/662/662 661/661/661
f 665/665/665 664/664/664 663/663/663
f 663/663/663 666/666/666 665/665/665
f 667/667/667 661/661/661 662/662/662
f 662/662/662 668/668/668 667/667/667
f 669/669/669 667/667/667 668/668/668
f 668/668/668 670/670/670 669/669/669
f 673/673/673 672/672/672 671/671/671
f 671/671/671 674/674/674 673/673/673
f 677/677/677 676/676/676 675/675/675
f 675/675/675 678/678/678 677/677/677
f 681/681/681 680/680/680 679/679/679
f 679/679/679 682/682/682 681/681/681
f 664/664/664 681/681/681 682/682/682
f 682/682/682 663/663/663 664/664/664
f 685/685/685 684/684/684 683/683/683
f 683/683/683 686/686/686 685/685/685
f 689/689/689 688/688/688 687/687/687
f 687/687/687 690/690/690 689/689/689
f 688/688/688 692/692/692 691/691/691
f 691/691/691 687/687/687 688/688/688
f 692/692/692 694/694/694 693/693/693
f 693/693/693 691/691/691 692/692/692
f 694/694/694 653/653/653 695/695/695
f 695/695/695 693/693/693 694/694/694
f 697/697/697 696/696/696 642/642/642
f 642/642/642 643/643/643 697/697/697
f 643/643/643 698/698/698 697/697/697
f 701/701/701 700/700/700 699/699/699
f 699/699/699 702/702/702 701/701/701
f 702/702/702 699/699/699 703/703/703
f 703/703/703 704/704/704 702/702/702
f 704/704/704 703/703/703 705/705/705
f 705/705/705 706/706/706 704/704/704
f 706/706/706 705/705/705 698/698/698
f 698/698/698 643/643/643 706/706/706
f 707/707/707 653/653/653 654/654/654
f 654/654/654 708/708/708 707/707/707
f 695/695/695 653/653/653 707/707/707
f 711/711/711 710/710/710 709/709/709
f 712/712/712 711/711/711 709/709/709
f 715/715/715 714/714/714 713/713/713
f 713/713/713 716/716/716 715/715/715
f 719/719/719 718/718/718 717/717/717
f 717/717/717 720/720/720 719/719/719
f 721/721/721 715/715/715 716/716/716
f 716/716/716 722/722/722 721/721/721
f 723/723/723 721/721/721 722/722/722
f 722/722/722 724/724/724 723/723/723
f 727/727/727 726/726/726 725/725/725
f 725/725/725 728/728/728 727/727/727
f 731/731/731 730/730/730 729/729/729
f 729/729/729 732/732/732 731/731/731
f 735/735/735 734/734/734 733/733/733
f 733/733/733 736/736/736 735/735/735
f 718/718/718 735/735/735 736/736/736
f 736/736/736 717/717/717 718/718/718
f 739/739/739 738/738/738 737/737/737
f 737/737/737 740/740/740 739/739/739
f 743/743/743 742/742/742 741/741/741
f 741/741/741 744/744/744 743/743/743
f 742/742/742 746/746/746 745/745/745
f 745/745/745 741/741/741 742/742/742
f 746/746/746 748/748/748 747/747/747
f 747/747/747 745/745/745 746/746/746
f 748/748/748 707/707/707 749/749/749
f 749/749/749 747/747/747 748/748/748
f 751/751/751 750/750/750 696/696/696
f 696/696/696 697/697/697 751/751/751
f 697/697/697 752/752/752 751/751/751
f 755/755/755 754/754/754 753/753/753
f 753/753/753 756/756/756 755/755/755
f 756/756/756 753/753/753 757/757/757
f 757/757/757 758/758/758 756/756/756
f 758/758/758 757/757/757 759/759/759
f 759/759/759 760/760/760 758/758/758
f 760/760/760 759/759/759 752/752/752
f 752/752/752 697/697/697 760/760/760
f 761/761/761 707/707/707 708/708/708
f 708/708/708 762/762/762 761/761/761
f 749/749/749 707/707/707 761/761/761
f 765/765/765 764/764/764 763/763/763
f 766/766/766 765/765/765 763/763/763
f 769/769/769 768/768/768 767/767/767
f 767/767/767 770/770/770 769/769/769
f 773/773/773 772/772/772 771/771/771
f 771/771/771 774/774/774 773/773/773
f 775/775/775 769/769/769 770/770/770
f 770/770/770 776/776/776 775/775/775
f 777/777/777 775/775/775 776/776/776
f 776/776/776 778/778/778 777/777/777
f 781/781/781 780/780/780 779/779/779
f 779/779/779 782/782/782 781/781/781
f 785/785/785 784/784/784 783/783/783
f 783/783/783 786/786/786 785/785/785
f 789/789/789 788/788/788 787/787/787
f 787/787/787 790/790/790 789/789/789
f 772/772/772 789/789/789 790/790/790
f 790/790/790 771/771/771 772/772/772
f 793/793/793 792/792/792 791/791/791
f 791/791/791 794/794/794 793/793/793
f 797/797/797 796/796/796 795/795/795
f 795/795/795 798/798/798 797/797/797
f 796/796/796 800/800/800 799/799/799
f 799/799/799 795/795/795 796/796/796
f 800/800/800 802/802/802 801/801/801
f 801/801/801 799/799/799 800/800/800
f 802/802/802 761/761/761 803/803/803
f 803/803/803 801/801/801 802/802/802
f 210/210/210 207/207/207 750/750/750
f 750/750/750 751/751/751 210/210/210
f 751/751/751 804/804/804 210/210/210
f 807/807/807 806/806/806 805/805/805
f 805/805/805 808/808/808 807/807/807
f 808/808/808 805/805/805 809/809/809
f 809/809/809 810/810/810 808/808/808
f 810/810/810 809/809/809 811/811/811
f 811/811/811 812/812/812 810/810/810
f 812/812/812 811/811/811 804/804/804
f 804/804/804 751/751/751 812/812/812
f 206/206/206 761/761/761 762/762/762
f 762/762/762 220/220/220 206/206/206
f 803/803/803 761/761/761 206/206/206
f 815/815/815 814/814/814 813/813/813
f 816/816/816 815/815/815 813/813/813
f 819/819/819 818/818/818 817/817/817
f 820/820/820 819/819/819 817/817/817
f 822/822/822 821/821/821 818/818/818
f 819/819/819 822/822/822 818/818/818
f 824/824/824 823/823/823 821/821/821
f 822/822/822 824/824/824 821/821/821
f 826/826/826 825/825/825 823/823/823
f 824/824/824 826/826/826 823/823/823
f 828/828/828 827/827/827 825/825/825
f 826/826/826 828/828/828 825/825/825
f 830/830/830 829/829/829 827/827/827
f 828/828/828 830/830/830 827/827/827
f 832/832/832 831/831/831 829/829/829
f 830/830/830 832/832/832 829/829/829
f 834/834/834 833/833/833 831/831/831
f 832/832/832 834/834/834 831/831/831
f 836/836/836 835/835/835 833/833/833
f 834/834/834 836/836/836 833/833/833
f 838/838/838 837/837/837 835/835/835
f 836/836/836 838/838/838 835/835/835
f 840/840/840 839/839/839 837/837/837
f 838/838/838 840/840/840 837/837/837
f 842/842/842 841/841/841 839/839/839
f 840/840/840 842/842/842 839/839/839
f 844/844/844 843/843/843 841/841/841
f 842/842/842 844/844/844 841/841/841
f 846/846/846 845/845/845 843/843/843
f 844/844/844 846/846/846 843/843/843
f 848/848/848 847/847/847 845/845/845
f 846/846/846 848/848/848 845/845/845
f 820/820/820 817/817/817 847/847/847
f 848/848/848 820/820/820 847/847/847
f 849/849/849 850/850/850 851/851/851
f 849/849/849 851/851/851 852/852/852
f 850/850/850 853/853/853 854/854/854
f 850/850/850 854/854/854 851/851/851
f 853/853/853 855/855/855 856/856/856
f 853/853/853 856/856/856 854/854/854
f 855/855/855 857/857/857 858/858/858
f 855/855/855 858/858/858 856/856/856
f 857/857/857 859/859/859 860/860/860
f 857/857/857 860/860/860 858/858/858
f 859/859/859 861/861/861 862/862/862
f 859/859/859 862/862/862 860/860/860
f 861/861/861 863/863/863 864/864/864
f 861/861/861 864/864/864 862/862/862
f 863/863/863 865/865/865 866/866/866
f 863/863/863 866/866/866 864/864/864
f 865/865/865 867/867/867 868/868/868
f 865/865/865 868/868/868 866/866/866
f 867/867/867 869/869/869 870/870/870
f 867/867/867 870/870/870 868/868/868
f 869/869/869 871/871/871 872/872/872
f 869/869/869 872/872/872 870/870/870
f 871/871/871 873/873/873 874/874/874
f 871/871/871 874/874/874 872/872/872
f 873/873/873 875/875/875 876/876/876
f 873/873/873 876/876/876 874/874/874
f 875/875/875 877/877/877 878/878/878
f 875/875/875 878/878/878 876/876/876
f 877/877/877 879/879/879 880/880/880
f 877/877/877 880/880/880 878/878/878
f 879/879/879 849/849/849 852/852/852
f 879/879/879 852/852/852 880/880/880
f 881/881/881 882/882/882 883/883/883
f 881/881/881 883/883/883 884/884/884
f 885/885/885 886/886/886 887/887/887
f 885/885/885 887/887/887 888/888/888
f 71/71/71 889/889/889 890/890/890
f 71/71/71 890/890/890 74/74/74
f 891/891/891 892/892/892 889/889/889
f 891/891/891 889/889/889 71/71/71
f 112/112/112 893/893/893 894/894/894
f 112/112/112 894/894/894 895/895/895
f 113/113/113 896/896/896 893/893/893
f 113/113/113 893/893/893 112/112/112
f 897/897/897 898/898/898 899/899/899
f 897/897/897 899/899/899 900/900/900
f 901/901/901 902/902/902 903/903/903
f 901/901/901 903/903/903 904/904/904
f 151/151/151 905/905/905 906/906/906
f 151/151/151 906/906/906 154/154/154
f 907/907/907 908/908/908 905/905/905
f 907/907/907 905/905/905 151/151/151
f 26/26/26 909/909/909 910/910/910
f 26/26/26 910/910/910 911/911/911
f 27/27/27 912/912/912 909/909/909
f 27/27/27 909/909/909 26/26/26
f 913/913/913 914/914/914 896/896/896
f 913/913/913 896/896/896 113/113/113
f 915/915/915 916/916/916 917/917/917
f 915/915/915 917/917/917 918/918/918
f 919/919/919 920/920/920 916/916/916
f 919/919/919 916/916/916 915/915/915
f 921/921/921 922/922/922 923/923/923
f 921/921/921 923/923/923 924/924/924
f 925/925/925 926/926/926 922/922/922
f 925/925/925 922/922/922 921/921/921
f 927/927/927 154/154/154 906/906/906
f 927/927/927 906/906/906 928/928/928
f 929/929/929 930/930/930 912/912/912
f 929/929/929 912/912/912 27/27/27
f 931/931/931 932/932/932 933/933/933
f 931/931/931 933/933/933 934/934/934
f 935/935/935 936/936/936 931/931/931
f 935/935/935 931/931/931 934/934/934
f 937/937/937 938/938/938 939/939/939
f 937/937/937 939/939/939 940/940/940
f 941/941/941 942/942/942 938/938/938
f 941/941/941 938/938/938 937/937/937
f 943/943/943 74/74/74 890/890/890
f 943/943/943 890/890/890 944/944/944
f 945/945/945 946/946/946 947/947/947
f 945/945/945 947/947/947 948/948/948
f 949/949/949 950/950/950 951/951/951
f 949/949/949 951/951/951 952/952/952
f 953/953/953 954/954/954 955/955/955
f 953/953/953 955/955/955 956/956/956
f 957/957/957 958/958/958 954/954/954
f 957/957/957 954/954/954 953/953/953
f 954/954/954 958/958/958 959/959/959
f 954/954/954 959/959/959 960/960/960
f 961/961/961 962/962/962 963/963/963
f 961/961/961 963/963/963 964/964/964
f 965/965/965 966/966/966 962/962/962
f 965/965/965 962/962/962 961/961/961
f 962/962/962 966/966/966 967/967/967
f 962/962/962 967/967/967 968/968/968
f 969/969/969 963/963/963 970/970/970
f 969/969/969 970/970/970 971/971/971
f 963/963/963 962/962/962 972/972/972
f 963/963/963 972/972/972 970/970/970
f 962/962/962 968/968/968 973/973/973
f 962/962/962 973/973/973 972/972/972
f 968/968/968 974/974/974 975/975/975
f 968/968/968 975/975/975 973/973/973
f 974/974/974 976/976/976 977/977/977
f 974/974/974 977/977/977 975/975/975
f 976/976/976 946/946/946 978/978/978
f 976/976/976 978/978/978 977/977/977
f 946/946/946 979/979/979 980/980/980
f 946/946/946 980/980/980 978/978/978
f 979/979/979 981/981/981 982/982/982
f 979/979/979 982/982/982 980/980/980
f 981/981/981 955/955/955 983/983/983
f 981/981/981 983/983/983 982/982/982
f 955/955/955 954/954/954 984/984/984
f 955/955/955 984/984/984 983/983/983
f 954/954/954 960/960/960 985/985/985
f 954/954/954 985/985/985 984/984/984
f 960/960/960 986/986/986 987/987/987
f 960/960/960 987/987/987 985/985/985
f 986/986/986 988/988/988 989/989/989
f 986/986/986 989/989/989 987/987/987
f 988/988/988 950/950/950 990/990/990
f 988/988/988 990/990/990 989/989/989
f 950/950/950 991/991/991 992/992/992
f 950/950/950 992/992/992 990/990/990
f 991/991/991 969/969/969 971/971/971
f 991/991/991 971/971/971 992/992/992
f 995/995/995 994/994/994 993/993/993
f 996/996/996 995/995/995 993/993/993
f 998/998/998 997/997/997 994/994/994
f 995/995/995 998/998/998 994/994/994
f 1000/1000/1000 999/999/999 997/997/997
f 998/998/998 1000/1000/1000 997/997/997
f 1002/1002/1002 1001/1001/1001 999/999/999
f 1000/1000/1000 1002/1002/1002 999/999/999
f 1004/1004/1004 1003/1003/1003 1001/1001/1001
f 1002/1002/1002 1004/1004/1004 1001/1001/1001
f 1006/1006/1006 1005/1005/1005 1003/1003/1003
f 1004/1004/1004 1006/1006/1006 1003/1003/1003
f 1008/1008/1008 1007/1007/1007 1005/1005/1005
f 1006/1006/1006 1008/1008/1008 1005/1005/1005
f 1010/1010/1010 1009/1009/1009 1007/1007/1007
f 1008/1008/1008 1010/1010/1010 1007/1007/1007
f 1012/1012/1012 1011/1011/1011 1009/1009/1009
f 1010/1010/1010 1012/1012/1012 1009/1009/1009
f 1014/1014/1014 1013/1013/1013 1011/1011/1011
f 1012/1012/1012 1014/1014/1014 1011/1011/1011
f 1016/1016/1016 1015/1015/1015 1013/1013/1013
f 1014/1014/1014 1016/1016/1016 1013/1013/1013
f 1018/1018/1018 1017/1017/1017 1015/1015/1015
f 1016/1016/1016 1018/1018/1018 1015/1015/1015
f 1020/1020/1020 1019/1019/1019 1017/1017/1017
f 1018/1018/1018 1020/1020/1020 1017/1017/1017
f 1022/1022/1022 1021/1021/1021 1019/1019/1019
f 1020/1020/1020 1022/1022/1022 1019/1019/1019
f 1024/1024/1024 1023/1023/1023 1021/1021/1021
f 1022/1022/1022 1024/1024/1024 1021/1021/1021
f 996/996/996 993/993/993 1023/1023/1023
f 1024/1024/1024 996/996/996 1023/1023/1023
f 1025/1025/1025 1026/1026/1026 1027/1027/1027
f 1025/1025/1025 1027/1027/1027 1028/1028/1028
f 1026/1026/1026 1029/1029/1029 1030/1030/1030
f 1026/1026/1026 1030/1030/1030 1027/1027/1027
f 1029/1029/1029 1031/1031/1031 1032/1032/1032
f 1029/1029/1029 1032/1032/1032 1030/1030/1030
f 1031/1031/1031 1033/1033/1033 1034/1034/1034
f 1031/1031/1031 1034/1034/1034 1032/1032/1032
f 1033/1033/1033 1035/1035/1035 1036/1036/1036
f 1033/1033/1033 1036/1036/1036 1034/1034/1034
f 1035/1035/1035 1037/1037/1037 1038/1038/1038
f 1035/1035/1035 1038/1038/1038 1036/1036/1036
f 1037/1037/1037 1039/1039/1039 1040/1040/1040
f 1037/1037/1037 1040/1040/1040 1038/1038/1038
f 1039/1039/1039 1041/1041/1041 1042/1042/1042
f 1039/1039/1039 1042/1042/1042 1040/1040/1040
f 1041/1041/1041 1043/1043/1043 1044/1044/1044
f 1041/1041/1041 1044/1044/1044 1042/1042/1042
f 1043/1043/1043 1045/1045/1045 1046/1046/1046
f 1043/1043/1043 1046/1046/1046 1044/1044/1044
f 1045/1045/1045 1047/1047/1047 1048/1048/1048
f 1045/1045/1045 1048/1048/1048 1046/1046/1046
f 1047/1047/1047 1049/1049/1049 1050/1050/1050
f 1047/1047/1047 1050/1050/1050 1048/1048/1048
f 1049/1049/1049 1051/1051/1051 1052/1052/1052
f 1049/1049/1049 1052/1052/1052 1050/1050/1050
f 1051/1051/1051 1053/1053/1053 1054/1054/1054
f 1051/1051/1051 1054/1054/1054 1052/1052/1052
f 1053/1053/1053 1055/1055/1055 1056/1056/1056
f 1053/1053/1053 1056/1056/1056 1054/1054/1054
f 1055/1055/1055 1025/1025/1025 1028/1028/1028
f 1055/1055/1055 1028/1028/1028 1056/1056/1056
f 55/55/55 52/52/52 98/98/98
f 1057/1057/1057 55/55/55 98/98/98
f 137/137/137 9/9/9 10/10/10
f 1058/1058/1058 137/137/137 10/10/10
f 1061/1061/1061 1060/1060/1060 1059/1059/1059
f 1062/1062/1062 1061/1061/1061 1059/1059/1059
f 1060/1060/1060 1064/1064/1064 1063/1063/1063
f 1059/1059/1059 1060/1060/1060 1063/1063/1063
f 1065/1065/1065 1064/1064/1064 1060/1060/1060
f 1066/1066/1066 1065/1065/1065 1060/1060/1060
f 1069/1069/1069 1068/1068/1068 1067/1067/1067
f 1070/1070/1070 1069/1069/1069 1067/1067/1067
f 1068/1068/1068 1072/1072/1072 1071/1071/1071
f 1067/1067/1067 1068/1068/1068 1071/1071/1071
f 1073/1073/1073 1072/1072/1072 1068/1068/1068
f 1074/1074/1074 1073/1073/1073 1068/1068/1068
f 1076/1076/1076 1075/1075/1075 3/3/3
f 4/4/4 1076/1076/1076 3/3/3
f 1078/1078/1078 1077/1077/1077 1075/1075/1075
f 1076/1076/1076 1078/1078/1078 1075/1075/1075
f 1080/1080/1080 1079/1079/1079 1077/1077/1077
f 1078/1078/1078 1080/1080/1080 1077/1077/1077
f 47/47/47 48/48/48 1079/1079/1079
f 1080/1080/1080 47/47/47 1079/1079/1079
f 34/34/34 1081/1081/1081 1082/1082/1082
f 34/34/34 1082/1082/1082 33/33/33
f 1081/1081/1081 1083/1083/1083 1084/1084/1084
f 1081/1081/1081 1084/1084/1084 1082/1082/1082
f 1083/1083/1083 1085/1085/1085 1086/1086/1086
f 1083/1083/1083 1086/1086/1086 1084/1084/1084
f 1085/1085/1085 77/77/77 78/78/78
f 1085/1085/1085 78/78/78 1086/1086/1086
f 1088/1088/1088 1087/1087/1087 44/44/44
f 45/45/45 1088/1088/1088 44/44/44
f 1090/1090/1090 1089/1089/1089 1087/1087/1087
f 1088/1088/1088 1090/1090/1090 1087/1087/1087
f 1092/1092/1092 1091/1091/1091 1089/1089/1089
f 1090/1090/1090 1092/1092/1092 1089/1089/1089
f 89/89/89 90/90/90 1091/1091/1091
f 1092/1092/1092 89/89/89 1091/1091/1091
f 28/28/28 1093/1093/1093 1094/1094/1094
f 28/28/28 1094/1094/1094 27/27/27
f 1093/1093/1093 1095/1095/1095 1096/1096/1096
f 1093/1093/1093 1096/1096/1096 1094/1094/1094
f 1095/1095/1095 1097/1097/1097 1098/1098/1098
f 1095/1095/1095 1098/1098/1098 1096/1096/1096
f 1097/1097/1097 73/73/73 74/74/74
f 1097/1097/1097 74/74/74 1098/1098/1098
f 39/39/39 1099/1099/1099 45/45/45
f 89/89/89 1100/1100/1100 84/84/84
f 1102/1102/1102 1101/1101/1101 93/93/93
f 94/94/94 1102/1102/1102 93/93/93
f 1104/1104/1104 1103/1103/1103 1101/1101/1101
f 1102/1102/1102 1104/1104/1104 1101/1101/1101
f 1106/1106/1106 1105/1105/1105 1103/1103/1103
f 1104/1104/1104 1106/1106/1106 1103/1103/1103
f 131/131/131 132/132/132 1105/1105/1105
f 1106/1106/1106 131/131/131 1105/1105/1105
f 120/120/120 1107/1107/1107 1108/1108/1108
f 120/120/120 1108/1108/1108 119/119/119
f 1107/1107/1107 1109/1109/1109 1110/1110/1110
f 1107/1107/1107 1110/1110/1110 1108/1108/1108
f 1109/1109/1109 1111/1111/1111 1112/1112/1112
f 1109/1109/1109 1112/1112/1112 1110/1110/1110
f 1111/1111/1111 157/157/157 158/158/158
f 1111/1111/1111 158/158/158 1112/1112/1112
f 1114/1114/1114 1113/1113/1113 128/128/128
f 129/129/129 1114/1114/1114 128/128/128
f 1116/1116/1116 1115/1115/1115 1113/1113/1113
f 1114/1114/1114 1116/1116/1116 1113/1113/1113
f 1118/1118/1118 1117/1117/1117 1115/1115/1115
f 1116/1116/1116 1118/1118/1118 1115/1115/1115
f 167/167/167 168/168/168 1117/1117/1117
f 1118/1118/1118 167/167/167 1117/1117/1117
f 114/114/114 1119/1119/1119 1120/1120/1120
f 114/114/114 1120/1120/1120 113/113/113
f 1119/1119/1119 1121/1121/1121 1122/1122/1122
f 1119/1119/1119 1122/1122/1122 1120/1120/1120
f 1121/1121/1121 1123/1123/1123 1124/1124/1124
f 1121/1121/1121 1124/1124/1124 1122/1122/1122
f 1123/1123/1123 153/153/153 154/154/154
f 1123/1123/1123 154/154/154 1124/1124/1124
f 84/84/84 1125/1125/1125 129/129/129
f 167/167/167 1126/1126/1126 39/39/39
