mtllib te.mtl
v 43.777 18.82611 -70
v 44.176 18.58111 -70
v 44 17.69511 -70
v 43 17.69511 -70
v 43.36 19.50611 -70
v 44.123 21.17211 -71
v 44.367 22.02911 -71
v 44.909 22.78611 -71
v 45.757 21.93811 -71
v 44.787 20.48611 -71
v 44.214 20.34511 -71
v 44.457 19.99111 -71
v 43.878 22.19311 -70.5
v 44.555 23.14011 -70.5
v 44.909 22.78611 -71
v 44.367 22.02911 -71
v 43.67 21.46211 -70.5
v 44.123 21.17211 -71
v 43.508 21.11611 -70.441
v 43.303 19.90211 -70.136
v 43.332 20.45711 -70.217
v 44.214 20.34511 -71
v 44.457 19.99111 -71
v 43.777 18.82611 -70
v 43.36 19.50611 -70
v 44.457 19.99111 -71
v 44 17.69511 -71
v 44 17.69511 -70
v 44.176 18.58111 -70
v 44.176 18.58111 -70
v 43.071 20.56511 -70.5
v 43.36 19.50611 -70
v 43 17.69511 -70
v 42.5 17.69511 -70.5
v 43.303 19.90211 -70.136
v 43.332 20.45711 -70.217
v 43.508 21.11611 -70.441
v 43.67 21.46211 -70.5
v 43.636 24.05911 -70.5
v 43.878 22.19311 -70.5
v 43.67 21.46211 -70.5
v 43.071 20.56511 -70.5
v 44.555 23.14011 -70.5
v 42.5 17.69511 -70.5
v 41 17.69511 -70.5
v 51.131 11.47211 -70
v 50 10.69511 -70
v 50 11.69511 -70
v 50.886 11.87111 -70
v 51.811 11.05511 -70
v 53.477 11.81811 -71
v 54.243 13.45211 -71
v 55.091 12.60411 -71
v 54.334 12.06211 -71
v 52.791 12.48211 -71
v 52.65 11.90911 -71
v 52.296 12.15211 -71
v 54.498 11.57311 -70.5
v 54.334 12.06211 -71
v 55.091 12.60411 -71
v 55.445 12.25011 -70.5
v 53.767 11.36511 -70.5
v 53.477 11.81811 -71
v 53.421 11.20311 -70.441
v 52.207 10.99811 -70.136
v 52.762 11.02711 -70.217
v 52.65 11.90911 -71
v 51.131 11.47211 -70
v 52.296 12.15211 -71
v 51.811 11.05511 -70
v 52.296 12.15211 -71
v 50.886 11.87111 -70
v 50 11.69511 -70
v 50 11.69511 -71
v 50.886 11.87111 -70
v 52.87 10.76611 -70.5
v 50 10.19511 -70.5
v 50 10.69511 -70
v 51.811 11.05511 -70
v 52.207 10.99811 -70.136
v 52.762 11.02711 -70.217
v 53.421 11.20311 -70.441
v 53.767 11.36511 -70.5
v 56.364 11.33111 -70.5
v 52.87 10.76611 -70.5
v 53.767 11.36511 -70.5
v 54.498 11.57311 -70.5
v 55.445 12.25011 -70.5
v 50 8.695107 -70.5
v 50 10.19511 -70.5
v 56.223 16.56411 -70
v 55.824 16.80911 -70
v 56 17.69511 -70
v 57 17.69511 -70
v 56.64 15.88411 -70
v 55.877 14.21811 -71
v 55.633 13.36111 -71
v 55.213 14.90411 -71
v 55.786 15.04511 -71
v 55.543 15.39911 -71
v 56.122 13.19711 -70.5
v 55.633 13.36111 -71
v 56.33 13.92811 -70.5
v 55.877 14.21811 -71
v 56.492 14.27411 -70.441
v 56.697 15.48811 -70.136
v 56.668 14.93311 -70.217
v 55.786 15.04511 -71
v 55.543 15.39911 -71
v 56.223 16.56411 -70
v 56.64 15.88411 -70
v 55.543 15.39911 -71
v 56 17.69511 -71
v 56 17.69511 -70
v 55.824 16.80911 -70
v 55.824 16.80911 -70
v 56.929 14.82511 -70.5
v 56.64 15.88411 -70
v 57 17.69511 -70
v 57.5 17.69511 -70.5
v 56.697 15.48811 -70.136
v 56.668 14.93311 -70.217
v 56.492 14.27411 -70.441
v 56.33 13.92811 -70.5
v 56.122 13.19711 -70.5
v 56.33 13.92811 -70.5
v 56.929 14.82511 -70.5
v 57.5 17.69511 -70.5
v 59 17.69511 -70.5
v 48.869 23.91811 -70
v 50 24.69511 -70
v 50 23.69511 -70
v 49.114 23.51911 -70
v 48.189 24.33511 -70
v 46.523 23.57211 -71
v 45.666 23.32811 -71
v 47.209 22.90811 -71
v 47.35 23.48111 -71
v 47.704 23.23811 -71
v 45.502 23.81711 -70.5
v 45.666 23.32811 -71
v 46.233 24.02511 -70.5
v 46.523 23.57211 -71
v 46.579 24.18711 -70.441
v 47.793 24.39211 -70.136
v 47.238 24.36311 -70.217
v 47.35 23.48111 -71
v 48.869 23.91811 -70
v 47.704 23.23811 -71
v 48.189 24.33511 -70
v 47.704 23.23811 -71
v 49.114 23.51911 -70
v 50 23.69511 -70
v 50 23.69511 -71
v 49.114 23.51911 -70
v 47.13 24.62411 -70.5
v 50 25.19511 -70.5
v 50 24.69511 -70
v 48.189 24.33511 -70
v 47.793 24.39211 -70.136
v 47.238 24.36311 -70.217
v 46.579 24.18711 -70.441
v 46.233 24.02511 -70.5
v 47.13 24.62411 -70.5
v 46.233 24.02511 -70.5
v 45.502 23.81711 -70.5
v 50 26.69511 -70.5
v 50 25.19511 -70.5
v 49.29 35.39011 -84.75
v 49.29 35.39011 -75.25
v 48.466 34.02811 -75.25
v 48.466 34.02811 -84.75
v 51.534 34.02811 -84.75
v 51.534 34.02811 -75.25
v 50.71 35.39011 -75.25
v 50.71 35.39011 -84.75
v 47.931 32.25511 -75.25
v 47.931 32.25511 -84.75
v 48.2 30.37511 -75.25
v 48.2 30.37511 -84.75
v 48.2 30.37511 -84.75
v 48.2 30.37511 -75.25
v 47.931 29.85411 -75.25
v 47.931 29.85411 -84.75
v 52.069 29.85411 -84.75
v 52.069 29.85411 -75.25
v 51.8 30.37511 -75.25
v 51.8 30.37511 -84.75
v 51.8 30.37511 -84.75
v 51.8 30.37511 -75.25
v 52.069 32.25511 -75.25
v 52.069 32.25511 -84.75
v 45.712 29.26011 -84.75
v 47.931 29.85411 -84.75
v 47.931 29.85411 -75.25
v 45.712 29.26011 -75.25
v 48.466 34.02811 -84.75
v 51.534 34.02811 -84.75
v 50.71 35.39011 -84.75
v 49.29 35.39011 -84.75
v 47.931 32.25511 -84.75
v 52.069 32.25511 -84.75
v 48.2 30.37511 -84.75
v 51.8 30.37511 -84.75
v 47.931 29.85411 -84.75
v 52.069 29.85411 -84.75
v 51.05 26.40211 -75.25
v 46.556 25.76011 -75.25
v 45.712 29.26011 -75.25
v 52.069 29.85411 -75.25
v 47.931 29.85411 -75.25
v 48.466 34.02811 -75.25
v 49.29 35.39011 -75.25
v 50.71 35.39011 -75.25
v 51.534 34.02811 -75.25
v 47.931 32.25511 -75.25
v 52.069 32.25511 -75.25
v 48.2 30.37511 -75.25
v 51.8 30.37511 -75.25
v 51.05 26.40211 -84.75
v 45.712 29.26011 -84.75
v 46.556 25.76011 -84.75
v 50.7102 35.39021 -75.25
v 49.2898 35.39021 -75.25
v 49.2898 35.39021 -84.75
v 50.7102 35.39021 -84.75
v 40.537 32.66411 -84.75
v 40.537 32.66411 -75.25
v 40.505 31.07311 -75.25
v 40.505 31.07311 -84.75
v 43.162 32.60711 -84.75
v 43.162 32.60711 -75.25
v 41.768 33.37511 -75.25
v 41.768 33.37511 -84.75
v 40.928 29.27011 -75.25
v 40.928 29.27011 -84.75
v 42.101 27.77711 -75.25
v 42.101 27.77711 -84.75
v 42.101 27.77711 -84.75
v 42.101 27.77711 -75.25
v 42.129 27.19111 -75.25
v 42.129 27.19111 -84.75
v 45.712 29.26011 -84.75
v 45.712 29.26011 -75.25
v 45.219 29.57611 -75.25
v 45.219 29.57611 -84.75
v 45.219 29.57611 -84.75
v 45.219 29.57611 -75.25
v 44.512 31.33911 -75.25
v 44.512 31.33911 -84.75
v 40.504 25.56611 -84.75
v 42.129 27.19111 -84.75
v 42.129 27.19111 -75.25
v 40.504 25.56611 -75.25
v 40.505 31.07311 -84.75
v 43.162 32.60711 -84.75
v 41.768 33.37511 -84.75
v 40.537 32.66411 -84.75
v 40.928 29.27011 -84.75
v 44.512 31.33911 -84.75
v 42.101 27.77711 -84.75
v 45.219 29.57611 -84.75
v 42.129 27.19111 -84.75
v 42.985 22.95711 -75.25
v 40.504 25.56611 -75.25
v 42.129 27.19111 -75.25
v 40.505 31.07311 -75.25
v 40.537 32.66411 -75.25
v 41.768 33.37511 -75.25
v 43.162 32.60711 -75.25
v 40.928 29.27011 -75.25
v 44.512 31.33911 -75.25
v 42.101 27.77711 -75.25
v 45.219 29.57611 -75.25
v 40.504 25.56611 -84.75
v 42.985 22.95711 -84.75
v 41.7676 33.37471 -75.25
v 40.5374 32.66451 -75.25
v 40.5374 32.66451 -84.75
v 41.7676 33.37471 -84.75
v 34.32 25.92711 -84.75
v 34.32 25.92711 -75.25
v 35.088 24.53311 -75.25
v 35.088 24.53311 -84.75
v 36.622 27.19011 -84.75
v 36.622 27.19011 -75.25
v 35.031 27.15811 -75.25
v 35.031 27.15811 -84.75
v 36.356 23.18311 -75.25
v 36.356 23.18311 -84.75
v 38.119 22.47611 -75.25
v 38.119 22.47611 -84.75
v 38.119 22.47611 -84.75
v 38.119 22.47611 -75.25
v 38.435 21.98311 -75.25
v 38.435 21.98311 -84.75
v 40.504 25.56611 -84.75
v 40.504 25.56611 -75.25
v 39.918 25.59411 -75.25
v 39.918 25.59411 -84.75
v 39.918 25.59411 -84.75
v 39.918 25.59411 -75.25
v 38.425 26.76711 -75.25
v 38.425 26.76711 -84.75
v 37.841 19.76411 -84.75
v 38.435 21.98311 -84.75
v 38.435 21.98311 -75.25
v 37.841 19.76411 -75.25
v 35.088 24.53311 -84.75
v 36.622 27.19011 -84.75
v 35.031 27.15811 -84.75
v 34.32 25.92711 -84.75
v 36.356 23.18311 -84.75
v 38.425 26.76711 -84.75
v 38.119 22.47611 -84.75
v 39.918 25.59411 -84.75
v 38.435 21.98311 -84.75
v 41.293 18.74511 -75.25
v 37.841 19.76411 -75.25
v 38.435 21.98311 -75.25
v 35.088 24.53311 -75.25
v 34.32 25.92711 -75.25
v 35.031 27.15811 -75.25
v 36.622 27.19011 -75.25
v 36.356 23.18311 -75.25
v 38.425 26.76711 -75.25
v 38.119 22.47611 -75.25
v 39.918 25.59411 -75.25
v 37.841 19.76411 -84.75
v 41.293 18.74511 -84.75
v 35.0306 27.15771 -75.25
v 34.3204 25.92751 -75.25
v 34.3204 25.92751 -84.75
v 35.0306 27.15771 -84.75
v 32.305 16.98511 -84.75
v 32.305 16.98511 -75.25
v 33.667 16.16111 -75.25
v 33.667 16.16111 -84.75
v 33.667 19.22911 -84.75
v 33.667 19.22911 -75.25
v 32.305 18.40511 -75.25
v 32.305 18.40511 -84.75
v 35.44 15.62611 -75.25
v 35.44 15.62611 -84.75
v 37.32 15.89511 -75.25
v 37.32 15.89511 -84.75
v 37.32 15.89511 -84.75
v 37.32 15.89511 -75.25
v 37.841 15.62611 -75.25
v 37.841 15.62611 -84.75
v 37.841 19.76411 -84.75
v 37.841 19.76411 -75.25
v 37.32 19.49511 -75.25
v 37.32 19.49511 -84.75
v 37.32 19.49511 -84.75
v 37.32 19.49511 -75.25
v 35.44 19.76411 -75.25
v 35.44 19.76411 -84.75
v 38.435 13.40711 -84.75
v 37.841 15.62611 -84.75
v 37.841 15.62611 -75.25
v 38.435 13.40711 -75.25
v 33.667 16.16111 -84.75
v 33.667 19.22911 -84.75
v 32.305 18.40511 -84.75
v 32.305 16.98511 -84.75
v 35.44 15.62611 -84.75
v 35.44 19.76411 -84.75
v 37.32 15.89511 -84.75
v 37.32 19.49511 -84.75
v 37.841 15.62611 -84.75
v 41.935 14.25111 -75.25
v 38.435 13.40711 -75.25
v 37.841 15.62611 -75.25
v 33.667 16.16111 -75.25
v 32.305 16.98511 -75.25
v 32.305 18.40511 -75.25
v 33.667 19.22911 -75.25
v 35.44 15.62611 -75.25
v 35.44 19.76411 -75.25
v 37.32 15.89511 -75.25
v 37.32 19.49511 -75.25
v 38.435 13.40711 -84.75
v 41.935 14.25111 -84.75
v 32.3049 18.40531 -75.25
v 32.3049 16.98491 -75.25
v 32.3049 16.98491 -84.75
v 32.3049 18.40531 -84.75
v 35.031 8.232109 -84.75
v 35.031 8.232109 -75.25
v 36.622 8.200109 -75.25
v 36.622 8.200109 -84.75
v 35.088 10.85711 -84.75
v 35.088 10.85711 -75.25
v 34.32 9.463109 -75.25
v 34.32 9.463109 -84.75
v 38.425 8.623109 -75.25
v 38.425 8.623109 -84.75
v 39.918 9.796108 -75.25
v 39.918 9.796109 -84.75
v 39.918 9.796109 -84.75
v 39.918 9.796108 -75.25
v 40.504 9.824108 -75.25
v 40.504 9.824109 -84.75
v 38.435 13.40711 -84.75
v 38.435 13.40711 -75.25
v 38.119 12.91411 -75.25
v 38.119 12.91411 -84.75
v 38.119 12.91411 -84.75
v 38.119 12.91411 -75.25
v 36.356 12.20711 -75.25
v 36.356 12.20711 -84.75
v 42.129 8.199109 -84.75
v 40.504 9.824109 -84.75
v 40.504 9.824108 -75.25
v 42.129 8.199109 -75.25
v 36.622 8.200109 -84.75
v 35.088 10.85711 -84.75
v 34.32 9.463109 -84.75
v 35.031 8.232109 -84.75
v 38.425 8.623109 -84.75
v 36.356 12.20711 -84.75
v 39.918 9.796109 -84.75
v 38.119 12.91411 -84.75
v 40.504 9.824109 -84.75
v 44.738 10.68011 -75.25
v 42.129 8.199109 -75.25
v 40.504 9.824108 -75.25
v 36.622 8.200109 -75.25
v 35.031 8.232109 -75.25
v 34.32 9.463109 -75.25
v 35.088 10.85711 -75.25
v 38.425 8.623109 -75.25
v 36.356 12.20711 -75.25
v 39.918 9.796108 -75.25
v 38.119 12.91411 -75.25
v 42.129 8.199109 -84.75
v 44.738 10.68011 -84.75
v 34.3204 9.462708 -75.25
v 35.0306 8.232509 -75.25
v 35.0306 8.232509 -84.75
v 34.3204 9.462708 -84.75
v 41.768 2.01511 -84.75
v 41.768 2.015109 -75.25
v 43.162 2.783108 -75.25
v 43.162 2.783109 -84.75
v 40.505 4.31711 -84.75
v 40.505 4.317109 -75.25
v 40.537 2.726108 -75.25
v 40.537 2.726109 -84.75
v 44.512 4.051108 -75.25
v 44.512 4.051109 -84.75
v 45.219 5.814108 -75.25
v 45.219 5.814109 -84.75
v 45.219 5.814109 -84.75
v 45.219 5.814108 -75.25
v 45.712 6.130108 -75.25
v 45.712 6.130109 -84.75
v 42.129 8.199109 -84.75
v 42.129 8.199109 -75.25
v 42.101 7.613108 -75.25
v 42.101 7.613109 -84.75
v 42.101 7.613109 -84.75
v 42.101 7.613108 -75.25
v 40.928 6.120108 -75.25
v 40.928 6.120109 -84.75
v 47.931 5.536109 -84.75
v 45.712 6.130109 -84.75
v 45.712 6.130108 -75.25
v 47.931 5.536108 -75.25
v 43.162 2.783109 -84.75
v 40.505 4.31711 -84.75
v 40.537 2.726109 -84.75
v 41.768 2.01511 -84.75
v 44.512 4.051109 -84.75
v 40.928 6.120109 -84.75
v 45.219 5.814109 -84.75
v 42.101 7.613109 -84.75
v 45.712 6.130109 -84.75
v 48.95 8.988109 -75.25
v 47.931 5.536108 -75.25
v 45.712 6.130108 -75.25
v 43.162 2.783108 -75.25
v 41.768 2.015109 -75.25
v 40.537 2.726108 -75.25
v 40.505 4.317109 -75.25
v 44.512 4.051108 -75.25
v 40.928 6.120108 -75.25
v 45.219 5.814108 -75.25
v 42.101 7.613108 -75.25
v 47.931 5.536109 -84.75
v 48.95 8.988109 -84.75
v 40.5374 2.725708 -75.25
v 41.7676 2.015508 -75.25
v 41.7676 2.015509 -84.75
v 40.5374 2.725708 -84.75
v 50.71 0.0001091341 -84.75
v 50.71 0.0001083036 -75.25
v 51.534 1.362108 -75.25
v 51.534 1.362109 -84.75
v 48.466 1.362109 -84.75
v 48.466 1.362108 -75.25
v 49.29 0.0001083036 -75.25
v 49.29 0.0001091341 -84.75
v 52.069 3.135108 -75.25
v 52.069 3.135109 -84.75
v 51.8 5.015109 -75.25
v 51.8 5.01511 -84.75
v 51.8 5.01511 -84.75
v 51.8 5.015109 -75.25
v 52.069 5.536108 -75.25
v 52.069 5.536109 -84.75
v 47.931 5.536109 -84.75
v 47.931 5.536108 -75.25
v 48.2 5.015109 -75.25
v 48.2 5.01511 -84.75
v 48.2 5.01511 -84.75
v 48.2 5.015109 -75.25
v 47.931 3.135108 -75.25
v 47.931 3.135109 -84.75
v 54.288 6.130109 -84.75
v 52.069 5.536109 -84.75
v 52.069 5.536108 -75.25
v 54.288 6.130108 -75.25
v 51.534 1.362109 -84.75
v 48.466 1.362109 -84.75
v 49.29 0.0001091341 -84.75
v 50.71 0.0001091341 -84.75
v 52.069 3.135109 -84.75
v 47.931 3.135109 -84.75
v 51.8 5.01511 -84.75
v 48.2 5.01511 -84.75
v 52.069 5.536109 -84.75
v 53.444 9.630109 -75.25
v 54.288 6.130108 -75.25
v 52.069 5.536108 -75.25
v 51.534 1.362108 -75.25
v 50.71 0.0001083036 -75.25
v 49.29 0.0001083036 -75.25
v 48.466 1.362108 -75.25
v 52.069 3.135108 -75.25
v 47.931 3.135108 -75.25
v 51.8 5.015109 -75.25
v 48.2 5.015109 -75.25
v 54.288 6.130109 -84.75
v 53.444 9.630109 -84.75
v 49.2898 7.214137E-06 -75.25
v 50.7102 7.214137E-06 -75.25
v 50.7102 8.044653E-06 -84.75
v 49.2898 8.044653E-06 -84.75
v 59.463 2.726109 -84.75
v 59.463 2.726108 -75.25
v 59.495 4.317109 -75.25
v 59.495 4.31711 -84.75
v 56.838 2.783109 -84.75
v 56.838 2.783108 -75.25
v 58.232 2.015109 -75.25
v 58.232 2.01511 -84.75
v 59.072 6.120108 -75.25
v 59.072 6.120109 -84.75
v 57.899 7.613108 -75.25
v 57.899 7.613109 -84.75
v 57.899 7.613109 -84.75
v 57.899 7.613108 -75.25
v 57.871 8.199109 -75.25
v 57.871 8.199109 -84.75
v 54.288 6.130109 -84.75
v 54.288 6.130108 -75.25
v 54.781 5.814108 -75.25
v 54.781 5.814109 -84.75
v 54.781 5.814109 -84.75
v 54.781 5.814108 -75.25
v 55.488 4.051108 -75.25
v 55.488 4.051109 -84.75
v 59.496 9.824109 -84.75
v 57.871 8.199109 -84.75
v 57.871 8.199109 -75.25
v 59.496 9.824108 -75.25
v 59.495 4.31711 -84.75
v 56.838 2.783109 -84.75
v 58.232 2.01511 -84.75
v 59.463 2.726109 -84.75
v 59.072 6.120109 -84.75
v 55.488 4.051109 -84.75
v 57.899 7.613109 -84.75
v 54.781 5.814109 -84.75
v 57.871 8.199109 -84.75
v 57.015 12.43311 -75.25
v 59.496 9.824108 -75.25
v 57.871 8.199109 -75.25
v 59.495 4.317109 -75.25
v 59.463 2.726108 -75.25
v 58.232 2.015109 -75.25
v 56.838 2.783108 -75.25
v 59.072 6.120108 -75.25
v 55.488 4.051108 -75.25
v 57.899 7.613108 -75.25
v 54.781 5.814108 -75.25
v 59.496 9.824109 -84.75
v 57.015 12.43311 -84.75
v 58.2324 2.015508 -75.25
v 59.4626 2.725708 -75.25
v 59.4626 2.725708 -84.75
v 58.2324 2.015509 -84.75
v 65.68 9.463109 -84.75
v 65.68 9.463109 -75.25
v 64.912 10.85711 -75.25
v 64.912 10.85711 -84.75
v 63.378 8.200109 -84.75
v 63.378 8.200109 -75.25
v 64.969 8.232109 -75.25
v 64.969 8.232109 -84.75
v 63.644 12.20711 -75.25
v 63.644 12.20711 -84.75
v 61.881 12.91411 -75.25
v 61.881 12.91411 -84.75
v 61.881 12.91411 -84.75
v 61.881 12.91411 -75.25
v 61.565 13.40711 -75.25
v 61.565 13.40711 -84.75
v 59.496 9.824109 -84.75
v 59.496 9.824108 -75.25
v 60.082 9.796108 -75.25
v 60.082 9.796109 -84.75
v 60.082 9.796109 -84.75
v 60.082 9.796108 -75.25
v 61.575 8.623109 -75.25
v 61.575 8.623109 -84.75
v 62.159 15.62611 -84.75
v 61.565 13.40711 -84.75
v 61.565 13.40711 -75.25
v 62.159 15.62611 -75.25
v 64.912 10.85711 -84.75
v 63.378 8.200109 -84.75
v 64.969 8.232109 -84.75
v 65.68 9.463109 -84.75
v 63.644 12.20711 -84.75
v 61.575 8.623109 -84.75
v 61.881 12.91411 -84.75
v 60.082 9.796109 -84.75
v 61.565 13.40711 -84.75
v 58.707 16.64511 -75.25
v 62.159 15.62611 -75.25
v 61.565 13.40711 -75.25
v 64.912 10.85711 -75.25
v 65.68 9.463109 -75.25
v 64.969 8.232109 -75.25
v 63.378 8.200109 -75.25
v 63.644 12.20711 -75.25
v 61.575 8.623109 -75.25
v 61.881 12.91411 -75.25
v 60.082 9.796108 -75.25
v 62.159 15.62611 -84.75
v 58.707 16.64511 -84.75
v 64.9694 8.232509 -75.25
v 65.6796 9.462708 -75.25
v 65.6796 9.462708 -84.75
v 64.9694 8.232509 -84.75
v 67.695 18.40511 -84.75
v 67.695 18.40511 -75.25
v 66.333 19.22911 -75.25
v 66.333 19.22911 -84.75
v 66.333 16.16111 -84.75
v 66.333 16.16111 -75.25
v 67.695 16.98511 -75.25
v 67.695 16.98511 -84.75
v 64.56 19.76411 -75.25
v 64.56 19.76411 -84.75
v 62.68 19.49511 -75.25
v 62.68 19.49511 -84.75
v 62.68 19.49511 -84.75
v 62.68 19.49511 -75.25
v 62.159 19.76411 -75.25
v 62.159 19.76411 -84.75
v 62.159 15.62611 -84.75
v 62.159 15.62611 -75.25
v 62.68 15.89511 -75.25
v 62.68 15.89511 -84.75
v 62.68 15.89511 -84.75
v 62.68 15.89511 -75.25
v 64.56 15.62611 -75.25
v 64.56 15.62611 -84.75
v 61.565 21.98311 -84.75
v 62.159 19.76411 -84.75
v 62.159 19.76411 -75.25
v 61.565 21.98311 -75.25
v 66.333 19.22911 -84.75
v 66.333 16.16111 -84.75
v 67.695 16.98511 -84.75
v 67.695 18.40511 -84.75
v 64.56 19.76411 -84.75
v 64.56 15.62611 -84.75
v 62.68 19.49511 -84.75
v 62.68 15.89511 -84.75
v 62.159 19.76411 -84.75
v 58.065 21.13911 -75.25
v 61.565 21.98311 -75.25
v 62.159 19.76411 -75.25
v 66.333 19.22911 -75.25
v 67.695 18.40511 -75.25
v 67.695 16.98511 -75.25
v 66.333 16.16111 -75.25
v 64.56 19.76411 -75.25
v 64.56 15.62611 -75.25
v 62.68 19.49511 -75.25
v 62.68 15.89511 -75.25
v 61.565 21.98311 -84.75
v 58.065 21.13911 -84.75
v 67.6951 16.98491 -75.25
v 67.6951 18.40531 -75.25
v 67.6951 18.40531 -84.75
v 67.6951 16.98491 -84.75
v 64.969 27.15811 -84.75
v 64.969 27.15811 -75.25
v 63.378 27.19011 -75.25
v 63.378 27.19011 -84.75
v 64.912 24.53311 -84.75
v 64.912 24.53311 -75.25
v 65.68 25.92711 -75.25
v 65.68 25.92711 -84.75
v 61.575 26.76711 -75.25
v 61.575 26.76711 -84.75
v 60.082 25.59411 -75.25
v 60.082 25.59411 -84.75
v 60.082 25.59411 -84.75
v 60.082 25.59411 -75.25
v 59.496 25.56611 -75.25
v 59.496 25.56611 -84.75
v 61.565 21.98311 -84.75
v 61.565 21.98311 -75.25
v 61.881 22.47611 -75.25
v 61.881 22.47611 -84.75
v 61.881 22.47611 -84.75
v 61.881 22.47611 -75.25
v 63.644 23.18311 -75.25
v 63.644 23.18311 -84.75
v 57.871 27.19111 -84.75
v 59.496 25.56611 -84.75
v 59.496 25.56611 -75.25
v 57.871 27.19111 -75.25
v 63.378 27.19011 -84.75
v 64.912 24.53311 -84.75
v 65.68 25.92711 -84.75
v 64.969 27.15811 -84.75
v 61.575 26.76711 -84.75
v 63.644 23.18311 -84.75
v 60.082 25.59411 -84.75
v 61.881 22.47611 -84.75
v 59.496 25.56611 -84.75
v 55.262 24.71011 -75.25
v 57.871 27.19111 -75.25
v 59.496 25.56611 -75.25
v 63.378 27.19011 -75.25
v 64.969 27.15811 -75.25
v 65.68 25.92711 -75.25
v 64.912 24.53311 -75.25
v 61.575 26.76711 -75.25
v 63.644 23.18311 -75.25
v 60.082 25.59411 -75.25
v 61.881 22.47611 -75.25
v 57.871 27.19111 -84.75
v 55.262 24.71011 -84.75
v 65.6796 25.92751 -75.25
v 64.9694 27.15771 -75.25
v 64.9694 27.15771 -84.75
v 65.6796 25.92751 -84.75
v 58.232 33.37511 -84.75
v 58.232 33.37511 -75.25
v 56.838 32.60711 -75.25
v 56.838 32.60711 -84.75
v 59.495 31.07311 -84.75
v 59.495 31.07311 -75.25
v 59.463 32.66411 -75.25
v 59.463 32.66411 -84.75
v 55.488 31.33911 -75.25
v 55.488 31.33911 -84.75
v 54.781 29.57611 -75.25
v 54.781 29.57611 -84.75
v 54.781 29.57611 -84.75
v 54.781 29.57611 -75.25
v 54.288 29.26011 -75.25
v 54.288 29.26011 -84.75
v 57.871 27.19111 -84.75
v 57.871 27.19111 -75.25
v 57.899 27.77711 -75.25
v 57.899 27.77711 -84.75
v 57.899 27.77711 -84.75
v 57.899 27.77711 -75.25
v 59.072 29.27011 -75.25
v 59.072 29.27011 -84.75
v 52.069 29.85411 -84.75
v 54.288 29.26011 -84.75
v 54.288 29.26011 -75.25
v 52.069 29.85411 -75.25
v 56.838 32.60711 -84.75
v 59.495 31.07311 -84.75
v 59.463 32.66411 -84.75
v 58.232 33.37511 -84.75
v 55.488 31.33911 -84.75
v 59.072 29.27011 -84.75
v 54.781 29.57611 -84.75
v 57.899 27.77711 -84.75
v 54.288 29.26011 -84.75
v 54.288 29.26011 -75.25
v 56.838 32.60711 -75.25
v 58.232 33.37511 -75.25
v 59.463 32.66411 -75.25
v 59.495 31.07311 -75.25
v 55.488 31.33911 -75.25
v 59.072 29.27011 -75.25
v 54.781 29.57611 -75.25
v 57.899 27.77711 -75.25
v 59.4626 32.66451 -75.25
v 58.2324 33.37471 -75.25
v 58.2324 33.37471 -84.75
v 59.4626 32.66451 -84.75
v 41 17.69511 -75.25
v 41.6849 21.13941 -75.25
v 41.6849 21.13941 -70.5
v 41 17.69511 -70.5
v 43.6361 24.05901 -75.25
v 43.6361 24.05901 -70.5
v 46.5557 26.01021 -75.25
v 46.5557 26.01021 -70.5
v 50 26.69511 -75.25
v 50 26.69511 -70.5
v 53.4443 26.01021 -75.25
v 53.4443 26.01021 -70.5
v 56.3639 24.05901 -75.25
v 56.3639 24.05901 -70.5
v 58.3151 21.13941 -75.25
v 58.3151 21.13941 -70.5
v 59 17.69511 -75.25
v 59 17.69511 -70.5
v 58.3151 14.25081 -75.25
v 58.3151 14.25081 -70.5
v 56.3639 11.33121 -75.25
v 56.3639 11.33121 -70.5
v 53.4443 9.380009 -75.25
v 53.4443 9.380008 -70.5
v 50 8.695108 -75.25
v 50 8.695107 -70.5
v 46.5557 9.380009 -75.25
v 46.5557 9.380008 -70.5
v 43.6361 11.33121 -75.25
v 43.6361 11.33121 -70.5
v 41.6849 14.25081 -75.25
v 41.6849 14.25081 -70.5
v 41 17.69511 -84.75
v 41.6849 21.13941 -84.75
v 41.6849 21.13941 -89.5
v 41 17.69511 -89.5
v 43.6361 24.05901 -84.75
v 43.6361 24.05901 -89.5
v 46.5557 26.01021 -84.75
v 46.5557 26.01021 -89.5
v 50 26.69511 -84.75
v 50 26.69511 -89.5
v 53.4443 26.01021 -84.75
v 53.4443 26.01021 -89.5
v 56.3639 24.05901 -84.75
v 56.3639 24.05901 -89.5
v 58.3151 21.13941 -84.75
v 58.3151 21.13941 -89.5
v 59 17.69511 -84.75
v 59 17.69511 -89.5
v 58.3151 14.25081 -84.75
v 58.3151 14.25081 -89.5
v 56.3639 11.33121 -84.75
v 56.3639 11.33121 -89.5
v 53.4443 9.380009 -84.75
v 53.4443 9.38001 -89.5
v 50 8.695108 -84.75
v 50 8.695109 -89.5
v 46.5557 9.380009 -84.75
v 46.5557 9.38001 -89.5
v 43.6361 11.33121 -84.75
v 43.6361 11.33121 -89.5
v 41.6849 14.25081 -84.75
v 41.6849 14.25081 -89.5
v 55.213 14.90411 -71
v 55.213 14.90411 -90
v 52.5 15.19511 -90
v 52.5 15.19511 -71
v 52.5 15.19511 -71
v 52.5 15.19511 -90
v 52.791 12.48211 -90
v 52.791 12.48211 -71
v 52.296 12.15211 -90
v 50 11.69511 -90
v 52.791 12.48211 -71
v 52.791 12.48211 -90
v 55.543 15.39911 -90
v 55.213 14.90411 -90
v 55.213 14.90411 -71
v 56 17.69511 -90
v 44.787 20.48611 -71
v 44.787 20.48611 -90
v 47.5 20.19511 -90
v 47.5 20.19511 -71
v 47.5 20.19511 -71
v 47.5 20.19511 -90
v 47.209 22.90811 -90
v 47.209 22.90811 -71
v 47.704 23.23811 -90
v 50 23.69511 -90
v 47.209 22.90811 -71
v 47.209 22.90811 -90
v 44.457 19.99111 -90
v 44.787 20.48611 -90
v 44.787 20.48611 -71
v 44 17.69511 -90
v 55.602 19.69511 -71
v 55.602 19.69511 -90
v 54 19.69511 -71
v 54 19.69511 -90
v 55.602 19.69511 -90
v 55.602 19.69511 -71
v 52.5 20.19511 -71
v 52.5 20.19511 -90
v 52 21.69511 -71
v 52 21.69511 -90
v 52.5 20.19511 -90
v 52.5 20.19511 -71
v 52 23.29711 -71
v 52 23.29711 -90
v 52 23.29711 -71
v 52 23.29711 -90
v 44.398 15.69511 -71
v 44.398 15.69511 -90
v 46 15.69511 -90
v 44.398 15.69511 -90
v 44.398 15.69511 -71
v 46 15.69511 -71
v 47.5 15.19511 -71
v 47.5 15.19511 -90
v 48 13.69511 -71
v 48 13.69511 -90
v 47.5 15.19511 -90
v 47.5 15.19511 -71
v 48 12.09311 -71
v 48 12.09311 -90
v 48 12.09311 -71
v 48 12.09311 -90
v 55.213 14.90411 -90
v 54.243 13.45211 -90
v 52.791 12.48211 -90
v 52.5 15.19511 -90
v 44.787 20.48611 -90
v 45.757 21.93811 -90
v 47.209 22.90811 -90
v 47.5 20.19511 -90
v 54 19.69511 -90
v 54.243 21.93811 -90
v 55.543 19.99111 -90
v 55.602 19.69511 -90
v 52.5 20.19511 -90
v 52 21.69511 -90
v 52 23.29711 -90
v 52.296 23.23811 -90
v 46 15.69511 -90
v 45.757 13.45211 -90
v 44.457 15.39911 -90
v 44.398 15.69511 -90
v 47.5 15.19511 -90
v 48 13.69511 -90
v 48 12.09311 -90
v 47.704 12.15211 -90
v 44 17.69511 -90
v 43.5328 15.01631 -90
v 43 17.69511 -90
v 45.0503 12.74541 -90
v 47.3212 11.22791 -90
v 50 11.69511 -90
v 50 10.69511 -90
v 52.2961 12.15181 -90
v 52.6788 11.22791 -90
v 54.9497 12.74541 -90
v 55.5433 15.39901 -90
v 56.4672 15.01631 -90
v 56 17.69511 -90
v 57 17.69511 -90
v 56.4672 20.37391 -90
v 54.9497 22.64481 -90
v 52.6788 24.16231 -90
v 50 23.69511 -90
v 50 24.69511 -90
v 47.7039 23.23841 -90
v 47.3212 24.16231 -90
v 45.0503 22.64481 -90
v 44.4567 19.99121 -90
v 43.5328 20.37391 -90
v 42.5 17.69511 -89.5
v 43.07075 14.82486 -89.5
v 43.5327 15.01621 -90
v 43 17.69511 -90
v 44.69675 12.39186 -89.5
v 45.0503 12.74541 -90
v 47.12975 10.76586 -89.5
v 47.3211 11.22781 -90
v 50 10.19511 -89.5
v 50 10.69511 -90
v 52.87025 10.76586 -89.5
v 52.6789 11.22781 -90
v 55.30325 12.39186 -89.5
v 54.9497 12.74541 -90
v 56.92925 14.82486 -89.5
v 56.4673 15.01621 -90
v 57.5 17.69511 -89.5
v 57 17.69511 -90
v 56.92925 20.56536 -89.5
v 56.4673 20.37401 -90
v 55.30325 22.99836 -89.5
v 54.9497 22.64481 -90
v 52.87025 24.62436 -89.5
v 52.6789 24.16241 -90
v 50 25.19511 -89.5
v 50 24.69511 -90
v 47.12975 24.62436 -89.5
v 47.3211 24.16241 -90
v 44.69675 22.99836 -89.5
v 45.0503 22.64481 -90
v 43.07075 20.56536 -89.5
v 43.5327 20.37401 -90
v 42.5 17.69511 -89.5
v 43.07075 14.82486 -89.5
v 41.6849 14.25081 -89.5
v 41 17.69511 -89.5
v 44.69675 12.39186 -89.5
v 43.6361 11.33121 -89.5
v 47.12975 10.76586 -89.5
v 46.5557 9.38001 -89.5
v 50 10.19511 -89.5
v 50 8.695109 -89.5
v 52.87025 10.76586 -89.5
v 53.4443 9.38001 -89.5
v 55.30325 12.39186 -89.5
v 56.3639 11.33121 -89.5
v 56.92925 14.82486 -89.5
v 58.3151 14.25081 -89.5
v 57.5 17.69511 -89.5
v 59 17.69511 -89.5
v 56.92925 20.56536 -89.5
v 58.3151 21.13941 -89.5
v 55.30325 22.99836 -89.5
v 56.3639 24.05901 -89.5
v 52.87025 24.62436 -89.5
v 53.4443 26.01021 -89.5
v 50 25.19511 -89.5
v 50 26.69511 -89.5
v 47.12975 24.62436 -89.5
v 46.5557 26.01021 -89.5
v 44.69675 22.99836 -89.5
v 43.6361 24.05901 -89.5
v 43.07075 20.56536 -89.5
v 41.6849 21.13941 -89.5
v 52.5 15.19511 -71
v 47.5 20.19511 -71
v 54 19.69511 -71
v 54.243 21.93811 -71
v 55.543 19.99111 -71
v 55.602 19.69511 -71
v 52.5 20.19511 -71
v 52 21.69511 -71
v 52 23.29711 -71
v 52.296 23.23811 -71
v 46 15.69511 -71
v 45.757 13.45211 -71
v 44.457 15.39911 -71
v 44.398 15.69511 -71
v 47.5 15.19511 -71
v 48 13.69511 -71
v 48 12.09311 -71
v 47.704 12.15211 -71
v 44.4566 15.39891 -70
v 43.5327 15.01621 -70
v 45.7574 13.45251 -70
v 45.0503 12.74541 -70
v 47.7038 12.15171 -70
v 47.3211 11.22781 -70
v 43.07075 14.82486 -70.5
v 43.5327 15.01621 -70
v 44.69675 12.39186 -70.5
v 45.0503 12.74541 -70
v 47.12975 10.76586 -70.5
v 47.3211 11.22781 -70
v 43.07075 14.82486 -70.5
v 41.68505 14.25096 -70.5
v 44.69675 12.39186 -70.5
v 43.6361 11.33121 -70.5
v 47.12975 10.76586 -70.5
v 46.55585 9.380157 -70.5
v 44.4566 15.39891 -70
v 44.4566 15.39891 -71
v 45.7574 13.45251 -70
v 45.7574 13.45251 -71
v 47.7038 12.15171 -70
v 47.7038 12.15171 -71
v 41.6849 21.13941 -70.5
v 53.4443 9.380008 -70.5
v 55.5434 19.99131 -70
v 56.4673 20.37401 -70
v 54.2426 21.93771 -70
v 54.9497 22.64481 -70
v 52.2962 23.23851 -70
v 52.6789 24.16241 -70
v 56.92925 20.56536 -70.5
v 56.4673 20.37401 -70
v 55.30325 22.99836 -70.5
v 54.9497 22.64481 -70
v 52.87025 24.62436 -70.5
v 52.6789 24.16241 -70
v 56.92925 20.56536 -70.5
v 58.31495 21.13926 -70.5
v 55.30325 22.99836 -70.5
v 56.3639 24.05901 -70.5
v 52.87025 24.62436 -70.5
v 53.44415 26.01006 -70.5
v 55.5434 19.99131 -70
v 55.5434 19.99131 -71
v 54.2426 21.93771 -70
v 54.2426 21.93771 -71
v 52.2962 23.23851 -70
v 52.2962 23.23851 -71
v 58.3151 14.25081 -70.5
v 46.5557 26.01021 -70.5
vn 0 -8.742278E-08 1
vn 0 -8.742278E-08 1
vn 0 -8.742278E-08 1
vn 0 -8.742278E-08 1
vn 0 -8.742278E-08 1
vn 0 -8.742278E-08 1
vn 0 -8.742278E-08 1
vn 0 -8.742278E-08 1
vn 0 -8.742278E-08 1
vn 0 -8.742278E-08 1
vn 0 -8.742278E-08 1
vn 0 -8.742278E-08 1
vn 0.6131825 -0.3418514 0.712141
vn 0.4996845 -0.4996846 0.7075525
vn 0.4998982 -0.4998983 0.7072507
vn 0.6437621 -0.2670224 0.7171258
vn 0.6698056 -0.190836 0.7175946
vn 0.6742001 -0.1036483 0.7312396
vn 0.6725608 0.007270317 0.7400062
vn 0.6019841 0.2416084 0.7610786
vn 0.6683677 0.07310856 0.7402295
vn 0.6316457 0.1742286 0.7554256
vn 0.4699751 0.408655 0.7823839
vn 0.4760515 0.3992188 0.7835811
vn 0.5552729 0.3405127 0.7587641
vn 0.966001 -0.2585383 0.0002986538
vn 1 -6.785015E-05 -5.931649E-12
vn 0.9978107 -0.06613412 0.0003025565
vn 0.9808349 -0.1948387 0.0008921932
vn 0.3116693 0.507576 0.8032614
vn -0.6710874 0.2272684 0.7056846
vn -0.7000078 0.1396346 0.7003508
vn -0.7064449 0.04684958 0.7062157
vn -0.7071068 3.613572E-05 0.7071068
vn -0.7002543 0.1393638 0.7001582
vn -0.654142 0.2702753 0.7064342
vn -0.5951931 0.3972534 0.6985235
vn -0.5959427 0.3979595 0.6974816
vn 0 -8.742278E-08 1
vn 0 -8.742278E-08 1
vn 0 -8.742278E-08 1
vn 0 -8.742278E-08 1
vn 0 -8.742278E-08 1
vn 0 -8.742278E-08 1
vn 0 -8.742278E-08 1
vn 0 -8.742278E-08 1
vn 0 -8.742278E-08 1
vn 0 -8.742278E-08 1
vn 0 -8.742278E-08 1
vn 0 -8.742278E-08 1
vn 0 -8.742278E-08 1
vn 0 -8.742278E-08 1
vn 0 -8.742278E-08 1
vn 0 -8.742278E-08 1
vn 0 -8.742278E-08 1
vn 0 -8.742278E-08 1
vn 0 -8.742278E-08 1
vn -0.3418514 0.6131824 0.7121412
vn -0.2670223 0.6437621 0.7171258
vn -0.4998982 0.4998981 0.7072508
vn -0.4996845 0.4996845 0.7075526
vn -0.1908359 0.6698056 0.7175947
vn -0.1036482 0.6742001 0.7312397
vn 0.007270379 0.6725607 0.7400063
vn 0.2416085 0.601984 0.7610787
vn 0.07310863 0.6683677 0.7402296
vn 0.1742287 0.6316458 0.7554257
vn 0.3992189 0.4760514 0.7835811
vn 0.4086551 0.4699749 0.7823839
vn 0.3405128 0.5552728 0.7587642
vn -0.2585383 0.966001 0.0002987498
vn -0.1948387 0.980835 0.0008922631
vn -0.06613412 0.9978107 0.0003026383
vn -6.785015E-05 1 8.742278E-08
vn 0.507576 0.3116692 0.8032613
vn 0.2272685 -0.6710874 0.7056845
vn 3.619753E-05 -0.7071068 0.7071067
vn 0.04684962 -0.706445 0.7062157
vn 0.1396347 -0.7000079 0.7003507
vn 0.1393639 -0.7002544 0.7001582
vn 0.2702753 -0.6541421 0.7064342
vn 0.3972534 -0.5951932 0.6985233
vn 0.3979596 -0.5959428 0.6974815
vn 0 -8.742278E-08 1
vn 0 -8.742278E-08 1
vn 0 -8.742278E-08 1
vn 0 -8.742278E-08 1
vn 0 -8.742278E-08 1
vn 0 -8.742278E-08 1
vn 0 -8.742278E-08 1
vn 0 -8.742278E-08 1
vn 0 -8.742278E-08 1
vn 0 -8.742278E-08 1
vn 0 -8.742278E-08 1
vn 0 -8.742278E-08 1
vn 0 -8.742278E-08 1
vn 0 -8.742278E-08 1
vn 0 -8.742278E-08 1
vn 0 -8.742278E-08 1
vn 0 -8.742278E-08 1
vn -0.6131825 0.3418513 0.7121412
vn -0.6437621 0.2670223 0.7171258
vn -0.6698056 0.1908359 0.7175946
vn -0.6742001 0.1036481 0.7312396
vn -0.6725608 -0.007270446 0.7400062
vn -0.6019841 -0.2416085 0.7610786
vn -0.6683677 -0.0731087 0.7402295
vn -0.6316457 -0.1742287 0.7554256
vn -0.4699751 -0.4086552 0.7823838
vn -0.4760515 -0.3992189 0.783581
vn -0.5552729 -0.3405128 0.7587641
vn -0.966001 0.2585383 0.000298699
vn -1 6.785015E-05 5.931649E-12
vn -0.9978107 0.06613412 0.000302568
vn -0.9808349 0.1948387 0.0008922273
vn -0.3116693 -0.5075761 0.8032613
vn 0.6710874 -0.2272685 0.7056846
vn 0.7000078 -0.1396347 0.7003508
vn 0.7064449 -0.04684971 0.7062157
vn 0.7071068 -3.625935E-05 0.7071068
vn 0.7002543 -0.1393639 0.7001582
vn 0.654142 -0.2702754 0.7064342
vn 0.5951931 -0.3972535 0.6985233
vn 0.5959427 -0.3979596 0.6974815
vn 0 -8.742278E-08 1
vn 0 -8.742278E-08 1
vn 0 -8.742278E-08 1
vn 0 -8.742278E-08 1
vn 0 -8.742278E-08 1
vn 0 -8.742278E-08 1
vn 0 -8.742278E-08 1
vn 0 -8.742278E-08 1
vn 0 -8.742278E-08 1
vn 0 -8.742278E-08 1
vn 0 -8.742278E-08 1
vn 0 -8.742278E-08 1
vn 0 -8.742278E-08 1
vn 0 -8.742278E-08 1
vn 0 -8.742278E-08 1
vn 0.3418514 -0.6131825 0.712141
vn 0.2670223 -0.6437622 0.7171257
vn 0.1908359 -0.6698057 0.7175946
vn 0.1036482 -0.6742002 0.7312396
vn -0.007270379 -0.6725608 0.7400061
vn -0.2416085 -0.6019841 0.7610785
vn -0.07310863 -0.6683678 0.7402295
vn -0.1742287 -0.6316459 0.7554256
vn -0.3992189 -0.4760515 0.783581
vn -0.4086551 -0.4699751 0.7823838
vn -0.3405128 -0.5552729 0.7587641
vn 0.2585383 -0.966001 0.0002985809
vn 0.1948387 -0.980835 0.0008920916
vn 0.06613412 -0.9978107 0.0003024638
vn 6.785015E-05 -1 -8.742278E-08
vn -0.507576 -0.3116693 0.8032613
vn -0.2272685 0.6710873 0.7056847
vn -3.619753E-05 0.7071067 0.7071068
vn -0.04684962 0.7064449 0.7062158
vn -0.1396347 0.7000077 0.7003508
vn -0.1393639 0.7002543 0.7001583
vn -0.2702753 0.654142 0.7064343
vn -0.3972534 0.5951931 0.6985235
vn -0.3979596 0.5959427 0.6974816
vn 0 -8.742278E-08 1
vn 0 -8.742278E-08 1
vn 0 -8.742278E-08 1
vn 0 -8.742278E-08 1
vn 0 -8.742278E-08 1
vn -0.8556025 0.5176334 4.525295E-08
vn -0.8556025 0.5176334 4.525295E-08
vn -0.8957838 0.4444899 3.885854E-08
vn -0.9299431 0.3677031 3.214563E-08
vn 0.8957838 0.4444899 3.885854E-08
vn 0.9299431 0.3677031 3.214563E-08
vn 0.8556025 0.5176334 4.525295E-08
vn 0.8556025 0.5176334 4.525295E-08
vn -0.988915 0.1484826 1.298076E-08
vn -0.9999982 0.001905927 1.666214E-10
vn -0.9899179 -0.1416425 -1.238278E-08
vn -0.9899179 -0.1416425 -1.238278E-08
vn -0.8885533 0.4587734 4.010724E-08
vn -0.8885533 0.4587734 4.010724E-08
vn -0.8885533 0.4587734 4.010724E-08
vn -0.8885533 0.4587734 4.010724E-08
vn 0.8885533 0.4587734 4.010724E-08
vn 0.8885533 0.4587734 4.010724E-08
vn 0.8885533 0.4587734 4.010724E-08
vn 0.8885533 0.4587734 4.010724E-08
vn 0.9899179 -0.1416425 -1.238278E-08
vn 0.9899179 -0.1416425 -1.238278E-08
vn 0.9999982 0.001905927 1.666214E-10
vn 0.988915 0.1484826 1.298076E-08
vn -0.2585837 0.9659889 8.444943E-08
vn -0.2585837 0.9659889 8.444943E-08
vn -0.2585837 0.9659889 8.444943E-08
vn -0.2585837 0.9659889 8.444943E-08
vn 0 8.742278E-08 -1
vn 0 8.742278E-08 -1
vn 0 8.742278E-08 -1
vn 0 8.742278E-08 -1
vn 0 8.742278E-08 -1
vn 0 8.742278E-08 -1
vn 0 8.742278E-08 -1
vn 0 8.742278E-08 -1
vn 0 8.742278E-08 -1
vn 0 8.742278E-08 -1
vn 0 -8.742278E-08 1
vn 0 -8.742278E-08 1
vn 0 -8.742278E-08 1
vn 0 -8.742278E-08 1
vn 0 -8.742278E-08 1
vn 0 -8.742278E-08 1
vn 0 -8.742278E-08 1
vn 0 -8.742278E-08 1
vn 0 -8.742278E-08 1
vn 0 -8.742278E-08 1
vn 0 -8.742278E-08 1
vn 0 -8.742278E-08 1
vn 0 -8.742278E-08 1
vn 0 8.742278E-08 -1
vn 0 8.742278E-08 -1
vn 0 8.742278E-08 -1
vn 0 1 8.742278E-08
vn 0 1 8.742278E-08
vn 0 1 8.742278E-08
vn 0 1 8.742278E-08
vn -0.9997978 0.0201094 1.75802E-09
vn -0.9997978 0.0201094 1.75802E-09
vn -0.9980029 -0.06316942 -5.522446E-09
vn -0.9891975 -0.1465892 -1.281524E-08
vn 0.5537599 0.8326764 7.279488E-08
vn 0.6215913 0.7833417 6.848191E-08
vn 0.4825457 0.8758708 7.657106E-08
vn 0.4825457 0.8758708 7.657106E-08
vn -0.9306645 -0.3658738 -3.198571E-08
vn -0.8669186 -0.4984498 -4.357586E-08
vn -0.7863367 -0.6177983 -5.400964E-08
vn -0.7863367 -0.6177983 -5.400964E-08
vn -0.9988604 -0.04772687 -4.172416E-09
vn -0.9988604 -0.04772687 -4.172416E-09
vn -0.9988604 -0.04772687 -4.172416E-09
vn -0.9988604 -0.04772687 -4.172416E-09
vn 0.5396354 0.8418988 7.360113E-08
vn 0.5396354 0.8418988 7.360113E-08
vn 0.5396354 0.8418988 7.360113E-08
vn 0.5396354 0.8418988 7.360113E-08
vn 0.9281495 0.3722075 3.253941E-08
vn 0.9281495 0.3722075 3.253941E-08
vn 0.8650937 0.5016103 4.385217E-08
vn 0.7821816 0.6230505 5.446881E-08
vn -0.7071068 0.7071068 6.181724E-08
vn -0.7071068 0.7071068 6.181724E-08
vn -0.7071068 0.7071068 6.181724E-08
vn -0.7071068 0.7071068 6.181724E-08
vn 0 8.742278E-08 -1
vn 0 8.742278E-08 -1
vn 0 8.742278E-08 -1
vn 0 8.742278E-08 -1
vn 0 8.742278E-08 -1
vn 0 8.742278E-08 -1
vn 0 8.742278E-08 -1
vn 0 8.742278E-08 -1
vn 0 8.742278E-08 -1
vn 0 -8.742278E-08 1
vn 0 -8.742278E-08 1
vn 0 -8.742278E-08 1
vn 0 -8.742278E-08 1
vn 0 -8.742278E-08 1
vn 0 -8.742278E-08 1
vn 0 -8.742278E-08 1
vn 0 -8.742278E-08 1
vn 0 -8.742278E-08 1
vn 0 -8.742278E-08 1
vn 0 -8.742278E-08 1
vn 0 8.742278E-08 -1
vn 0 8.742278E-08 -1
vn -0.4999703 0.8660426 7.571185E-08
vn -0.4999703 0.8660426 7.571185E-08
vn -0.4999703 0.8660426 7.571185E-08
vn -0.4999703 0.8660426 7.571185E-08
vn -0.8758708 -0.4825457 -4.218548E-08
vn -0.8758708 -0.4825457 -4.218548E-08
vn -0.8326764 -0.5537599 -4.841123E-08
vn -0.7833417 -0.6215913 -5.434124E-08
vn 0.06316942 0.9980029 8.724818E-08
vn 0.1465892 0.9891975 8.647839E-08
vn -0.0201094 0.9997978 8.74051E-08
vn -0.0201094 0.9997978 8.74051E-08
vn -0.6230505 -0.7821816 -6.838049E-08
vn -0.5016103 -0.8650937 -7.56289E-08
vn -0.3722075 -0.9281495 -8.114141E-08
vn -0.3722075 -0.9281495 -8.114141E-08
vn -0.8418988 -0.5396354 -4.717643E-08
vn -0.8418988 -0.5396354 -4.717643E-08
vn -0.8418988 -0.5396354 -4.717643E-08
vn -0.8418988 -0.5396354 -4.717643E-08
vn 0.04772687 0.9988604 8.732315E-08
vn 0.04772687 0.9988604 8.732315E-08
vn 0.04772687 0.9988604 8.732315E-08
vn 0.04772687 0.9988604 8.732315E-08
vn 0.6177983 0.7863367 6.874374E-08
vn 0.6177983 0.7863367 6.874374E-08
vn 0.4984498 0.8669186 7.578844E-08
vn 0.3658738 0.9306645 8.136127E-08
vn -0.9659889 0.2585837 2.260611E-08
vn -0.9659889 0.2585837 2.260611E-08
vn -0.9659889 0.2585837 2.260611E-08
vn -0.9659889 0.2585837 2.260611E-08
vn 0 8.742278E-08 -1
vn 0 8.742278E-08 -1
vn 0 8.742278E-08 -1
vn 0 8.742278E-08 -1
vn 0 8.742278E-08 -1
vn 0 8.742278E-08 -1
vn 0 8.742278E-08 -1
vn 0 8.742278E-08 -1
vn 0 8.742278E-08 -1
vn 0 -8.742278E-08 1
vn 0 -8.742278E-08 1
vn 0 -8.742278E-08 1
vn 0 -8.742278E-08 1
vn 0 -8.742278E-08 1
vn 0 -8.742278E-08 1
vn 0 -8.742278E-08 1
vn 0 -8.742278E-08 1
vn 0 -8.742278E-08 1
vn 0 -8.742278E-08 1
vn 0 -8.742278E-08 1
vn 0 8.742278E-08 -1
vn 0 8.742278E-08 -1
vn -0.8660426 0.4999703 4.370879E-08
vn -0.8660426 0.4999703 4.370879E-08
vn -0.8660426 0.4999703 4.370879E-08
vn -0.8660426 0.4999703 4.370879E-08
vn -0.5176334 -0.8556025 -7.479915E-08
vn -0.5176334 -0.8556025 -7.479915E-08
vn -0.4444899 -0.8957838 -7.831191E-08
vn -0.3677031 -0.9299431 -8.129821E-08
vn -0.4444899 0.8957838 7.831191E-08
vn -0.3677031 0.9299431 8.129821E-08
vn -0.5176334 0.8556025 7.479915E-08
vn -0.5176334 0.8556025 7.479915E-08
vn -0.1484826 -0.988915 -8.64537E-08
vn -0.001905927 -0.9999982 -8.742261E-08
vn 0.1416425 -0.9899179 -8.654138E-08
vn 0.1416425 -0.9899179 -8.654138E-08
vn -0.4587734 -0.8885533 -7.76798E-08
vn -0.4587734 -0.8885533 -7.76798E-08
vn -0.4587734 -0.8885533 -7.76798E-08
vn -0.4587734 -0.8885533 -7.76798E-08
vn -0.4587734 0.8885533 7.76798E-08
vn -0.4587734 0.8885533 7.76798E-08
vn -0.4587734 0.8885533 7.76798E-08
vn -0.4587734 0.8885533 7.76798E-08
vn 0.1416425 0.9899179 8.654138E-08
vn 0.1416425 0.9899179 8.654138E-08
vn -0.001905927 0.9999982 8.742261E-08
vn -0.1484826 0.988915 8.64537E-08
vn -0.9659889 -0.2585837 -2.260611E-08
vn -0.9659889 -0.2585837 -2.260611E-08
vn -0.9659889 -0.2585837 -2.260611E-08
vn -0.9659889 -0.2585837 -2.260611E-08
vn 0 8.742278E-08 -1
vn 0 8.742278E-08 -1
vn 0 8.742278E-08 -1
vn 0 8.742278E-08 -1
vn 0 8.742278E-08 -1
vn 0 8.742278E-08 -1
vn 0 8.742278E-08 -1
vn 0 8.742278E-08 -1
vn 0 8.742278E-08 -1
vn 0 -8.742278E-08 1
vn 0 -8.742278E-08 1
vn 0 -8.742278E-08 1
vn 0 -8.742278E-08 1
vn 0 -8.742278E-08 1
vn 0 -8.742278E-08 1
vn 0 -8.742278E-08 1
vn 0 -8.742278E-08 1
vn 0 -8.742278E-08 1
vn 0 -8.742278E-08 1
vn 0 -8.742278E-08 1
vn 0 8.742278E-08 -1
vn 0 8.742278E-08 -1
vn -1 0 0
vn -1 0 0
vn -1 0 0
vn -1 0 0
vn -0.0201094 -0.9997978 -8.74051E-08
vn -0.0201094 -0.9997978 -8.74051E-08
vn 0.06316942 -0.9980029 -8.724818E-08
vn 0.1465892 -0.9891975 -8.647839E-08
vn -0.8326764 0.5537599 4.841123E-08
vn -0.7833417 0.6215913 5.434124E-08
vn -0.8758708 0.4825457 4.218548E-08
vn -0.8758708 0.4825457 4.218548E-08
vn 0.3658738 -0.9306645 -8.136127E-08
vn 0.4984498 -0.8669186 -7.578844E-08
vn 0.6177983 -0.7863367 -6.874374E-08
vn 0.6177983 -0.7863367 -6.874374E-08
vn 0.04772687 -0.9988604 -8.732315E-08
vn 0.04772687 -0.9988604 -8.732315E-08
vn 0.04772687 -0.9988604 -8.732315E-08
vn 0.04772687 -0.9988604 -8.732315E-08
vn -0.8418988 0.5396354 4.717643E-08
vn -0.8418988 0.5396354 4.717643E-08
vn -0.8418988 0.5396354 4.717643E-08
vn -0.8418988 0.5396354 4.717643E-08
vn -0.3722075 0.9281495 8.114141E-08
vn -0.3722075 0.9281495 8.114141E-08
vn -0.5016103 0.8650937 7.56289E-08
vn -0.6230505 0.7821816 6.838049E-08
vn -0.7071068 -0.7071068 -6.181724E-08
vn -0.7071068 -0.7071068 -6.181724E-08
vn -0.7071068 -0.7071068 -6.181724E-08
vn -0.7071068 -0.7071068 -6.181724E-08
vn 0 8.742278E-08 -1
vn 0 8.742278E-08 -1
vn 0 8.742278E-08 -1
vn 0 8.742278E-08 -1
vn 0 8.742278E-08 -1
vn 0 8.742278E-08 -1
vn 0 8.742278E-08 -1
vn 0 8.742278E-08 -1
vn 0 8.742278E-08 -1
vn 0 -8.742278E-08 1
vn 0 -8.742278E-08 1
vn 0 -8.742278E-08 1
vn 0 -8.742278E-08 1
vn 0 -8.742278E-08 1
vn 0 -8.742278E-08 1
vn 0 -8.742278E-08 1
vn 0 -8.742278E-08 1
vn 0 -8.742278E-08 1
vn 0 -8.742278E-08 1
vn 0 -8.742278E-08 1
vn 0 8.742278E-08 -1
vn 0 8.742278E-08 -1
vn -0.8660426 -0.4999703 -4.370879E-08
vn -0.8660426 -0.4999703 -4.370879E-08
vn -0.8660426 -0.4999703 -4.370879E-08
vn -0.8660426 -0.4999703 -4.370879E-08
vn 0.4825457 -0.8758708 -7.657106E-08
vn 0.4825457 -0.8758708 -7.657106E-08
vn 0.5537599 -0.8326764 -7.279488E-08
vn 0.6215913 -0.7833417 -6.848191E-08
vn -0.9980029 0.06316942 5.522446E-09
vn -0.9891975 0.1465892 1.281524E-08
vn -0.9997978 -0.0201094 -1.75802E-09
vn -0.9997978 -0.0201094 -1.75802E-09
vn 0.7821816 -0.6230505 -5.446881E-08
vn 0.8650937 -0.5016103 -4.385217E-08
vn 0.9281495 -0.3722075 -3.253941E-08
vn 0.9281495 -0.3722075 -3.253941E-08
vn 0.5396354 -0.8418988 -7.360113E-08
vn 0.5396354 -0.8418988 -7.360113E-08
vn 0.5396354 -0.8418988 -7.360113E-08
vn 0.5396354 -0.8418988 -7.360113E-08
vn -0.9988604 0.04772687 4.172416E-09
vn -0.9988604 0.04772687 4.172416E-09
vn -0.9988604 0.04772687 4.172416E-09
vn -0.9988604 0.04772687 4.172416E-09
vn -0.7863367 0.6177983 5.400964E-08
vn -0.7863367 0.6177983 5.400964E-08
vn -0.8669186 0.4984498 4.357586E-08
vn -0.9306645 0.3658738 3.198571E-08
vn -0.2585837 -0.9659889 -8.444943E-08
vn -0.2585837 -0.9659889 -8.444943E-08
vn -0.2585837 -0.9659889 -8.444943E-08
vn -0.2585837 -0.9659889 -8.444943E-08
vn 0 8.742278E-08 -1
vn 0 8.742278E-08 -1
vn 0 8.742278E-08 -1
vn 0 8.742278E-08 -1
vn 0 8.742278E-08 -1
vn 0 8.742278E-08 -1
vn 0 8.742278E-08 -1
vn 0 8.742278E-08 -1
vn 0 8.742278E-08 -1
vn 0 -8.742278E-08 1
vn 0 -8.742278E-08 1
vn 0 -8.742278E-08 1
vn 0 -8.742278E-08 1
vn 0 -8.742278E-08 1
vn 0 -8.742278E-08 1
vn 0 -8.742278E-08 1
vn 0 -8.742278E-08 1
vn 0 -8.742278E-08 1
vn 0 -8.742278E-08 1
vn 0 -8.742278E-08 1
vn 0 8.742278E-08 -1
vn 0 8.742278E-08 -1
vn -0.4999703 -0.8660426 -7.571185E-08
vn -0.4999703 -0.8660426 -7.571185E-08
vn -0.4999703 -0.8660426 -7.571185E-08
vn -0.4999703 -0.8660426 -7.571185E-08
vn 0.8556025 -0.5176334 -4.525295E-08
vn 0.8556025 -0.5176334 -4.525295E-08
vn 0.8957838 -0.4444899 -3.885854E-08
vn 0.9299431 -0.3677031 -3.214563E-08
vn -0.8957838 -0.4444899 -3.885854E-08
vn -0.9299431 -0.3677031 -3.214563E-08
vn -0.8556025 -0.5176334 -4.525295E-08
vn -0.8556025 -0.5176334 -4.525295E-08
vn 0.988915 -0.1484826 -1.298076E-08
vn 0.9999982 -0.001905927 -1.666214E-10
vn 0.9899179 0.1416425 1.238278E-08
vn 0.9899179 0.1416425 1.238278E-08
vn 0.8885533 -0.4587734 -4.010724E-08
vn 0.8885533 -0.4587734 -4.010724E-08
vn 0.8885533 -0.4587734 -4.010724E-08
vn 0.8885533 -0.4587734 -4.010724E-08
vn -0.8885533 -0.4587734 -4.010724E-08
vn -0.8885533 -0.4587734 -4.010724E-08
vn -0.8885533 -0.4587734 -4.010724E-08
vn -0.8885533 -0.4587734 -4.010724E-08
vn -0.9899179 0.1416425 1.238278E-08
vn -0.9899179 0.1416425 1.238278E-08
vn -0.9999982 -0.001905927 -1.666214E-10
vn -0.988915 -0.1484826 -1.298076E-08
vn 0.2585837 -0.9659889 -8.444943E-08
vn 0.2585837 -0.9659889 -8.444943E-08
vn 0.2585837 -0.9659889 -8.444943E-08
vn 0.2585837 -0.9659889 -8.444943E-08
vn 0 8.742278E-08 -1
vn 0 8.742278E-08 -1
vn 0 8.742278E-08 -1
vn 0 8.742278E-08 -1
vn 0 8.742278E-08 -1
vn 0 8.742278E-08 -1
vn 0 8.742278E-08 -1
vn 0 8.742278E-08 -1
vn 0 8.742278E-08 -1
vn 0 -8.742278E-08 1
vn 0 -8.742278E-08 1
vn 0 -8.742278E-08 1
vn 0 -8.742278E-08 1
vn 0 -8.742278E-08 1
vn 0 -8.742278E-08 1
vn 0 -8.742278E-08 1
vn 0 -8.742278E-08 1
vn 0 -8.742278E-08 1
vn 0 -8.742278E-08 1
vn 0 -8.742278E-08 1
vn 0 8.742278E-08 -1
vn 0 8.742278E-08 -1
vn 0 -1 -8.742278E-08
vn 0 -1 -8.742278E-08
vn 0 -1 -8.742278E-08
vn 0 -1 -8.742278E-08
vn 0.9997978 -0.0201094 -1.75802E-09
vn 0.9997978 -0.0201094 -1.75802E-09
vn 0.9980029 0.06316942 5.522446E-09
vn 0.9891975 0.1465892 1.281524E-08
vn -0.5537599 -0.8326764 -7.279488E-08
vn -0.6215913 -0.7833417 -6.848191E-08
vn -0.4825457 -0.8758708 -7.657106E-08
vn -0.4825457 -0.8758708 -7.657106E-08
vn 0.9306645 0.3658738 3.198571E-08
vn 0.8669186 0.4984498 4.357586E-08
vn 0.7863367 0.6177983 5.400964E-08
vn 0.7863367 0.6177983 5.400964E-08
vn 0.9988604 0.04772687 4.172416E-09
vn 0.9988604 0.04772687 4.172416E-09
vn 0.9988604 0.04772687 4.172416E-09
vn 0.9988604 0.04772687 4.172416E-09
vn -0.5396354 -0.8418988 -7.360113E-08
vn -0.5396354 -0.8418988 -7.360113E-08
vn -0.5396354 -0.8418988 -7.360113E-08
vn -0.5396354 -0.8418988 -7.360113E-08
vn -0.9281495 -0.3722075 -3.253941E-08
vn -0.9281495 -0.3722075 -3.253941E-08
vn -0.8650937 -0.5016103 -4.385217E-08
vn -0.7821816 -0.6230505 -5.446881E-08
vn 0.7071068 -0.7071068 -6.181724E-08
vn 0.7071068 -0.7071068 -6.181724E-08
vn 0.7071068 -0.7071068 -6.181724E-08
vn 0.7071068 -0.7071068 -6.181724E-08
vn 0 8.742278E-08 -1
vn 0 8.742278E-08 -1
vn 0 8.742278E-08 -1
vn 0 8.742278E-08 -1
vn 0 8.742278E-08 -1
vn 0 8.742278E-08 -1
vn 0 8.742278E-08 -1
vn 0 8.742278E-08 -1
vn 0 8.742278E-08 -1
vn 0 -8.742278E-08 1
vn 0 -8.742278E-08 1
vn 0 -8.742278E-08 1
vn 0 -8.742278E-08 1
vn 0 -8.742278E-08 1
vn 0 -8.742278E-08 1
vn 0 -8.742278E-08 1
vn 0 -8.742278E-08 1
vn 0 -8.742278E-08 1
vn 0 -8.742278E-08 1
vn 0 -8.742278E-08 1
vn 0 8.742278E-08 -1
vn 0 8.742278E-08 -1
vn 0.4999703 -0.8660426 -7.571185E-08
vn 0.4999703 -0.8660426 -7.571185E-08
vn 0.4999703 -0.8660426 -7.571185E-08
vn 0.4999703 -0.8660426 -7.571185E-08
vn 0.8758708 0.4825457 4.218548E-08
vn 0.8758708 0.4825457 4.218548E-08
vn 0.8326764 0.5537599 4.841123E-08
vn 0.7833417 0.6215913 5.434124E-08
vn -0.06316942 -0.9980029 -8.724818E-08
vn -0.1465892 -0.9891975 -8.647839E-08
vn 0.0201094 -0.9997978 -8.74051E-08
vn 0.0201094 -0.9997978 -8.74051E-08
vn 0.6230505 0.7821816 6.838049E-08
vn 0.5016103 0.8650937 7.56289E-08
vn 0.3722075 0.9281495 8.114141E-08
vn 0.3722075 0.9281495 8.114141E-08
vn 0.8418988 0.5396354 4.717643E-08
vn 0.8418988 0.5396354 4.717643E-08
vn 0.8418988 0.5396354 4.717643E-08
vn 0.8418988 0.5396354 4.717643E-08
vn -0.04772687 -0.9988604 -8.732315E-08
vn -0.04772687 -0.9988604 -8.732315E-08
vn -0.04772687 -0.9988604 -8.732315E-08
vn -0.04772687 -0.9988604 -8.732315E-08
vn -0.6177983 -0.7863367 -6.874374E-08
vn -0.6177983 -0.7863367 -6.874374E-08
vn -0.4984498 -0.8669186 -7.578844E-08
vn -0.3658738 -0.9306645 -8.136127E-08
vn 0.9659889 -0.2585837 -2.260611E-08
vn 0.9659889 -0.2585837 -2.260611E-08
vn 0.9659889 -0.2585837 -2.260611E-08
vn 0.9659889 -0.2585837 -2.260611E-08
vn 0 8.742278E-08 -1
vn 0 8.742278E-08 -1
vn 0 8.742278E-08 -1
vn 0 8.742278E-08 -1
vn 0 8.742278E-08 -1
vn 0 8.742278E-08 -1
vn 0 8.742278E-08 -1
vn 0 8.742278E-08 -1
vn 0 8.742278E-08 -1
vn 0 -8.742278E-08 1
vn 0 -8.742278E-08 1
vn 0 -8.742278E-08 1
vn 0 -8.742278E-08 1
vn 0 -8.742278E-08 1
vn 0 -8.742278E-08 1
vn 0 -8.742278E-08 1
vn 0 -8.742278E-08 1
vn 0 -8.742278E-08 1
vn 0 -8.742278E-08 1
vn 0 -8.742278E-08 1
vn 0 8.742278E-08 -1
vn 0 8.742278E-08 -1
vn 0.8660426 -0.4999703 -4.370879E-08
vn 0.8660426 -0.4999703 -4.370879E-08
vn 0.8660426 -0.4999703 -4.370879E-08
vn 0.8660426 -0.4999703 -4.370879E-08
vn 0.5176334 0.8556025 7.479915E-08
vn 0.5176334 0.8556025 7.479915E-08
vn 0.4444899 0.8957838 7.831191E-08
vn 0.3677031 0.9299431 8.129821E-08
vn 0.4444899 -0.8957838 -7.831191E-08
vn 0.3677031 -0.9299431 -8.129821E-08
vn 0.5176334 -0.8556025 -7.479915E-08
vn 0.5176334 -0.8556025 -7.479915E-08
vn 0.1484826 0.988915 8.64537E-08
vn 0.001905927 0.9999982 8.742261E-08
vn -0.1416425 0.9899179 8.654138E-08
vn -0.1416425 0.9899179 8.654138E-08
vn 0.4587734 0.8885533 7.76798E-08
vn 0.4587734 0.8885533 7.76798E-08
vn 0.4587734 0.8885533 7.76798E-08
vn 0.4587734 0.8885533 7.76798E-08
vn 0.4587734 -0.8885533 -7.76798E-08
vn 0.4587734 -0.8885533 -7.76798E-08
vn 0.4587734 -0.8885533 -7.76798E-08
vn 0.4587734 -0.8885533 -7.76798E-08
vn -0.1416425 -0.9899179 -8.654138E-08
vn -0.1416425 -0.9899179 -8.654138E-08
vn 0.001905927 -0.9999982 -8.742261E-08
vn 0.1484826 -0.988915 -8.64537E-08
vn 0.9659889 0.2585837 2.260611E-08
vn 0.9659889 0.2585837 2.260611E-08
vn 0.9659889 0.2585837 2.260611E-08
vn 0.9659889 0.2585837 2.260611E-08
vn 0 8.742278E-08 -1
vn 0 8.742278E-08 -1
vn 0 8.742278E-08 -1
vn 0 8.742278E-08 -1
vn 0 8.742278E-08 -1
vn 0 8.742278E-08 -1
vn 0 8.742278E-08 -1
vn 0 8.742278E-08 -1
vn 0 8.742278E-08 -1
vn 0 -8.742278E-08 1
vn 0 -8.742278E-08 1
vn 0 -8.742278E-08 1
vn 0 -8.742278E-08 1
vn 0 -8.742278E-08 1
vn 0 -8.742278E-08 1
vn 0 -8.742278E-08 1
vn 0 -8.742278E-08 1
vn 0 -8.742278E-08 1
vn 0 -8.742278E-08 1
vn 0 -8.742278E-08 1
vn 0 8.742278E-08 -1
vn 0 8.742278E-08 -1
vn 1 0 0
vn 1 0 0
vn 1 0 0
vn 1 0 0
vn 0.0201094 0.9997978 8.74051E-08
vn 0.0201094 0.9997978 8.74051E-08
vn -0.06316942 0.9980029 8.724818E-08
vn -0.1465892 0.9891975 8.647839E-08
vn 0.8326764 -0.5537599 -4.841123E-08
vn 0.7833417 -0.6215913 -5.434124E-08
vn 0.8758708 -0.4825457 -4.218548E-08
vn 0.8758708 -0.4825457 -4.218548E-08
vn -0.3658738 0.9306645 8.136127E-08
vn -0.4984498 0.8669186 7.578844E-08
vn -0.6177983 0.7863367 6.874374E-08
vn -0.6177983 0.7863367 6.874374E-08
vn -0.04772687 0.9988604 8.732315E-08
vn -0.04772687 0.9988604 8.732315E-08
vn -0.04772687 0.9988604 8.732315E-08
vn -0.04772687 0.9988604 8.732315E-08
vn 0.8418988 -0.5396354 -4.717643E-08
vn 0.8418988 -0.5396354 -4.717643E-08
vn 0.8418988 -0.5396354 -4.717643E-08
vn 0.8418988 -0.5396354 -4.717643E-08
vn 0.3722075 -0.9281495 -8.114141E-08
vn 0.3722075 -0.9281495 -8.114141E-08
vn 0.5016103 -0.8650937 -7.56289E-08
vn 0.6230505 -0.7821816 -6.838049E-08
vn 0.7071068 0.7071068 6.181724E-08
vn 0.7071068 0.7071068 6.181724E-08
vn 0.7071068 0.7071068 6.181724E-08
vn 0.7071068 0.7071068 6.181724E-08
vn 0 8.742278E-08 -1
vn 0 8.742278E-08 -1
vn 0 8.742278E-08 -1
vn 0 8.742278E-08 -1
vn 0 8.742278E-08 -1
vn 0 8.742278E-08 -1
vn 0 8.742278E-08 -1
vn 0 8.742278E-08 -1
vn 0 8.742278E-08 -1
vn 0 -8.742278E-08 1
vn 0 -8.742278E-08 1
vn 0 -8.742278E-08 1
vn 0 -8.742278E-08 1
vn 0 -8.742278E-08 1
vn 0 -8.742278E-08 1
vn 0 -8.742278E-08 1
vn 0 -8.742278E-08 1
vn 0 -8.742278E-08 1
vn 0 -8.742278E-08 1
vn 0 -8.742278E-08 1
vn 0 8.742278E-08 -1
vn 0 8.742278E-08 -1
vn 0.8660426 0.4999703 4.370879E-08
vn 0.8660426 0.4999703 4.370879E-08
vn 0.8660426 0.4999703 4.370879E-08
vn 0.8660426 0.4999703 4.370879E-08
vn -0.4825457 0.8758708 7.657106E-08
vn -0.4825457 0.8758708 7.657106E-08
vn -0.5537599 0.8326764 7.279488E-08
vn -0.6215913 0.7833417 6.848191E-08
vn 0.9980029 -0.06316942 -5.522446E-09
vn 0.9891975 -0.1465892 -1.281524E-08
vn 0.9997978 0.0201094 1.75802E-09
vn 0.9997978 0.0201094 1.75802E-09
vn -0.7821816 0.6230505 5.446881E-08
vn -0.8650937 0.5016103 4.385217E-08
vn -0.9281495 0.3722075 3.253941E-08
vn -0.9281495 0.3722075 3.253941E-08
vn -0.5396354 0.8418988 7.360113E-08
vn -0.5396354 0.8418988 7.360113E-08
vn -0.5396354 0.8418988 7.360113E-08
vn -0.5396354 0.8418988 7.360113E-08
vn 0.9988604 -0.04772687 -4.172416E-09
vn 0.9988604 -0.04772687 -4.172416E-09
vn 0.9988604 -0.04772687 -4.172416E-09
vn 0.9988604 -0.04772687 -4.172416E-09
vn 0.7863367 -0.6177983 -5.400964E-08
vn 0.7863367 -0.6177983 -5.400964E-08
vn 0.8669186 -0.4984498 -4.357586E-08
vn 0.9306645 -0.3658738 -3.198571E-08
vn 0.2585837 0.9659889 8.444943E-08
vn 0.2585837 0.9659889 8.444943E-08
vn 0.2585837 0.9659889 8.444943E-08
vn 0.2585837 0.9659889 8.444943E-08
vn 0 8.742278E-08 -1
vn 0 8.742278E-08 -1
vn 0 8.742278E-08 -1
vn 0 8.742278E-08 -1
vn 0 8.742278E-08 -1
vn 0 8.742278E-08 -1
vn 0 8.742278E-08 -1
vn 0 8.742278E-08 -1
vn 0 8.742278E-08 -1
vn 0 -8.742278E-08 1
vn 0 -8.742278E-08 1
vn 0 -8.742278E-08 1
vn 0 -8.742278E-08 1
vn 0 -8.742278E-08 1
vn 0 -8.742278E-08 1
vn 0 -8.742278E-08 1
vn 0 -8.742278E-08 1
vn 0 -8.742278E-08 1
vn 0.4999703 0.8660426 7.571185E-08
vn 0.4999703 0.8660426 7.571185E-08
vn 0.4999703 0.8660426 7.571185E-08
vn 0.4999703 0.8660426 7.571185E-08
vn -1 0 0
vn -0.9238735 0.3826981 3.345653E-08
vn -0.9238735 0.3826981 3.345653E-08
vn -1 0 0
vn -0.7071068 0.7071068 6.181724E-08
vn -0.7071068 0.7071068 6.181724E-08
vn -0.3826981 0.9238735 8.076758E-08
vn -0.3826981 0.9238735 8.076758E-08
vn 0 1 8.742278E-08
vn 0 1 8.742278E-08
vn 0.3826981 0.9238735 8.076758E-08
vn 0.3826981 0.9238735 8.076758E-08
vn 0.7071068 0.7071068 6.181724E-08
vn 0.7071068 0.7071068 6.181724E-08
vn 0.9238735 0.3826981 3.345653E-08
vn 0.9238735 0.3826981 3.345653E-08
vn 1 0 0
vn 1 0 0
vn 0.9238735 -0.3826981 -3.345653E-08
vn 0.9238735 -0.3826981 -3.345653E-08
vn 0.7071068 -0.7071068 -6.181724E-08
vn 0.7071068 -0.7071068 -6.181724E-08
vn 0.3826981 -0.9238735 -8.076758E-08
vn 0.3826981 -0.9238735 -8.076758E-08
vn 0 -1 -8.742278E-08
vn 0 -1 -8.742278E-08
vn -0.3826981 -0.9238735 -8.076758E-08
vn -0.3826981 -0.9238735 -8.076758E-08
vn -0.7071068 -0.7071068 -6.181724E-08
vn -0.7071068 -0.7071068 -6.181724E-08
vn -0.9238735 -0.3826981 -3.345653E-08
vn -0.9238735 -0.3826981 -3.345653E-08
vn -1 0 0
vn -0.9238735 0.3826981 3.345653E-08
vn -0.9238735 0.3826981 3.345653E-08
vn -1 0 0
vn -0.7071068 0.7071068 6.181724E-08
vn -0.7071068 0.7071068 6.181724E-08
vn -0.3826981 0.9238735 8.076758E-08
vn -0.3826981 0.9238735 8.076758E-08
vn 0 1 8.742278E-08
vn 0 1 8.742278E-08
vn 0.3826981 0.9238735 8.076758E-08
vn 0.3826981 0.9238735 8.076758E-08
vn 0.7071068 0.7071068 6.181724E-08
vn 0.7071068 0.7071068 6.181724E-08
vn 0.9238735 0.3826981 3.345653E-08
vn 0.9238735 0.3826981 3.345653E-08
vn 1 0 0
vn 1 0 0
vn 0.9238735 -0.3826981 -3.345653E-08
vn 0.9238735 -0.3826981 -3.345653E-08
vn 0.7071068 -0.7071068 -6.181724E-08
vn 0.7071068 -0.7071068 -6.181724E-08
vn 0.3826981 -0.9238735 -8.076758E-08
vn 0.3826981 -0.9238735 -8.076758E-08
vn 0 -1 -8.742278E-08
vn 0 -1 -8.742278E-08
vn -0.3826981 -0.9238735 -8.076758E-08
vn -0.3826981 -0.9238735 -8.076758E-08
vn -0.7071068 -0.7071068 -6.181724E-08
vn -0.7071068 -0.7071068 -6.181724E-08
vn -0.9238735 -0.3826981 -3.345653E-08
vn -0.9238735 -0.3826981 -3.345653E-08
vn 0.1066496 0.9942967 8.692418E-08
vn 0.1066496 0.9942967 8.692418E-08
vn 0.1066496 0.9942967 8.692418E-08
vn 0.1066496 0.9942967 8.692418E-08
vn -0.9942967 -0.1066496 -9.323601E-09
vn -0.9942967 -0.1066496 -9.323601E-09
vn -0.9942967 -0.1066496 -9.323601E-09
vn -0.9942967 -0.1066496 -9.323601E-09
vn -0.382258 0.9240556 8.078351E-08
vn -2.012367E-05 1 8.742278E-08
vn -0.5547007 0.8320499 7.274011E-08
vn -0.5547007 0.8320499 7.274011E-08
vn -0.9240556 0.382258 3.341805E-08
vn -0.8320499 0.5547007 4.849348E-08
vn -0.8320499 0.5547007 4.849348E-08
vn -1 2.012367E-05 1.759267E-12
vn -0.1066496 -0.9942967 -8.692418E-08
vn -0.1066496 -0.9942967 -8.692418E-08
vn -0.1066496 -0.9942967 -8.692418E-08
vn -0.1066496 -0.9942967 -8.692418E-08
vn 0.9942967 0.1066496 9.323601E-09
vn 0.9942967 0.1066496 9.323601E-09
vn 0.9942967 0.1066496 9.323601E-09
vn 0.9942967 0.1066496 9.323601E-09
vn 0.382258 -0.9240556 -8.078351E-08
vn 2.012367E-05 -1 -8.742278E-08
vn 0.5547007 -0.8320499 -7.274011E-08
vn 0.5547007 -0.8320499 -7.274011E-08
vn 0.9240556 -0.382258 -3.341805E-08
vn 0.8320499 -0.5547007 -4.849348E-08
vn 0.8320499 -0.5547007 -4.849348E-08
vn 1 -2.012367E-05 -1.759267E-12
vn -0.9807689 -0.1951729 -1.706256E-08
vn -0.9807689 -0.1951729 -1.706256E-08
vn -0.1601823 -0.9870875 -8.629393E-08
vn -0.1601823 -0.9870875 -8.629393E-08
vn 0 -1 -8.742278E-08
vn 0 -1 -8.742278E-08
vn -0.3162278 -0.9486834 -8.293654E-08
vn -0.3162278 -0.9486834 -8.293654E-08
vn -0.9870875 -0.1601823 -1.400358E-08
vn -0.9870875 -0.1601823 -1.400358E-08
vn -0.9486834 -0.3162278 -2.764551E-08
vn -0.9486834 -0.3162278 -2.764551E-08
vn -1 0 0
vn -1 0 0
vn -0.1951729 -0.9807689 -8.574154E-08
vn -0.1951729 -0.9807689 -8.574154E-08
vn 0.9807689 0.1951729 1.706256E-08
vn 0.9807689 0.1951729 1.706256E-08
vn 0.1601823 0.9870875 8.629393E-08
vn 0 1 8.742278E-08
vn 0 1 8.742278E-08
vn 0.1601823 0.9870875 8.629393E-08
vn 0.3162278 0.9486834 8.293654E-08
vn 0.3162278 0.9486834 8.293654E-08
vn 0.9870875 0.1601823 1.400358E-08
vn 0.9870875 0.1601823 1.400358E-08
vn 0.9486834 0.3162278 2.764551E-08
vn 0.9486834 0.3162278 2.764551E-08
vn 1 0 0
vn 1 0 0
vn 0.1951729 0.9807689 8.574154E-08
vn 0.1951729 0.9807689 8.574154E-08
vn 0 8.742278E-08 -1
vn 0 8.742278E-08 -1
vn 0 8.742278E-08 -1
vn 0 8.742278E-08 -1
vn 0 8.742278E-08 -1
vn 0 8.742278E-08 -1
vn 0 8.742278E-08 -1
vn 0 8.742278E-08 -1
vn 0 8.742278E-08 -1
vn 0 8.742278E-08 -1
vn 0 8.742278E-08 -1
vn 0 8.742278E-08 -1
vn 0 8.742278E-08 -1
vn 0 8.742278E-08 -1
vn 0 8.742278E-08 -1
vn 0 8.742278E-08 -1
vn 0 8.742278E-08 -1
vn 0 8.742278E-08 -1
vn 0 8.742278E-08 -1
vn 0 8.742278E-08 -1
vn 0 8.742278E-08 -1
vn 0 8.742278E-08 -1
vn 0 8.742278E-08 -1
vn 0 8.742278E-08 -1
vn 0 8.742278E-08 -1
vn 0 8.742278E-08 -1
vn 0 8.742278E-08 -1
vn 0 8.742278E-08 -1
vn 0 8.742278E-08 -1
vn 0 8.742278E-08 -1
vn 0 8.742278E-08 -1
vn 0 8.742278E-08 -1
vn 0 8.742278E-08 -1
vn 0 8.742278E-08 -1
vn 0 8.742278E-08 -1
vn 0 8.742278E-08 -1
vn 0 8.742278E-08 -1
vn 0 8.742278E-08 -1
vn 0 8.742278E-08 -1
vn 0 8.742278E-08 -1
vn 0 8.742278E-08 -1
vn 0 8.742278E-08 -1
vn 0 8.742278E-08 -1
vn 0 8.742278E-08 -1
vn 0 8.742278E-08 -1
vn 0 8.742278E-08 -1
vn 0 8.742278E-08 -1
vn 0 8.742278E-08 -1
vn -0.7071068 6.181723E-08 -0.7071067
vn -0.6532691 -0.2706051 -0.7071157
vn -0.6532691 -0.2706051 -0.7071157
vn -0.7071068 8.438885E-08 -0.7071067
vn -0.5000024 -0.5000024 -0.7071034
vn -0.5000024 -0.5000024 -0.7071034
vn -0.2706051 -0.653269 -0.7071157
vn -0.2706051 -0.653269 -0.7071157
vn 0 -0.7071068 -0.7071068
vn -2.257162E-08 -0.7071068 -0.7071068
vn 0.2706051 -0.653269 -0.7071157
vn 0.2706051 -0.6532689 -0.7071157
vn 0.5000024 -0.5000024 -0.7071034
vn 0.5000024 -0.5000024 -0.7071034
vn 0.6532691 -0.2706051 -0.7071157
vn 0.6532691 -0.2706051 -0.7071157
vn 0.7071068 6.181723E-08 -0.7071067
vn 0.7071068 3.924561E-08 -0.7071067
vn 0.6532691 0.2706052 -0.7071157
vn 0.6532691 0.2706052 -0.7071157
vn 0.5000024 0.5000025 -0.7071033
vn 0.5000024 0.5000025 -0.7071033
vn 0.2706051 0.6532691 -0.7071156
vn 0.2706051 0.6532691 -0.7071156
vn 0 0.7071069 -0.7071066
vn 2.257162E-08 0.7071069 -0.7071066
vn -0.2706051 0.6532691 -0.7071156
vn -0.2706051 0.6532691 -0.7071155
vn -0.5000024 0.5000025 -0.7071033
vn -0.5000024 0.5000025 -0.7071033
vn -0.6532691 0.2706052 -0.7071157
vn -0.6532691 0.2706052 -0.7071157
vn 0 8.742278E-08 -1
vn 0 8.742278E-08 -1
vn 0 8.742278E-08 -1
vn 0 8.742278E-08 -1
vn 0 8.742278E-08 -1
vn 0 8.742278E-08 -1
vn 0 8.742278E-08 -1
vn 0 8.742278E-08 -1
vn 0 8.742278E-08 -1
vn 0 8.742278E-08 -1
vn 0 8.742278E-08 -1
vn 0 8.742278E-08 -1
vn 0 8.742278E-08 -1
vn 0 8.742278E-08 -1
vn 0 8.742278E-08 -1
vn 0 8.742278E-08 -1
vn 0 8.742278E-08 -1
vn 0 8.742278E-08 -1
vn 0 8.742278E-08 -1
vn 0 8.742278E-08 -1
vn 0 8.742278E-08 -1
vn 0 8.742278E-08 -1
vn 0 8.742278E-08 -1
vn 0 8.742278E-08 -1
vn 0 8.742278E-08 -1
vn 0 8.742278E-08 -1
vn 0 8.742278E-08 -1
vn 0 8.742278E-08 -1
vn 0 8.742278E-08 -1
vn 0 8.742278E-08 -1
vn 0 8.742278E-08 -1
vn 0 8.742278E-08 -1
vn 0 -8.742278E-08 1
vn 0 -8.742278E-08 1
vn 0 -8.742278E-08 1
vn 0 -8.742278E-08 1
vn 0 -8.742278E-08 1
vn 0 -8.742278E-08 1
vn 0 -8.742278E-08 1
vn 0 -8.742278E-08 1
vn 0 -8.742278E-08 1
vn 0 -8.742278E-08 1
vn 0 -8.742278E-08 1
vn 0 -8.742278E-08 1
vn 0 -8.742278E-08 1
vn 0 -8.742278E-08 1
vn 0 -8.742278E-08 1
vn 0 -8.742278E-08 1
vn 0 -8.742278E-08 1
vn 0 -8.742278E-08 1
vn 0 -8.742278E-08 1
vn 0 -8.742278E-08 1
vn 0 -8.742278E-08 1
vn 0 -8.742278E-08 1
vn 0 -8.742278E-08 1
vn 0 -8.742278E-08 1
vn -0.6532691 -0.2706052 0.7071157
vn -0.6532691 -0.2706052 0.7071157
vn -0.5000024 -0.5000025 0.7071033
vn -0.5000024 -0.5000025 0.7071033
vn -0.2706051 -0.6532691 0.7071156
vn -0.2706051 -0.6532691 0.7071156
vn 0 -8.742278E-08 1
vn 0 -8.742278E-08 1
vn 0 -8.742278E-08 1
vn 0 -8.742278E-08 1
vn 0 -8.742278E-08 1
vn 0 -8.742278E-08 1
vn 0.9238735 0.3826981 3.345653E-08
vn 0.9238735 0.3826981 3.345653E-08
vn 0.7071068 0.7071068 6.181724E-08
vn 0.7071068 0.7071068 6.181724E-08
vn 0.3826981 0.9238735 8.076758E-08
vn 0.3826981 0.9238735 8.076758E-08
vn 0 -8.742278E-08 1
vn 0 -8.742278E-08 1
vn 0 -8.742278E-08 1
vn 0 -8.742278E-08 1
vn 0 -8.742278E-08 1
vn 0 -8.742278E-08 1
vn 0 -8.742278E-08 1
vn 0 -8.742278E-08 1
vn 0.6532691 0.2706051 0.7071157
vn 0.6532691 0.2706051 0.7071157
vn 0.5000024 0.5000024 0.7071034
vn 0.5000024 0.5000024 0.7071034
vn 0.2706051 0.653269 0.7071157
vn 0.2706051 0.653269 0.7071157
vn 0 -8.742278E-08 1
vn 0 -8.742278E-08 1
vn 0 -8.742278E-08 1
vn 0 -8.742278E-08 1
vn 0 -8.742278E-08 1
vn 0 -8.742278E-08 1
vn -0.9238735 -0.3826981 -3.345653E-08
vn -0.9238735 -0.3826981 -3.345653E-08
vn -0.7071068 -0.7071068 -6.181724E-08
vn -0.7071068 -0.7071068 -6.181724E-08
vn -0.3826981 -0.9238735 -8.076758E-08
vn -0.3826981 -0.9238735 -8.076758E-08
vn 0 -8.742278E-08 1
vn 0 -8.742278E-08 1
vt 6.223 -1.131
vt 5.824 -0.886
vt 6 0
vt 7 0
vt 6.64 -1.811
vt 5.877 -3.477
vt 5.633 -4.334
vt 5.091 -5.091
vt 4.243 -4.243
vt 5.213 -2.791
vt 5.786 -2.65
vt 5.543 -2.296
vt 6.122 -4.498
vt 5.445 -5.445
vt 5.091 -5.091
vt 5.633 -4.334
vt 6.33 -3.767
vt 5.877 -3.477
vt 6.492 -3.421
vt 6.697 -2.207
vt 6.668 -2.762
vt 5.786 -2.65
vt 5.543 -2.296
vt 6.223 -1.131
vt 6.64 -1.811
vt -2.296 -9
vt 0 -9
vt 0 -10
vt -0.886 -10
vt 5.824 -0.886
vt 6.929 -2.87
vt 6.64 -1.811
vt 0 -10
vt 0 -9.5
vt -2.207 -9.863999
vt 6.668 -2.762
vt 6.492 -3.421
vt 6.33 -3.767
vt 6.364 -6.364
vt 6.122 -4.498
vt 6.33 -3.767
vt 6.929 -2.87
vt 5.445 -5.445
vt 7.5 0
vt 9 0
vt -1.131 6.223
vt 0 7
vt 0 6
vt -0.886 5.824
vt -1.811 6.64
vt -3.477 5.877
vt -4.243 4.243
vt -5.091 5.091
vt -4.334 5.633
vt -2.791 5.213
vt -2.65 5.786
vt -2.296 5.543
vt -4.498 6.122
vt -4.334 5.633
vt -5.091 5.091
vt -5.445 5.445
vt -3.767 6.33
vt -3.477 5.877
vt -3.421 6.492
vt -2.207 6.697
vt -2.762 6.668
vt -2.65 5.786
vt -1.131 6.223
vt -2.296 5.543
vt -1.811 6.64
vt -9 -2.296
vt -10 -0.886
vt -10 0
vt -9 0
vt -0.886 5.824
vt -2.87 6.929
vt -9.5 0
vt -10 0
vt -1.811 6.64
vt -9.863999 -2.207
vt -2.762 6.668
vt -3.421 6.492
vt -3.767 6.33
vt -6.364 6.364
vt -2.87 6.929
vt -3.767 6.33
vt -4.498 6.122
vt -5.445 5.445
vt 0 9
vt 0 7.5
vt -6.223 1.131
vt -5.824 0.886
vt -6 0
vt -7 0
vt -6.64 1.811
vt -5.877 3.477
vt -5.633 4.334
vt -5.213 2.791
vt -5.786 2.65
vt -5.543 2.296
vt -6.122 4.498
vt -5.633 4.334
vt -6.33 3.767
vt -5.877 3.477
vt -6.492 3.421
vt -6.697 2.207
vt -6.668 2.762
vt -5.786 2.65
vt -5.543 2.296
vt -6.223 1.131
vt -6.64 1.811
vt 2.296 -9
vt 0 -9
vt 0 -10
vt 0.886 -10
vt -5.824 0.886
vt -6.929 2.87
vt -6.64 1.811
vt 0 -10
vt 0 -9.5
vt 2.207 -9.863999
vt -6.668 2.762
vt -6.492 3.421
vt -6.33 3.767
vt -6.122 4.498
vt -6.33 3.767
vt -6.929 2.87
vt -7.5 0
vt -9 0
vt 1.131 -6.223
vt 0 -7
vt 0 -6
vt 0.886 -5.824
vt 1.811 -6.64
vt 3.477 -5.877
vt 4.334 -5.633
vt 2.791 -5.213
vt 2.65 -5.786
vt 2.296 -5.543
vt 4.498 -6.122
vt 4.334 -5.633
vt 3.767 -6.33
vt 3.477 -5.877
vt 3.421 -6.492
vt 2.207 -6.697
vt 2.762 -6.668
vt 2.65 -5.786
vt 1.131 -6.223
vt 2.296 -5.543
vt 1.811 -6.64
vt -9 2.296
vt -10 0.886
vt -10 0
vt -9 0
vt 0.886 -5.824
vt 2.87 -6.929
vt -9.5 0
vt -10 0
vt 1.811 -6.64
vt -9.863999 2.207
vt 2.762 -6.668
vt 3.421 -6.492
vt 3.767 -6.33
vt 2.87 -6.929
vt 3.767 -6.33
vt 4.498 -6.122
vt 0 -9
vt 0 -7.5
vt -17.695 4.75
vt -17.695 -4.75
vt -16.333 -4.75
vt -16.333 4.75
vt -16.333 4.75
vt -16.333 -4.75
vt -17.695 -4.75
vt -17.695 4.75
vt -14.56 -4.75
vt -14.56 4.75
vt -12.68 -4.75
vt -12.68 4.75
vt -12.68 4.75
vt -12.68 -4.75
vt -12.159 -4.75
vt -12.159 4.75
vt -12.159 4.75
vt -12.159 -4.75
vt -12.68 -4.75
vt -12.68 4.75
vt -12.68 4.75
vt -12.68 -4.75
vt -14.56 -4.75
vt -14.56 4.75
vt 4.75 4.288
vt 4.75 2.069
vt -4.75 2.069
vt -4.75 4.288
vt 1.534 -16.333
vt -1.534 -16.333
vt -0.71 -17.695
vt 0.71 -17.695
vt 2.069 -14.56
vt -2.069 -14.56
vt 1.8 -12.68
vt -1.8 -12.68
vt 2.069 -12.159
vt -2.069 -12.159
vt -1.05 -8.707
vt 3.444 -8.065
vt 4.288 -11.565
vt -2.069 -12.159
vt 2.069 -12.159
vt 1.534 -16.333
vt 0.71 -17.695
vt -0.71 -17.695
vt -1.534 -16.333
vt 2.069 -14.56
vt -2.069 -14.56
vt 1.8 -12.68
vt -1.8 -12.68
vt -1.05 -8.707
vt 4.288 -11.565
vt 3.444 -8.065
vt -4.75 -0.7102
vt -4.75 0.7102
vt 4.75 0.7102
vt 4.75 -0.7102
vt -14.969 4.75
vt -14.969 -4.75
vt -13.378 -4.75
vt -13.378 4.75
vt 4.75 6.838
vt -4.75 6.838
vt -4.75 8.231999
vt 4.75 8.231999
vt -11.575 -4.75
vt -11.575 4.75
vt -10.082 -4.75
vt -10.082 4.75
vt -10.082 4.75
vt -10.082 -4.75
vt -9.495999 -4.75
vt -9.495999 4.75
vt 4.75 4.288
vt -4.75 4.288
vt -4.75 4.781
vt 4.75 4.781
vt -11.881 4.75
vt -11.881 -4.75
vt -13.644 -4.75
vt -13.644 4.75
vt -7.871 4.75
vt -9.495999 4.75
vt -9.495999 -4.75
vt -7.871 -4.75
vt 9.495 -13.378
vt 6.838 -14.912
vt 8.231999 -15.68
vt 9.462999 -14.969
vt 9.072 -11.575
vt 5.488 -13.644
vt 7.899 -10.082
vt 4.781 -11.881
vt 7.871 -9.495999
vt 7.015 -5.262
vt 9.495999 -7.871
vt 7.871 -9.495999
vt 9.495 -13.378
vt 9.462999 -14.969
vt 8.231999 -15.68
vt 6.838 -14.912
vt 9.072 -11.575
vt 5.488 -13.644
vt 7.899 -10.082
vt 4.781 -11.881
vt 9.495999 -7.871
vt 7.015 -5.262
vt -4.75 8.2324
vt -4.75 9.4626
vt 4.75 9.4626
vt 4.75 8.2324
vt -8.231999 4.75
vt -8.231999 -4.75
vt -6.838 -4.75
vt -6.838 4.75
vt 4.75 13.378
vt -4.75 13.378
vt -4.75 14.969
vt 4.75 14.969
vt -4.75 13.644
vt 4.75 13.644
vt -4.75 11.881
vt 4.75 11.881
vt -4.781 4.75
vt -4.781 -4.75
vt -4.288 -4.75
vt -4.288 4.75
vt 4.75 9.495999
vt -4.75 9.495999
vt -4.75 10.082
vt 4.75 10.082
vt 4.75 10.082
vt -4.75 10.082
vt -4.75 11.575
vt 4.75 11.575
vt -2.069 4.75
vt -4.288 4.75
vt -4.288 -4.75
vt -2.069 -4.75
vt 14.912 -6.838
vt 13.378 -9.495
vt 14.969 -9.462999
vt 15.68 -8.231999
vt 13.644 -5.488
vt 11.575 -9.072
vt 11.881 -4.781
vt 10.082 -7.899
vt 11.565 -4.288
vt 8.707 -1.05
vt 12.159 -2.069
vt 11.565 -4.288
vt 14.912 -6.838
vt 15.68 -8.231999
vt 14.969 -9.462999
vt 13.378 -9.495
vt 13.644 -5.488
vt 11.575 -9.072
vt 11.881 -4.781
vt 10.082 -7.899
vt 12.159 -2.069
vt 8.707 -1.05
vt -9.4626 -4.75
vt -8.2324 -4.75
vt -8.2324 4.75
vt -9.4626 4.75
vt 4.75 17.695
vt -4.75 17.695
vt -4.75 16.333
vt 4.75 16.333
vt 4.75 16.333
vt -4.75 16.333
vt -4.75 17.695
vt 4.75 17.695
vt -4.75 14.56
vt 4.75 14.56
vt -4.75 12.68
vt 4.75 12.68
vt 4.75 12.68
vt -4.75 12.68
vt -4.75 12.159
vt 4.75 12.159
vt 4.75 12.159
vt -4.75 12.159
vt -4.75 12.68
vt 4.75 12.68
vt 4.75 12.68
vt -4.75 12.68
vt -4.75 14.56
vt 4.75 14.56
vt 4.288 4.75
vt 2.069 4.75
vt 2.069 -4.75
vt 4.288 -4.75
vt 16.333 1.534
vt 16.333 -1.534
vt 17.695 -0.71
vt 17.695 0.71
vt 14.56 2.069
vt 14.56 -2.069
vt 12.68 1.8
vt 12.68 -1.8
vt 12.159 2.069
vt 8.065 3.444
vt 11.565 4.288
vt 12.159 2.069
vt 16.333 1.534
vt 17.695 0.71
vt 17.695 -0.71
vt 16.333 -1.534
vt 14.56 2.069
vt 14.56 -2.069
vt 12.68 1.8
vt 12.68 -1.8
vt 11.565 4.288
vt 8.065 3.444
vt -0.7102 -4.75
vt 0.7102 -4.75
vt 0.7102 4.75
vt -0.7102 4.75
vt 4.75 14.969
vt -4.75 14.969
vt -4.75 13.378
vt 4.75 13.378
vt 6.838 4.75
vt 6.838 -4.75
vt 8.231999 -4.75
vt 8.231999 4.75
vt -4.75 11.575
vt 4.75 11.575
vt -4.75 10.082
vt 4.75 10.082
vt 4.75 10.082
vt -4.75 10.082
vt -4.75 9.495999
vt 4.75 9.495999
vt 4.288 4.75
vt 4.288 -4.75
vt 4.781 -4.75
vt 4.781 4.75
vt 4.75 11.881
vt -4.75 11.881
vt -4.75 13.644
vt 4.75 13.644
vt 9.495999 4.75
vt 7.871 4.75
vt 7.871 -4.75
vt 9.495999 -4.75
vt 13.378 9.495
vt 14.912 6.838
vt 15.68 8.231999
vt 14.969 9.462999
vt 11.575 9.072
vt 13.644 5.488
vt 10.082 7.899
vt 11.881 4.781
vt 9.495999 7.871
vt 5.262 7.015
vt 7.871 9.495999
vt 9.495999 7.871
vt 13.378 9.495
vt 14.969 9.462999
vt 15.68 8.231999
vt 14.912 6.838
vt 11.575 9.072
vt 13.644 5.488
vt 10.082 7.899
vt 11.881 4.781
vt 7.871 9.495999
vt 5.262 7.015
vt 8.2324 -4.75
vt 9.4626 -4.75
vt 9.4626 4.75
vt 8.2324 4.75
vt 4.75 8.231999
vt -4.75 8.231999
vt -4.75 6.838
vt 4.75 6.838
vt 13.378 4.75
vt 13.378 -4.75
vt 14.969 -4.75
vt 14.969 4.75
vt 13.644 -4.75
vt 13.644 4.75
vt 11.881 -4.75
vt 11.881 4.75
vt 4.75 4.781
vt -4.75 4.781
vt -4.75 4.288
vt 4.75 4.288
vt 9.495999 4.75
vt 9.495999 -4.75
vt 10.082 -4.75
vt 10.082 4.75
vt 10.082 4.75
vt 10.082 -4.75
vt 11.575 -4.75
vt 11.575 4.75
vt 4.75 2.069
vt 4.75 4.288
vt -4.75 4.288
vt -4.75 2.069
vt 6.838 14.912
vt 9.495 13.378
vt 9.462999 14.969
vt 8.231999 15.68
vt 5.488 13.644
vt 9.072 11.575
vt 4.781 11.881
vt 7.899 10.082
vt 4.288 11.565
vt 1.05 8.707
vt 2.069 12.159
vt 4.288 11.565
vt 6.838 14.912
vt 8.231999 15.68
vt 9.462999 14.969
vt 9.495 13.378
vt 5.488 13.644
vt 9.072 11.575
vt 4.781 11.881
vt 7.899 10.082
vt 2.069 12.159
vt 1.05 8.707
vt -4.75 9.4626
vt -4.75 8.2324
vt 4.75 8.2324
vt 4.75 9.4626
vt 17.695 4.75
vt 17.695 -4.75
vt 16.333 -4.75
vt 16.333 4.75
vt 16.333 4.75
vt 16.333 -4.75
vt 17.695 -4.75
vt 17.695 4.75
vt 14.56 -4.75
vt 14.56 4.75
vt 12.68 -4.75
vt 12.68 4.75
vt 12.68 4.75
vt 12.68 -4.75
vt 12.159 -4.75
vt 12.159 4.75
vt 12.159 4.75
vt 12.159 -4.75
vt 12.68 -4.75
vt 12.68 4.75
vt 12.68 4.75
vt 12.68 -4.75
vt 14.56 -4.75
vt 14.56 4.75
vt 4.75 -4.288
vt 4.75 -2.069
vt -4.75 -2.069
vt -4.75 -4.288
vt -1.534 16.333
vt 1.534 16.333
vt 0.71 17.695
vt -0.71 17.695
vt -2.069 14.56
vt 2.069 14.56
vt -1.8 12.68
vt 1.8 12.68
vt -2.069 12.159
vt -3.444 8.065
vt -4.288 11.565
vt -2.069 12.159
vt -1.534 16.333
vt -0.71 17.695
vt 0.71 17.695
vt 1.534 16.333
vt -2.069 14.56
vt 2.069 14.56
vt -1.8 12.68
vt 1.8 12.68
vt -4.288 11.565
vt -3.444 8.065
vt -4.75 0.7102
vt -4.75 -0.7102
vt 4.75 -0.7102
vt 4.75 0.7102
vt 14.969 4.75
vt 14.969 -4.75
vt 13.378 -4.75
vt 13.378 4.75
vt 4.75 -6.838
vt -4.75 -6.838
vt -4.75 -8.231999
vt 4.75 -8.231999
vt 11.575 -4.75
vt 11.575 4.75
vt 10.082 -4.75
vt 10.082 4.75
vt 10.082 4.75
vt 10.082 -4.75
vt 9.495999 -4.75
vt 9.495999 4.75
vt 4.75 -4.288
vt -4.75 -4.288
vt -4.75 -4.781
vt 4.75 -4.781
vt 11.881 4.75
vt 11.881 -4.75
vt 13.644 -4.75
vt 13.644 4.75
vt 7.871 4.75
vt 9.495999 4.75
vt 9.495999 -4.75
vt 7.871 -4.75
vt -9.495 13.378
vt -6.838 14.912
vt -8.231999 15.68
vt -9.462999 14.969
vt -9.072 11.575
vt -5.488 13.644
vt -7.899 10.082
vt -4.781 11.881
vt -7.871 9.495999
vt -7.015 5.262
vt -9.495999 7.871
vt -7.871 9.495999
vt -9.495 13.378
vt -9.462999 14.969
vt -8.231999 15.68
vt -6.838 14.912
vt -9.072 11.575
vt -5.488 13.644
vt -7.899 10.082
vt -4.781 11.881
vt -9.495999 7.871
vt -7.015 5.262
vt -4.75 -8.2324
vt -4.75 -9.4626
vt 4.75 -9.4626
vt 4.75 -8.2324
vt 8.231999 4.75
vt 8.231999 -4.75
vt 6.838 -4.75
vt 6.838 4.75
vt 4.75 -13.378
vt -4.75 -13.378
vt -4.75 -14.969
vt 4.75 -14.969
vt -4.75 -13.644
vt 4.75 -13.644
vt -4.75 -11.881
vt 4.75 -11.881
vt 4.781 4.75
vt 4.781 -4.75
vt 4.288 -4.75
vt 4.288 4.75
vt 4.75 -9.495999
vt -4.75 -9.495999
vt -4.75 -10.082
vt 4.75 -10.082
vt 4.75 -10.082
vt -4.75 -10.082
vt -4.75 -11.575
vt 4.75 -11.575
vt 2.069 4.75
vt 4.288 4.75
vt 4.288 -4.75
vt 2.069 -4.75
vt -14.912 6.838
vt -13.378 9.495
vt -14.969 9.462999
vt -15.68 8.231999
vt -13.644 5.488
vt -11.575 9.072
vt -11.881 4.781
vt -10.082 7.899
vt -11.565 4.288
vt -8.707 1.05
vt -12.159 2.069
vt -11.565 4.288
vt -14.912 6.838
vt -15.68 8.231999
vt -14.969 9.462999
vt -13.378 9.495
vt -13.644 5.488
vt -11.575 9.072
vt -11.881 4.781
vt -10.082 7.899
vt -12.159 2.069
vt -8.707 1.05
vt 9.4626 -4.75
vt 8.2324 -4.75
vt 8.2324 4.75
vt 9.4626 4.75
vt 4.75 -17.695
vt -4.75 -17.695
vt -4.75 -16.333
vt 4.75 -16.333
vt 4.75 -16.333
vt -4.75 -16.333
vt -4.75 -17.695
vt 4.75 -17.695
vt -4.75 -14.56
vt 4.75 -14.56
vt -4.75 -12.68
vt 4.75 -12.68
vt 4.75 -12.68
vt -4.75 -12.68
vt -4.75 -12.159
vt 4.75 -12.159
vt 4.75 -12.159
vt -4.75 -12.159
vt -4.75 -12.68
vt 4.75 -12.68
vt 4.75 -12.68
vt -4.75 -12.68
vt -4.75 -14.56
vt 4.75 -14.56
vt -4.288 4.75
vt -2.069 4.75
vt -2.069 -4.75
vt -4.288 -4.75
vt -16.333 -1.534
vt -16.333 1.534
vt -17.695 0.71
vt -17.695 -0.71
vt -14.56 -2.069
vt -14.56 2.069
vt -12.68 -1.8
vt -12.68 1.8
vt -12.159 -2.069
vt -8.065 -3.444
vt -11.565 -4.288
vt -12.159 -2.069
vt -16.333 -1.534
vt -17.695 -0.71
vt -17.695 0.71
vt -16.333 1.534
vt -14.56 -2.069
vt -14.56 2.069
vt -12.68 -1.8
vt -12.68 1.8
vt -11.565 -4.288
vt -8.065 -3.444
vt 0.7102 -4.75
vt -0.7102 -4.75
vt -0.7102 4.75
vt 0.7102 4.75
vt 4.75 -14.969
vt -4.75 -14.969
vt -4.75 -13.378
vt 4.75 -13.378
vt -6.838 4.75
vt -6.838 -4.75
vt -8.231999 -4.75
vt -8.231999 4.75
vt -4.75 -11.575
vt 4.75 -11.575
vt -4.75 -10.082
vt 4.75 -10.082
vt 4.75 -10.082
vt -4.75 -10.082
vt -4.75 -9.495999
vt 4.75 -9.495999
vt -4.288 4.75
vt -4.288 -4.75
vt -4.781 -4.75
vt -4.781 4.75
vt 4.75 -11.881
vt -4.75 -11.881
vt -4.75 -13.644
vt 4.75 -13.644
vt -9.495999 4.75
vt -7.871 4.75
vt -7.871 -4.75
vt -9.495999 -4.75
vt -13.378 -9.495
vt -14.912 -6.838
vt -15.68 -8.231999
vt -14.969 -9.462999
vt -11.575 -9.072
vt -13.644 -5.488
vt -10.082 -7.899
vt -11.881 -4.781
vt -9.495999 -7.871
vt -5.262 -7.015
vt -7.871 -9.495999
vt -9.495999 -7.871
vt -13.378 -9.495
vt -14.969 -9.462999
vt -15.68 -8.231999
vt -14.912 -6.838
vt -11.575 -9.072
vt -13.644 -5.488
vt -10.082 -7.899
vt -11.881 -4.781
vt -7.871 -9.495999
vt -5.262 -7.015
vt -8.2324 -4.75
vt -9.4626 -4.75
vt -9.4626 4.75
vt -8.2324 4.75
vt 4.75 -8.231999
vt -4.75 -8.231999
vt -4.75 -6.838
vt 4.75 -6.838
vt -13.378 4.75
vt -13.378 -4.75
vt -14.969 -4.75
vt -14.969 4.75
vt -13.644 -4.75
vt -13.644 4.75
vt -11.881 -4.75
vt -11.881 4.75
vt 4.75 -4.781
vt -4.75 -4.781
vt -4.75 -4.288
vt 4.75 -4.288
vt -9.495999 4.75
vt -9.495999 -4.75
vt -10.082 -4.75
vt -10.082 4.75
vt -10.082 4.75
vt -10.082 -4.75
vt -11.575 -4.75
vt -11.575 4.75
vt 4.75 -2.069
vt 4.75 -4.288
vt -4.75 -4.288
vt -4.75 -2.069
vt -6.838 -14.912
vt -9.495 -13.378
vt -9.462999 -14.969
vt -8.231999 -15.68
vt -5.488 -13.644
vt -9.072 -11.575
vt -4.781 -11.881
vt -7.899 -10.082
vt -4.288 -11.565
vt -4.288 -11.565
vt -6.838 -14.912
vt -8.231999 -15.68
vt -9.462999 -14.969
vt -9.495 -13.378
vt -5.488 -13.644
vt -9.072 -11.575
vt -4.781 -11.881
vt -7.899 -10.082
vt -4.75 -9.4626
vt -4.75 -8.2324
vt 4.75 -8.2324
vt 4.75 -9.4626
vt 0 -4.75
vt -3.4443 -4.75
vt -3.4443 -9.5
vt 0 -9.5
vt -6.3639 -4.75
vt -6.3639 -9.5
vt -4.75 3.4443
vt -9.5 3.4443
vt -4.75 0
vt -9.5 0
vt -4.75 -3.4443
vt -9.5 -3.4443
vt -6.3639 -4.75
vt -6.3639 -9.5
vt -3.4443 -4.75
vt -3.4443 -9.5
vt 0 -4.75
vt 0 -9.5
vt 3.4443 -4.75
vt 3.4443 -9.5
vt 6.3639 -4.75
vt 6.3639 -9.5
vt -4.75 -3.4443
vt -9.5 -3.4443
vt -4.75 0
vt -9.5 0
vt -4.75 3.4443
vt -9.5 3.4443
vt 6.3639 -4.75
vt 6.3639 -9.5
vt 3.4443 -4.75
vt 3.4443 -9.5
vt 0 4.75
vt -3.4443 4.75
vt -3.4443 9.5
vt 0 9.5
vt -6.3639 4.75
vt -6.3639 9.5
vt 4.75 3.4443
vt 9.5 3.4443
vt 4.75 0
vt 9.5 0
vt 4.75 -3.4443
vt 9.5 -3.4443
vt -6.3639 4.75
vt -6.3639 9.5
vt -3.4443 4.75
vt -3.4443 9.5
vt 0 4.75
vt 0 9.5
vt 3.4443 4.75
vt 3.4443 9.5
vt 6.3639 4.75
vt 6.3639 9.5
vt 4.75 -3.4443
vt 9.5 -3.4443
vt 4.75 0
vt 9.5 0
vt 4.75 3.4443
vt 9.5 3.4443
vt 6.3639 4.75
vt 6.3639 9.5
vt 3.4443 4.75
vt 3.4443 9.5
vt -9 -5.213
vt 10 -5.213
vt 10 -2.5
vt -9 -2.5
vt 2.5 -9
vt 2.5 10
vt 5.213 10
vt 5.213 -9
vt 10 -2.296
vt 10 0
vt -9 -2.791
vt 10 -2.791
vt 2.296 10
vt 2.791 10
vt 2.791 -9
vt 0 10
vt -9 5.213
vt 10 5.213
vt 10 2.5
vt -9 2.5
vt -2.5 -9
vt -2.5 10
vt -5.213 10
vt -5.213 -9
vt 10 2.296
vt 10 0
vt -9 2.791
vt 10 2.791
vt -2.296 10
vt -2.791 10
vt -2.791 -9
vt 0 10
vt -2 -9
vt -2 10
vt -9 -4
vt 10 -4
vt 10 -5.602
vt -9 -5.602
vt -9 -2.5
vt 10 -2.5
vt -4 -9
vt -4 10
vt -2.5 10
vt -2.5 -9
vt -5.602 -9
vt -5.602 10
vt -9 -2
vt 10 -2
vt 2 -9
vt 2 10
vt 10 4
vt 10 5.602
vt -9 5.602
vt -9 4
vt -9 2.5
vt 10 2.5
vt 4 -9
vt 4 10
vt 2.5 10
vt 2.5 -9
vt 5.602 -9
vt 5.602 10
vt -9 2
vt 10 2
vt -5.213 2.791
vt -4.243 4.243
vt -2.791 5.213
vt -2.5 2.5
vt 5.213 -2.791
vt 4.243 -4.243
vt 2.791 -5.213
vt 2.5 -2.5
vt -4 -2
vt -4.243 -4.243
vt -5.543 -2.296
vt -5.602 -2
vt -2.5 -2.5
vt -2 -4
vt -2 -5.602
vt -2.296 -5.543
vt 4 2
vt 4.243 4.243
vt 5.543 2.296
vt 5.602 2
vt 2.5 2.5
vt 2 4
vt 2 5.602
vt 2.296 5.543
vt 6 0
vt 6.4672 2.6788
vt 7 0
vt 4.9497 4.9497
vt 2.6788 6.4672
vt 0 6
vt 0 7
vt -2.2961 5.5433
vt -2.6788 6.4672
vt -4.9497 4.9497
vt -5.5433 2.2961
vt -6.4672 2.6788
vt -6 0
vt -7 0
vt -6.4672 -2.6788
vt -4.9497 -4.9497
vt -2.6788 -6.4672
vt 0 -6
vt 0 -7
vt 2.2961 -5.5433
vt 2.6788 -6.4672
vt 4.9497 -4.9497
vt 5.5433 -2.2961
vt 6.4672 -2.6788
vt 0 9.5
vt 6.92925 2.87025
vt 6.4673 2.6789
vt 0 10
vt 5.30325 5.30325
vt 4.9497 4.9497
vt 2.87025 6.92925
vt 2.6789 6.4673
vt 9.5 0
vt 10 0
vt -2.87025 6.92925
vt -2.6789 6.4673
vt -5.30325 5.30325
vt -4.9497 4.9497
vt -6.92925 2.87025
vt -6.4673 2.6789
vt 0 9.5
vt 0 10
vt -6.92925 -2.87025
vt -6.4673 -2.6789
vt -5.30325 -5.30325
vt -4.9497 -4.9497
vt -2.87025 -6.92925
vt -2.6789 -6.4673
vt 9.5 0
vt 10 0
vt 2.87025 -6.92925
vt 2.6789 -6.4673
vt 5.30325 -5.30325
vt 4.9497 -4.9497
vt 6.92925 -2.87025
vt 6.4673 -2.6789
vt 7.5 0
vt 6.92925 2.87025
vt 8.3151 3.4443
vt 9 0
vt 5.30325 5.30325
vt 6.3639 6.3639
vt 2.87025 6.92925
vt 3.4443 8.3151
vt 0 7.5
vt 0 9
vt -2.87025 6.92925
vt -3.4443 8.3151
vt -5.30325 5.30325
vt -6.3639 6.3639
vt -6.92925 2.87025
vt -8.3151 3.4443
vt -7.5 0
vt -9 0
vt -6.92925 -2.87025
vt -8.3151 -3.4443
vt -5.30325 -5.30325
vt -6.3639 -6.3639
vt -2.87025 -6.92925
vt -3.4443 -8.3151
vt 0 -7.5
vt 0 -9
vt 2.87025 -6.92925
vt 3.4443 -8.3151
vt 5.30325 -5.30325
vt 6.3639 -6.3639
vt 6.92925 -2.87025
vt 8.3151 -3.4443
vt -2.5 2.5
vt 2.5 -2.5
vt -4 -2
vt -4.243 -4.243
vt -5.543 -2.296
vt -5.602 -2
vt -2.5 -2.5
vt -2 -4
vt -2 -5.602
vt -2.296 -5.543
vt 4 2
vt 4.243 4.243
vt 5.543 2.296
vt 5.602 2
vt 2.5 2.5
vt 2 4
vt 2 5.602
vt 2.296 5.543
vt 5.5434 2.2962
vt 6.4673 2.6789
vt 4.2426 4.2426
vt 4.9497 4.9497
vt 2.2962 5.5434
vt 2.6789 6.4673
vt 6.92925 2.87025
vt 6.4673 2.6789
vt 5.30325 5.30325
vt 4.9497 4.9497
vt 2.87025 6.92925
vt 2.6789 6.4673
vt 6.92925 2.87025
vt 8.31495 3.44415
vt 5.30325 5.30325
vt 6.3639 6.3639
vt 2.87025 6.92925
vt 3.44415 8.31495
vt 2.2962 -10
vt 2.2962 -9
vt 4.2426 -10
vt 4.2426 -9
vt -10 2.2962
vt -9 2.2962
vt 8.3151 -3.4443
vt -3.4443 8.3151
vt -5.5434 -2.2962
vt -6.4673 -2.6789
vt -4.2426 -4.2426
vt -4.9497 -4.9497
vt -2.2962 -5.5434
vt -2.6789 -6.4673
vt -6.92925 -2.87025
vt -6.4673 -2.6789
vt -5.30325 -5.30325
vt -4.9497 -4.9497
vt -2.87025 -6.92925
vt -2.6789 -6.4673
vt -6.92925 -2.87025
vt -8.31495 -3.44415
vt -5.30325 -5.30325
vt -6.3639 -6.3639
vt -2.87025 -6.92925
vt -3.44415 -8.31495
vt -2.2962 -10
vt -2.2962 -9
vt -4.2426 -10
vt -4.2426 -9
vt -10 -2.2962
vt -9 -2.2962
vt -8.3151 3.4443
vt 3.4443 -8.3151
usemtl 15
f 3/3/3 2/2/2 1/1/1
f 1/1/1 4/4/4 3/3/3
f 4/4/4 1/1/1 5/5/5
f 8/8/8 7/7/7 6/6/6
f 6/6/6 9/9/9 8/8/8
f 6/6/6 11/11/11 10/10/10
f 10/10/10 9/9/9 6/6/6
f 12/12/12 10/10/10 11/11/11
f 15/15/15 14/14/14 13/13/13
f 13/13/13 16/16/16 15/15/15
f 16/16/16 13/13/13 17/17/17
f 17/17/17 18/18/18 16/16/16
f 18/18/18 17/17/17 19/19/19
f 19/19/19 21/21/21 20/20/20
f 22/22/22 18/18/18 19/19/19
f 19/19/19 20/20/20 22/22/22
f 23/23/23 22/22/22 20/20/20
f 20/20/20 24/24/24 23/23/23
f 25/25/25 24/24/24 20/20/20
f 28/28/28 27/27/27 26/26/26
f 26/26/26 29/29/29 28/28/28
f 23/23/23 24/24/24 30/30/30
f 33/33/33 32/32/32 31/31/31
f 31/31/31 34/34/34 33/33/33
f 32/32/32 35/35/35 31/31/31
f 31/31/31 35/35/35 36/36/36
f 31/31/31 36/36/36 37/37/37
f 31/31/31 37/37/37 38/38/38
f 41/41/41 40/40/40 39/39/39
f 39/39/39 42/42/42 41/41/41
f 39/39/39 40/40/40 43/43/43
f 44/44/44 42/42/42 39/39/39
f 39/39/39 45/45/45 44/44/44
f 48/48/48 47/47/47 46/46/46
f 46/46/46 49/49/49 48/48/48
f 46/46/46 47/47/47 50/50/50
f 53/53/53 52/52/52 51/51/51
f 51/51/51 54/54/54 53/53/53
f 51/51/51 52/52/52 55/55/55
f 55/55/55 56/56/56 51/51/51
f 55/55/55 57/57/57 56/56/56
f 60/60/60 59/59/59 58/58/58
f 58/58/58 61/61/61 60/60/60
f 59/59/59 63/63/63 62/62/62
f 62/62/62 58/58/58 59/59/59
f 62/62/62 63/63/63 64/64/64
f 66/66/66 64/64/64 65/65/65
f 67/67/67 65/65/65 64/64/64
f 64/64/64 63/63/63 67/67/67
f 69/69/69 68/68/68 65/65/65
f 65/65/65 67/67/67 69/69/69
f 68/68/68 70/70/70 65/65/65
f 73/73/73 72/72/72 71/71/71
f 71/71/71 74/74/74 73/73/73
f 68/68/68 69/69/69 75/75/75
f 78/78/78 77/77/77 76/76/76
f 76/76/76 79/79/79 78/78/78
f 80/80/80 79/79/79 76/76/76
f 80/80/80 76/76/76 81/81/81
f 81/81/81 76/76/76 82/82/82
f 82/82/82 76/76/76 83/83/83
f 86/86/86 85/85/85 84/84/84
f 84/84/84 87/87/87 86/86/86
f 87/87/87 84/84/84 88/88/88
f 90/90/90 89/89/89 84/84/84
f 84/84/84 85/85/85 90/90/90
f 93/93/93 92/92/92 91/91/91
f 91/91/91 94/94/94 93/93/93
f 94/94/94 91/91/91 95/95/95
f 53/53/53 97/97/97 96/96/96
f 96/96/96 52/52/52 53/53/53
f 96/96/96 99/99/99 98/98/98
f 98/98/98 52/52/52 96/96/96
f 100/100/100 98/98/98 99/99/99
f 60/60/60 61/61/61 101/101/101
f 101/101/101 102/102/102 60/60/60
f 102/102/102 101/101/101 103/103/103
f 103/103/103 104/104/104 102/102/102
f 104/104/104 103/103/103 105/105/105
f 105/105/105 107/107/107 106/106/106
f 108/108/108 104/104/104 105/105/105
f 105/105/105 106/106/106 108/108/108
f 109/109/109 108/108/108 106/106/106
f 106/106/106 110/110/110 109/109/109
f 111/111/111 110/110/110 106/106/106
f 114/114/114 113/113/113 112/112/112
f 112/112/112 115/115/115 114/114/114
f 109/109/109 110/110/110 116/116/116
f 119/119/119 118/118/118 117/117/117
f 117/117/117 120/120/120 119/119/119
f 118/118/118 121/121/121 117/117/117
f 117/117/117 121/121/121 122/122/122
f 117/117/117 122/122/122 123/123/123
f 117/117/117 123/123/123 124/124/124
f 126/126/126 125/125/125 84/84/84
f 84/84/84 127/127/127 126/126/126
f 84/84/84 125/125/125 88/88/88
f 128/128/128 127/127/127 84/84/84
f 84/84/84 129/129/129 128/128/128
f 132/132/132 131/131/131 130/130/130
f 130/130/130 133/133/133 132/132/132
f 130/130/130 131/131/131 134/134/134
f 8/8/8 9/9/9 135/135/135
f 135/135/135 136/136/136 8/8/8
f 135/135/135 9/9/9 137/137/137
f 137/137/137 138/138/138 135/135/135
f 137/137/137 139/139/139 138/138/138
f 15/15/15 141/141/141 140/140/140
f 140/140/140 14/14/14 15/15/15
f 141/141/141 143/143/143 142/142/142
f 142/142/142 140/140/140 141/141/141
f 142/142/142 143/143/143 144/144/144
f 146/146/146 144/144/144 145/145/145
f 147/147/147 145/145/145 144/144/144
f 144/144/144 143/143/143 147/147/147
f 149/149/149 148/148/148 145/145/145
f 145/145/145 147/147/147 149/149/149
f 148/148/148 150/150/150 145/145/145
f 153/153/153 152/152/152 151/151/151
f 151/151/151 154/154/154 153/153/153
f 148/148/148 149/149/149 155/155/155
f 158/158/158 157/157/157 156/156/156
f 156/156/156 159/159/159 158/158/158
f 160/160/160 159/159/159 156/156/156
f 160/160/160 156/156/156 161/161/161
f 161/161/161 156/156/156 162/162/162
f 162/162/162 156/156/156 163/163/163
f 165/165/165 164/164/164 39/39/39
f 39/39/39 166/166/166 165/165/165
f 166/166/166 39/39/39 43/43/43
f 168/168/168 167/167/167 39/39/39
f 39/39/39 164/164/164 168/168/168
f 171/171/171 170/170/170 169/169/169
f 169/169/169 172/172/172 171/171/171
f 175/175/175 174/174/174 173/173/173
f 173/173/173 176/176/176 175/175/175
f 177/177/177 171/171/171 172/172/172
f 172/172/172 178/178/178 177/177/177
f 179/179/179 177/177/177 178/178/178
f 178/178/178 180/180/180 179/179/179
f 183/183/183 182/182/182 181/181/181
f 181/181/181 184/184/184 183/183/183
f 187/187/187 186/186/186 185/185/185
f 185/185/185 188/188/188 187/187/187
f 191/191/191 190/190/190 189/189/189
f 189/189/189 192/192/192 191/191/191
f 174/174/174 191/191/191 192/192/192
f 192/192/192 173/173/173 174/174/174
f 195/195/195 194/194/194 193/193/193
f 193/193/193 196/196/196 195/195/195
f 199/199/199 198/198/198 197/197/197
f 197/197/197 200/200/200 199/199/199
f 198/198/198 202/202/202 201/201/201
f 201/201/201 197/197/197 198/198/198
f 202/202/202 204/204/204 203/203/203
f 203/203/203 201/201/201 202/202/202
f 204/204/204 206/206/206 205/205/205
f 205/205/205 203/203/203 204/204/204
f 209/209/209 208/208/208 207/207/207
f 207/207/207 210/210/210 209/209/209
f 210/210/210 211/211/211 209/209/209
f 214/214/214 213/213/213 212/212/212
f 212/212/212 215/215/215 214/214/214
f 215/215/215 212/212/212 216/216/216
f 216/216/216 217/217/217 215/215/215
f 217/217/217 216/216/216 218/218/218
f 218/218/218 219/219/219 217/217/217
f 219/219/219 218/218/218 211/211/211
f 211/211/211 210/210/210 219/219/219
f 221/221/221 206/206/206 220/220/220
f 220/220/220 222/222/222 221/221/221
f 205/205/205 206/206/206 221/221/221
f 225/225/225 224/224/224 223/223/223
f 226/226/226 225/225/225 223/223/223
f 229/229/229 228/228/228 227/227/227
f 227/227/227 230/230/230 229/229/229
f 233/233/233 232/232/232 231/231/231
f 231/231/231 234/234/234 233/233/233
f 235/235/235 229/229/229 230/230/230
f 230/230/230 236/236/236 235/235/235
f 237/237/237 235/235/235 236/236/236
f 236/236/236 238/238/238 237/237/237
f 241/241/241 240/240/240 239/239/239
f 239/239/239 242/242/242 241/241/241
f 245/245/245 244/244/244 243/243/243
f 243/243/243 246/246/246 245/245/245
f 249/249/249 248/248/248 247/247/247
f 247/247/247 250/250/250 249/249/249
f 232/232/232 249/249/249 250/250/250
f 250/250/250 231/231/231 232/232/232
f 253/253/253 252/252/252 251/251/251
f 251/251/251 254/254/254 253/253/253
f 257/257/257 256/256/256 255/255/255
f 255/255/255 258/258/258 257/257/257
f 256/256/256 260/260/260 259/259/259
f 259/259/259 255/255/255 256/256/256
f 260/260/260 262/262/262 261/261/261
f 261/261/261 259/259/259 260/260/260
f 262/262/262 221/221/221 263/263/263
f 263/263/263 261/261/261 262/262/262
f 265/265/265 264/264/264 208/208/208
f 208/208/208 209/209/209 265/265/265
f 209/209/209 266/266/266 265/265/265
f 269/269/269 268/268/268 267/267/267
f 267/267/267 270/270/270 269/269/269
f 270/270/270 267/267/267 271/271/271
f 271/271/271 272/272/272 270/270/270
f 272/272/272 271/271/271 273/273/273
f 273/273/273 274/274/274 272/272/272
f 274/274/274 273/273/273 266/266/266
f 266/266/266 209/209/209 274/274/274
f 275/275/275 221/221/221 222/222/222
f 222/222/222 276/276/276 275/275/275
f 263/263/263 221/221/221 275/275/275
f 279/279/279 278/278/278 277/277/277
f 280/280/280 279/279/279 277/277/277
f 283/283/283 282/282/282 281/281/281
f 281/281/281 284/284/284 283/283/283
f 287/287/287 286/286/286 285/285/285
f 285/285/285 288/288/288 287/287/287
f 289/289/289 283/283/283 284/284/284
f 284/284/284 290/290/290 289/289/289
f 291/291/291 289/289/289 290/290/290
f 290/290/290 292/292/292 291/291/291
f 295/295/295 294/294/294 293/293/293
f 293/293/293 296/296/296 295/295/295
f 299/299/299 298/298/298 297/297/297
f 297/297/297 300/300/300 299/299/299
f 303/303/303 302/302/302 301/301/301
f 301/301/301 304/304/304 303/303/303
f 286/286/286 303/303/303 304/304/304
f 304/304/304 285/285/285 286/286/286
f 307/307/307 306/306/306 305/305/305
f 305/305/305 308/308/308 307/307/307
f 311/311/311 310/310/310 309/309/309
f 309/309/309 312/312/312 311/311/311
f 310/310/310 314/314/314 313/313/313
f 313/313/313 309/309/309 310/310/310
f 314/314/314 316/316/316 315/315/315
f 315/315/315 313/313/313 314/314/314
f 316/316/316 275/275/275 317/317/317
f 317/317/317 315/315/315 316/316/316
f 319/319/319 318/318/318 264/264/264
f 264/264/264 265/265/265 319/319/319
f 265/265/265 320/320/320 319/319/319
f 323/323/323 322/322/322 321/321/321
f 321/321/321 324/324/324 323/323/323
f 324/324/324 321/321/321 325/325/325
f 325/325/325 326/326/326 324/324/324
f 326/326/326 325/325/325 327/327/327
f 327/327/327 328/328/328 326/326/326
f 328/328/328 327/327/327 320/320/320
f 320/320/320 265/265/265 328/328/328
f 329/329/329 275/275/275 276/276/276
f 276/276/276 330/330/330 329/329/329
f 317/317/317 275/275/275 329/329/329
f 333/333/333 332/332/332 331/331/331
f 334/334/334 333/333/333 331/331/331
f 337/337/337 336/336/336 335/335/335
f 335/335/335 338/338/338 337/337/337
f 341/341/341 340/340/340 339/339/339
f 339/339/339 342/342/342 341/341/341
f 343/343/343 337/337/337 338/338/338
f 338/338/338 344/344/344 343/343/343
f 345/345/345 343/343/343 344/344/344
f 344/344/344 346/346/346 345/345/345
f 349/349/349 348/348/348 347/347/347
f 347/347/347 350/350/350 349/349/349
f 353/353/353 352/352/352 351/351/351
f 351/351/351 354/354/354 353/353/353
f 357/357/357 356/356/356 355/355/355
f 355/355/355 358/358/358 357/357/357
f 340/340/340 357/357/357 358/358/358
f 358/358/358 339/339/339 340/340/340
f 361/361/361 360/360/360 359/359/359
f 359/359/359 362/362/362 361/361/361
f 365/365/365 364/364/364 363/363/363
f 363/363/363 366/366/366 365/365/365
f 364/364/364 368/368/368 367/367/367
f 367/367/367 363/363/363 364/364/364
f 368/368/368 370/370/370 369/369/369
f 369/369/369 367/367/367 368/368/368
f 370/370/370 329/329/329 371/371/371
f 371/371/371 369/369/369 370/370/370
f 373/373/373 372/372/372 318/318/318
f 318/318/318 319/319/319 373/373/373
f 319/319/319 374/374/374 373/373/373
f 377/377/377 376/376/376 375/375/375
f 375/375/375 378/378/378 377/377/377
f 378/378/378 375/375/375 379/379/379
f 379/379/379 380/380/380 378/378/378
f 380/380/380 379/379/379 381/381/381
f 381/381/381 382/382/382 380/380/380
f 382/382/382 381/381/381 374/374/374
f 374/374/374 319/319/319 382/382/382
f 383/383/383 329/329/329 330/330/330
f 330/330/330 384/384/384 383/383/383
f 371/371/371 329/329/329 383/383/383
f 387/387/387 386/386/386 385/385/385
f 388/388/388 387/387/387 385/385/385
f 391/391/391 390/390/390 389/389/389
f 389/389/389 392/392/392 391/391/391
f 395/395/395 394/394/394 393/393/393
f 393/393/393 396/396/396 395/395/395
f 397/397/397 391/391/391 392/392/392
f 392/392/392 398/398/398 397/397/397
f 399/399/399 397/397/397 398/398/398
f 398/398/398 400/400/400 399/399/399
f 403/403/403 402/402/402 401/401/401
f 401/401/401 404/404/404 403/403/403
f 407/407/407 406/406/406 405/405/405
f 405/405/405 408/408/408 407/407/407
f 411/411/411 410/410/410 409/409/409
f 409/409/409 412/412/412 411/411/411
f 394/394/394 411/411/411 412/412/412
f 412/412/412 393/393/393 394/394/394
f 415/415/415 414/414/414 413/413/413
f 413/413/413 416/416/416 415/415/415
f 419/419/419 418/418/418 417/417/417
f 417/417/417 420/420/420 419/419/419
f 418/418/418 422/422/422 421/421/421
f 421/421/421 417/417/417 418/418/418
f 422/422/422 424/424/424 423/423/423
f 423/423/423 421/421/421 422/422/422
f 424/424/424 383/383/383 425/425/425
f 425/425/425 423/423/423 424/424/424
f 427/427/427 426/426/426 372/372/372
f 372/372/372 373/373/373 427/427/427
f 373/373/373 428/428/428 427/427/427
f 431/431/431 430/430/430 429/429/429
f 429/429/429 432/432/432 431/431/431
f 432/432/432 429/429/429 433/433/433
f 433/433/433 434/434/434 432/432/432
f 434/434/434 433/433/433 435/435/435
f 435/435/435 436/436/436 434/434/434
f 436/436/436 435/435/435 428/428/428
f 428/428/428 373/373/373 436/436/436
f 437/437/437 383/383/383 384/384/384
f 384/384/384 438/438/438 437/437/437
f 425/425/425 383/383/383 437/437/437
f 441/441/441 440/440/440 439/439/439
f 442/442/442 441/441/441 439/439/439
f 445/445/445 444/444/444 443/443/443
f 443/443/443 446/446/446 445/445/445
f 449/449/449 448/448/448 447/447/447
f 447/447/447 450/450/450 449/449/449
f 451/451/451 445/445/445 446/446/446
f 446/446/446 452/452/452 451/451/451
f 453/453/453 451/451/451 452/452/452
f 452/452/452 454/454/454 453/453/453
f 457/457/457 456/456/456 455/455/455
f 455/455/455 458/458/458 457/457/457
f 461/461/461 460/460/460 459/459/459
f 459/459/459 462/462/462 461/461/461
f 465/465/465 464/464/464 463/463/463
f 463/463/463 466/466/466 465/465/465
f 448/448/448 465/465/465 466/466/466
f 466/466/466 447/447/447 448/448/448
f 469/469/469 468/468/468 467/467/467
f 467/467/467 470/470/470 469/469/469
f 473/473/473 472/472/472 471/471/471
f 471/471/471 474/474/474 473/473/473
f 472/472/472 476/476/476 475/475/475
f 475/475/475 471/471/471 472/472/472
f 476/476/476 478/478/478 477/477/477
f 477/477/477 475/475/475 476/476/476
f 478/478/478 437/437/437 479/479/479
f 479/479/479 477/477/477 478/478/478
f 481/481/481 480/480/480 426/426/426
f 426/426/426 427/427/427 481/481/481
f 427/427/427 482/482/482 481/481/481
f 485/485/485 484/484/484 483/483/483
f 483/483/483 486/486/486 485/485/485
f 486/486/486 483/483/483 487/487/487
f 487/487/487 488/488/488 486/486/486
f 488/488/488 487/487/487 489/489/489
f 489/489/489 490/490/490 488/488/488
f 490/490/490 489/489/489 482/482/482
f 482/482/482 427/427/427 490/490/490
f 491/491/491 437/437/437 438/438/438
f 438/438/438 492/492/492 491/491/491
f 479/479/479 437/437/437 491/491/491
f 495/495/495 494/494/494 493/493/493
f 496/496/496 495/495/495 493/493/493
f 499/499/499 498/498/498 497/497/497
f 497/497/497 500/500/500 499/499/499
f 503/503/503 502/502/502 501/501/501
f 501/501/501 504/504/504 503/503/503
f 505/505/505 499/499/499 500/500/500
f 500/500/500 506/506/506 505/505/505
f 507/507/507 505/505/505 506/506/506
f 506/506/506 508/508/508 507/507/507
f 511/511/511 510/510/510 509/509/509
f 509/509/509 512/512/512 511/511/511
f 515/515/515 514/514/514 513/513/513
f 513/513/513 516/516/516 515/515/515
f 519/519/519 518/518/518 517/517/517
f 517/517/517 520/520/520 519/519/519
f 502/502/502 519/519/519 520/520/520
f 520/520/520 501/501/501 502/502/502
f 523/523/523 522/522/522 521/521/521
f 521/521/521 524/524/524 523/523/523
f 527/527/527 526/526/526 525/525/525
f 525/525/525 528/528/528 527/527/527
f 526/526/526 530/530/530 529/529/529
f 529/529/529 525/525/525 526/526/526
f 530/530/530 532/532/532 531/531/531
f 531/531/531 529/529/529 530/530/530
f 532/532/532 491/491/491 533/533/533
f 533/533/533 531/531/531 532/532/532
f 535/535/535 534/534/534 480/480/480
f 480/480/480 481/481/481 535/535/535
f 481/481/481 536/536/536 535/535/535
f 539/539/539 538/538/538 537/537/537
f 537/537/537 540/540/540 539/539/539
f 540/540/540 537/537/537 541/541/541
f 541/541/541 542/542/542 540/540/540
f 542/542/542 541/541/541 543/543/543
f 543/543/543 544/544/544 542/542/542
f 544/544/544 543/543/543 536/536/536
f 536/536/536 481/481/481 544/544/544
f 545/545/545 491/491/491 492/492/492
f 492/492/492 546/546/546 545/545/545
f 533/533/533 491/491/491 545/545/545
f 549/549/549 548/548/548 547/547/547
f 550/550/550 549/549/549 547/547/547
f 553/553/553 552/552/552 551/551/551
f 551/551/551 554/554/554 553/553/553
f 557/557/557 556/556/556 555/555/555
f 555/555/555 558/558/558 557/557/557
f 559/559/559 553/553/553 554/554/554
f 554/554/554 560/560/560 559/559/559
f 561/561/561 559/559/559 560/560/560
f 560/560/560 562/562/562 561/561/561
f 565/565/565 564/564/564 563/563/563
f 563/563/563 566/566/566 565/565/565
f 569/569/569 568/568/568 567/567/567
f 567/567/567 570/570/570 569/569/569
f 573/573/573 572/572/572 571/571/571
f 571/571/571 574/574/574 573/573/573
f 556/556/556 573/573/573 574/574/574
f 574/574/574 555/555/555 556/556/556
f 577/577/577 576/576/576 575/575/575
f 575/575/575 578/578/578 577/577/577
f 581/581/581 580/580/580 579/579/579
f 579/579/579 582/582/582 581/581/581
f 580/580/580 584/584/584 583/583/583
f 583/583/583 579/579/579 580/580/580
f 584/584/584 586/586/586 585/585/585
f 585/585/585 583/583/583 584/584/584
f 586/586/586 545/545/545 587/587/587
f 587/587/587 585/585/585 586/586/586
f 589/589/589 588/588/588 534/534/534
f 534/534/534 535/535/535 589/589/589
f 535/535/535 590/590/590 589/589/589
f 593/593/593 592/592/592 591/591/591
f 591/591/591 594/594/594 593/593/593
f 594/594/594 591/591/591 595/595/595
f 595/595/595 596/596/596 594/594/594
f 596/596/596 595/595/595 597/597/597
f 597/597/597 598/598/598 596/596/596
f 598/598/598 597/597/597 590/590/590
f 590/590/590 535/535/535 598/598/598
f 599/599/599 545/545/545 546/546/546
f 546/546/546 600/600/600 599/599/599
f 587/587/587 545/545/545 599/599/599
f 603/603/603 602/602/602 601/601/601
f 604/604/604 603/603/603 601/601/601
f 607/607/607 606/606/606 605/605/605
f 605/605/605 608/608/608 607/607/607
f 611/611/611 610/610/610 609/609/609
f 609/609/609 612/612/612 611/611/611
f 613/613/613 607/607/607 608/608/608
f 608/608/608 614/614/614 613/613/613
f 615/615/615 613/613/613 614/614/614
f 614/614/614 616/616/616 615/615/615
f 619/619/619 618/618/618 617/617/617
f 617/617/617 620/620/620 619/619/619
f 623/623/623 622/622/622 621/621/621
f 621/621/621 624/624/624 623/623/623
f 627/627/627 626/626/626 625/625/625
f 625/625/625 628/628/628 627/627/627
f 610/610/610 627/627/627 628/628/628
f 628/628/628 609/609/609 610/610/610
f 631/631/631 630/630/630 629/629/629
f 629/629/629 632/632/632 631/631/631
f 635/635/635 634/634/634 633/633/633
f 633/633/633 636/636/636 635/635/635
f 634/634/634 638/638/638 637/637/637
f 637/637/637 633/633/633 634/634/634
f 638/638/638 640/640/640 639/639/639
f 639/639/639 637/637/637 638/638/638
f 640/640/640 599/599/599 641/641/641
f 641/641/641 639/639/639 640/640/640
f 643/643/643 642/642/642 588/588/588
f 588/588/588 589/589/589 643/643/643
f 589/589/589 644/644/644 643/643/643
f 647/647/647 646/646/646 645/645/645
f 645/645/645 648/648/648 647/647/647
f 648/648/648 645/645/645 649/649/649
f 649/649/649 650/650/650 648/648/648
f 650/650/650 649/649/649 651/651/651
f 651/651/651 652/652/652 650/650/650
f 652/652/652 651/651/651 644/644/644
f 644/644/644 589/589/589 652/652/652
f 653/653/653 599/599/599 600/600/600
f 600/600/600 654/654/654 653/653/653
f 641/641/641 599/599/599 653/653/653
f 657/657/657 656/656/656 655/655/655
f 658/658/658 657/657/657 655/655/655
f 661/661/661 660/660/660 659/659/659
f 659/659/659 662/662/662 661/661/661
f 665/665/665 664/664/664 663/663/663
f 663/663/663 666/666/666 665/665/665
f 667/667/667 661/661/661 662/662/662
f 662/662/662 668/668/668 667/667/667
f 669/669/669 667/667/667 668/668/668
f 668/668/668 670/670/670 669/669/669
f 673/673/673 672/672/672 671/671/671
f 671/671/671 674/674/674 673/673/673
f 677/677/677 676/676/676 675/675/675
f 675/675/675 678/678/678 677/677/677
f 681/681/681 680/680/680 679/679/679
f 679/679/679 682/682/682 681/681/681
f 664/664/664 681/681/681 682/682/682
f 682/682/682 663/663/663 664/664/664
f 685/685/685 684/684/684 683/683/683
f 683/683/683 686/686/686 685/685/685
f 689/689/689 688/688/688 687/687/687
f 687/687/687 690/690/690 689/689/689
f 688/688/688 692/692/692 691/691/691
f 691/691/691 687/687/687 688/688/688
f 692/692/692 694/694/694 693/693/693
f 693/693/693 691/691/691 692/692/692
f 694/694/694 653/653/653 695/695/695
f 695/695/695 693/693/693 694/694/694
f 697/697/697 696/696/696 642/642/642
f 642/642/642 643/643/643 697/697/697
f 643/643/643 698/698/698 697/697/697
f 701/701/701 700/700/700 699/699/699
f 699/699/699 702/702/702 701/701/701
f 702/702/702 699/699/699 703/703/703
f 703/703/703 704/704/704 702/702/702
f 704/704/704 703/703/703 705/705/705
f 705/705/705 706/706/706 704/704/704
f 706/706/706 705/705/705 698/698/698
f 698/698/698 643/643/643 706/706/706
f 707/707/707 653/653/653 654/654/654
f 654/654/654 708/708/708 707/707/707
f 695/695/695 653/653/653 707/707/707
f 711/711/711 710/710/710 709/709/709
f 712/712/712 711/711/711 709/709/709
f 715/715/715 714/714/714 713/713/713
f 713/713/713 716/716/716 715/715/715
f 719/719/719 718/718/718 717/717/717
f 717/717/717 720/720/720 719/719/719
f 721/721/721 715/715/715 716/716/716
f 716/716/716 722/722/722 721/721/721
f 723/723/723 721/721/721 722/722/722
f 722/722/722 724/724/724 723/723/723
f 727/727/727 726/726/726 725/725/725
f 725/725/725 728/728/728 727/727/727
f 731/731/731 730/730/730 729/729/729
f 729/729/729 732/732/732 731/731/731
f 735/735/735 734/734/734 733/733/733
f 733/733/733 736/736/736 735/735/735
f 718/718/718 735/735/735 736/736/736
f 736/736/736 717/717/717 718/718/718
f 739/739/739 738/738/738 737/737/737
f 737/737/737 740/740/740 739/739/739
f 743/743/743 742/742/742 741/741/741
f 741/741/741 744/744/744 743/743/743
f 742/742/742 746/746/746 745/745/745
f 745/745/745 741/741/741 742/742/742
f 746/746/746 748/748/748 747/747/747
f 747/747/747 745/745/745 746/746/746
f 748/748/748 707/707/707 749/749/749
f 749/749/749 747/747/747 748/748/748
f 751/751/751 750/750/750 696/696/696
f 696/696/696 697/697/697 751/751/751
f 697/697/697 752/752/752 751/751/751
f 755/755/755 754/754/754 753/753/753
f 753/753/753 756/756/756 755/755/755
f 756/756/756 753/753/753 757/757/757
f 757/757/757 758/758/758 756/756/756
f 758/758/758 757/757/757 759/759/759
f 759/759/759 760/760/760 758/758/758
f 760/760/760 759/759/759 752/752/752
f 752/752/752 697/697/697 760/760/760
f 761/761/761 707/707/707 708/708/708
f 708/708/708 762/762/762 761/761/761
f 749/749/749 707/707/707 761/761/761
f 765/765/765 764/764/764 763/763/763
f 766/766/766 765/765/765 763/763/763
f 769/769/769 768/768/768 767/767/767
f 767/767/767 770/770/770 769/769/769
f 773/773/773 772/772/772 771/771/771
f 771/771/771 774/774/774 773/773/773
f 775/775/775 769/769/769 770/770/770
f 770/770/770 776/776/776 775/775/775
f 777/777/777 775/775/775 776/776/776
f 776/776/776 778/778/778 777/777/777
f 781/781/781 780/780/780 779/779/779
f 779/779/779 782/782/782 781/781/781
f 785/785/785 784/784/784 783/783/783
f 783/783/783 786/786/786 785/785/785
f 789/789/789 788/788/788 787/787/787
f 787/787/787 790/790/790 789/789/789
f 772/772/772 789/789/789 790/790/790
f 790/790/790 771/771/771 772/772/772
f 793/793/793 792/792/792 791/791/791
f 791/791/791 794/794/794 793/793/793
f 797/797/797 796/796/796 795/795/795
f 795/795/795 798/798/798 797/797/797
f 796/796/796 800/800/800 799/799/799
f 799/799/799 795/795/795 796/796/796
f 800/800/800 802/802/802 801/801/801
f 801/801/801 799/799/799 800/800/800
f 802/802/802 761/761/761 803/803/803
f 803/803/803 801/801/801 802/802/802
f 210/210/210 207/207/207 750/750/750
f 750/750/750 751/751/751 210/210/210
f 751/751/751 804/804/804 210/210/210
f 807/807/807 806/806/806 805/805/805
f 805/805/805 808/808/808 807/807/807
f 808/808/808 805/805/805 809/809/809
f 809/809/809 810/810/810 808/808/808
f 810/810/810 809/809/809 811/811/811
f 811/811/811 812/812/812 810/810/810
f 812/812/812 811/811/811 804/804/804
f 804/804/804 751/751/751 812/812/812
f 206/206/206 761/761/761 762/762/762
f 762/762/762 220/220/220 206/206/206
f 803/803/803 761/761/761 206/206/206
f 815/815/815 814/814/814 813/813/813
f 816/816/816 815/815/815 813/813/813
f 819/819/819 818/818/818 817/817/817
f 820/820/820 819/819/819 817/817/817
f 822/822/822 821/821/821 818/818/818
f 819/819/819 822/822/822 818/818/818
f 824/824/824 823/823/823 821/821/821
f 822/822/822 824/824/824 821/821/821
f 826/826/826 825/825/825 823/823/823
f 824/824/824 826/826/826 823/823/823
f 828/828/828 827/827/827 825/825/825
f 826/826/826 828/828/828 825/825/825
f 830/830/830 829/829/829 827/827/827
f 828/828/828 830/830/830 827/827/827
f 832/832/832 831/831/831 829/829/829
f 830/830/830 832/832/832 829/829/829
f 834/834/834 833/833/833 831/831/831
f 832/832/832 834/834/834 831/831/831
f 836/836/836 835/835/835 833/833/833
f 834/834/834 836/836/836 833/833/833
f 838/838/838 837/837/837 835/835/835
f 836/836/836 838/838/838 835/835/835
f 840/840/840 839/839/839 837/837/837
f 838/838/838 840/840/840 837/837/837
f 842/842/842 841/841/841 839/839/839
f 840/840/840 842/842/842 839/839/839
f 844/844/844 843/843/843 841/841/841
f 842/842/842 844/844/844 841/841/841
f 846/846/846 845/845/845 843/843/843
f 844/844/844 846/846/846 843/843/843
f 848/848/848 847/847/847 845/845/845
f 846/846/846 848/848/848 845/845/845
f 820/820/820 817/817/817 847/847/847
f 848/848/848 820/820/820 847/847/847
f 849/849/849 850/850/850 851/851/851
f 849/849/849 851/851/851 852/852/852
f 850/850/850 853/853/853 854/854/854
f 850/850/850 854/854/854 851/851/851
f 853/853/853 855/855/855 856/856/856
f 853/853/853 856/856/856 854/854/854
f 855/855/855 857/857/857 858/858/858
f 855/855/855 858/858/858 856/856/856
f 857/857/857 859/859/859 860/860/860
f 857/857/857 860/860/860 858/858/858
f 859/859/859 861/861/861 862/862/862
f 859/859/859 862/862/862 860/860/860
f 861/861/861 863/863/863 864/864/864
f 861/861/861 864/864/864 862/862/862
f 863/863/863 865/865/865 866/866/866
f 863/863/863 866/866/866 864/864/864
f 865/865/865 867/867/867 868/868/868
f 865/865/865 868/868/868 866/866/866
f 867/867/867 869/869/869 870/870/870
f 867/867/867 870/870/870 868/868/868
f 869/869/869 871/871/871 872/872/872
f 869/869/869 872/872/872 870/870/870
f 871/871/871 873/873/873 874/874/874
f 871/871/871 874/874/874 872/872/872
f 873/873/873 875/875/875 876/876/876
f 873/873/873 876/876/876 874/874/874
f 875/875/875 877/877/877 878/878/878
f 875/875/875 878/878/878 876/876/876
f 877/877/877 879/879/879 880/880/880
f 877/877/877 880/880/880 878/878/878
f 879/879/879 849/849/849 852/852/852
f 879/879/879 852/852/852 880/880/880
f 881/881/881 882/882/882 883/883/883
f 881/881/881 883/883/883 884/884/884
f 885/885/885 886/886/886 887/887/887
f 885/885/885 887/887/887 888/888/888
f 71/71/71 889/889/889 890/890/890
f 71/71/71 890/890/890 74/74/74
f 891/891/891 892/892/892 889/889/889
f 891/891/891 889/889/889 71/71/71
f 112/112/112 893/893/893 894/894/894
f 112/112/112 894/894/894 895/895/895
f 113/113/113 896/896/896 893/893/893
f 113/113/113 893/893/893 112/112/112
f 897/897/897 898/898/898 899/899/899
f 897/897/897 899/899/899 900/900/900
f 901/901/901 902/902/902 903/903/903
f 901/901/901 903/903/903 904/904/904
f 151/151/151 905/905/905 906/906/906
f 151/151/151 906/906/906 154/154/154
f 907/907/907 908/908/908 905/905/905
f 907/907/907 905/905/905 151/151/151
f 26/26/26 909/909/909 910/910/910
f 26/26/26 910/910/910 911/911/911
f 27/27/27 912/912/912 909/909/909
f 27/27/27 909/909/909 26/26/26
f 913/913/913 914/914/914 896/896/896
f 913/913/913 896/896/896 113/113/113
f 915/915/915 916/916/916 917/917/917
f 915/915/915 917/917/917 918/918/918
f 919/919/919 920/920/920 916/916/916
f 919/919/919 916/916/916 915/915/915
f 921/921/921 922/922/922 923/923/923
f 921/921/921 923/923/923 924/924/924
f 925/925/925 926/926/926 922/922/922
f 925/925/925 922/922/922 921/921/921
f 927/927/927 154/154/154 906/906/906
f 927/927/927 906/906/906 928/928/928
f 929/929/929 930/930/930 912/912/912
f 929/929/929 912/912/912 27/27/27
f 931/931/931 932/932/932 933/933/933
f 931/931/931 933/933/933 934/934/934
f 935/935/935 936/936/936 931/931/931
f 935/935/935 931/931/931 934/934/934
f 937/937/937 938/938/938 939/939/939
f 937/937/937 939/939/939 940/940/940
f 941/941/941 942/942/942 938/938/938
f 941/941/941 938/938/938 937/937/937
f 943/943/943 74/74/74 890/890/890
f 943/943/943 890/890/890 944/944/944
f 945/945/945 946/946/946 947/947/947
f 945/945/945 947/947/947 948/948/948
f 949/949/949 950/950/950 951/951/951
f 949/949/949 951/951/951 952/952/952
f 953/953/953 954/954/954 955/955/955
f 953/953/953 955/955/955 956/956/956
f 957/957/957 958/958/958 954/954/954
f 957/957/957 954/954/954 953/953/953
f 954/954/954 958/958/958 959/959/959
f 954/954/954 959/959/959 960/960/960
f 961/961/961 962/962/962 963/963/963
f 961/961/961 963/963/963 964/964/964
f 965/965/965 966/966/966 962/962/962
f 965/965/965 962/962/962 961/961/961
f 962/962/962 966/966/966 967/967/967
f 962/962/962 967/967/967 968/968/968
f 969/969/969 963/963/963 970/970/970
f 969/969/969 970/970/970 971/971/971
f 963/963/963 962/962/962 972/972/972
f 963/963/963 972/972/972 970/970/970
f 962/962/962 968/968/968 973/973/973
f 962/962/962 973/973/973 972/972/972
f 968/968/968 974/974/974 975/975/975
f 968/968/968 975/975/975 973/973/973
f 974/974/974 976/976/976 977/977/977
f 974/974/974 977/977/977 975/975/975
f 976/976/976 946/946/946 978/978/978
f 976/976/976 978/978/978 977/977/977
f 946/946/946 979/979/979 980/980/980
f 946/946/946 980/980/980 978/978/978
f 979/979/979 981/981/981 982/982/982
f 979/979/979 982/982/982 980/980/980
f 981/981/981 955/955/955 983/983/983
f 981/981/981 983/983/983 982/982/982
f 955/955/955 954/954/954 984/984/984
f 955/955/955 984/984/984 983/983/983
f 954/954/954 960/960/960 985/985/985
f 954/954/954 985/985/985 984/984/984
f 960/960/960 986/986/986 987/987/987
f 960/960/960 987/987/987 985/985/985
f 986/986/986 988/988/988 989/989/989
f 986/986/986 989/989/989 987/987/987
f 988/988/988 950/950/950 990/990/990
f 988/988/988 990/990/990 989/989/989
f 950/950/950 991/991/991 992/992/992
f 950/950/950 992/992/992 990/990/990
f 991/991/991 969/969/969 971/971/971
f 991/991/991 971/971/971 992/992/992
f 995/995/995 994/994/994 993/993/993
f 996/996/996 995/995/995 993/993/993
f 998/998/998 997/997/997 994/994/994
f 995/995/995 998/998/998 994/994/994
f 1000/1000/1000 999/999/999 997/997/997
f 998/998/998 1000/1000/1000 997/997/997
f 1002/1002/1002 1001/1001/1001 999/999/999
f 1000/1000/1000 1002/1002/1002 999/999/999
f 1004/1004/1004 1003/1003/1003 1001/1001/1001
f 1002/1002/1002 1004/1004/1004 1001/1001/1001
f 1006/1006/1006 1005/1005/1005 1003/1003/1003
f 1004/1004/1004 1006/1006/1006 1003/1003/1003
f 1008/1008/1008 1007/1007/1007 1005/1005/1005
f 1006/1006/1006 1008/1008/1008 1005/1005/1005
f 1010/1010/1010 1009/1009/1009 1007/1007/1007
f 1008/1008/1008 1010/1010/1010 1007/1007/1007
f 1012/1012/1012 1011/1011/1011 1009/1009/1009
f 1010/1010/1010 1012/1012/1012 1009/1009/1009
f 1014/1014/1014 1013/1013/1013 1011/1011/1011
f 1012/1012/1012 1014/1014/1014 1011/1011/1011
f 1016/1016/1016 1015/1015/1015 1013/1013/1013
f 1014/1014/1014 1016/1016/1016 1013/1013/1013
f 1018/1018/1018 1017/1017/1017 1015/1015/1015
f 1016/1016/1016 1018/1018/1018 1015/1015/1015
f 1020/1020/1020 1019/1019/1019 1017/1017/1017
f 1018/1018/1018 1020/1020/1020 1017/1017/1017
f 1022/1022/1022 1021/1021/1021 1019/1019/1019
f 1020/1020/1020 1022/1022/1022 1019/1019/1019
f 1024/1024/1024 1023/1023/1023 1021/1021/1021
f 1022/1022/1022 1024/1024/1024 1021/1021/1021
f 996/996/996 993/993/993 1023/1023/1023
f 1024/1024/1024 996/996/996 1023/1023/1023
f 1025/1025/1025 1026/1026/1026 1027/1027/1027
f 1025/1025/1025 1027/1027/1027 1028/1028/1028
f 1026/1026/1026 1029/1029/1029 1030/1030/1030
f 1026/1026/1026 1030/1030/1030 1027/1027/1027
f 1029/1029/1029 1031/1031/1031 1032/1032/1032
f 1029/1029/1029 1032/1032/1032 1030/1030/1030
f 1031/1031/1031 1033/1033/1033 1034/1034/1034
f 1031/1031/1031 1034/1034/1034 1032/1032/1032
f 1033/1033/1033 1035/1035/1035 1036/1036/1036
f 1033/1033/1033 1036/1036/1036 1034/1034/1034
f 1035/1035/1035 1037/1037/1037 1038/1038/1038
f 1035/1035/1035 1038/1038/1038 1036/1036/1036
f 1037/1037/1037 1039/1039/1039 1040/1040/1040
f 1037/1037/1037 1040/1040/1040 1038/1038/1038
f 1039/1039/1039 1041/1041/1041 1042/1042/1042
f 1039/1039/1039 1042/1042/1042 1040/1040/1040
f 1041/1041/1041 1043/1043/1043 1044/1044/1044
f 1041/1041/1041 1044/1044/1044 1042/1042/1042
f 1043/1043/1043 1045/1045/1045 1046/1046/1046
f 1043/1043/1043 1046/1046/1046 1044/1044/1044
f 1045/1045/1045 1047/1047/1047 1048/1048/1048
f 1045/1045/1045 1048/1048/1048 1046/1046/1046
f 1047/1047/1047 1049/1049/1049 1050/1050/1050
f 1047/1047/1047 1050/1050/1050 1048/1048/1048
f 1049/1049/1049 1051/1051/1051 1052/1052/1052
f 1049/1049/1049 1052/1052/1052 1050/1050/1050
f 1051/1051/1051 1053/1053/1053 1054/1054/1054
f 1051/1051/1051 1054/1054/1054 1052/1052/1052
f 1053/1053/1053 1055/1055/1055 1056/1056/1056
f 1053/1053/1053 1056/1056/1056 1054/1054/1054
f 1055/1055/1055 1025/1025/1025 1028/1028/1028
f 1055/1055/1055 1028/1028/1028 1056/1056/1056
f 55/55/55 52/52/52 98/98/98
f 1057/1057/1057 55/55/55 98/98/98
f 137/137/137 9/9/9 10/10/10
f 1058/1058/1058 137/137/137 10/10/10
f 1061/1061/1061 1060/1060/1060 1059/1059/1059
f 1062/1062/1062 1061/1061/1061 1059/1059/1059
f 1060/1060/1060 1064/1064/1064 1063/1063/1063
f 1059/1059/1059 1060/1060/1060 1063/1063/1063
f 1065/1065/1065 1064/1064/1064 1060/1060/1060
f 1066/1066/1066 1065/1065/1065 1060/1060/1060
f 1069/1069/1069 1068/1068/1068 1067/1067/1067
f 1070/1070/1070 1069/1069/1069 1067/1067/1067
f 1068/1068/1068 1072/1072/1072 1071/1071/1071
f 1067/1067/1067 1068/1068/1068 1071/1071/1071
f 1073/1073/1073 1072/1072/1072 1068/1068/1068
f 1074/1074/1074 1073/1073/1073 1068/1068/1068
f 1076/1076/1076 1075/1075/1075 3/3/3
f 4/4/4 1076/1076/1076 3/3/3
f 1078/1078/1078 1077/1077/1077 1075/1075/1075
f 1076/1076/1076 1078/1078/1078 1075/1075/1075
f 1080/1080/1080 1079/1079/1079 1077/1077/1077
f 1078/1078/1078 1080/1080/1080 1077/1077/1077
f 47/47/47 48/48/48 1079/1079/1079
f 1080/1080/1080 47/47/47 1079/1079/1079
f 34/34/34 1081/1081/1081 1082/1082/1082
f 34/34/34 1082/1082/1082 33/33/33
f 1081/1081/1081 1083/1083/1083 1084/1084/1084
f 1081/1081/1081 1084/1084/1084 1082/1082/1082
f 1083/1083/1083 1085/1085/1085 1086/1086/1086
f 1083/1083/1083 1086/1086/1086 1084/1084/1084
f 1085/1085/1085 77/77/77 78/78/78
f 1085/1085/1085 78/78/78 1086/1086/1086
f 1088/1088/1088 1087/1087/1087 44/44/44
f 45/45/45 1088/1088/1088 44/44/44
f 1090/1090/1090 1089/1089/1089 1087/1087/1087
f 1088/1088/1088 1090/1090/1090 1087/1087/1087
f 1092/1092/1092 1091/1091/1091 1089/1089/1089
f 1090/1090/1090 1092/1092/1092 1089/1089/1089
f 89/89/89 90/90/90 1091/1091/1091
f 1092/1092/1092 89/89/89 1091/1091/1091
f 28/28/28 1093/1093/1093 1094/1094/1094
f 28/28/28 1094/1094/1094 27/27/27
f 1093/1093/1093 1095/1095/1095 1096/1096/1096
f 1093/1093/1093 1096/1096/1096 1094/1094/1094
f 1095/1095/1095 1097/1097/1097 1098/1098/1098
f 1095/1095/1095 1098/1098/1098 1096/1096/1096
f 1097/1097/1097 73/73/73 74/74/74
f 1097/1097/1097 74/74/74 1098/1098/1098
f 39/39/39 1099/1099/1099 45/45/45
f 89/89/89 1100/1100/1100 84/84/84
f 1102/1102/1102 1101/1101/1101 93/93/93
f 94/94/94 1102/1102/1102 93/93/93
f 1104/1104/1104 1103/1103/1103 1101/1101/1101
f 1102/1102/1102 1104/1104/1104 1101/1101/1101
f 1106/1106/1106 1105/1105/1105 1103/1103/1103
f 1104/1104/1104 1106/1106/1106 1103/1103/1103
f 131/131/131 132/132/132 1105/1105/1105
f 1106/1106/1106 131/131/131 1105/1105/1105
f 120/120/120 1107/1107/1107 1108/1108/1108
f 120/120/120 1108/1108/1108 119/119/119
f 1107/1107/1107 1109/1109/1109 1110/1110/1110
f 1107/1107/1107 1110/1110/1110 1108/1108/1108
f 1109/1109/1109 1111/1111/1111 1112/1112/1112
f 1109/1109/1109 1112/1112/1112 1110/1110/1110
f 1111/1111/1111 157/157/157 158/158/158
f 1111/1111/1111 158/158/158 1112/1112/1112
f 1114/1114/1114 1113/1113/1113 128/128/128
f 129/129/129 1114/1114/1114 128/128/128
f 1116/1116/1116 1115/1115/1115 1113/1113/1113
f 1114/1114/1114 1116/1116/1116 1113/1113/1113
f 1118/1118/1118 1117/1117/1117 1115/1115/1115
f 1116/1116/1116 1118/1118/1118 1115/1115/1115
f 167/167/167 168/168/168 1117/1117/1117
f 1118/1118/1118 167/167/167 1117/1117/1117
f 114/114/114 1119/1119/1119 1120/1120/1120
f 114/114/114 1120/1120/1120 113/113/113
f 1119/1119/1119 1121/1121/1121 1122/1122/1122
f 1119/1119/1119 1122/1122/1122 1120/1120/1120
f 1121/1121/1121 1123/1123/1123 1124/1124/1124
f 1121/1121/1121 1124/1124/1124 1122/1122/1122
f 1123/1123/1123 153/153/153 154/154/154
f 1123/1123/1123 154/154/154 1124/1124/1124
f 84/84/84 1125/1125/1125 129/129/129
f 167/167/167 1126/1126/1126 39/39/39
